#
# A fatal error has been detected by the Java Runtime Environment:
#
#  SIGSEGV (0xb) at pc=0x000014876a9b1deb, pid=2706666, tid=2706666
#
# JRE version: OpenJDK Runtime Environment (Red_Hat-17.0.17.0.10-1) (17.0.17+10) (build 17.0.17+10-LTS)
# Java VM: OpenJDK 64-Bit Server VM (Red_Hat-17.0.17.0.10-1) (17.0.17+10-LTS, mixed mode, sharing, tiered, compressed oops, compressed class ptrs, g1 gc, linux-amd64)
# Problematic frame:
# C  [libcudart.so.12+0x88deb]
#
# Core dump will be written. Default location: Core dumps may be processed with "/usr/lib/systemd/systemd-coredump %P %u %g %s %t %c %h %d %F" (or dumping to /suphys/wedi0306/mts-spi-study-cluster/core.2706666)
#
# If you would like to submit a bug report, please visit:
#   https://access.redhat.com/support/cases/
# The crash happened outside the Java Virtual Machine in native code.
# See problematic frame for where to report the bug.
#

---------------  S U M M A R Y ------------

Command Line: -ea 

Host: INTEL(R) XEON(R) GOLD 6548N, 64 cores, 16G, Red Hat Enterprise Linux release 9.7 (Plow)
Time: Tue Jan 20 09:05:37 2026 AEDT elapsed time: 0.777372 seconds (0d 0h 0m 0s)

---------------  T H R E A D  ---------------

Current thread (0x0000557342f13040):  JavaThread "main" [_thread_in_native, id=2706666, stack(0x00007ffceef7b000,0x00007ffcef07b000)]

Stack: [0x00007ffceef7b000,0x00007ffcef07b000],  sp=0x00007ffcef0702f0,  free space=980k
Native frames: (J=compiled Java code, j=interpreted, Vv=VM code, C=native code)
C  [libcudart.so.12+0x88deb]
C  [libcudart.so.12+0x2797e]
C  [libcudart.so.12+0x22af6]  __cudaRegisterFunction+0x56


siginfo: si_signo: 11 (SIGSEGV), si_code: 1 (SEGV_MAPERR), si_addr: 0x0000000000000068

Registers:
RAX=0x0000000000000000, RBX=0x0000000000000068, RCX=0x0000000000000000, RDX=0x0000557347bd7d60
RSP=0x00007ffcef0702f0, RBP=0x00007ffcef070350, RSI=0x00007ffcef070370, RDI=0x0000000000000068
R8 =0x000000000000000e, R9 =0x0000000000000000, R10=0x0000000000000080, R11=0x00001487c5bfaca0
R12=0x0000557347bd7d60, R13=0x0000000000000000, R14=0x00007ffcef070370, R15=0x00000000ffffffff
RIP=0x000014876a9b1deb, EFLAGS=0x0000000000010206, CSGSFS=0x002b000000000033, ERR=0x0000000000000004
  TRAPNO=0x000000000000000e

XMM[0]=0x0000148648cad000 0x0000148645fd9e60
XMM[1]=0x0000000000000000 0x0000000000000000
XMM[2]=0x0000000000000000 0x0000000000000000
XMM[3]=0x0000148648cad000 0x0000148645fd9e60
XMM[4]=0x00000000ffffffff 0x0000148648cad000
XMM[5]=0x0000000000000000 0x0000000000000000
XMM[6]=0x0000000000000000 0x0000000000000000
XMM[7]=0x0000000000000000 0x0000148691be7c40
XMM[8]=0x0000000000000000 0x0000148692215cfd
XMM[9]=0x000014869258b5b5 0x000014869257dc9c
XMM[10]=0x0000000000000000 0x0000148692aa6aa5
XMM[11]=0x000014869259207b 0x0000148692592065
XMM[12]=0x0000148692215330 0x00001486925892ef
XMM[13]=0x0000148692aa6b3f 0x00001486925892e0
XMM[14]=0x0000148692216038 0x000014869258b5b5
XMM[15]=0x0000000000000000 0x000014869257f09f
  MXCSR=0x00001fa2


Register to memory mapping:

RAX=0x0 is NULL
RBX=0x0000000000000068 is an unknown value
RCX=0x0 is NULL
RDX=0x0000557347bd7d60 points into unknown readable memory: 0x000014867fc306f8 | f8 06 c3 7f 86 14 00 00
RSP=0x00007ffcef0702f0 is pointing into the stack for thread: 0x0000557342f13040
RBP=0x00007ffcef070350 is pointing into the stack for thread: 0x0000557342f13040
RSI=0x00007ffcef070370 is pointing into the stack for thread: 0x0000557342f13040
RDI=0x0000000000000068 is an unknown value
R8 =0x000000000000000e is an unknown value
R9 =0x0 is NULL
R10=0x0000000000000080 is an unknown value
R11=0x00001487c5bfaca0: <offset 0x00000000001faca0> in /lib64/libc.so.6 at 0x00001487c5a00000
R12=0x0000557347bd7d60 points into unknown readable memory: 0x000014867fc306f8 | f8 06 c3 7f 86 14 00 00
R13=0x0 is NULL
R14=0x00007ffcef070370 is pointing into the stack for thread: 0x0000557342f13040
R15=0x00000000ffffffff is an unknown value


Top of Stack: (sp=0x00007ffcef0702f0)
0x00007ffcef0702f0:   00007ffc00000002 ffffffffffffffc0
0x00007ffcef070300:   0000000000000068 000014876a950316
0x00007ffcef070310:   0000148648cad000 0000148648cad000
0x00007ffcef070320:   00000000ffffffff 0000557347bd7d60
0x00007ffcef070330:   0000000000000000 0000148648cad000
0x00007ffcef070340:   0000148648cad000 00000000ffffffff
0x00007ffcef070350:   00007ffcef0703d0 000014876a95097e
0x00007ffcef070360:   0000148645fd9e60 0000148648cad000
0x00007ffcef070370:   0000148645fd9e60 0000148648cad000
0x00007ffcef070380:   0000148648cad000 00000000ffffffff
0x00007ffcef070390:   0000000000000000 0000000000000000
0x00007ffcef0703a0:   0000000000000000 0000000000000000
0x00007ffcef0703b0:   0000000000000000 0000148693325b40
0x00007ffcef0703c0:   0000557347bd7d60 0000148645fd9e60
0x00007ffcef0703d0:   00007ffcef070450 000014876a94baf6
0x00007ffcef0703e0:   0000000000000000 0000000000000000
0x00007ffcef0703f0:   0000000000000000 0000000000000000
0x00007ffcef070400:   0000000000000000 000014876a94bac9
0x00007ffcef070410:   000014867fc306f8 0000000000000000
0x00007ffcef070420:   000014867fc306f8 0000557347bd7d60
0x00007ffcef070430:   00007ffcef078b88 0000557340a7c3c0
0x00007ffcef070440:   000014867fbb2070 0000000000000000
0x00007ffcef070450:   000000000000000e 0000148645e76031
0x00007ffcef070460:   0000000000000000 0000000000000000
0x00007ffcef070470:   0000000000000000 0000000000000000
0x00007ffcef070480:   000014867fbb0de0 00001487c631b4fe
0x00007ffcef070490:   0000000000000018 000000000000000e
0x00007ffcef0704a0:   00007ffcef078b88 0000557340a7c3c0
0x00007ffcef0704b0:   000055734432f600 00001487c631b5ec
0x00007ffcef0704c0:   0000000000000000 00007ffcef0707d0
0x00007ffcef0704d0:   000055734432f600 00007ffcef0706b0
0x00007ffcef0704e0:   0000000000000000 00007ffcef070620 

Instructions: (pc=0x000014876a9b1deb)
0x000014876a9b1ceb:   89 c3 85 c0 75 d5 4d 89 75 00 eb cf 66 0f 1f 84
0x000014876a9b1cfb:   00 00 00 00 00 bb ff ff ff ff eb c7 66 0f 1f 84
0x000014876a9b1d0b:   00 00 00 00 00 41 54 be 38 00 00 00 49 89 fc bf
0x000014876a9b1d1b:   01 00 00 00 55 53 48 83 ec 10 e8 76 4d f8 ff 48
0x000014876a9b1d2b:   89 c3 48 85 c0 74 60 48 8d 6c 24 08 48 89 ef e8
0x000014876a9b1d3b:   01 52 f8 ff 85 c0 75 3d 31 f6 48 89 ef e8 03 4e
0x000014876a9b1d4b:   f8 ff 85 c0 75 2f 48 89 ee 48 89 df e8 e4 4a f8
0x000014876a9b1d5b:   ff 85 c0 75 20 49 89 1c 24 48 89 ef e8 64 50 f8
0x000014876a9b1d6b:   ff 49 89 1c 24 48 83 c4 10 5b 5d 41 5c c3 0f 1f
0x000014876a9b1d7b:   80 00 00 00 00 48 89 ef e8 48 50 f8 ff 48 89 df
0x000014876a9b1d8b:   31 db e8 1e 49 f8 ff 49 89 1c 24 48 83 c4 10 5b
0x000014876a9b1d9b:   5d 41 5c c3 90 53 48 83 ec 10 8b 05 c5 a3 22 00
0x000014876a9b1dab:   48 8b 1f 85 c0 74 17 66 0f 76 c0 48 89 e6 48 89
0x000014876a9b1dbb:   df 0f 29 04 24 e8 2b 50 f8 ff 85 c0 74 08 48 89
0x000014876a9b1dcb:   df e8 bf 4c f8 ff 48 83 c4 10 5b c3 66 0f 1f 84
0x000014876a9b1ddb:   00 00 00 00 00 53 48 83 ec 10 8b 05 85 a3 22 00
0x000014876a9b1deb:   48 8b 1f 85 c0 74 17 66 0f 76 c0 48 89 e6 48 89
0x000014876a9b1dfb:   df 0f 29 04 24 e8 8b 4e f8 ff 85 c0 74 08 48 89
0x000014876a9b1e0b:   df e8 6f 4c f8 ff 48 83 c4 10 5b c3 66 0f 1f 84
0x000014876a9b1e1b:   00 00 00 00 00 48 83 ec 08 48 8b 3f e8 84 4a f8
0x000014876a9b1e2b:   ff 85 c0 74 0c 83 f8 10 0f 95 c0 0f b6 c0 83 e8
0x000014876a9b1e3b:   02 48 83 c4 08 c3 66 66 2e 0f 1f 84 00 00 00 00
0x000014876a9b1e4b:   00 0f 1f 40 00 48 83 ec 08 48 8b 3f e8 94 4b f8
0x000014876a9b1e5b:   ff 85 c0 74 0c 83 f8 10 0f 95 c0 0f b6 c0 83 e8
0x000014876a9b1e6b:   02 48 83 c4 08 c3 66 66 2e 0f 1f 84 00 00 00 00
0x000014876a9b1e7b:   00 0f 1f 40 00 48 8b 3f e9 b8 4d f8 ff 0f 1f 84
0x000014876a9b1e8b:   00 00 00 00 00 48 8b 3f e9 a8 4d f8 ff 0f 1f 84
0x000014876a9b1e9b:   00 00 00 00 00 48 8b 3f e9 58 50 f8 ff 0f 1f 84
0x000014876a9b1eab:   00 00 00 00 00 53 48 89 fb 48 8b 3f e8 44 50 f8
0x000014876a9b1ebb:   ff 48 8b 3b e8 ec 47 f8 ff 48 c7 03 00 00 00 00
0x000014876a9b1ecb:   5b c3 0f 1f 00 48 83 ec 08 e8 87 49 f8 ff 85 c0
0x000014876a9b1edb:   0f 95 c0 48 83 c4 08 0f b6 c0 f7 d8 c3 0f 1f 84 


Stack slot to memory mapping:
stack at sp + 0 slots: 0x00007ffc00000002 is an unknown value
stack at sp + 1 slots: 0xffffffffffffffc0 is an unknown value
stack at sp + 2 slots: 0x0000000000000068 is an unknown value
stack at sp + 3 slots: 0x000014876a950316: <offset 0x0000000000027316> in /suphys/wedi0306/mts-spi-study-cluster/.venv/lib64/python3.9/site-packages/torch/lib/../../nvidia/cuda_runtime/lib/libcudart.so.12 at 0x000014876a929000
stack at sp + 4 slots: 0x0000148648cad000: <offset 0x000000000385d000> in /suphys/wedi0306/mts-spi-study-cluster/.venv/lib64/python3.9/site-packages/torch/lib/libtorch_cuda.so at 0x0000148645450000
stack at sp + 5 slots: 0x0000148648cad000: <offset 0x000000000385d000> in /suphys/wedi0306/mts-spi-study-cluster/.venv/lib64/python3.9/site-packages/torch/lib/libtorch_cuda.so at 0x0000148645450000
stack at sp + 6 slots: 0x00000000ffffffff is an unknown value
stack at sp + 7 slots: 0x0000557347bd7d60 points into unknown readable memory: 0x000014867fc306f8 | f8 06 c3 7f 86 14 00 00


---------------  P R O C E S S  ---------------

Threads class SMR info:
_java_thread_list=0x000014871441e750, length=13, elements={
0x0000557342f13040, 0x000055734394f2a0, 0x000055734394ff10, 0x0000557343951850,
0x00005573439524c0, 0x0000557343953130, 0x00005573439540d0, 0x0000557343954d80,
0x000055734395da20, 0x0000557343962770, 0x0000557343966f20, 0x00001486f00ae9c0,
0x0000148700001920
}

Java Threads: ( => current thread )
=>0x0000557342f13040 JavaThread "main" [_thread_in_native, id=2706666, stack(0x00007ffceef7b000,0x00007ffcef07b000)]
  0x000055734394f2a0 JavaThread "Reference Handler" daemon [_thread_blocked, id=2706808, stack(0x0000148795700000,0x0000148795800000)]
  0x000055734394ff10 JavaThread "Finalizer" daemon [_thread_blocked, id=2706809, stack(0x0000148794d00000,0x0000148794e00000)]
  0x0000557343951850 JavaThread "Signal Dispatcher" daemon [_thread_blocked, id=2706810, stack(0x000014877c100000,0x000014877c200000)]
  0x00005573439524c0 JavaThread "Service Thread" daemon [_thread_blocked, id=2706811, stack(0x0000148775f00000,0x0000148776000000)]
  0x0000557343953130 JavaThread "Monitor Deflation Thread" daemon [_thread_blocked, id=2706812, stack(0x0000148775b00000,0x0000148775c00000)]
  0x00005573439540d0 JavaThread "C2 CompilerThread0" daemon [_thread_blocked, id=2706813, stack(0x00001487759ff000,0x0000148775aff000)]
  0x0000557343954d80 JavaThread "C1 CompilerThread0" daemon [_thread_blocked, id=2706814, stack(0x00001487758fe000,0x00001487759fe000)]
  0x000055734395da20 JavaThread "Sweeper thread" daemon [_thread_blocked, id=2706815, stack(0x00001487757fd000,0x00001487758fd000)]
  0x0000557343962770 JavaThread "Notification Thread" daemon [_thread_blocked, id=2706816, stack(0x00001487756fc000,0x00001487757fc000)]
  0x0000557343966f20 JavaThread "Common-Cleaner" daemon [_thread_blocked, id=2706819, stack(0x00001487754fa000,0x00001487755fa000)]
  0x00001486f00ae9c0 JavaThread "C2 CompilerThread1" daemon [_thread_blocked, id=2706964, stack(0x00001487746fe000,0x00001487747fe000)]
  0x0000148700001920 JavaThread "SIGTERM handler" daemon [_thread_blocked, id=2706979, stack(0x00001487743f7000,0x00001487744f7000)]

Other Threads:
  0x000055734394ea60 VMThread "VM Thread" [stack: 0x00001487b878f000,0x00001487b898f000] [id=2706807]
  0x0000557342e6b900 GCTaskThread "GC Thread#0" [stack: 0x00001487c1bca000,0x00001487c1dca000] [id=2706800]
  0x0000148714001120 GCTaskThread "GC Thread#1" [stack: 0x0000148774d00000,0x0000148774e00000] [id=2706914]
  0x0000148714001d40 GCTaskThread "GC Thread#2" [stack: 0x0000148774900000,0x0000148774a00000] [id=2706915]
  0x0000148714002960 GCTaskThread "GC Thread#3" [stack: 0x00001487747ff000,0x00001487748ff000] [id=2706916]
  0x0000557343383cf0 ConcurrentGCThread "G1 Main Marker" terminated
  0x00005573433846c0 ConcurrentGCThread "G1 Conc#0" [stack: 0x00001487c1fcc000,0x00001487c21cc000] [id=2706802]
  0x0000557342e53430 ConcurrentGCThread "G1 Refine#0" terminated
  0x00005573438167b0 ConcurrentGCThread "G1 Service" terminated

Threads with active compile tasks:

VM state: at safepoint (shutting down)

VM Mutex/Monitor currently owned by a thread:  ([mutex/lock_event])
[0x0000557342e4ae50] Threads_lock - owner thread: 0x000055734394ea60
[0x000055734214eeb0] Heap_lock - owner thread: 0x0000148700001920

Heap address: 0x0000000700000000, size: 4096 MB, Compressed Oops mode: Zero based, Oop shift amount: 3

CDS archive(s) mapped at: [0x000014871f000000-0x000014871fbcc000-0x000014871fbcc000), size 12369920, SharedBaseAddress: 0x000014871f000000, ArchiveRelocationMode: 1.
Compressed class space mapped at: 0x0000148720000000-0x0000148760000000, reserved size: 1073741824
Narrow klass base: 0x000014871f000000, Narrow klass shift: 0, Narrow klass range: 0x100000000

GC Precious Log:
 CPUs: 64 total, 4 available
 Memory: 16384M
 Large Page Support: Disabled
 NUMA Support: Disabled
 Compressed Oops: Enabled (Zero based)
 Heap Region Size: 2M
 Heap Min Capacity: 8M
 Heap Initial Capacity: 256M
 Heap Max Capacity: 4G
 Pre-touch: Disabled
 Parallel Workers: 4
 Concurrent Workers: 1
 Concurrent Refinement Workers: 4
 Periodic GC: Disabled

Heap:
 garbage-first heap   total 28672K, used 4582K [0x0000000700000000, 0x0000000800000000)
  region size 2048K, 2 young (4096K), 0 survivors (0K)
 Metaspace       used 1634K, committed 1728K, reserved 1114112K
  class space    used 143K, committed 192K, reserved 1048576K

Heap Regions: E=young(eden), S=young(survivor), O=old, HS=humongous(starts), HC=humongous(continues), CS=collection set, F=free, OA=open archive, CA=closed archive, TAMS=top-at-mark-start (previous, next)
|   0|0x0000000700000000, 0x000000070007d040, 0x0000000700200000| 24%| O|  |TAMS 0x0000000700000000, 0x0000000700000000| Untracked 
|   1|0x0000000700200000, 0x0000000700200000, 0x0000000700400000|  0%| F|  |TAMS 0x0000000700200000, 0x0000000700200000| Untracked 
|   2|0x0000000700400000, 0x000000070040f8a0, 0x0000000700600000|  3%| O|  |TAMS 0x0000000700400000, 0x0000000700400000| Untracked 
|   3|0x0000000700600000, 0x0000000700600000, 0x0000000700800000|  0%| F|  |TAMS 0x0000000700600000, 0x0000000700600000| Untracked 
|   4|0x0000000700800000, 0x0000000700800000, 0x0000000700a00000|  0%| F|  |TAMS 0x0000000700800000, 0x0000000700800000| Untracked 
|   5|0x0000000700a00000, 0x0000000700a00000, 0x0000000700c00000|  0%| F|  |TAMS 0x0000000700a00000, 0x0000000700a00000| Untracked 
|   6|0x0000000700c00000, 0x0000000700c00000, 0x0000000700e00000|  0%| F|  |TAMS 0x0000000700c00000, 0x0000000700c00000| Untracked 
|   7|0x0000000700e00000, 0x0000000700e00000, 0x0000000701000000|  0%| F|  |TAMS 0x0000000700e00000, 0x0000000700e00000| Untracked 
|   8|0x0000000701000000, 0x0000000701000000, 0x0000000701200000|  0%| F|  |TAMS 0x0000000701000000, 0x0000000701000000| Untracked 
|   9|0x0000000701200000, 0x0000000701200000, 0x0000000701400000|  0%| F|  |TAMS 0x0000000701200000, 0x0000000701200000| Untracked 
|  10|0x0000000701400000, 0x00000007014b8650, 0x0000000701600000| 36%| E|  |TAMS 0x0000000701400000, 0x0000000701400000| Complete 
|  11|0x0000000701600000, 0x0000000701800000, 0x0000000701800000|100%| E|CS|TAMS 0x0000000701600000, 0x0000000701600000| Complete 
|2046|0x00000007ffc00000, 0x00000007ffd75000, 0x00000007ffe00000| 72%|OA|  |TAMS 0x00000007ffd75000, 0x00000007ffc00000| Untracked 
|2047|0x00000007ffe00000, 0x00000007ffe78000, 0x0000000800000000| 23%|CA|  |TAMS 0x00000007ffe00000, 0x00000007ffe00000| Untracked 

Card table byte_map: [0x0000148784a00000,0x0000148785200000] _byte_map_base: 0x0000148781200000

Marking Bits (Prev, Next): (CMBitMap*) 0x0000557343373380, (CMBitMap*) 0x0000557343373340
 Prev Bits: [0x000014877c200000, 0x0000148780200000)
 Next Bits: [0x0000148780200000, 0x0000148784200000)

Polling page: 0x00001487c5c0a000

Metaspace:

Usage:
  Non-class:      1.46 MB used.
      Class:    143.12 KB used.
       Both:      1.60 MB used.

Virtual space:
  Non-class space:       64.00 MB reserved,       1.50 MB (  2%) committed,  1 nodes.
      Class space:        1.00 GB reserved,     192.00 KB ( <1%) committed,  1 nodes.
             Both:        1.06 GB reserved,       1.69 MB ( <1%) committed. 

Chunk freelists:
   Non-Class:  11.82 MB
       Class:  15.71 MB
        Both:  27.53 MB

MaxMetaspaceSize: unlimited
CompressedClassSpaceSize: 1.00 GB
Initial GC threshold: 21.00 MB
Current GC threshold: 21.00 MB
CDS: on
MetaspaceReclaimPolicy: balanced
 - commit_granule_bytes: 65536.
 - commit_granule_words: 8192.
 - virtual_space_node_default_size: 8388608.
 - enlarge_chunks_in_place: 1.
 - new_chunks_are_fully_committed: 0.
 - uncommit_free_chunks: 1.
 - use_allocation_guard: 0.
 - handle_deallocations: 1.


Internal statistics:

num_allocs_failed_limit: 0.
num_arena_births: 42.
num_arena_deaths: 0.
num_vsnodes_births: 2.
num_vsnodes_deaths: 0.
num_space_committed: 27.
num_space_uncommitted: 0.
num_chunks_returned_to_freelist: 0.
num_chunks_taken_from_freelist: 59.
num_chunk_merges: 0.
num_chunk_splits: 36.
num_chunks_enlarged: 21.
num_inconsistent_stats: 0.

CodeHeap 'non-profiled nmethods': size=120032Kb used=133Kb max_used=133Kb free=119898Kb
 bounds [0x000014878d4c8000, 0x000014878d738000, 0x0000148794a00000]
CodeHeap 'profiled nmethods': size=120028Kb used=810Kb max_used=810Kb free=119217Kb
 bounds [0x0000148785a00000, 0x0000148785c70000, 0x000014878cf37000]
CodeHeap 'non-nmethods': size=5700Kb used=1110Kb max_used=1128Kb free=4589Kb
 bounds [0x000014878cf37000, 0x000014878d1a7000, 0x000014878d4c8000]
 total_blobs=871 nmethods=490 adapters=295
 compilation: enabled
              stopped_count=0, restarted_count=0
 full_count=0

Compilation events (20 events):
Event: 0.161 Thread 0x0000557343954d80 nmethod 484 0x0000148785ac7f90 code [0x0000148785ac8180, 0x0000148785ac87b0]
Event: 0.161 Thread 0x0000557343954d80  485       3       java.util.stream.AbstractPipeline::evaluate (94 bytes)
Event: 0.161 Thread 0x0000557343954d80 nmethod 485 0x0000148785ac8990 code [0x0000148785ac8bc0, 0x0000148785ac9200]
Event: 0.161 Thread 0x0000557343954d80  457       1       java.lang.Class::getAnnotationType (5 bytes)
Event: 0.161 Thread 0x0000557343954d80 nmethod 457 0x000014878d4e6510 code [0x000014878d4e66a0, 0x000014878d4e6770]
Event: 0.162 Thread 0x0000557343954d80  486       3       java.util.TreeMap::addEntry (59 bytes)
Event: 0.162 Thread 0x0000557343954d80 nmethod 486 0x0000148785ac9410 code [0x0000148785ac95e0, 0x0000148785ac9ac0]
Event: 0.175 Thread 0x00005573439540d0 nmethod 458 0x000014878d4e6810 code [0x000014878d4e6a20, 0x000014878d4e7ea8]
Event: 0.175 Thread 0x00005573439540d0  467       4       java.util.Objects::requireNonNull (14 bytes)
Event: 0.175 Thread 0x00001486f00ae9c0  488       4       java.util.HashMap::put (13 bytes)
Event: 0.175 Thread 0x00005573439540d0 nmethod 467 0x000014878d4e8510 code [0x000014878d4e8680, 0x000014878d4e86f8]
Event: 0.175 Thread 0x00005573439540d0  487       4       java.lang.AbstractStringBuilder::ensureCapacityInternal (39 bytes)
Event: 0.176 Thread 0x00001486f00ae9c0 nmethod 488 0x000014878d4e8810 code [0x000014878d4e89a0, 0x000014878d4e8ac8]
Event: 0.176 Thread 0x00001486f00ae9c0  446       4       java.util.stream.AbstractPipeline::isParallel (8 bytes)
Event: 0.176 Thread 0x00001486f00ae9c0 nmethod 446 0x000014878d4e8c10 code [0x000014878d4e8da0, 0x000014878d4e8e38]
Event: 0.177 Thread 0x00005573439540d0 nmethod 487 0x000014878d4e8f10 code [0x000014878d4e90a0, 0x000014878d4e9538]
Event: 0.252 Thread 0x0000557343954d80  489       3       java.util.HashMap$HashIterator::hasNext (13 bytes)
Event: 0.252 Thread 0x0000557343954d80 nmethod 489 0x0000148785ac9c90 code [0x0000148785ac9e20, 0x0000148785ac9f90]
Event: 0.252 Thread 0x0000557343954d80  490       3       org.jpype.manager.TypeManager$Destroyer::add (101 bytes)
Event: 0.253 Thread 0x0000557343954d80 nmethod 490 0x0000148785aca010 code [0x0000148785aca200, 0x0000148785aca680]

GC Heap History (2 events):
Event: 0.085 GC heap before
{Heap before GC invocations=0 (full 0):
 garbage-first heap   total 266240K, used 4020K [0x0000000700000000, 0x0000000800000000)
  region size 2048K, 2 young (4096K), 0 survivors (0K)
 Metaspace       used 1370K, committed 1536K, reserved 1114112K
  class space    used 129K, committed 192K, reserved 1048576K
}
Event: 0.088 GC heap after
{Heap after GC invocations=1 (full 1):
 garbage-first heap   total 28672K, used 2534K [0x0000000700000000, 0x0000000800000000)
  region size 2048K, 0 young (0K), 0 survivors (0K)
 Metaspace       used 1370K, committed 1536K, reserved 1114112K
  class space    used 129K, committed 192K, reserved 1048576K
}

Dll operation events (6 events):
Event: 0.008 Loaded shared library /usr/lib/jvm/java-17-openjdk-17.0.17.0.10-1.el9.x86_64/lib/libjava.so
Event: 0.023 Loaded shared library /usr/lib/jvm/java-17-openjdk-17.0.17.0.10-1.el9.x86_64/lib/libjsvml.so
Event: 0.029 Loaded shared library /usr/lib/jvm/java-17-openjdk-17.0.17.0.10-1.el9.x86_64/lib/libnio.so
Event: 0.031 Loaded shared library /usr/lib/jvm/java-17-openjdk-17.0.17.0.10-1.el9.x86_64/lib/libzip.so
Event: 0.046 Loaded shared library /suphys/wedi0306/mts-spi-study-cluster/.venv/lib/python3.9/site-packages/_jpype.cpython-39-x86_64-linux-gnu.so
Event: 0.064 Loaded shared library /usr/lib/jvm/java-17-openjdk-17.0.17.0.10-1.el9.x86_64/lib/libjimage.so

Deoptimization events (16 events):
Event: 0.153 Thread 0x0000557342f13040 Uncommon trap: trap_request=0xffffffbe fr.pc=0x000014878d4e3d14 relative=0x00000000000006d4
Event: 0.153 Thread 0x0000557342f13040 Uncommon trap: reason=profile_predicate action=maybe_recompile pc=0x000014878d4e3d14 method=java.lang.PublicMethods$MethodList.filter([Ljava/lang/reflect/Method;Ljava/lang/String;[Ljava/lang/Class;Z)Ljava/lang/PublicMethods$MethodList; @ 21 c2
Event: 0.153 Thread 0x0000557342f13040 DEOPT PACKING pc=0x000014878d4e3d14 sp=0x00007ffcef075680
Event: 0.153 Thread 0x0000557342f13040 DEOPT UNPACKING pc=0x000014878cf90b19 sp=0x00007ffcef075638 mode 2
Event: 0.153 Thread 0x0000557342f13040 Uncommon trap: trap_request=0xffffffbe fr.pc=0x000014878d4e3d14 relative=0x00000000000006d4
Event: 0.153 Thread 0x0000557342f13040 Uncommon trap: reason=profile_predicate action=maybe_recompile pc=0x000014878d4e3d14 method=java.lang.PublicMethods$MethodList.filter([Ljava/lang/reflect/Method;Ljava/lang/String;[Ljava/lang/Class;Z)Ljava/lang/PublicMethods$MethodList; @ 21 c2
Event: 0.153 Thread 0x0000557342f13040 DEOPT PACKING pc=0x000014878d4e3d14 sp=0x00007ffcef075680
Event: 0.153 Thread 0x0000557342f13040 DEOPT UNPACKING pc=0x000014878cf90b19 sp=0x00007ffcef075638 mode 2
Event: 0.153 Thread 0x0000557342f13040 Uncommon trap: trap_request=0xffffffbe fr.pc=0x000014878d4e3d14 relative=0x00000000000006d4
Event: 0.153 Thread 0x0000557342f13040 Uncommon trap: reason=profile_predicate action=maybe_recompile pc=0x000014878d4e3d14 method=java.lang.PublicMethods$MethodList.filter([Ljava/lang/reflect/Method;Ljava/lang/String;[Ljava/lang/Class;Z)Ljava/lang/PublicMethods$MethodList; @ 21 c2
Event: 0.153 Thread 0x0000557342f13040 DEOPT PACKING pc=0x000014878d4e3d14 sp=0x00007ffcef0755d0
Event: 0.153 Thread 0x0000557342f13040 DEOPT UNPACKING pc=0x000014878cf90b19 sp=0x00007ffcef075588 mode 2
Event: 0.153 Thread 0x0000557342f13040 Uncommon trap: trap_request=0xffffffbe fr.pc=0x000014878d4e3d14 relative=0x00000000000006d4
Event: 0.153 Thread 0x0000557342f13040 Uncommon trap: reason=profile_predicate action=maybe_recompile pc=0x000014878d4e3d14 method=java.lang.PublicMethods$MethodList.filter([Ljava/lang/reflect/Method;Ljava/lang/String;[Ljava/lang/Class;Z)Ljava/lang/PublicMethods$MethodList; @ 21 c2
Event: 0.153 Thread 0x0000557342f13040 DEOPT PACKING pc=0x000014878d4e3d14 sp=0x00007ffcef075680
Event: 0.153 Thread 0x0000557342f13040 DEOPT UNPACKING pc=0x000014878cf90b19 sp=0x00007ffcef075638 mode 2

Classes loaded (20 events):
Event: 0.149 Loading class java/lang/Character$UnicodeScript
Event: 0.149 Loading class java/lang/Character$UnicodeScript done
Event: 0.154 Loading class java/lang/Enum$EnumDesc
Event: 0.154 Loading class java/lang/Enum$EnumDesc done
Event: 0.154 Loading class java/io/ObjectStreamException
Event: 0.154 Loading class java/io/ObjectStreamException done
Event: 0.154 Loading class java/lang/constant/DirectMethodHandleDesc
Event: 0.154 Loading class java/lang/constant/DirectMethodHandleDesc done
Event: 0.155 Loading class java/lang/constant/DynamicConstantDesc$AnonymousDynamicConstantDesc
Event: 0.155 Loading class java/lang/constant/DynamicConstantDesc$AnonymousDynamicConstantDesc done
Event: 0.155 Loading class java/lang/constant/DynamicConstantDesc$CanonicalMapHolder
Event: 0.155 Loading class java/lang/constant/DynamicConstantDesc$CanonicalMapHolder done
Event: 0.162 Loading class java/lang/ClassFormatError
Event: 0.162 Loading class java/lang/ClassFormatError done
Event: 0.246 Loading class jdk/internal/misc/Signal$1
Event: 0.246 Loading class jdk/internal/misc/Signal$1 done
Event: 0.252 Loading class java/util/WeakHashMap$KeyIterator
Event: 0.252 Loading class java/util/WeakHashMap$HashIterator
Event: 0.252 Loading class java/util/WeakHashMap$HashIterator done
Event: 0.252 Loading class java/util/WeakHashMap$KeyIterator done

Classes unloaded (0 events):
No events

Classes redefined (0 events):
No events

Internal exceptions (9 events):
Event: 0.048 Thread 0x0000557342f13040 Exception <a 'java/lang/NoSuchMethodError'{0x000000070fee46b0}: 'int java.lang.invoke.DirectMethodHandle$Holder.invokeStaticInit(java.lang.Object, java.lang.Object)'> (0x000000070fee46b0) 
thrown [src/hotspot/share/interpreter/linkResolver.cpp, line 759]
Event: 0.049 Thread 0x0000557342f13040 Exception <a 'java/lang/NoSuchMethodError'{0x000000070feeae70}: 'java.lang.Object java.lang.invoke.DirectMethodHandle$Holder.invokeStaticInit(java.lang.Object, int)'> (0x000000070feeae70) 
thrown [src/hotspot/share/interpreter/linkResolver.cpp, line 759]
Event: 0.051 Thread 0x0000557342f13040 Exception <a 'java/lang/NoSuchMethodError'{0x000000070fef5f00}: 'int java.lang.invoke.DirectMethodHandle$Holder.invokeSpecial(java.lang.Object, java.lang.Object, java.lang.Object)'> (0x000000070fef5f00) 
thrown [src/hotspot/share/interpreter/linkResolver.cpp, line 759]
Event: 0.053 Thread 0x0000557342f13040 Exception <a 'java/lang/NoSuchMethodError'{0x000000070ff0b3c0}: 'java.lang.Object java.lang.invoke.DirectMethodHandle$Holder.invokeStatic(java.lang.Object, java.lang.Object, int)'> (0x000000070ff0b3c0) 
thrown [src/hotspot/share/interpreter/linkResolver.cpp, line 759]
Event: 0.054 Thread 0x0000557342f13040 Exception <a 'java/lang/NoSuchMethodError'{0x000000070ff16f48}: 'void java.lang.invoke.DelegatingMethodHandle$Holder.delegate(java.lang.Object, java.lang.Object, int, java.lang.Object)'> (0x000000070ff16f48) 
thrown [src/hotspot/share/interpreter/linkResolver.cpp, line 759]
Event: 0.057 Thread 0x0000557342f13040 Exception <a 'java/lang/NoSuchMethodError'{0x000000070ff3fe70}: 'java.lang.Object java.lang.invoke.Invokers$Holder.invokeExact_MT(java.lang.Object, java.lang.Object, java.lang.Object)'> (0x000000070ff3fe70) 
thrown [src/hotspot/share/interpreter/linkResolver.cpp, line 759]
Event: 0.069 Thread 0x0000557342f13040 Exception <a 'java/lang/NoSuchMethodError'{0x000000070fffb918}: 'java.lang.Object java.lang.invoke.DirectMethodHandle$Holder.invokeInterface(java.lang.Object, java.lang.Object)'> (0x000000070fffb918) 
thrown [src/hotspot/share/interpreter/linkResolver.cpp, line 759]
Event: 0.070 Thread 0x0000557342f13040 Exception <a 'java/lang/IncompatibleClassChangeError'{0x000000070fffee78}: Found class java.lang.Object, but interface was expected> (0x000000070fffee78) 
thrown [src/hotspot/share/interpreter/linkResolver.cpp, line 826]
Event: 0.252 Thread 0x0000557343a27600 Exception <a 'java/lang/InterruptedException'{0x000000070161ec70}> (0x000000070161ec70) 
thrown [src/hotspot/share/runtime/objectMonitor.cpp, line 1658]

VM Operations (5 events):
Event: 0.085 Executing VM operation: G1CollectFull
Event: 0.088 Executing VM operation: G1CollectFull done
Event: 0.252 Executing VM operation: ThreadDump
Event: 0.252 Executing VM operation: ThreadDump done
Event: 0.253 Executing VM operation: Exit

Memory protections (16 events):
Event: 0.007 Protecting memory [0x00007ffceef7b000,0x00007ffceef7f000] with protection modes 0
Event: 0.024 Protecting memory [0x0000148795700000,0x0000148795704000] with protection modes 0
Event: 0.024 Protecting memory [0x0000148794d00000,0x0000148794d04000] with protection modes 0
Event: 0.026 Protecting memory [0x000014877c100000,0x000014877c104000] with protection modes 0
Event: 0.026 Protecting memory [0x0000148775f00000,0x0000148775f04000] with protection modes 0
Event: 0.026 Protecting memory [0x0000148775b00000,0x0000148775b04000] with protection modes 0
Event: 0.026 Protecting memory [0x00001487759ff000,0x0000148775a03000] with protection modes 0
Event: 0.026 Protecting memory [0x00001487758fe000,0x0000148775902000] with protection modes 0
Event: 0.026 Protecting memory [0x00001487757fd000,0x0000148775801000] with protection modes 0
Event: 0.028 Protecting memory [0x00001487756fc000,0x0000148775700000] with protection modes 0
Event: 0.029 Protecting memory [0x00001487754fa000,0x00001487754fe000] with protection modes 0
Event: 0.056 Protecting memory [0x00001487b0dd9000,0x00001487b0dda000] with protection modes 1
Event: 0.063 Protecting memory [0x0000148775100000,0x0000148775104000] with protection modes 0
Event: 0.175 Protecting memory [0x00001487746fe000,0x0000148774702000] with protection modes 0
Event: 0.246 Protecting memory [0x00001487743f7000,0x00001487743fb000] with protection modes 0
Event: 0.246 Protecting memory [0x00001487742f6000,0x00001487742fa000] with protection modes 0

Nmethod flushes (0 events):
No events

Events (18 events):
Event: 0.023 Thread 0x0000557342f13040 Thread added: 0x0000557342f13040
Event: 0.024 Thread 0x0000557342f13040 Thread added: 0x000055734394f2a0
Event: 0.024 Thread 0x0000557342f13040 Thread added: 0x000055734394ff10
Event: 0.026 Thread 0x0000557342f13040 Thread added: 0x0000557343951850
Event: 0.026 Thread 0x0000557342f13040 Thread added: 0x00005573439524c0
Event: 0.026 Thread 0x0000557342f13040 Thread added: 0x0000557343953130
Event: 0.026 Thread 0x0000557342f13040 Thread added: 0x00005573439540d0
Event: 0.026 Thread 0x0000557342f13040 Thread added: 0x0000557343954d80
Event: 0.026 Thread 0x0000557342f13040 Thread added: 0x000055734395da20
Event: 0.028 Thread 0x0000557342f13040 Thread added: 0x0000557343962770
Event: 0.029 Thread 0x0000557342f13040 Thread added: 0x0000557343966f20
Event: 0.063 Thread 0x0000557342f13040 Thread added: 0x0000557343a27600
Event: 0.175 Thread 0x00005573439540d0 Thread added: 0x00001486f00ae9c0
Event: 0.246 Thread 0x0000557343951850 Thread added: 0x0000148700001920
Event: 0.246 Thread 0x0000148700001920 Thread added: 0x00001486ac001940
Event: 0.252 Thread 0x0000557343a27600 Thread exited: 0x0000557343a27600
Event: 0.252 Thread 0x00001486ac001940 Thread exited: 0x00001486ac001940
Event: 0.252 Thread 0x0000148700001920 Before exit entered


Dynamic libraries:
700000000-701800000 rw-p 00000000 00:00 0 
701800000-7ffc00000 ---p 00000000 00:00 0 
7ffc00000-7ffd00000 rw-p 00000000 00:00 0 
7ffd00000-7ffd75000 rw-p 00c7c000 fd:00 67124065                         /usr/lib/jvm/java-17-openjdk-17.0.17.0.10-1.el9.x86_64/lib/server/classes.jsa
7ffd75000-7ffe00000 rw-p 00000000 00:00 0 
7ffe00000-7ffe78000 rw-p 00c04000 fd:00 67124065                         /usr/lib/jvm/java-17-openjdk-17.0.17.0.10-1.el9.x86_64/lib/server/classes.jsa
7ffe78000-800000000 rw-p 00000000 00:00 0 
1485a1400000-1485a1566000 r--p 00000000 fd:00 151018298                  /usr/lib64/libcuda.so.590.44.01
1485a1566000-1485a25da000 r-xp 00166000 fd:00 151018298                  /usr/lib64/libcuda.so.590.44.01
1485a25da000-1485a70d4000 r--p 011da000 fd:00 151018298                  /usr/lib64/libcuda.so.590.44.01
1485a70d4000-1485a70d5000 ---p 05cd4000 fd:00 151018298                  /usr/lib64/libcuda.so.590.44.01
1485a70d5000-1485a720e000 r--p 05cd4000 fd:00 151018298                  /usr/lib64/libcuda.so.590.44.01
1485a720e000-1485a7213000 rw-p 05e0d000 fd:00 151018298                  /usr/lib64/libcuda.so.590.44.01
1485a7213000-1485a727b000 rw-p 00000000 00:00 0 
1485a7391000-1485ccd37000 r-xp 00000000 00:42 19371212644                /suphys/wedi0306/mts-spi-study-cluster/.venv/lib/python3.9/site-packages/nvidia/cublas/lib/libcublasLt.so.12
1485ccd37000-1485ccf37000 ---p 259a6000 00:42 19371212644                /suphys/wedi0306/mts-spi-study-cluster/.venv/lib/python3.9/site-packages/nvidia/cublas/lib/libcublasLt.so.12
1485ccf37000-1485cd2b0000 r--p 259a6000 00:42 19371212644                /suphys/wedi0306/mts-spi-study-cluster/.venv/lib/python3.9/site-packages/nvidia/cublas/lib/libcublasLt.so.12
1485cd2b0000-1485cda0b000 rw-p 25d1f000 00:42 19371212644                /suphys/wedi0306/mts-spi-study-cluster/.venv/lib/python3.9/site-packages/nvidia/cublas/lib/libcublasLt.so.12
1485cda0b000-1485d2b03000 rw-p 00000000 00:00 0 
1485d2b03000-1485d2d02000 ---p 2b772000 00:42 19371212644                /suphys/wedi0306/mts-spi-study-cluster/.venv/lib/python3.9/site-packages/nvidia/cublas/lib/libcublasLt.so.12
1485d2d02000-1485d3504000 r--p 26571000 00:42 19371212644                /suphys/wedi0306/mts-spi-study-cluster/.venv/lib/python3.9/site-packages/nvidia/cublas/lib/libcublasLt.so.12
1485d3504000-1485d3703000 ---p 2c173000 00:42 19371212644                /suphys/wedi0306/mts-spi-study-cluster/.venv/lib/python3.9/site-packages/nvidia/cublas/lib/libcublasLt.so.12
1485d3703000-1485d9683000 rw-p 26d72000 00:42 19371212644                /suphys/wedi0306/mts-spi-study-cluster/.venv/lib/python3.9/site-packages/nvidia/cublas/lib/libcublasLt.so.12
1485d9683000-1485e056f000 r-xp 00000000 00:42 19371212643                /suphys/wedi0306/mts-spi-study-cluster/.venv/lib/python3.9/site-packages/nvidia/cublas/lib/libcublas.so.12
1485e056f000-1485e076f000 ---p 06eec000 00:42 19371212643                /suphys/wedi0306/mts-spi-study-cluster/.venv/lib/python3.9/site-packages/nvidia/cublas/lib/libcublas.so.12
1485e076f000-1485e077b000 r--p 06eec000 00:42 19371212643                /suphys/wedi0306/mts-spi-study-cluster/.venv/lib/python3.9/site-packages/nvidia/cublas/lib/libcublas.so.12
1485e077b000-1485e0782000 rw-p 06ef8000 00:42 19371212643                /suphys/wedi0306/mts-spi-study-cluster/.venv/lib/python3.9/site-packages/nvidia/cublas/lib/libcublas.so.12
1485e0782000-1485e078e000 rw-p 00000000 00:00 0 
1485e078e000-1485e75c7000 r-xp 00000000 00:42 11851111815                /suphys/wedi0306/mts-spi-study-cluster/.venv/lib/python3.9/site-packages/nvidia/curand/lib/libcurand.so.10
1485e75c7000-1485e77c7000 ---p 06e39000 00:42 11851111815                /suphys/wedi0306/mts-spi-study-cluster/.venv/lib/python3.9/site-packages/nvidia/curand/lib/libcurand.so.10
1485e77c7000-1485e77cc000 r--p 06e39000 00:42 11851111815                /suphys/wedi0306/mts-spi-study-cluster/.venv/lib/python3.9/site-packages/nvidia/curand/lib/libcurand.so.10
1485e77cc000-1485e8bf8000 rw-p 06e3e000 00:42 11851111815                /suphys/wedi0306/mts-spi-study-cluster/.venv/lib/python3.9/site-packages/nvidia/curand/lib/libcurand.so.10
1485e8bf8000-1485e9230000 rw-p 00000000 00:00 0 
1485e9230000-148601a84000 r-xp 00000000 00:42 6474507789                 /suphys/wedi0306/mts-spi-study-cluster/.venv/lib/python3.9/site-packages/nvidia/nccl/lib/libnccl.so.2
148601a84000-148601c84000 ---p 18854000 00:42 6474507789                 /suphys/wedi0306/mts-spi-study-cluster/.venv/lib/python3.9/site-packages/nvidia/nccl/lib/libnccl.so.2
148601c84000-148601c8d000 r--p 18854000 00:42 6474507789                 /suphys/wedi0306/mts-spi-study-cluster/.venv/lib/python3.9/site-packages/nvidia/nccl/lib/libnccl.so.2
148601c8d000-148601ca2000 rw-p 1885d000 00:42 6474507789                 /suphys/wedi0306/mts-spi-study-cluster/.venv/lib/python3.9/site-packages/nvidia/nccl/lib/libnccl.so.2
148601ca2000-148601cda000 rw-p 00000000 00:00 0 
148601cda000-148602241000 r-xp 00000000 00:42 30117217491                /suphys/wedi0306/mts-spi-study-cluster/.venv/lib/python3.9/site-packages/nvidia/cufft/lib/libcufft.so.11
148602241000-148602440000 ---p 00567000 00:42 30117217491                /suphys/wedi0306/mts-spi-study-cluster/.venv/lib/python3.9/site-packages/nvidia/cufft/lib/libcufft.so.11
148602440000-14860244a000 r--p 00566000 00:42 30117217491                /suphys/wedi0306/mts-spi-study-cluster/.venv/lib/python3.9/site-packages/nvidia/cufft/lib/libcufft.so.11
14860244a000-14860244b000 rw-p 00570000 00:42 30117217491                /suphys/wedi0306/mts-spi-study-cluster/.venv/lib/python3.9/site-packages/nvidia/cufft/lib/libcufft.so.11
14860244b000-1486027a7000 rw-p 00000000 00:00 0 
1486027a7000-1486029a6000 ---p 00acd000 00:42 30117217491                /suphys/wedi0306/mts-spi-study-cluster/.venv/lib/python3.9/site-packages/nvidia/cufft/lib/libcufft.so.11
1486029a6000-148602a98000 r--p 006cc000 00:42 30117217491                /suphys/wedi0306/mts-spi-study-cluster/.venv/lib/python3.9/site-packages/nvidia/cufft/lib/libcufft.so.11
148602a98000-148602c97000 ---p 00dbe000 00:42 30117217491                /suphys/wedi0306/mts-spi-study-cluster/.venv/lib/python3.9/site-packages/nvidia/cufft/lib/libcufft.so.11
148602c97000-148612e9f000 rw-p 007bd000 00:42 30117217491                /suphys/wedi0306/mts-spi-study-cluster/.venv/lib/python3.9/site-packages/nvidia/cufft/lib/libcufft.so.11
148612e9f000-148612eda000 ---p 111c5000 00:42 30117217491                /suphys/wedi0306/mts-spi-study-cluster/.venv/lib/python3.9/site-packages/nvidia/cufft/lib/libcufft.so.11
148612eda000-148612edb000 rw-p 10a00000 00:42 30117217491                /suphys/wedi0306/mts-spi-study-cluster/.venv/lib/python3.9/site-packages/nvidia/cufft/lib/libcufft.so.11
148612edb000-148629f5f000 r-xp 00000000 00:42 22590815275                /suphys/wedi0306/mts-spi-study-cluster/.venv/lib/python3.9/site-packages/nvidia/cusparse/lib/libcusparse.so.12
148629f5f000-14862a15f000 ---p 17084000 00:42 22590815275                /suphys/wedi0306/mts-spi-study-cluster/.venv/lib/python3.9/site-packages/nvidia/cusparse/lib/libcusparse.so.12
14862a15f000-14862a16e000 r--p 17084000 00:42 22590815275                /suphys/wedi0306/mts-spi-study-cluster/.venv/lib/python3.9/site-packages/nvidia/cusparse/lib/libcusparse.so.12
14862a16e000-14862a18a000 rw-p 17093000 00:42 22590815275                /suphys/wedi0306/mts-spi-study-cluster/.venv/lib/python3.9/site-packages/nvidia/cusparse/lib/libcusparse.so.12
14862a18a000-14862a190000 rw-p 00000000 00:00 0 
14862a190000-14862a2db000 ---p 172b5000 00:42 22590815275                /suphys/wedi0306/mts-spi-study-cluster/.venv/lib/python3.9/site-packages/nvidia/cusparse/lib/libcusparse.so.12
14862a2db000-14862a2e0000 rw-p 17200000 00:42 22590815275                /suphys/wedi0306/mts-spi-study-cluster/.venv/lib/python3.9/site-packages/nvidia/cusparse/lib/libcusparse.so.12
14862a2e0000-14862c287000 r--p 00000000 00:42 33306634715                /suphys/wedi0306/mts-spi-study-cluster/.venv/lib/python3.9/site-packages/nvidia/cusparselt/lib/libcusparseLt.so.0
14862c287000-14862f295000 r-xp 01fa7000 00:42 33306634715                /suphys/wedi0306/mts-spi-study-cluster/.venv/lib/python3.9/site-packages/nvidia/cusparselt/lib/libcusparseLt.so.0
14862f295000-1486436d1000 r--p 04fb5000 00:42 33306634715                /suphys/wedi0306/mts-spi-study-cluster/.venv/lib/python3.9/site-packages/nvidia/cusparselt/lib/libcusparseLt.so.0
1486436d1000-1486436d2000 ---p 193f1000 00:42 33306634715                /suphys/wedi0306/mts-spi-study-cluster/.venv/lib/python3.9/site-packages/nvidia/cusparselt/lib/libcusparseLt.so.0
1486436d2000-1486437f5000 r--p 193f1000 00:42 33306634715                /suphys/wedi0306/mts-spi-study-cluster/.venv/lib/python3.9/site-packages/nvidia/cusparselt/lib/libcusparseLt.so.0
1486437f5000-148643822000 rw-p 19514000 00:42 33306634715                /suphys/wedi0306/mts-spi-study-cluster/.venv/lib/python3.9/site-packages/nvidia/cusparselt/lib/libcusparseLt.so.0
148643822000-148643a87000 rw-p 00000000 00:00 0 
148643a87000-148645450000 rw-p 19542000 00:42 33306634715                /suphys/wedi0306/mts-spi-study-cluster/.venv/lib/python3.9/site-packages/nvidia/cusparselt/lib/libcusparseLt.so.0
148645450000-148645d58000 r--p 00000000 00:42 7536487444                 /suphys/wedi0306/mts-spi-study-cluster/.venv/lib/python3.9/site-packages/torch/lib/libtorch_cuda.so
148645d58000-148648cad000 r-xp 00908000 00:42 7536487444                 /suphys/wedi0306/mts-spi-study-cluster/.venv/lib/python3.9/site-packages/torch/lib/libtorch_cuda.so
148648cad000-14867fbb0000 r--p 0385d000 00:42 7536487444                 /suphys/wedi0306/mts-spi-study-cluster/.venv/lib/python3.9/site-packages/torch/lib/libtorch_cuda.so
14867fbb0000-14867fc13000 r--p 3a75f000 00:42 7536487444                 /suphys/wedi0306/mts-spi-study-cluster/.venv/lib/python3.9/site-packages/torch/lib/libtorch_cuda.so
14867fc13000-14867fc33000 rw-p 3a7c2000 00:42 7536487444                 /suphys/wedi0306/mts-spi-study-cluster/.venv/lib/python3.9/site-packages/torch/lib/libtorch_cuda.so
14867fc33000-14868097d000 rw-p 00000000 00:00 0 
14868097d000-148681042000 rw-p 3c18f000 00:42 7536487444                 /suphys/wedi0306/mts-spi-study-cluster/.venv/lib/python3.9/site-packages/torch/lib/libtorch_cuda.so
148681042000-148681e57000 r--p 00000000 00:42 7536487443                 /suphys/wedi0306/mts-spi-study-cluster/.venv/lib/python3.9/site-packages/torch/lib/libtorch_cpu.so
148681e57000-1486921cd000 r-xp 00e15000 00:42 7536487443                 /suphys/wedi0306/mts-spi-study-cluster/.venv/lib/python3.9/site-packages/torch/lib/libtorch_cpu.so
1486921cd000-148694c21000 r--p 1118b000 00:42 7536487443                 /suphys/wedi0306/mts-spi-study-cluster/.venv/lib/python3.9/site-packages/torch/lib/libtorch_cpu.so
148694c21000-148694e7b000 r--p 13bdf000 00:42 7536487443                 /suphys/wedi0306/mts-spi-study-cluster/.venv/lib/python3.9/site-packages/torch/lib/libtorch_cpu.so
148694e7b000-148694eeb000 rw-p 13e39000 00:42 7536487443                 /suphys/wedi0306/mts-spi-study-cluster/.venv/lib/python3.9/site-packages/torch/lib/libtorch_cpu.so
148694eeb000-148694ff9000 rw-p 00000000 00:00 0 
148694ff9000-1486954fa000 rw-p 195f6000 00:42 7536487443                 /suphys/wedi0306/mts-spi-study-cluster/.venv/lib/python3.9/site-packages/torch/lib/libtorch_cpu.so
1486954fa000-1486957bf000 r--p 00000000 00:42 33311003672                /suphys/wedi0306/mts-spi-study-cluster/.venv/lib/python3.9/site-packages/nvidia/nvjitlink/lib/libnvJitLink.so.12
1486957bf000-148699cc0000 r-xp 002c5000 00:42 33311003672                /suphys/wedi0306/mts-spi-study-cluster/.venv/lib/python3.9/site-packages/nvidia/nvjitlink/lib/libnvJitLink.so.12
148699cc0000-14869a5e5000 r--p 047c6000 00:42 33311003672                /suphys/wedi0306/mts-spi-study-cluster/.venv/lib/python3.9/site-packages/nvidia/nvjitlink/lib/libnvJitLink.so.12
14869a5e5000-14869a5e6000 ---p 050eb000 00:42 33311003672                /suphys/wedi0306/mts-spi-study-cluster/.venv/lib/python3.9/site-packages/nvidia/nvjitlink/lib/libnvJitLink.so.12
14869a5e6000-14869ad70000 r--p 050eb000 00:42 33311003672                /suphys/wedi0306/mts-spi-study-cluster/.venv/lib/python3.9/site-packages/nvidia/nvjitlink/lib/libnvJitLink.so.12
14869ad70000-14869aeb9000 rw-p 05875000 00:42 33311003672                /suphys/wedi0306/mts-spi-study-cluster/.venv/lib/python3.9/site-packages/nvidia/nvjitlink/lib/libnvJitLink.so.12
14869aeb9000-14869afe2000 rw-p 00000000 00:00 0 
14869afe2000-14869b400000 r--p 00000000 00:42 2177254358                 /suphys/wedi0306/mts-spi-study-cluster/.venv/lib/python3.9/site-packages/nvidia/cuda_nvrtc/lib/libnvrtc.so.12
14869b400000-14869fc95000 r-xp 0041e000 00:42 2177254358                 /suphys/wedi0306/mts-spi-study-cluster/.venv/lib/python3.9/site-packages/nvidia/cuda_nvrtc/lib/libnvrtc.so.12
14869fc95000-1486a0993000 r--p 04cb3000 00:42 2177254358                 /suphys/wedi0306/mts-spi-study-cluster/.venv/lib/python3.9/site-packages/nvidia/cuda_nvrtc/lib/libnvrtc.so.12
1486a0993000-1486a1165000 r--p 059b0000 00:42 2177254358                 /suphys/wedi0306/mts-spi-study-cluster/.venv/lib/python3.9/site-packages/nvidia/cuda_nvrtc/lib/libnvrtc.so.12
1486a1165000-1486a1387000 rw-p 06182000 00:42 2177254358                 /suphys/wedi0306/mts-spi-study-cluster/.venv/lib/python3.9/site-packages/nvidia/cuda_nvrtc/lib/libnvrtc.so.12
1486a1387000-1486a1726000 rw-p 00000000 00:00 0 
1486a1726000-1486a1728000 rw-p 063a4000 00:42 2177254358                 /suphys/wedi0306/mts-spi-study-cluster/.venv/lib/python3.9/site-packages/nvidia/cuda_nvrtc/lib/libnvrtc.so.12
1486a1728000-1486a1e06000 r--p 00000000 00:42 15164157667                /suphys/wedi0306/mts-spi-study-cluster/.venv/lib/python3.9/site-packages/llvmlite/binding/libllvmlite.so
1486a1e06000-1486a5352000 r-xp 006de000 00:42 15164157667                /suphys/wedi0306/mts-spi-study-cluster/.venv/lib/python3.9/site-packages/llvmlite/binding/libllvmlite.so
1486a5352000-1486a78e1000 r--p 03c2a000 00:42 15164157667                /suphys/wedi0306/mts-spi-study-cluster/.venv/lib/python3.9/site-packages/llvmlite/binding/libllvmlite.so
1486a78e1000-1486a7f70000 r--p 061b8000 00:42 15164157667                /suphys/wedi0306/mts-spi-study-cluster/.venv/lib/python3.9/site-packages/llvmlite/binding/libllvmlite.so
1486a7f70000-1486a7f87000 rw-p 06847000 00:42 15164157667                /suphys/wedi0306/mts-spi-study-cluster/.venv/lib/python3.9/site-packages/llvmlite/binding/libllvmlite.so
1486a7f87000-1486a8021000 rw-p 00000000 00:00 0 
1486a8021000-1486ac000000 ---p 00000000 00:00 0 
1486ac000000-1486ac021000 rw-p 00000000 00:00 0 
1486ac021000-1486b0000000 ---p 00000000 00:00 0 
1486b4000000-1486b4021000 rw-p 00000000 00:00 0 
1486b4021000-1486b8000000 ---p 00000000 00:00 0 
1486b8000000-1486b8021000 rw-p 00000000 00:00 0 
1486b8021000-1486bc000000 ---p 00000000 00:00 0 
1486c0000000-1486c0021000 rw-p 00000000 00:00 0 
1486c0021000-1486c4000000 ---p 00000000 00:00 0 
1486c4000000-1486c4021000 rw-p 00000000 00:00 0 
1486c4021000-1486c8000000 ---p 00000000 00:00 0 
1486cc000000-1486cc021000 rw-p 00000000 00:00 0 
1486cc021000-1486d0000000 ---p 00000000 00:00 0 
1486d0000000-1486d0021000 rw-p 00000000 00:00 0 
1486d0021000-1486d4000000 ---p 00000000 00:00 0 
1486d8000000-1486d8021000 rw-p 00000000 00:00 0 
1486d8021000-1486dc000000 ---p 00000000 00:00 0 
1486dc000000-1486dc021000 rw-p 00000000 00:00 0 
1486dc021000-1486e0000000 ---p 00000000 00:00 0 
1486e4000000-1486e4021000 rw-p 00000000 00:00 0 
1486e4021000-1486e8000000 ---p 00000000 00:00 0 
1486e8000000-1486e817d000 rw-p 00000000 00:00 0 
1486e817d000-1486ec000000 ---p 00000000 00:00 0 
1486f0000000-1486f01f9000 rw-p 00000000 00:00 0 
1486f01f9000-1486f4000000 ---p 00000000 00:00 0 
1486f4000000-1486f4021000 rw-p 00000000 00:00 0 
1486f4021000-1486f8000000 ---p 00000000 00:00 0 
1486fc000000-1486fc021000 rw-p 00000000 00:00 0 
1486fc021000-148700000000 ---p 00000000 00:00 0 
148700000000-148700021000 rw-p 00000000 00:00 0 
148700021000-148704000000 ---p 00000000 00:00 0 
148708000000-148708021000 rw-p 00000000 00:00 0 
148708021000-14870c000000 ---p 00000000 00:00 0 
14870c000000-14870c021000 rw-p 00000000 00:00 0 
14870c021000-148710000000 ---p 00000000 00:00 0 
148714000000-148714422000 rw-p 00000000 00:00 0 
148714422000-148718000000 ---p 00000000 00:00 0 
14871b000000-14871b150000 rw-p 00000000 00:00 0 
14871b150000-14871b400000 ---p 00000000 00:00 0 
14871b400000-14871b430000 rw-p 00000000 00:00 0 
14871b430000-14871f000000 ---p 00000000 00:00 0 
14871f000000-14871fbcc000 rw-p 00001000 fd:00 67124065                   /usr/lib/jvm/java-17-openjdk-17.0.17.0.10-1.el9.x86_64/lib/server/classes.jsa
14871fbcc000-148720000000 ---p 00000000 00:00 0 
148720000000-148720010000 rw-p 00000000 00:00 0 
148720010000-148720040000 ---p 00000000 00:00 0 
148720040000-148720060000 rw-p 00000000 00:00 0 
148720060000-148760000000 ---p 00000000 00:00 0 
148760000000-148760021000 rw-p 00000000 00:00 0 
148760021000-148764000000 ---p 00000000 00:00 0 
148764000000-148764021000 rw-p 00000000 00:00 0 
148764021000-148768000000 ---p 00000000 00:00 0 
148768592000-148768642000 r--p 00000000 00:42 11851111819                /suphys/wedi0306/mts-spi-study-cluster/.venv/lib/python3.9/site-packages/nvidia/cuda_cupti/lib/libcupti.so.12
148768642000-148768a61000 r-xp 000b0000 00:42 11851111819                /suphys/wedi0306/mts-spi-study-cluster/.venv/lib/python3.9/site-packages/nvidia/cuda_cupti/lib/libcupti.so.12
148768a61000-148768bb3000 r--p 004cf000 00:42 11851111819                /suphys/wedi0306/mts-spi-study-cluster/.venv/lib/python3.9/site-packages/nvidia/cuda_cupti/lib/libcupti.so.12
148768bb3000-148768bb4000 ---p 00621000 00:42 11851111819                /suphys/wedi0306/mts-spi-study-cluster/.venv/lib/python3.9/site-packages/nvidia/cuda_cupti/lib/libcupti.so.12
148768bb4000-148768bfd000 r--p 00621000 00:42 11851111819                /suphys/wedi0306/mts-spi-study-cluster/.venv/lib/python3.9/site-packages/nvidia/cuda_cupti/lib/libcupti.so.12
148768bfd000-148768cd1000 rw-p 0066a000 00:42 11851111819                /suphys/wedi0306/mts-spi-study-cluster/.venv/lib/python3.9/site-packages/nvidia/cuda_cupti/lib/libcupti.so.12
148768cd1000-148768d00000 rw-p 00000000 00:00 0 
148768d00000-148768d31000 r--p 00000000 00:42 19371212639                /suphys/wedi0306/mts-spi-study-cluster/.venv/lib/python3.9/site-packages/nvidia/cufile/lib/libcufile.so.0
148768d31000-148768f2a000 r-xp 00031000 00:42 19371212639                /suphys/wedi0306/mts-spi-study-cluster/.venv/lib/python3.9/site-packages/nvidia/cufile/lib/libcufile.so.0
148768f2a000-148768fd7000 r--p 0022a000 00:42 19371212639                /suphys/wedi0306/mts-spi-study-cluster/.venv/lib/python3.9/site-packages/nvidia/cufile/lib/libcufile.so.0
148768fd7000-148768fd8000 ---p 002d7000 00:42 19371212639                /suphys/wedi0306/mts-spi-study-cluster/.venv/lib/python3.9/site-packages/nvidia/cufile/lib/libcufile.so.0
148768fd8000-148768fdd000 r--p 002d7000 00:42 19371212639                /suphys/wedi0306/mts-spi-study-cluster/.venv/lib/python3.9/site-packages/nvidia/cufile/lib/libcufile.so.0
148768fdd000-148768fe6000 rw-p 002dc000 00:42 19371212639                /suphys/wedi0306/mts-spi-study-cluster/.venv/lib/python3.9/site-packages/nvidia/cufile/lib/libcufile.so.0
148768fe6000-148768ff1000 rw-p 00000000 00:00 0 
148768ff1000-148768ffd000 rw-p 00304000 00:42 19371212639                /suphys/wedi0306/mts-spi-study-cluster/.venv/lib/python3.9/site-packages/nvidia/cufile/lib/libcufile.so.0
148768ffd000-14876901b000 r-xp 00000000 00:42 3233719011                 /suphys/wedi0306/mts-spi-study-cluster/.venv/lib/python3.9/site-packages/nvidia/cudnn/lib/libcudnn.so.9
14876901b000-14876921a000 ---p 0001e000 00:42 3233719011                 /suphys/wedi0306/mts-spi-study-cluster/.venv/lib/python3.9/site-packages/nvidia/cudnn/lib/libcudnn.so.9
14876921a000-14876921b000 r--p 0001d000 00:42 3233719011                 /suphys/wedi0306/mts-spi-study-cluster/.venv/lib/python3.9/site-packages/nvidia/cudnn/lib/libcudnn.so.9
14876921b000-14876921c000 rw-p 0001e000 00:42 3233719011                 /suphys/wedi0306/mts-spi-study-cluster/.venv/lib/python3.9/site-packages/nvidia/cudnn/lib/libcudnn.so.9
14876921c000-148769244000 r--p 00000000 00:42 7536487437                 /suphys/wedi0306/mts-spi-study-cluster/.venv/lib/python3.9/site-packages/torch/lib/libc10.so
148769244000-1487692dc000 r-xp 00028000 00:42 7536487437                 /suphys/wedi0306/mts-spi-study-cluster/.venv/lib/python3.9/site-packages/torch/lib/libc10.so
1487692dc000-14876930e000 r--p 000c0000 00:42 7536487437                 /suphys/wedi0306/mts-spi-study-cluster/.venv/lib/python3.9/site-packages/torch/lib/libc10.so
14876930e000-148769311000 r--p 000f2000 00:42 7536487437                 /suphys/wedi0306/mts-spi-study-cluster/.venv/lib/python3.9/site-packages/torch/lib/libc10.so
148769311000-148769318000 rw-p 000f5000 00:42 7536487437                 /suphys/wedi0306/mts-spi-study-cluster/.venv/lib/python3.9/site-packages/torch/lib/libc10.so
148769318000-14876931a000 rw-p 00000000 00:00 0 
14876931a000-14876932f000 rw-p 0013f000 00:42 7536487437                 /suphys/wedi0306/mts-spi-study-cluster/.venv/lib/python3.9/site-packages/torch/lib/libc10.so
14876932f000-14876933e000 r--p 00000000 00:42 7536487438                 /suphys/wedi0306/mts-spi-study-cluster/.venv/lib/python3.9/site-packages/torch/lib/libc10_cuda.so
14876933e000-14876938d000 r-xp 0000f000 00:42 7536487438                 /suphys/wedi0306/mts-spi-study-cluster/.venv/lib/python3.9/site-packages/torch/lib/libc10_cuda.so
14876938d000-1487693a4000 r--p 0005e000 00:42 7536487438                 /suphys/wedi0306/mts-spi-study-cluster/.venv/lib/python3.9/site-packages/torch/lib/libc10_cuda.so
1487693a4000-1487693a5000 r--p 00075000 00:42 7536487438                 /suphys/wedi0306/mts-spi-study-cluster/.venv/lib/python3.9/site-packages/torch/lib/libc10_cuda.so
1487693a5000-1487693a6000 rw-p 00076000 00:42 7536487438                 /suphys/wedi0306/mts-spi-study-cluster/.venv/lib/python3.9/site-packages/torch/lib/libc10_cuda.so
1487693a6000-1487693cc000 rw-p 00000000 00:00 0 
1487693cc000-1487693d4000 rw-p 0009c000 00:42 7536487438                 /suphys/wedi0306/mts-spi-study-cluster/.venv/lib/python3.9/site-packages/torch/lib/libc10_cuda.so
1487693d4000-1487693e0000 r--p 00000000 00:42 7536487442                 /suphys/wedi0306/mts-spi-study-cluster/.venv/lib/python3.9/site-packages/torch/lib/libtorch.so
1487693e0000-14876940d000 r-xp 0000c000 00:42 7536487442                 /suphys/wedi0306/mts-spi-study-cluster/.venv/lib/python3.9/site-packages/torch/lib/libtorch.so
14876940d000-148769418000 r--p 00039000 00:42 7536487442                 /suphys/wedi0306/mts-spi-study-cluster/.venv/lib/python3.9/site-packages/torch/lib/libtorch.so
148769418000-148769419000 r--p 00044000 00:42 7536487442                 /suphys/wedi0306/mts-spi-study-cluster/.venv/lib/python3.9/site-packages/torch/lib/libtorch.so
148769419000-14876941a000 rw-p 00045000 00:42 7536487442                 /suphys/wedi0306/mts-spi-study-cluster/.venv/lib/python3.9/site-packages/torch/lib/libtorch.so
14876941a000-148769421000 rw-p 00059000 00:42 7536487442                 /suphys/wedi0306/mts-spi-study-cluster/.venv/lib/python3.9/site-packages/torch/lib/libtorch.so
148769421000-14876959d000 r--p 00000000 00:42 7536487447                 /suphys/wedi0306/mts-spi-study-cluster/.venv/lib/python3.9/site-packages/torch/lib/libtorch_python.so
14876959d000-14876a157000 r-xp 0017c000 00:42 7536487447                 /suphys/wedi0306/mts-spi-study-cluster/.venv/lib/python3.9/site-packages/torch/lib/libtorch_python.so
14876a157000-14876a56b000 r--p 00d36000 00:42 7536487447                 /suphys/wedi0306/mts-spi-study-cluster/.venv/lib/python3.9/site-packages/torch/lib/libtorch_python.so
14876a56b000-14876a58b000 r--p 01149000 00:42 7536487447                 /suphys/wedi0306/mts-spi-study-cluster/.venv/lib/python3.9/site-packages/torch/lib/libtorch_python.so
14876a58b000-14876a5ea000 rw-p 01169000 00:42 7536487447                 /suphys/wedi0306/mts-spi-study-cluster/.venv/lib/python3.9/site-packages/torch/lib/libtorch_python.so
14876a5ea000-14876a65d000 rw-p 00000000 00:00 0 
14876a65d000-14876a6ec000 rw-p 019f3000 00:42 7536487447                 /suphys/wedi0306/mts-spi-study-cluster/.venv/lib/python3.9/site-packages/torch/lib/libtorch_python.so
14876a6ec000-14876a723000 r-xp 00000000 00:42 7536487440                 /suphys/wedi0306/mts-spi-study-cluster/.venv/lib/python3.9/site-packages/torch/lib/libgomp.so.1
14876a723000-14876a922000 ---p 00037000 00:42 7536487440                 /suphys/wedi0306/mts-spi-study-cluster/.venv/lib/python3.9/site-packages/torch/lib/libgomp.so.1
14876a922000-14876a923000 r--p 00036000 00:42 7536487440                 /suphys/wedi0306/mts-spi-study-cluster/.venv/lib/python3.9/site-packages/torch/lib/libgomp.so.1
14876a923000-14876a924000 rw-p 00037000 00:42 7536487440                 /suphys/wedi0306/mts-spi-study-cluster/.venv/lib/python3.9/site-packages/torch/lib/libgomp.so.1
14876a924000-14876a929000 rw-p 0003a000 00:42 7536487440                 /suphys/wedi0306/mts-spi-study-cluster/.venv/lib/python3.9/site-packages/torch/lib/libgomp.so.1
14876a929000-14876a9d6000 r-xp 00000000 00:42 29144235119                /suphys/wedi0306/mts-spi-study-cluster/.venv/lib/python3.9/site-packages/nvidia/cuda_runtime/lib/libcudart.so.12
14876a9d6000-14876abd6000 ---p 000ad000 00:42 29144235119                /suphys/wedi0306/mts-spi-study-cluster/.venv/lib/python3.9/site-packages/nvidia/cuda_runtime/lib/libcudart.so.12
14876abd6000-14876abda000 r--p 000ad000 00:42 29144235119                /suphys/wedi0306/mts-spi-study-cluster/.venv/lib/python3.9/site-packages/nvidia/cuda_runtime/lib/libcudart.so.12
14876abda000-14876abdb000 rw-p 000b1000 00:42 29144235119                /suphys/wedi0306/mts-spi-study-cluster/.venv/lib/python3.9/site-packages/nvidia/cuda_runtime/lib/libcudart.so.12
14876abdb000-14876b0dd000 rw-p 00000000 00:00 0 
14876b0dd000-14876b0e1000 r--p 00000000 00:42 6474523609                 /suphys/wedi0306/mts-spi-study-cluster/.venv/lib/python3.9/site-packages/numba/_helperlib.cpython-39-x86_64-linux-gnu.so
14876b0e1000-14876b0f7000 r-xp 00004000 00:42 6474523609                 /suphys/wedi0306/mts-spi-study-cluster/.venv/lib/python3.9/site-packages/numba/_helperlib.cpython-39-x86_64-linux-gnu.so
14876b0f7000-14876b11d000 r--p 0001a000 00:42 6474523609                 /suphys/wedi0306/mts-spi-study-cluster/.venv/lib/python3.9/site-packages/numba/_helperlib.cpython-39-x86_64-linux-gnu.so
14876b11d000-14876b11e000 r--p 0003f000 00:42 6474523609                 /suphys/wedi0306/mts-spi-study-cluster/.venv/lib/python3.9/site-packages/numba/_helperlib.cpython-39-x86_64-linux-gnu.so
14876b11e000-14876b11f000 rw-p 00040000 00:42 6474523609                 /suphys/wedi0306/mts-spi-study-cluster/.venv/lib/python3.9/site-packages/numba/_helperlib.cpython-39-x86_64-linux-gnu.so
14876b11f000-14876b59f000 rw-p 00000000 00:00 0 
14876b59f000-14876b5a4000 r--p 00000000 00:42 27924902894                /suphys/wedi0306/mts-spi-study-cluster/.venv/lib/python3.9/site-packages/scipy/io/matlab/_mio5_utils.cpython-39-x86_64-linux-gnu.so
14876b5a4000-14876b5cd000 r-xp 00005000 00:42 27924902894                /suphys/wedi0306/mts-spi-study-cluster/.venv/lib/python3.9/site-packages/scipy/io/matlab/_mio5_utils.cpython-39-x86_64-linux-gnu.so
14876b5cd000-14876b5d5000 r--p 0002e000 00:42 27924902894                /suphys/wedi0306/mts-spi-study-cluster/.venv/lib/python3.9/site-packages/scipy/io/matlab/_mio5_utils.cpython-39-x86_64-linux-gnu.so
14876b5d5000-14876b5d6000 r--p 00035000 00:42 27924902894                /suphys/wedi0306/mts-spi-study-cluster/.venv/lib/python3.9/site-packages/scipy/io/matlab/_mio5_utils.cpython-39-x86_64-linux-gnu.so
14876b5d6000-14876b5d8000 rw-p 00036000 00:42 27924902894                /suphys/wedi0306/mts-spi-study-cluster/.venv/lib/python3.9/site-packages/scipy/io/matlab/_mio5_utils.cpython-39-x86_64-linux-gnu.so
14876b5d8000-14876b7d9000 rw-p 00000000 00:00 0 
14876b7d9000-14876b7e3000 r--p 00000000 fd:00 151446402                  /usr/lib64/libncursesw.so.6.2
14876b7e3000-14876b80e000 r-xp 0000a000 fd:00 151446402                  /usr/lib64/libncursesw.so.6.2
14876b80e000-14876b817000 r--p 00035000 fd:00 151446402                  /usr/lib64/libncursesw.so.6.2
14876b817000-14876b818000 r--p 0003d000 fd:00 151446402                  /usr/lib64/libncursesw.so.6.2
14876b818000-14876b819000 rw-p 0003e000 fd:00 151446402                  /usr/lib64/libncursesw.so.6.2
14876b819000-14876b899000 rw-p 00000000 00:00 0 
14876b899000-14876b8a6000 r--p 00000000 00:42 15163936213                /suphys/wedi0306/mts-spi-study-cluster/.venv/lib/python3.9/site-packages/pyzmq.libs/libsodium-53576c4c.so.26.2.0
14876b8a6000-14876b9a4000 r-xp 0000d000 00:42 15163936213                /suphys/wedi0306/mts-spi-study-cluster/.venv/lib/python3.9/site-packages/pyzmq.libs/libsodium-53576c4c.so.26.2.0
14876b9a4000-14876b9b9000 r--p 0010b000 00:42 15163936213                /suphys/wedi0306/mts-spi-study-cluster/.venv/lib/python3.9/site-packages/pyzmq.libs/libsodium-53576c4c.so.26.2.0
14876b9b9000-14876b9ba000 ---p 00120000 00:42 15163936213                /suphys/wedi0306/mts-spi-study-cluster/.venv/lib/python3.9/site-packages/pyzmq.libs/libsodium-53576c4c.so.26.2.0
14876b9ba000-14876b9bb000 r--p 00120000 00:42 15163936213                /suphys/wedi0306/mts-spi-study-cluster/.venv/lib/python3.9/site-packages/pyzmq.libs/libsodium-53576c4c.so.26.2.0
14876b9bb000-14876b9c9000 rw-p 00121000 00:42 15163936213                /suphys/wedi0306/mts-spi-study-cluster/.venv/lib/python3.9/site-packages/pyzmq.libs/libsodium-53576c4c.so.26.2.0
14876b9c9000-14876b9e1000 r--p 00000000 00:42 15163936214                /suphys/wedi0306/mts-spi-study-cluster/.venv/lib/python3.9/site-packages/pyzmq.libs/libzmq-47dc3393.so.5.2.5
14876b9e1000-14876ba6d000 r-xp 00018000 00:42 15163936214                /suphys/wedi0306/mts-spi-study-cluster/.venv/lib/python3.9/site-packages/pyzmq.libs/libzmq-47dc3393.so.5.2.5
14876ba6d000-14876baa7000 r--p 000a4000 00:42 15163936214                /suphys/wedi0306/mts-spi-study-cluster/.venv/lib/python3.9/site-packages/pyzmq.libs/libzmq-47dc3393.so.5.2.5
14876baa7000-14876baa8000 ---p 000de000 00:42 15163936214                /suphys/wedi0306/mts-spi-study-cluster/.venv/lib/python3.9/site-packages/pyzmq.libs/libzmq-47dc3393.so.5.2.5
14876baa8000-14876baaf000 r--p 000de000 00:42 15163936214                /suphys/wedi0306/mts-spi-study-cluster/.venv/lib/python3.9/site-packages/pyzmq.libs/libzmq-47dc3393.so.5.2.5
14876baaf000-14876bab0000 rw-p 000e5000 00:42 15163936214                /suphys/wedi0306/mts-spi-study-cluster/.venv/lib/python3.9/site-packages/pyzmq.libs/libzmq-47dc3393.so.5.2.5
14876bab0000-14876bab6000 rw-p 000e7000 00:42 15163936214                /suphys/wedi0306/mts-spi-study-cluster/.venv/lib/python3.9/site-packages/pyzmq.libs/libzmq-47dc3393.so.5.2.5
14876bab6000-14876babe000 r--p 00000000 00:42 20551619002                /suphys/wedi0306/mts-spi-study-cluster/.venv/lib/python3.9/site-packages/zmq/backend/cython/_zmq.cpython-39-x86_64-linux-gnu.so
14876babe000-14876baea000 r-xp 00008000 00:42 20551619002                /suphys/wedi0306/mts-spi-study-cluster/.venv/lib/python3.9/site-packages/zmq/backend/cython/_zmq.cpython-39-x86_64-linux-gnu.so
14876baea000-14876baf5000 r--p 00034000 00:42 20551619002                /suphys/wedi0306/mts-spi-study-cluster/.venv/lib/python3.9/site-packages/zmq/backend/cython/_zmq.cpython-39-x86_64-linux-gnu.so
14876baf5000-14876baf7000 r--p 0003e000 00:42 20551619002                /suphys/wedi0306/mts-spi-study-cluster/.venv/lib/python3.9/site-packages/zmq/backend/cython/_zmq.cpython-39-x86_64-linux-gnu.so
14876baf7000-14876baf9000 rw-p 00040000 00:42 20551619002                /suphys/wedi0306/mts-spi-study-cluster/.venv/lib/python3.9/site-packages/zmq/backend/cython/_zmq.cpython-39-x86_64-linux-gnu.so
14876baf9000-14876bafa000 rw-p 00000000 00:00 0 
14876bafa000-14876baff000 rw-p 00043000 00:42 20551619002                /suphys/wedi0306/mts-spi-study-cluster/.venv/lib/python3.9/site-packages/zmq/backend/cython/_zmq.cpython-39-x86_64-linux-gnu.so
14876baff000-14876c021000 rw-p 00000000 00:00 0 
14876c021000-148770000000 ---p 00000000 00:00 0 
148770000000-148770021000 rw-p 00000000 00:00 0 
148770021000-148774000000 ---p 00000000 00:00 0 
148774035000-1487742f5000 rw-p 00000000 00:00 0 
1487742f5000-1487742f6000 ---p 00000000 00:00 0 
1487742f6000-1487742fa000 ---p 00000000 00:00 0 
1487742fa000-1487743f6000 rw-p 00000000 00:00 0 
1487743f6000-1487743f7000 ---p 00000000 00:00 0 
1487743f7000-1487743fb000 ---p 00000000 00:00 0 
1487743fb000-1487744f7000 rw-p 00000000 00:00 0 
1487744f7000-148774577000 rw-p 00000000 00:00 0 
148774577000-148774587000 r--p 00000000 fd:00 151014434                  /usr/lib64/libsqlite3.so.0.8.6
148774587000-148774683000 r-xp 00010000 fd:00 151014434                  /usr/lib64/libsqlite3.so.0.8.6
148774683000-1487746b6000 r--p 0010c000 fd:00 151014434                  /usr/lib64/libsqlite3.so.0.8.6
1487746b6000-1487746ba000 r--p 0013f000 fd:00 151014434                  /usr/lib64/libsqlite3.so.0.8.6
1487746ba000-1487746bd000 rw-p 00143000 fd:00 151014434                  /usr/lib64/libsqlite3.so.0.8.6
1487746bd000-1487746fd000 rw-p 00000000 00:00 0 
1487746fd000-1487746fe000 ---p 00000000 00:00 0 
1487746fe000-148774702000 ---p 00000000 00:00 0 
148774702000-1487747fe000 rw-p 00000000 00:00 0 
1487747fe000-1487747ff000 ---p 00000000 00:00 0 
1487747ff000-1487748ff000 rw-p 00000000 00:00 0 
1487748ff000-148774900000 ---p 00000000 00:00 0 
148774900000-148774a00000 rw-p 00000000 00:00 0 
148774a00000-148774a1b000 r-xp 00000000 fd:00 50344270                   /usr/lib/jvm/java-17-openjdk-17.0.17.0.10-1.el9.x86_64/lib/libzip.so
148774a1b000-148774c1a000 ---p 0001b000 fd:00 50344270                   /usr/lib/jvm/java-17-openjdk-17.0.17.0.10-1.el9.x86_64/lib/libzip.so
148774c1a000-148774c1b000 r--p 0001a000 fd:00 50344270                   /usr/lib/jvm/java-17-openjdk-17.0.17.0.10-1.el9.x86_64/lib/libzip.so
148774c1b000-148774c1c000 rw-p 00000000 00:00 0 
148774c3f000-148774cff000 rw-p 00000000 00:00 0 
148774cff000-148774d00000 ---p 00000000 00:00 0 
148774d00000-148774e00000 rw-p 00000000 00:00 0 
148774e00000-148774e15000 r-xp 00000000 fd:00 50344696                   /usr/lib/jvm/java-17-openjdk-17.0.17.0.10-1.el9.x86_64/lib/libnet.so
148774e15000-148775015000 ---p 00015000 fd:00 50344696                   /usr/lib/jvm/java-17-openjdk-17.0.17.0.10-1.el9.x86_64/lib/libnet.so
148775015000-148775016000 r--p 00015000 fd:00 50344696                   /usr/lib/jvm/java-17-openjdk-17.0.17.0.10-1.el9.x86_64/lib/libnet.so
148775016000-148775017000 rw-p 00016000 fd:00 50344696                   /usr/lib/jvm/java-17-openjdk-17.0.17.0.10-1.el9.x86_64/lib/libnet.so
14877503f000-1487750ff000 rw-p 00000000 00:00 0 
1487750ff000-148775100000 ---p 00000000 00:00 0 
148775100000-148775104000 ---p 00000000 00:00 0 
148775104000-148775200000 rw-p 00000000 00:00 0 
148775200000-148775213000 r-xp 00000000 fd:00 50344566                   /usr/lib/jvm/java-17-openjdk-17.0.17.0.10-1.el9.x86_64/lib/libnio.so
148775213000-148775413000 ---p 00013000 fd:00 50344566                   /usr/lib/jvm/java-17-openjdk-17.0.17.0.10-1.el9.x86_64/lib/libnio.so
148775413000-148775414000 r--p 00013000 fd:00 50344566                   /usr/lib/jvm/java-17-openjdk-17.0.17.0.10-1.el9.x86_64/lib/libnio.so
148775414000-148775415000 rw-p 00014000 fd:00 50344566                   /usr/lib/jvm/java-17-openjdk-17.0.17.0.10-1.el9.x86_64/lib/libnio.so
148775439000-1487754f9000 rw-p 00000000 00:00 0 
1487754f9000-1487754fa000 ---p 00000000 00:00 0 
1487754fa000-1487754fe000 ---p 00000000 00:00 0 
1487754fe000-1487755fa000 rw-p 00000000 00:00 0 
1487755fa000-1487755fb000 ---p 00000000 00:00 0 
1487755fb000-1487756fb000 rw-p 00000000 00:00 0 
1487756fb000-1487756fc000 ---p 00000000 00:00 0 
1487756fc000-148775700000 ---p 00000000 00:00 0 
148775700000-1487757fc000 rw-p 00000000 00:00 0 
1487757fc000-1487757fd000 ---p 00000000 00:00 0 
1487757fd000-148775801000 ---p 00000000 00:00 0 
148775801000-1487758fd000 rw-p 00000000 00:00 0 
1487758fd000-1487758fe000 ---p 00000000 00:00 0 
1487758fe000-148775902000 ---p 00000000 00:00 0 
148775902000-1487759fe000 rw-p 00000000 00:00 0 
1487759fe000-1487759ff000 ---p 00000000 00:00 0 
1487759ff000-148775a03000 ---p 00000000 00:00 0 
148775a03000-148775aff000 rw-p 00000000 00:00 0 
148775aff000-148775b00000 ---p 00000000 00:00 0 
148775b00000-148775b04000 ---p 00000000 00:00 0 
148775b04000-148775c00000 rw-p 00000000 00:00 0 
148775c00000-148775ccd000 r-xp 00000000 fd:00 50344656                   /usr/lib/jvm/java-17-openjdk-17.0.17.0.10-1.el9.x86_64/lib/libjsvml.so
148775ccd000-148775ecc000 ---p 000cd000 fd:00 50344656                   /usr/lib/jvm/java-17-openjdk-17.0.17.0.10-1.el9.x86_64/lib/libjsvml.so
148775ecc000-148775ecd000 r--p 000cc000 fd:00 50344656                   /usr/lib/jvm/java-17-openjdk-17.0.17.0.10-1.el9.x86_64/lib/libjsvml.so
148775ecd000-148775ece000 rw-p 000cd000 fd:00 50344656                   /usr/lib/jvm/java-17-openjdk-17.0.17.0.10-1.el9.x86_64/lib/libjsvml.so
148775ed4000-148775ed5000 r--p 00000000 fd:00 151122012                  /usr/lib64/libutil.so.1
148775ed5000-148775ed6000 r-xp 00001000 fd:00 151122012                  /usr/lib64/libutil.so.1
148775ed6000-148775ed7000 r--p 00002000 fd:00 151122012                  /usr/lib64/libutil.so.1
148775ed7000-148775ed8000 r--p 00002000 fd:00 151122012                  /usr/lib64/libutil.so.1
148775ed8000-148775ed9000 rw-p 00003000 fd:00 151122012                  /usr/lib64/libutil.so.1
148775eee000-148775ef1000 r--p 00000000 00:42 7536487441                 /suphys/wedi0306/mts-spi-study-cluster/.venv/lib/python3.9/site-packages/torch/lib/libshm.so
148775ef1000-148775ef4000 r-xp 00003000 00:42 7536487441                 /suphys/wedi0306/mts-spi-study-cluster/.venv/lib/python3.9/site-packages/torch/lib/libshm.so
148775ef4000-148775ef5000 r--p 00006000 00:42 7536487441                 /suphys/wedi0306/mts-spi-study-cluster/.venv/lib/python3.9/site-packages/torch/lib/libshm.so
148775ef5000-148775ef6000 r--p 00006000 00:42 7536487441                 /suphys/wedi0306/mts-spi-study-cluster/.venv/lib/python3.9/site-packages/torch/lib/libshm.so
148775ef6000-148775ef7000 rw-p 00007000 00:42 7536487441                 /suphys/wedi0306/mts-spi-study-cluster/.venv/lib/python3.9/site-packages/torch/lib/libshm.so
148775ef7000-148775ef9000 rw-p 0000b000 00:42 7536487441                 /suphys/wedi0306/mts-spi-study-cluster/.venv/lib/python3.9/site-packages/torch/lib/libshm.so
148775ef9000-148775efa000 r--p 00000000 00:42 26901623790                /suphys/wedi0306/mts-spi-study-cluster/.venv/lib/python3.9/site-packages/torch/_C.cpython-39-x86_64-linux-gnu.so
148775efa000-148775efb000 r-xp 00001000 00:42 26901623790                /suphys/wedi0306/mts-spi-study-cluster/.venv/lib/python3.9/site-packages/torch/_C.cpython-39-x86_64-linux-gnu.so
148775efb000-148775efc000 r--p 00002000 00:42 26901623790                /suphys/wedi0306/mts-spi-study-cluster/.venv/lib/python3.9/site-packages/torch/_C.cpython-39-x86_64-linux-gnu.so
148775efc000-148775efd000 r--p 00002000 00:42 26901623790                /suphys/wedi0306/mts-spi-study-cluster/.venv/lib/python3.9/site-packages/torch/_C.cpython-39-x86_64-linux-gnu.so
148775efd000-148775efe000 rw-p 00003000 00:42 26901623790                /suphys/wedi0306/mts-spi-study-cluster/.venv/lib/python3.9/site-packages/torch/_C.cpython-39-x86_64-linux-gnu.so
148775efe000-148775eff000 rw-p 00006000 00:42 26901623790                /suphys/wedi0306/mts-spi-study-cluster/.venv/lib/python3.9/site-packages/torch/_C.cpython-39-x86_64-linux-gnu.so
148775eff000-148775f00000 ---p 00000000 00:00 0 
148775f00000-148775f04000 ---p 00000000 00:00 0 
148775f04000-148776000000 rw-p 00000000 00:00 0 
148776000000-148778021000 rw-p 00000000 00:00 0 
148778021000-14877c000000 ---p 00000000 00:00 0 
14877c001000-14877c002000 r--p 00000000 00:42 7536487446                 /suphys/wedi0306/mts-spi-study-cluster/.venv/lib/python3.9/site-packages/torch/lib/libtorch_global_deps.so
14877c002000-14877c003000 r-xp 00001000 00:42 7536487446                 /suphys/wedi0306/mts-spi-study-cluster/.venv/lib/python3.9/site-packages/torch/lib/libtorch_global_deps.so
14877c003000-14877c004000 r--p 00002000 00:42 7536487446                 /suphys/wedi0306/mts-spi-study-cluster/.venv/lib/python3.9/site-packages/torch/lib/libtorch_global_deps.so
14877c004000-14877c005000 r--p 00002000 00:42 7536487446                 /suphys/wedi0306/mts-spi-study-cluster/.venv/lib/python3.9/site-packages/torch/lib/libtorch_global_deps.so
14877c005000-14877c007000 rw-p 00003000 00:42 7536487446                 /suphys/wedi0306/mts-spi-study-cluster/.venv/lib/python3.9/site-packages/torch/lib/libtorch_global_deps.so
14877c007000-14877c009000 r--p 00000000 00:42 11853283171                /suphys/wedi0306/mts-spi-study-cluster/.venv/lib/python3.9/site-packages/numba/np/ufunc/_internal.cpython-39-x86_64-linux-gnu.so
14877c009000-14877c00b000 r-xp 00002000 00:42 11853283171                /suphys/wedi0306/mts-spi-study-cluster/.venv/lib/python3.9/site-packages/numba/np/ufunc/_internal.cpython-39-x86_64-linux-gnu.so
14877c00b000-14877c00c000 r--p 00004000 00:42 11853283171                /suphys/wedi0306/mts-spi-study-cluster/.venv/lib/python3.9/site-packages/numba/np/ufunc/_internal.cpython-39-x86_64-linux-gnu.so
14877c00c000-14877c00d000 ---p 00005000 00:42 11853283171                /suphys/wedi0306/mts-spi-study-cluster/.venv/lib/python3.9/site-packages/numba/np/ufunc/_internal.cpython-39-x86_64-linux-gnu.so
14877c00d000-14877c00e000 r--p 00005000 00:42 11853283171                /suphys/wedi0306/mts-spi-study-cluster/.venv/lib/python3.9/site-packages/numba/np/ufunc/_internal.cpython-39-x86_64-linux-gnu.so
14877c00e000-14877c00f000 rw-p 00006000 00:42 11853283171                /suphys/wedi0306/mts-spi-study-cluster/.venv/lib/python3.9/site-packages/numba/np/ufunc/_internal.cpython-39-x86_64-linux-gnu.so
14877c00f000-14877c01d000 r--p 00000000 fd:00 151548100                  /usr/lib64/libtinfo.so.6.2
14877c01d000-14877c02c000 r-xp 0000e000 fd:00 151548100                  /usr/lib64/libtinfo.so.6.2
14877c02c000-14877c03a000 r--p 0001d000 fd:00 151548100                  /usr/lib64/libtinfo.so.6.2
14877c03a000-14877c03e000 r--p 0002a000 fd:00 151548100                  /usr/lib64/libtinfo.so.6.2
14877c03e000-14877c03f000 rw-p 0002e000 fd:00 151548100                  /usr/lib64/libtinfo.so.6.2
14877c03f000-14877c0ff000 rw-p 00000000 00:00 0 
14877c0ff000-14877c100000 ---p 00000000 00:00 0 
14877c100000-14877c104000 ---p 00000000 00:00 0 
14877c104000-14877c200000 rw-p 00000000 00:00 0 
14877c200000-14877c260000 rw-p 00000000 00:00 0 
14877c260000-1487801f0000 ---p 00000000 00:00 0 
1487801f0000-148780260000 rw-p 00000000 00:00 0 
148780260000-1487841f0000 ---p 00000000 00:00 0 
1487841f0000-14878420c000 rw-p 00000000 00:00 0 
14878420c000-1487849fe000 ---p 00000000 00:00 0 
1487849fe000-148784a0c000 rw-p 00000000 00:00 0 
148784a0c000-1487851fe000 ---p 00000000 00:00 0 
1487851fe000-14878520c000 rw-p 00000000 00:00 0 
14878520c000-1487859fe000 ---p 00000000 00:00 0 
1487859fe000-148785a00000 rw-p 00000000 00:00 0 
148785a00000-148785c70000 rwxp 00000000 00:00 0 
148785c70000-14878cf37000 ---p 00000000 00:00 0 
14878cf37000-14878d1a7000 rwxp 00000000 00:00 0 
14878d1a7000-14878d4c8000 ---p 00000000 00:00 0 
14878d4c8000-14878d738000 rwxp 00000000 00:00 0 
14878d738000-148794a00000 ---p 00000000 00:00 0 
148794a00000-148794a25000 r-xp 00000000 fd:00 50353299                   /usr/lib/jvm/java-17-openjdk-17.0.17.0.10-1.el9.x86_64/lib/libjava.so
148794a25000-148794c25000 ---p 00025000 fd:00 50353299                   /usr/lib/jvm/java-17-openjdk-17.0.17.0.10-1.el9.x86_64/lib/libjava.so
148794c25000-148794c26000 r--p 00025000 fd:00 50353299                   /usr/lib/jvm/java-17-openjdk-17.0.17.0.10-1.el9.x86_64/lib/libjava.so
148794c26000-148794c27000 rw-p 00026000 fd:00 50353299                   /usr/lib/jvm/java-17-openjdk-17.0.17.0.10-1.el9.x86_64/lib/libjava.so
148794c27000-148794c28000 rw-p 00000000 00:00 0 
148794c28000-148794c2a000 r--p 00000000 00:42 14037601174                /suphys/wedi0306/mts-spi-study-cluster/.venv/lib/python3.9/site-packages/numba/core/runtime/_nrt_python.cpython-39-x86_64-linux-gnu.so
148794c2a000-148794c2d000 r-xp 00002000 00:42 14037601174                /suphys/wedi0306/mts-spi-study-cluster/.venv/lib/python3.9/site-packages/numba/core/runtime/_nrt_python.cpython-39-x86_64-linux-gnu.so
148794c2d000-148794c2f000 r--p 00005000 00:42 14037601174                /suphys/wedi0306/mts-spi-study-cluster/.venv/lib/python3.9/site-packages/numba/core/runtime/_nrt_python.cpython-39-x86_64-linux-gnu.so
148794c2f000-148794c30000 r--p 00006000 00:42 14037601174                /suphys/wedi0306/mts-spi-study-cluster/.venv/lib/python3.9/site-packages/numba/core/runtime/_nrt_python.cpython-39-x86_64-linux-gnu.so
148794c30000-148794c31000 rw-p 00007000 00:42 14037601174                /suphys/wedi0306/mts-spi-study-cluster/.venv/lib/python3.9/site-packages/numba/core/runtime/_nrt_python.cpython-39-x86_64-linux-gnu.so
148794c31000-148794c35000 r--p 00000000 00:42 6474523603                 /suphys/wedi0306/mts-spi-study-cluster/.venv/lib/python3.9/site-packages/numba/_dispatcher.cpython-39-x86_64-linux-gnu.so
148794c35000-148794c3b000 r-xp 00004000 00:42 6474523603                 /suphys/wedi0306/mts-spi-study-cluster/.venv/lib/python3.9/site-packages/numba/_dispatcher.cpython-39-x86_64-linux-gnu.so
148794c3b000-148794c3d000 r--p 0000a000 00:42 6474523603                 /suphys/wedi0306/mts-spi-study-cluster/.venv/lib/python3.9/site-packages/numba/_dispatcher.cpython-39-x86_64-linux-gnu.so
148794c3d000-148794c3e000 r--p 0000b000 00:42 6474523603                 /suphys/wedi0306/mts-spi-study-cluster/.venv/lib/python3.9/site-packages/numba/_dispatcher.cpython-39-x86_64-linux-gnu.so
148794c3e000-148794c3f000 rw-p 0000c000 00:42 6474523603                 /suphys/wedi0306/mts-spi-study-cluster/.venv/lib/python3.9/site-packages/numba/_dispatcher.cpython-39-x86_64-linux-gnu.so
148794c3f000-148794cff000 rw-p 00000000 00:00 0 
148794cff000-148794d00000 ---p 00000000 00:00 0 
148794d00000-148794d04000 ---p 00000000 00:00 0 
148794d04000-148794e00000 rw-p 00000000 00:00 0 
148794e00000-1487956d4000 r--s 00000000 fd:04 100663497                  /var/lib/sss/mc/passwd
1487956d4000-1487956d5000 r--p 00000000 00:42 4319661882                 /suphys/wedi0306/mts-spi-study-cluster/.venv/lib/python3.9/site-packages/numba/experimental/jitclass/_box.cpython-39-x86_64-linux-gnu.so
1487956d5000-1487956d6000 r-xp 00001000 00:42 4319661882                 /suphys/wedi0306/mts-spi-study-cluster/.venv/lib/python3.9/site-packages/numba/experimental/jitclass/_box.cpython-39-x86_64-linux-gnu.so
1487956d6000-1487956d7000 r--p 00002000 00:42 4319661882                 /suphys/wedi0306/mts-spi-study-cluster/.venv/lib/python3.9/site-packages/numba/experimental/jitclass/_box.cpython-39-x86_64-linux-gnu.so
1487956d7000-1487956d8000 r--p 00002000 00:42 4319661882                 /suphys/wedi0306/mts-spi-study-cluster/.venv/lib/python3.9/site-packages/numba/experimental/jitclass/_box.cpython-39-x86_64-linux-gnu.so
1487956d8000-1487956d9000 rw-p 00003000 00:42 4319661882                 /suphys/wedi0306/mts-spi-study-cluster/.venv/lib/python3.9/site-packages/numba/experimental/jitclass/_box.cpython-39-x86_64-linux-gnu.so
1487956d9000-1487956da000 r--p 00000000 00:42 6474523601                 /suphys/wedi0306/mts-spi-study-cluster/.venv/lib/python3.9/site-packages/numba/_devicearray.cpython-39-x86_64-linux-gnu.so
1487956da000-1487956db000 r-xp 00001000 00:42 6474523601                 /suphys/wedi0306/mts-spi-study-cluster/.venv/lib/python3.9/site-packages/numba/_devicearray.cpython-39-x86_64-linux-gnu.so
1487956db000-1487956dc000 r--p 00002000 00:42 6474523601                 /suphys/wedi0306/mts-spi-study-cluster/.venv/lib/python3.9/site-packages/numba/_devicearray.cpython-39-x86_64-linux-gnu.so
1487956dc000-1487956dd000 r--p 00002000 00:42 6474523601                 /suphys/wedi0306/mts-spi-study-cluster/.venv/lib/python3.9/site-packages/numba/_devicearray.cpython-39-x86_64-linux-gnu.so
1487956dd000-1487956de000 rw-p 00003000 00:42 6474523601                 /suphys/wedi0306/mts-spi-study-cluster/.venv/lib/python3.9/site-packages/numba/_devicearray.cpython-39-x86_64-linux-gnu.so
1487956de000-1487956e2000 r--p 00000000 00:42 27924902900                /suphys/wedi0306/mts-spi-study-cluster/.venv/lib/python3.9/site-packages/scipy/io/matlab/_streams.cpython-39-x86_64-linux-gnu.so
1487956e2000-1487956f7000 r-xp 00004000 00:42 27924902900                /suphys/wedi0306/mts-spi-study-cluster/.venv/lib/python3.9/site-packages/scipy/io/matlab/_streams.cpython-39-x86_64-linux-gnu.so
1487956f7000-1487956fc000 r--p 00019000 00:42 27924902900                /suphys/wedi0306/mts-spi-study-cluster/.venv/lib/python3.9/site-packages/scipy/io/matlab/_streams.cpython-39-x86_64-linux-gnu.so
1487956fc000-1487956fd000 r--p 0001d000 00:42 27924902900                /suphys/wedi0306/mts-spi-study-cluster/.venv/lib/python3.9/site-packages/scipy/io/matlab/_streams.cpython-39-x86_64-linux-gnu.so
1487956fd000-1487956ff000 rw-p 0001e000 00:42 27924902900                /suphys/wedi0306/mts-spi-study-cluster/.venv/lib/python3.9/site-packages/scipy/io/matlab/_streams.cpython-39-x86_64-linux-gnu.so
1487956ff000-148795700000 ---p 00000000 00:00 0 
148795700000-148795704000 ---p 00000000 00:00 0 
148795704000-148795800000 rw-p 00000000 00:00 0 
148795800000-14879d948000 r--s 00000000 fd:00 50344287                   /usr/lib/jvm/java-17-openjdk-17.0.17.0.10-1.el9.x86_64/lib/modules
14879d94a000-14879d94b000 r--p 00000000 00:42 6474523605                 /suphys/wedi0306/mts-spi-study-cluster/.venv/lib/python3.9/site-packages/numba/_dynfunc.cpython-39-x86_64-linux-gnu.so
14879d94b000-14879d94c000 r-xp 00001000 00:42 6474523605                 /suphys/wedi0306/mts-spi-study-cluster/.venv/lib/python3.9/site-packages/numba/_dynfunc.cpython-39-x86_64-linux-gnu.so
14879d94c000-14879d94d000 r--p 00002000 00:42 6474523605                 /suphys/wedi0306/mts-spi-study-cluster/.venv/lib/python3.9/site-packages/numba/_dynfunc.cpython-39-x86_64-linux-gnu.so
14879d94d000-14879d94e000 r--p 00002000 00:42 6474523605                 /suphys/wedi0306/mts-spi-study-cluster/.venv/lib/python3.9/site-packages/numba/_dynfunc.cpython-39-x86_64-linux-gnu.so
14879d94e000-14879d94f000 rw-p 00003000 00:42 6474523605                 /suphys/wedi0306/mts-spi-study-cluster/.venv/lib/python3.9/site-packages/numba/_dynfunc.cpython-39-x86_64-linux-gnu.so
14879d94f000-14879d952000 r--p 00000000 00:42 27924902889                /suphys/wedi0306/mts-spi-study-cluster/.venv/lib/python3.9/site-packages/scipy/io/matlab/_mio_utils.cpython-39-x86_64-linux-gnu.so
14879d952000-14879d95a000 r-xp 00003000 00:42 27924902889                /suphys/wedi0306/mts-spi-study-cluster/.venv/lib/python3.9/site-packages/scipy/io/matlab/_mio_utils.cpython-39-x86_64-linux-gnu.so
14879d95a000-14879d95c000 r--p 0000b000 00:42 27924902889                /suphys/wedi0306/mts-spi-study-cluster/.venv/lib/python3.9/site-packages/scipy/io/matlab/_mio_utils.cpython-39-x86_64-linux-gnu.so
14879d95c000-14879d95d000 ---p 0000d000 00:42 27924902889                /suphys/wedi0306/mts-spi-study-cluster/.venv/lib/python3.9/site-packages/scipy/io/matlab/_mio_utils.cpython-39-x86_64-linux-gnu.so
14879d95d000-14879d95e000 r--p 0000d000 00:42 27924902889                /suphys/wedi0306/mts-spi-study-cluster/.venv/lib/python3.9/site-packages/scipy/io/matlab/_mio_utils.cpython-39-x86_64-linux-gnu.so
14879d95e000-14879d95f000 rw-p 0000e000 00:42 27924902889                /suphys/wedi0306/mts-spi-study-cluster/.venv/lib/python3.9/site-packages/scipy/io/matlab/_mio_utils.cpython-39-x86_64-linux-gnu.so
14879d95f000-14879d966000 r--p 00000000 fd:00 201569959                  /usr/lib64/python3.9/lib-dynload/_curses.cpython-39-x86_64-linux-gnu.so
14879d966000-14879d972000 r-xp 00007000 fd:00 201569959                  /usr/lib64/python3.9/lib-dynload/_curses.cpython-39-x86_64-linux-gnu.so
14879d972000-14879d97d000 r--p 00013000 fd:00 201569959                  /usr/lib64/python3.9/lib-dynload/_curses.cpython-39-x86_64-linux-gnu.so
14879d97d000-14879d97e000 r--p 0001d000 fd:00 201569959                  /usr/lib64/python3.9/lib-dynload/_curses.cpython-39-x86_64-linux-gnu.so
14879d97e000-14879d980000 rw-p 0001e000 fd:00 201569959                  /usr/lib64/python3.9/lib-dynload/_curses.cpython-39-x86_64-linux-gnu.so
14879d980000-14879da00000 rw-p 00000000 00:00 0 
14879da00000-14879da1b000 r-xp 00000000 fd:00 50353407                   /usr/lib/jvm/java-17-openjdk-17.0.17.0.10-1.el9.x86_64/lib/libjimage.so
14879da1b000-14879dc1b000 ---p 0001b000 fd:00 50353407                   /usr/lib/jvm/java-17-openjdk-17.0.17.0.10-1.el9.x86_64/lib/libjimage.so
14879dc1b000-14879dc1d000 r--p 0001b000 fd:00 50353407                   /usr/lib/jvm/java-17-openjdk-17.0.17.0.10-1.el9.x86_64/lib/libjimage.so
14879dc1d000-14879dc1e000 rw-p 0001d000 fd:00 50353407                   /usr/lib/jvm/java-17-openjdk-17.0.17.0.10-1.el9.x86_64/lib/libjimage.so
14879dc22000-14879dc28000 r--p 00000000 fd:00 201570184                  /usr/lib64/python3.9/lib-dynload/_sqlite3.cpython-39-x86_64-linux-gnu.so
14879dc28000-14879dc34000 r-xp 00006000 fd:00 201570184                  /usr/lib64/python3.9/lib-dynload/_sqlite3.cpython-39-x86_64-linux-gnu.so
14879dc34000-14879dc38000 r--p 00012000 fd:00 201570184                  /usr/lib64/python3.9/lib-dynload/_sqlite3.cpython-39-x86_64-linux-gnu.so
14879dc38000-14879dc39000 r--p 00016000 fd:00 201570184                  /usr/lib64/python3.9/lib-dynload/_sqlite3.cpython-39-x86_64-linux-gnu.so
14879dc39000-14879dc3b000 rw-p 00017000 fd:00 201570184                  /usr/lib64/python3.9/lib-dynload/_sqlite3.cpython-39-x86_64-linux-gnu.so
14879dc3b000-14879dc90000 r--p 00000000 fd:00 251693245                  /usr/lib/locale/C.utf8/LC_CTYPE
14879dc90000-14879dd1a000 rw-p 00000000 00:00 0 
14879dd1a000-14879de00000 ---p 00000000 00:00 0 
14879de00000-14879f06c000 r-xp 00000000 fd:00 67124070                   /usr/lib/jvm/java-17-openjdk-17.0.17.0.10-1.el9.x86_64/lib/server/libjvm.so
14879f06c000-14879f26b000 ---p 0126c000 fd:00 67124070                   /usr/lib/jvm/java-17-openjdk-17.0.17.0.10-1.el9.x86_64/lib/server/libjvm.so
14879f26b000-14879f324000 r--p 0126b000 fd:00 67124070                   /usr/lib/jvm/java-17-openjdk-17.0.17.0.10-1.el9.x86_64/lib/server/libjvm.so
14879f324000-14879f359000 rw-p 01324000 fd:00 67124070                   /usr/lib/jvm/java-17-openjdk-17.0.17.0.10-1.el9.x86_64/lib/server/libjvm.so
14879f359000-14879f3b4000 rw-p 00000000 00:00 0 
14879f3b8000-14879f3ba000 r--p 00000000 00:42 17249233679                /suphys/wedi0306/mts-spi-study-cluster/.venv/lib/python3.9/site-packages/numba/core/typeconv/_typeconv.cpython-39-x86_64-linux-gnu.so
14879f3ba000-14879f3bc000 r-xp 00002000 00:42 17249233679                /suphys/wedi0306/mts-spi-study-cluster/.venv/lib/python3.9/site-packages/numba/core/typeconv/_typeconv.cpython-39-x86_64-linux-gnu.so
14879f3bc000-14879f3bd000 r--p 00004000 00:42 17249233679                /suphys/wedi0306/mts-spi-study-cluster/.venv/lib/python3.9/site-packages/numba/core/typeconv/_typeconv.cpython-39-x86_64-linux-gnu.so
14879f3bd000-14879f3be000 r--p 00004000 00:42 17249233679                /suphys/wedi0306/mts-spi-study-cluster/.venv/lib/python3.9/site-packages/numba/core/typeconv/_typeconv.cpython-39-x86_64-linux-gnu.so
14879f3be000-14879f3bf000 rw-p 00005000 00:42 17249233679                /suphys/wedi0306/mts-spi-study-cluster/.venv/lib/python3.9/site-packages/numba/core/typeconv/_typeconv.cpython-39-x86_64-linux-gnu.so
14879f3bf000-14879f3c0000 r--p 00000000 00:42 9750335077                 /suphys/wedi0306/mts-spi-study-cluster/.venv/lib/python3.9/site-packages/tornado/speedups.abi3.so
14879f3c0000-14879f3c1000 r-xp 00001000 00:42 9750335077                 /suphys/wedi0306/mts-spi-study-cluster/.venv/lib/python3.9/site-packages/tornado/speedups.abi3.so
14879f3c1000-14879f3c2000 r--p 00002000 00:42 9750335077                 /suphys/wedi0306/mts-spi-study-cluster/.venv/lib/python3.9/site-packages/tornado/speedups.abi3.so
14879f3c2000-14879f3c3000 r--p 00002000 00:42 9750335077                 /suphys/wedi0306/mts-spi-study-cluster/.venv/lib/python3.9/site-packages/tornado/speedups.abi3.so
14879f3c3000-14879f3c4000 rw-p 00003000 00:42 9750335077                 /suphys/wedi0306/mts-spi-study-cluster/.venv/lib/python3.9/site-packages/tornado/speedups.abi3.so
14879f3c4000-14879f3c6000 r--p 00000000 fd:00 201569970                  /usr/lib64/python3.9/lib-dynload/_lsprof.cpython-39-x86_64-linux-gnu.so
14879f3c6000-14879f3c8000 r-xp 00002000 fd:00 201569970                  /usr/lib64/python3.9/lib-dynload/_lsprof.cpython-39-x86_64-linux-gnu.so
14879f3c8000-14879f3c9000 r--p 00004000 fd:00 201569970                  /usr/lib64/python3.9/lib-dynload/_lsprof.cpython-39-x86_64-linux-gnu.so
14879f3c9000-14879f3ca000 r--p 00005000 fd:00 201569970                  /usr/lib64/python3.9/lib-dynload/_lsprof.cpython-39-x86_64-linux-gnu.so
14879f3ca000-14879f3cb000 rw-p 00006000 fd:00 201569970                  /usr/lib64/python3.9/lib-dynload/_lsprof.cpython-39-x86_64-linux-gnu.so
14879f3cb000-14879f3cc000 r--p 00000000 fd:00 201570227                  /usr/lib64/python3.9/lib-dynload/fcntl.cpython-39-x86_64-linux-gnu.so
14879f3cc000-14879f3ce000 r-xp 00001000 fd:00 201570227                  /usr/lib64/python3.9/lib-dynload/fcntl.cpython-39-x86_64-linux-gnu.so
14879f3ce000-14879f3d0000 r--p 00003000 fd:00 201570227                  /usr/lib64/python3.9/lib-dynload/fcntl.cpython-39-x86_64-linux-gnu.so
14879f3d0000-14879f3d1000 r--p 00004000 fd:00 201570227                  /usr/lib64/python3.9/lib-dynload/fcntl.cpython-39-x86_64-linux-gnu.so
14879f3d1000-14879f3d2000 rw-p 00005000 fd:00 201570227                  /usr/lib64/python3.9/lib-dynload/fcntl.cpython-39-x86_64-linux-gnu.so
14879f3d2000-14879f3d5000 r--p 00000000 fd:00 201573719                  /usr/lib64/python3.9/lib-dynload/termios.cpython-39-x86_64-linux-gnu.so
14879f3d5000-14879f3d6000 r-xp 00003000 fd:00 201573719                  /usr/lib64/python3.9/lib-dynload/termios.cpython-39-x86_64-linux-gnu.so
14879f3d6000-14879f3d8000 r--p 00004000 fd:00 201573719                  /usr/lib64/python3.9/lib-dynload/termios.cpython-39-x86_64-linux-gnu.so
14879f3d8000-14879f3d9000 r--p 00005000 fd:00 201573719                  /usr/lib64/python3.9/lib-dynload/termios.cpython-39-x86_64-linux-gnu.so
14879f3d9000-14879f3db000 rw-p 00006000 fd:00 201573719                  /usr/lib64/python3.9/lib-dynload/termios.cpython-39-x86_64-linux-gnu.so
14879f3db000-14879f3e0000 rw-p 00000000 00:00 0 
14879f3e0000-14879f4c6000 ---p 00000000 00:00 0 
14879f4c6000-14879f4c8000 r--p 00000000 fd:00 151085746                  /usr/lib64/libnss_sss.so.2
14879f4c8000-14879f4d0000 r-xp 00002000 fd:00 151085746                  /usr/lib64/libnss_sss.so.2
14879f4d0000-14879f4d2000 r--p 0000a000 fd:00 151085746                  /usr/lib64/libnss_sss.so.2
14879f4d2000-14879f4d3000 r--p 0000b000 fd:00 151085746                  /usr/lib64/libnss_sss.so.2
14879f4d3000-14879f4d4000 rw-p 0000c000 fd:00 151085746                  /usr/lib64/libnss_sss.so.2
14879f4d5000-14879f4da000 rw-p 00000000 00:00 0 
14879f4da000-14879f4e1000 ---p 00000000 00:00 0 
14879f4e1000-14879f4e9000 rw-s 00000000 fd:06 16777476                   /tmp/hsperfdata_wedi0306/2706666 (deleted)
14879f4e9000-14879f5e9000 rw-p 00000000 00:00 0 
14879f5e9000-14879f5ee000 r--p 00000000 00:42 29146689573                /suphys/wedi0306/mts-spi-study-cluster/.venv/lib/python3.9/site-packages/scipy/cluster/_optimal_leaf_ordering.cpython-39-x86_64-linux-gnu.so
14879f5ee000-14879f62d000 r-xp 00005000 00:42 29146689573                /suphys/wedi0306/mts-spi-study-cluster/.venv/lib/python3.9/site-packages/scipy/cluster/_optimal_leaf_ordering.cpython-39-x86_64-linux-gnu.so
14879f62d000-14879f636000 r--p 00044000 00:42 29146689573                /suphys/wedi0306/mts-spi-study-cluster/.venv/lib/python3.9/site-packages/scipy/cluster/_optimal_leaf_ordering.cpython-39-x86_64-linux-gnu.so
14879f636000-14879f637000 r--p 0004c000 00:42 29146689573                /suphys/wedi0306/mts-spi-study-cluster/.venv/lib/python3.9/site-packages/scipy/cluster/_optimal_leaf_ordering.cpython-39-x86_64-linux-gnu.so
14879f637000-14879f639000 rw-p 0004d000 00:42 29146689573                /suphys/wedi0306/mts-spi-study-cluster/.venv/lib/python3.9/site-packages/scipy/cluster/_optimal_leaf_ordering.cpython-39-x86_64-linux-gnu.so
14879f639000-14879f63a000 rw-p 00000000 00:00 0 
14879f63a000-14879f63f000 r--p 00000000 00:42 29146689570                /suphys/wedi0306/mts-spi-study-cluster/.venv/lib/python3.9/site-packages/scipy/cluster/_hierarchy.cpython-39-x86_64-linux-gnu.so
14879f63f000-14879f686000 r-xp 00005000 00:42 29146689570                /suphys/wedi0306/mts-spi-study-cluster/.venv/lib/python3.9/site-packages/scipy/cluster/_hierarchy.cpython-39-x86_64-linux-gnu.so
14879f686000-14879f693000 r--p 0004c000 00:42 29146689570                /suphys/wedi0306/mts-spi-study-cluster/.venv/lib/python3.9/site-packages/scipy/cluster/_hierarchy.cpython-39-x86_64-linux-gnu.so
14879f693000-14879f694000 r--p 00058000 00:42 29146689570                /suphys/wedi0306/mts-spi-study-cluster/.venv/lib/python3.9/site-packages/scipy/cluster/_hierarchy.cpython-39-x86_64-linux-gnu.so
14879f694000-14879f697000 rw-p 00059000 00:42 29146689570                /suphys/wedi0306/mts-spi-study-cluster/.venv/lib/python3.9/site-packages/scipy/cluster/_hierarchy.cpython-39-x86_64-linux-gnu.so
14879f697000-14879f698000 rw-p 00000000 00:00 0 
14879f698000-14879f69b000 r--p 00000000 00:42 29146689572                /suphys/wedi0306/mts-spi-study-cluster/.venv/lib/python3.9/site-packages/scipy/cluster/_vq.cpython-39-x86_64-linux-gnu.so
14879f69b000-14879f6ae000 r-xp 00003000 00:42 29146689572                /suphys/wedi0306/mts-spi-study-cluster/.venv/lib/python3.9/site-packages/scipy/cluster/_vq.cpython-39-x86_64-linux-gnu.so
14879f6ae000-14879f6b2000 r--p 00016000 00:42 29146689572                /suphys/wedi0306/mts-spi-study-cluster/.venv/lib/python3.9/site-packages/scipy/cluster/_vq.cpython-39-x86_64-linux-gnu.so
14879f6b2000-14879f6b3000 r--p 00019000 00:42 29146689572                /suphys/wedi0306/mts-spi-study-cluster/.venv/lib/python3.9/site-packages/scipy/cluster/_vq.cpython-39-x86_64-linux-gnu.so
14879f6b3000-14879f6b4000 rw-p 0001a000 00:42 29146689572                /suphys/wedi0306/mts-spi-study-cluster/.venv/lib/python3.9/site-packages/scipy/cluster/_vq.cpython-39-x86_64-linux-gnu.so
14879f6b4000-14879f9f5000 rw-p 00000000 00:00 0 
14879f9f5000-14879f9f8000 r--p 00000000 00:42 18348707605                /suphys/wedi0306/mts-spi-study-cluster/.venv/lib/python3.9/site-packages/nitime/_utils.cpython-39-x86_64-linux-gnu.so
14879f9f8000-14879fa01000 r-xp 00003000 00:42 18348707605                /suphys/wedi0306/mts-spi-study-cluster/.venv/lib/python3.9/site-packages/nitime/_utils.cpython-39-x86_64-linux-gnu.so
14879fa01000-14879fa04000 r--p 0000c000 00:42 18348707605                /suphys/wedi0306/mts-spi-study-cluster/.venv/lib/python3.9/site-packages/nitime/_utils.cpython-39-x86_64-linux-gnu.so
14879fa04000-14879fa05000 r--p 0000e000 00:42 18348707605                /suphys/wedi0306/mts-spi-study-cluster/.venv/lib/python3.9/site-packages/nitime/_utils.cpython-39-x86_64-linux-gnu.so
14879fa05000-14879fa06000 rw-p 0000f000 00:42 18348707605                /suphys/wedi0306/mts-spi-study-cluster/.venv/lib/python3.9/site-packages/nitime/_utils.cpython-39-x86_64-linux-gnu.so
14879fa06000-14879fa46000 rw-p 00000000 00:00 0 
14879fa46000-14879fa4a000 r--p 00000000 00:42 33311206422                /suphys/wedi0306/mts-spi-study-cluster/.venv/lib/python3.9/site-packages/sklearn/utils/_weight_vector.cpython-39-x86_64-linux-gnu.so
14879fa4a000-14879fa6e000 r-xp 00004000 00:42 33311206422                /suphys/wedi0306/mts-spi-study-cluster/.venv/lib/python3.9/site-packages/sklearn/utils/_weight_vector.cpython-39-x86_64-linux-gnu.so
14879fa6e000-14879fa75000 r--p 00028000 00:42 33311206422                /suphys/wedi0306/mts-spi-study-cluster/.venv/lib/python3.9/site-packages/sklearn/utils/_weight_vector.cpython-39-x86_64-linux-gnu.so
14879fa75000-14879fa76000 ---p 0002f000 00:42 33311206422                /suphys/wedi0306/mts-spi-study-cluster/.venv/lib/python3.9/site-packages/sklearn/utils/_weight_vector.cpython-39-x86_64-linux-gnu.so
14879fa76000-14879fa77000 r--p 0002f000 00:42 33311206422                /suphys/wedi0306/mts-spi-study-cluster/.venv/lib/python3.9/site-packages/sklearn/utils/_weight_vector.cpython-39-x86_64-linux-gnu.so
14879fa77000-14879fa79000 rw-p 00030000 00:42 33311206422                /suphys/wedi0306/mts-spi-study-cluster/.venv/lib/python3.9/site-packages/sklearn/utils/_weight_vector.cpython-39-x86_64-linux-gnu.so
14879fa79000-14879fa7e000 r--p 00000000 00:42 9758840514                 /suphys/wedi0306/mts-spi-study-cluster/.venv/lib/python3.9/site-packages/sklearn/linear_model/_sgd_fast.cpython-39-x86_64-linux-gnu.so
14879fa7e000-14879fabf000 r-xp 00005000 00:42 9758840514                 /suphys/wedi0306/mts-spi-study-cluster/.venv/lib/python3.9/site-packages/sklearn/linear_model/_sgd_fast.cpython-39-x86_64-linux-gnu.so
14879fabf000-14879facb000 r--p 00046000 00:42 9758840514                 /suphys/wedi0306/mts-spi-study-cluster/.venv/lib/python3.9/site-packages/sklearn/linear_model/_sgd_fast.cpython-39-x86_64-linux-gnu.so
14879facb000-14879facc000 r--p 00051000 00:42 9758840514                 /suphys/wedi0306/mts-spi-study-cluster/.venv/lib/python3.9/site-packages/sklearn/linear_model/_sgd_fast.cpython-39-x86_64-linux-gnu.so
14879facc000-14879facf000 rw-p 00052000 00:42 9758840514                 /suphys/wedi0306/mts-spi-study-cluster/.venv/lib/python3.9/site-packages/sklearn/linear_model/_sgd_fast.cpython-39-x86_64-linux-gnu.so
14879facf000-14879fb10000 rw-p 00000000 00:00 0 
14879fb10000-14879fb15000 r--p 00000000 00:42 9758834174                 /suphys/wedi0306/mts-spi-study-cluster/.venv/lib/python3.9/site-packages/sklearn/linear_model/_sag_fast.cpython-39-x86_64-linux-gnu.so
14879fb15000-14879fb49000 r-xp 00005000 00:42 9758834174                 /suphys/wedi0306/mts-spi-study-cluster/.venv/lib/python3.9/site-packages/sklearn/linear_model/_sag_fast.cpython-39-x86_64-linux-gnu.so
14879fb49000-14879fb52000 r--p 00039000 00:42 9758834174                 /suphys/wedi0306/mts-spi-study-cluster/.venv/lib/python3.9/site-packages/sklearn/linear_model/_sag_fast.cpython-39-x86_64-linux-gnu.so
14879fb52000-14879fb53000 r--p 00041000 00:42 9758834174                 /suphys/wedi0306/mts-spi-study-cluster/.venv/lib/python3.9/site-packages/sklearn/linear_model/_sag_fast.cpython-39-x86_64-linux-gnu.so
14879fb53000-14879fb55000 rw-p 00042000 00:42 9758834174                 /suphys/wedi0306/mts-spi-study-cluster/.venv/lib/python3.9/site-packages/sklearn/linear_model/_sag_fast.cpython-39-x86_64-linux-gnu.so
14879fb55000-14879fb56000 rw-p 00000000 00:00 0 
14879fb56000-14879fb60000 r--p 00000000 00:42 19375703826                /suphys/wedi0306/mts-spi-study-cluster/.venv/lib/python3.9/site-packages/sklearn/svm/_libsvm_sparse.cpython-39-x86_64-linux-gnu.so
14879fb60000-14879fbc2000 r-xp 0000a000 00:42 19375703826                /suphys/wedi0306/mts-spi-study-cluster/.venv/lib/python3.9/site-packages/sklearn/svm/_libsvm_sparse.cpython-39-x86_64-linux-gnu.so
14879fbc2000-14879fbcf000 r--p 0006c000 00:42 19375703826                /suphys/wedi0306/mts-spi-study-cluster/.venv/lib/python3.9/site-packages/sklearn/svm/_libsvm_sparse.cpython-39-x86_64-linux-gnu.so
14879fbcf000-14879fbd0000 ---p 00079000 00:42 19375703826                /suphys/wedi0306/mts-spi-study-cluster/.venv/lib/python3.9/site-packages/sklearn/svm/_libsvm_sparse.cpython-39-x86_64-linux-gnu.so
14879fbd0000-14879fbd1000 r--p 00079000 00:42 19375703826                /suphys/wedi0306/mts-spi-study-cluster/.venv/lib/python3.9/site-packages/sklearn/svm/_libsvm_sparse.cpython-39-x86_64-linux-gnu.so
14879fbd1000-14879fbd3000 rw-p 0007a000 00:42 19375703826                /suphys/wedi0306/mts-spi-study-cluster/.venv/lib/python3.9/site-packages/sklearn/svm/_libsvm_sparse.cpython-39-x86_64-linux-gnu.so
14879fbd3000-14879fbd5000 rw-p 00000000 00:00 0 
14879fbd5000-14879fbdf000 r--p 00000000 00:42 19375703816                /suphys/wedi0306/mts-spi-study-cluster/.venv/lib/python3.9/site-packages/sklearn/svm/_libsvm.cpython-39-x86_64-linux-gnu.so
14879fbdf000-14879fc48000 r-xp 0000a000 00:42 19375703816                /suphys/wedi0306/mts-spi-study-cluster/.venv/lib/python3.9/site-packages/sklearn/svm/_libsvm.cpython-39-x86_64-linux-gnu.so
14879fc48000-14879fc58000 r--p 00073000 00:42 19375703816                /suphys/wedi0306/mts-spi-study-cluster/.venv/lib/python3.9/site-packages/sklearn/svm/_libsvm.cpython-39-x86_64-linux-gnu.so
14879fc58000-14879fc59000 r--p 00082000 00:42 19375703816                /suphys/wedi0306/mts-spi-study-cluster/.venv/lib/python3.9/site-packages/sklearn/svm/_libsvm.cpython-39-x86_64-linux-gnu.so
14879fc59000-14879fc5b000 rw-p 00083000 00:42 19375703816                /suphys/wedi0306/mts-spi-study-cluster/.venv/lib/python3.9/site-packages/sklearn/svm/_libsvm.cpython-39-x86_64-linux-gnu.so
14879fc5b000-14879fc5d000 rw-p 00000000 00:00 0 
14879fc5d000-14879fc64000 r--p 00000000 00:42 19375703820                /suphys/wedi0306/mts-spi-study-cluster/.venv/lib/python3.9/site-packages/sklearn/svm/_liblinear.cpython-39-x86_64-linux-gnu.so
14879fc64000-14879fc98000 r-xp 00007000 00:42 19375703820                /suphys/wedi0306/mts-spi-study-cluster/.venv/lib/python3.9/site-packages/sklearn/svm/_liblinear.cpython-39-x86_64-linux-gnu.so
14879fc98000-14879fca1000 r--p 0003b000 00:42 19375703820                /suphys/wedi0306/mts-spi-study-cluster/.venv/lib/python3.9/site-packages/sklearn/svm/_liblinear.cpython-39-x86_64-linux-gnu.so
14879fca1000-14879fca2000 ---p 00044000 00:42 19375703820                /suphys/wedi0306/mts-spi-study-cluster/.venv/lib/python3.9/site-packages/sklearn/svm/_liblinear.cpython-39-x86_64-linux-gnu.so
14879fca2000-14879fca3000 r--p 00044000 00:42 19375703820                /suphys/wedi0306/mts-spi-study-cluster/.venv/lib/python3.9/site-packages/sklearn/svm/_liblinear.cpython-39-x86_64-linux-gnu.so
14879fca3000-14879fca5000 rw-p 00045000 00:42 19375703820                /suphys/wedi0306/mts-spi-study-cluster/.venv/lib/python3.9/site-packages/sklearn/svm/_liblinear.cpython-39-x86_64-linux-gnu.so
14879fca5000-14879fce7000 rw-p 00000000 00:00 0 
14879fce7000-14879fcec000 r--p 00000000 00:42 33311221896                /suphys/wedi0306/mts-spi-study-cluster/.venv/lib/python3.9/site-packages/sklearn/utils/arrayfuncs.cpython-39-x86_64-linux-gnu.so
14879fcec000-14879fd2d000 r-xp 00005000 00:42 33311221896                /suphys/wedi0306/mts-spi-study-cluster/.venv/lib/python3.9/site-packages/sklearn/utils/arrayfuncs.cpython-39-x86_64-linux-gnu.so
14879fd2d000-14879fd36000 r--p 00046000 00:42 33311221896                /suphys/wedi0306/mts-spi-study-cluster/.venv/lib/python3.9/site-packages/sklearn/utils/arrayfuncs.cpython-39-x86_64-linux-gnu.so
14879fd36000-14879fd37000 r--p 0004e000 00:42 33311221896                /suphys/wedi0306/mts-spi-study-cluster/.venv/lib/python3.9/site-packages/sklearn/utils/arrayfuncs.cpython-39-x86_64-linux-gnu.so
14879fd37000-14879fd3a000 rw-p 0004f000 00:42 33311221896                /suphys/wedi0306/mts-spi-study-cluster/.venv/lib/python3.9/site-packages/sklearn/utils/arrayfuncs.cpython-39-x86_64-linux-gnu.so
14879fd3a000-14879fd3e000 rw-p 0005a000 00:42 33311221896                /suphys/wedi0306/mts-spi-study-cluster/.venv/lib/python3.9/site-packages/sklearn/utils/arrayfuncs.cpython-39-x86_64-linux-gnu.so
14879fd3e000-14879fd7e000 rw-p 00000000 00:00 0 
14879fd7e000-14879fd89000 r--p 00000000 00:42 18432490316                /suphys/wedi0306/mts-spi-study-cluster/.venv/lib/python3.9/site-packages/sklearn/_loss/_loss.cpython-39-x86_64-linux-gnu.so
14879fd89000-1487a003a000 r-xp 0000b000 00:42 18432490316                /suphys/wedi0306/mts-spi-study-cluster/.venv/lib/python3.9/site-packages/sklearn/_loss/_loss.cpython-39-x86_64-linux-gnu.so
1487a003a000-1487a005e000 r--p 002bc000 00:42 18432490316                /suphys/wedi0306/mts-spi-study-cluster/.venv/lib/python3.9/site-packages/sklearn/_loss/_loss.cpython-39-x86_64-linux-gnu.so
1487a005e000-1487a005f000 r--p 002df000 00:42 18432490316                /suphys/wedi0306/mts-spi-study-cluster/.venv/lib/python3.9/site-packages/sklearn/_loss/_loss.cpython-39-x86_64-linux-gnu.so
1487a005f000-1487a0066000 rw-p 002e0000 00:42 18432490316                /suphys/wedi0306/mts-spi-study-cluster/.venv/lib/python3.9/site-packages/sklearn/_loss/_loss.cpython-39-x86_64-linux-gnu.so
1487a0066000-1487a0067000 rw-p 00000000 00:00 0 
1487a0067000-1487a006b000 rw-p 00303000 00:42 18432490316                /suphys/wedi0306/mts-spi-study-cluster/.venv/lib/python3.9/site-packages/sklearn/_loss/_loss.cpython-39-x86_64-linux-gnu.so
1487a006b000-1487a0070000 r--p 00000000 00:42 9758840528                 /suphys/wedi0306/mts-spi-study-cluster/.venv/lib/python3.9/site-packages/sklearn/linear_model/_cd_fast.cpython-39-x86_64-linux-gnu.so
1487a0070000-1487a00d5000 r-xp 00005000 00:42 9758840528                 /suphys/wedi0306/mts-spi-study-cluster/.venv/lib/python3.9/site-packages/sklearn/linear_model/_cd_fast.cpython-39-x86_64-linux-gnu.so
1487a00d5000-1487a00e0000 r--p 0006a000 00:42 9758840528                 /suphys/wedi0306/mts-spi-study-cluster/.venv/lib/python3.9/site-packages/sklearn/linear_model/_cd_fast.cpython-39-x86_64-linux-gnu.so
1487a00e0000-1487a00e1000 ---p 00075000 00:42 9758840528                 /suphys/wedi0306/mts-spi-study-cluster/.venv/lib/python3.9/site-packages/sklearn/linear_model/_cd_fast.cpython-39-x86_64-linux-gnu.so
1487a00e1000-1487a00e2000 r--p 00075000 00:42 9758840528                 /suphys/wedi0306/mts-spi-study-cluster/.venv/lib/python3.9/site-packages/sklearn/linear_model/_cd_fast.cpython-39-x86_64-linux-gnu.so
1487a00e2000-1487a00e4000 rw-p 00076000 00:42 9758840528                 /suphys/wedi0306/mts-spi-study-cluster/.venv/lib/python3.9/site-packages/sklearn/linear_model/_cd_fast.cpython-39-x86_64-linux-gnu.so
1487a00e4000-1487a0165000 rw-p 00000000 00:00 0 
1487a0165000-1487a016a000 r--p 00000000 00:42 33311221888                /suphys/wedi0306/mts-spi-study-cluster/.venv/lib/python3.9/site-packages/sklearn/utils/_random.cpython-39-x86_64-linux-gnu.so
1487a016a000-1487a01ac000 r-xp 00005000 00:42 33311221888                /suphys/wedi0306/mts-spi-study-cluster/.venv/lib/python3.9/site-packages/sklearn/utils/_random.cpython-39-x86_64-linux-gnu.so
1487a01ac000-1487a01b7000 r--p 00047000 00:42 33311221888                /suphys/wedi0306/mts-spi-study-cluster/.venv/lib/python3.9/site-packages/sklearn/utils/_random.cpython-39-x86_64-linux-gnu.so
1487a01b7000-1487a01b8000 r--p 00051000 00:42 33311221888                /suphys/wedi0306/mts-spi-study-cluster/.venv/lib/python3.9/site-packages/sklearn/utils/_random.cpython-39-x86_64-linux-gnu.so
1487a01b8000-1487a01ba000 rw-p 00052000 00:42 33311221888                /suphys/wedi0306/mts-spi-study-cluster/.venv/lib/python3.9/site-packages/sklearn/utils/_random.cpython-39-x86_64-linux-gnu.so
1487a01ba000-1487a01bb000 rw-p 00000000 00:00 0 
1487a01bb000-1487a01c0000 r--p 00000000 00:42 33311206409                /suphys/wedi0306/mts-spi-study-cluster/.venv/lib/python3.9/site-packages/sklearn/utils/_seq_dataset.cpython-39-x86_64-linux-gnu.so
1487a01c0000-1487a01fa000 r-xp 00005000 00:42 33311206409                /suphys/wedi0306/mts-spi-study-cluster/.venv/lib/python3.9/site-packages/sklearn/utils/_seq_dataset.cpython-39-x86_64-linux-gnu.so
1487a01fa000-1487a0204000 r--p 0003f000 00:42 33311206409                /suphys/wedi0306/mts-spi-study-cluster/.venv/lib/python3.9/site-packages/sklearn/utils/_seq_dataset.cpython-39-x86_64-linux-gnu.so
1487a0204000-1487a0205000 r--p 00048000 00:42 33311206409                /suphys/wedi0306/mts-spi-study-cluster/.venv/lib/python3.9/site-packages/sklearn/utils/_seq_dataset.cpython-39-x86_64-linux-gnu.so
1487a0205000-1487a0208000 rw-p 00049000 00:42 33311206409                /suphys/wedi0306/mts-spi-study-cluster/.venv/lib/python3.9/site-packages/sklearn/utils/_seq_dataset.cpython-39-x86_64-linux-gnu.so
1487a0208000-1487a0289000 rw-p 00000000 00:00 0 
1487a0289000-1487a028e000 r--p 00000000 00:42 17249233815                /suphys/wedi0306/mts-spi-study-cluster/.venv/lib/python3.9/site-packages/sklearn/metrics/_pairwise_fast.cpython-39-x86_64-linux-gnu.so
1487a028e000-1487a02c5000 r-xp 00005000 00:42 17249233815                /suphys/wedi0306/mts-spi-study-cluster/.venv/lib/python3.9/site-packages/sklearn/metrics/_pairwise_fast.cpython-39-x86_64-linux-gnu.so
1487a02c5000-1487a02cd000 r--p 0003c000 00:42 17249233815                /suphys/wedi0306/mts-spi-study-cluster/.venv/lib/python3.9/site-packages/sklearn/metrics/_pairwise_fast.cpython-39-x86_64-linux-gnu.so
1487a02cd000-1487a02ce000 r--p 00043000 00:42 17249233815                /suphys/wedi0306/mts-spi-study-cluster/.venv/lib/python3.9/site-packages/sklearn/metrics/_pairwise_fast.cpython-39-x86_64-linux-gnu.so
1487a02ce000-1487a02d0000 rw-p 00044000 00:42 17249233815                /suphys/wedi0306/mts-spi-study-cluster/.venv/lib/python3.9/site-packages/sklearn/metrics/_pairwise_fast.cpython-39-x86_64-linux-gnu.so
1487a02d0000-1487a02d1000 rw-p 00000000 00:00 0 
1487a02d1000-1487a02d4000 rw-p 0004f000 00:42 17249233815                /suphys/wedi0306/mts-spi-study-cluster/.venv/lib/python3.9/site-packages/sklearn/metrics/_pairwise_fast.cpython-39-x86_64-linux-gnu.so
1487a02d4000-1487a02d9000 r--p 00000000 00:42 21498082571                /suphys/wedi0306/mts-spi-study-cluster/.venv/lib/python3.9/site-packages/sklearn/metrics/_pairwise_distances_reduction/_radius_neighbors_classmode.cpython-39-x86_64-linux-gnu.so
1487a02d9000-1487a030b000 r-xp 00005000 00:42 21498082571                /suphys/wedi0306/mts-spi-study-cluster/.venv/lib/python3.9/site-packages/sklearn/metrics/_pairwise_distances_reduction/_radius_neighbors_classmode.cpython-39-x86_64-linux-gnu.so
1487a030b000-1487a0314000 r--p 00037000 00:42 21498082571                /suphys/wedi0306/mts-spi-study-cluster/.venv/lib/python3.9/site-packages/sklearn/metrics/_pairwise_distances_reduction/_radius_neighbors_classmode.cpython-39-x86_64-linux-gnu.so
1487a0314000-1487a0315000 r--p 0003f000 00:42 21498082571                /suphys/wedi0306/mts-spi-study-cluster/.venv/lib/python3.9/site-packages/sklearn/metrics/_pairwise_distances_reduction/_radius_neighbors_classmode.cpython-39-x86_64-linux-gnu.so
1487a0315000-1487a0317000 rw-p 00040000 00:42 21498082571                /suphys/wedi0306/mts-spi-study-cluster/.venv/lib/python3.9/site-packages/sklearn/metrics/_pairwise_distances_reduction/_radius_neighbors_classmode.cpython-39-x86_64-linux-gnu.so
1487a0317000-1487a0318000 rw-p 00000000 00:00 0 
1487a0318000-1487a031b000 rw-p 00051000 00:42 21498082571                /suphys/wedi0306/mts-spi-study-cluster/.venv/lib/python3.9/site-packages/sklearn/metrics/_pairwise_distances_reduction/_radius_neighbors_classmode.cpython-39-x86_64-linux-gnu.so
1487a031b000-1487a031f000 r--p 00000000 00:42 33368307439                /suphys/wedi0306/mts-spi-study-cluster/.venv/lib/python3.9/site-packages/sklearn/utils/_vector_sentinel.cpython-39-x86_64-linux-gnu.so
1487a031f000-1487a0334000 r-xp 00004000 00:42 33368307439                /suphys/wedi0306/mts-spi-study-cluster/.venv/lib/python3.9/site-packages/sklearn/utils/_vector_sentinel.cpython-39-x86_64-linux-gnu.so
1487a0334000-1487a0339000 r--p 00019000 00:42 33368307439                /suphys/wedi0306/mts-spi-study-cluster/.venv/lib/python3.9/site-packages/sklearn/utils/_vector_sentinel.cpython-39-x86_64-linux-gnu.so
1487a0339000-1487a033a000 ---p 0001e000 00:42 33368307439                /suphys/wedi0306/mts-spi-study-cluster/.venv/lib/python3.9/site-packages/sklearn/utils/_vector_sentinel.cpython-39-x86_64-linux-gnu.so
1487a033a000-1487a033b000 r--p 0001e000 00:42 33368307439                /suphys/wedi0306/mts-spi-study-cluster/.venv/lib/python3.9/site-packages/sklearn/utils/_vector_sentinel.cpython-39-x86_64-linux-gnu.so
1487a033b000-1487a033d000 rw-p 0001f000 00:42 33368307439                /suphys/wedi0306/mts-spi-study-cluster/.venv/lib/python3.9/site-packages/sklearn/utils/_vector_sentinel.cpython-39-x86_64-linux-gnu.so
1487a033d000-1487a037d000 rw-p 00000000 00:00 0 
1487a037d000-1487a0384000 r--p 00000000 00:42 21498082565                /suphys/wedi0306/mts-spi-study-cluster/.venv/lib/python3.9/site-packages/sklearn/metrics/_pairwise_distances_reduction/_radius_neighbors.cpython-39-x86_64-linux-gnu.so
1487a0384000-1487a03c2000 r-xp 00007000 00:42 21498082565                /suphys/wedi0306/mts-spi-study-cluster/.venv/lib/python3.9/site-packages/sklearn/metrics/_pairwise_distances_reduction/_radius_neighbors.cpython-39-x86_64-linux-gnu.so
1487a03c2000-1487a03ce000 r--p 00045000 00:42 21498082565                /suphys/wedi0306/mts-spi-study-cluster/.venv/lib/python3.9/site-packages/sklearn/metrics/_pairwise_distances_reduction/_radius_neighbors.cpython-39-x86_64-linux-gnu.so
1487a03ce000-1487a03cf000 ---p 00051000 00:42 21498082565                /suphys/wedi0306/mts-spi-study-cluster/.venv/lib/python3.9/site-packages/sklearn/metrics/_pairwise_distances_reduction/_radius_neighbors.cpython-39-x86_64-linux-gnu.so
1487a03cf000-1487a03d0000 r--p 00051000 00:42 21498082565                /suphys/wedi0306/mts-spi-study-cluster/.venv/lib/python3.9/site-packages/sklearn/metrics/_pairwise_distances_reduction/_radius_neighbors.cpython-39-x86_64-linux-gnu.so
1487a03d0000-1487a03d3000 rw-p 00052000 00:42 21498082565                /suphys/wedi0306/mts-spi-study-cluster/.venv/lib/python3.9/site-packages/sklearn/metrics/_pairwise_distances_reduction/_radius_neighbors.cpython-39-x86_64-linux-gnu.so
1487a03d3000-1487a03d4000 rw-p 00000000 00:00 0 
1487a03d4000-1487a03d8000 rw-p 00069000 00:42 21498082565                /suphys/wedi0306/mts-spi-study-cluster/.venv/lib/python3.9/site-packages/sklearn/metrics/_pairwise_distances_reduction/_radius_neighbors.cpython-39-x86_64-linux-gnu.so
1487a03d8000-1487a03dd000 r--p 00000000 00:42 21498082576                /suphys/wedi0306/mts-spi-study-cluster/.venv/lib/python3.9/site-packages/sklearn/metrics/_pairwise_distances_reduction/_argkmin_classmode.cpython-39-x86_64-linux-gnu.so
1487a03dd000-1487a040c000 r-xp 00005000 00:42 21498082576                /suphys/wedi0306/mts-spi-study-cluster/.venv/lib/python3.9/site-packages/sklearn/metrics/_pairwise_distances_reduction/_argkmin_classmode.cpython-39-x86_64-linux-gnu.so
1487a040c000-1487a0415000 r--p 00034000 00:42 21498082576                /suphys/wedi0306/mts-spi-study-cluster/.venv/lib/python3.9/site-packages/sklearn/metrics/_pairwise_distances_reduction/_argkmin_classmode.cpython-39-x86_64-linux-gnu.so
1487a0415000-1487a0416000 r--p 0003c000 00:42 21498082576                /suphys/wedi0306/mts-spi-study-cluster/.venv/lib/python3.9/site-packages/sklearn/metrics/_pairwise_distances_reduction/_argkmin_classmode.cpython-39-x86_64-linux-gnu.so
1487a0416000-1487a0418000 rw-p 0003d000 00:42 21498082576                /suphys/wedi0306/mts-spi-study-cluster/.venv/lib/python3.9/site-packages/sklearn/metrics/_pairwise_distances_reduction/_argkmin_classmode.cpython-39-x86_64-linux-gnu.so
1487a0418000-1487a0419000 rw-p 00000000 00:00 0 
1487a0419000-1487a041c000 rw-p 0004c000 00:42 21498082576                /suphys/wedi0306/mts-spi-study-cluster/.venv/lib/python3.9/site-packages/sklearn/metrics/_pairwise_distances_reduction/_argkmin_classmode.cpython-39-x86_64-linux-gnu.so
1487a041c000-1487a041e000 r--p 00000000 00:42 33311221900                /suphys/wedi0306/mts-spi-study-cluster/.venv/lib/python3.9/site-packages/sklearn/utils/_sorting.cpython-39-x86_64-linux-gnu.so
1487a041e000-1487a0420000 r-xp 00002000 00:42 33311221900                /suphys/wedi0306/mts-spi-study-cluster/.venv/lib/python3.9/site-packages/sklearn/utils/_sorting.cpython-39-x86_64-linux-gnu.so
1487a0420000-1487a0421000 r--p 00004000 00:42 33311221900                /suphys/wedi0306/mts-spi-study-cluster/.venv/lib/python3.9/site-packages/sklearn/utils/_sorting.cpython-39-x86_64-linux-gnu.so
1487a0421000-1487a0422000 r--p 00004000 00:42 33311221900                /suphys/wedi0306/mts-spi-study-cluster/.venv/lib/python3.9/site-packages/sklearn/utils/_sorting.cpython-39-x86_64-linux-gnu.so
1487a0422000-1487a0423000 rw-p 00005000 00:42 33311221900                /suphys/wedi0306/mts-spi-study-cluster/.venv/lib/python3.9/site-packages/sklearn/utils/_sorting.cpython-39-x86_64-linux-gnu.so
1487a0423000-1487a0425000 r--p 00000000 00:42 33311206414                /suphys/wedi0306/mts-spi-study-cluster/.venv/lib/python3.9/site-packages/sklearn/utils/_heap.cpython-39-x86_64-linux-gnu.so
1487a0425000-1487a0427000 r-xp 00002000 00:42 33311206414                /suphys/wedi0306/mts-spi-study-cluster/.venv/lib/python3.9/site-packages/sklearn/utils/_heap.cpython-39-x86_64-linux-gnu.so
1487a0427000-1487a0428000 r--p 00004000 00:42 33311206414                /suphys/wedi0306/mts-spi-study-cluster/.venv/lib/python3.9/site-packages/sklearn/utils/_heap.cpython-39-x86_64-linux-gnu.so
1487a0428000-1487a0429000 r--p 00004000 00:42 33311206414                /suphys/wedi0306/mts-spi-study-cluster/.venv/lib/python3.9/site-packages/sklearn/utils/_heap.cpython-39-x86_64-linux-gnu.so
1487a0429000-1487a042a000 rw-p 00005000 00:42 33311206414                /suphys/wedi0306/mts-spi-study-cluster/.venv/lib/python3.9/site-packages/sklearn/utils/_heap.cpython-39-x86_64-linux-gnu.so
1487a042a000-1487a0430000 r--p 00000000 00:42 21498082579                /suphys/wedi0306/mts-spi-study-cluster/.venv/lib/python3.9/site-packages/sklearn/metrics/_pairwise_distances_reduction/_middle_term_computer.cpython-39-x86_64-linux-gnu.so
1487a0430000-1487a0486000 r-xp 00006000 00:42 21498082579                /suphys/wedi0306/mts-spi-study-cluster/.venv/lib/python3.9/site-packages/sklearn/metrics/_pairwise_distances_reduction/_middle_term_computer.cpython-39-x86_64-linux-gnu.so
1487a0486000-1487a0495000 r--p 0005c000 00:42 21498082579                /suphys/wedi0306/mts-spi-study-cluster/.venv/lib/python3.9/site-packages/sklearn/metrics/_pairwise_distances_reduction/_middle_term_computer.cpython-39-x86_64-linux-gnu.so
1487a0495000-1487a0496000 r--p 0006a000 00:42 21498082579                /suphys/wedi0306/mts-spi-study-cluster/.venv/lib/python3.9/site-packages/sklearn/metrics/_pairwise_distances_reduction/_middle_term_computer.cpython-39-x86_64-linux-gnu.so
1487a0496000-1487a0499000 rw-p 0006b000 00:42 21498082579                /suphys/wedi0306/mts-spi-study-cluster/.venv/lib/python3.9/site-packages/sklearn/metrics/_pairwise_distances_reduction/_middle_term_computer.cpython-39-x86_64-linux-gnu.so
1487a0499000-1487a049a000 rw-p 00000000 00:00 0 
1487a049a000-1487a04a0000 r--p 00000000 00:42 33311221892                /suphys/wedi0306/mts-spi-study-cluster/.venv/lib/python3.9/site-packages/sklearn/utils/_cython_blas.cpython-39-x86_64-linux-gnu.so
1487a04a0000-1487a050a000 r-xp 00006000 00:42 33311221892                /suphys/wedi0306/mts-spi-study-cluster/.venv/lib/python3.9/site-packages/sklearn/utils/_cython_blas.cpython-39-x86_64-linux-gnu.so
1487a050a000-1487a0517000 r--p 00070000 00:42 33311221892                /suphys/wedi0306/mts-spi-study-cluster/.venv/lib/python3.9/site-packages/sklearn/utils/_cython_blas.cpython-39-x86_64-linux-gnu.so
1487a0517000-1487a0518000 r--p 0007c000 00:42 33311221892                /suphys/wedi0306/mts-spi-study-cluster/.venv/lib/python3.9/site-packages/sklearn/utils/_cython_blas.cpython-39-x86_64-linux-gnu.so
1487a0518000-1487a051b000 rw-p 0007d000 00:42 33311221892                /suphys/wedi0306/mts-spi-study-cluster/.venv/lib/python3.9/site-packages/sklearn/utils/_cython_blas.cpython-39-x86_64-linux-gnu.so
1487a051b000-1487a051c000 rw-p 00000000 00:00 0 
1487a051c000-1487a0522000 r--p 00000000 00:42 21496040178                /suphys/wedi0306/mts-spi-study-cluster/.venv/lib/python3.9/site-packages/sklearn/metrics/_pairwise_distances_reduction/_datasets_pair.cpython-39-x86_64-linux-gnu.so
1487a0522000-1487a0576000 r-xp 00006000 00:42 21496040178                /suphys/wedi0306/mts-spi-study-cluster/.venv/lib/python3.9/site-packages/sklearn/metrics/_pairwise_distances_reduction/_datasets_pair.cpython-39-x86_64-linux-gnu.so
1487a0576000-1487a0585000 r--p 0005a000 00:42 21496040178                /suphys/wedi0306/mts-spi-study-cluster/.venv/lib/python3.9/site-packages/sklearn/metrics/_pairwise_distances_reduction/_datasets_pair.cpython-39-x86_64-linux-gnu.so
1487a0585000-1487a0586000 ---p 00069000 00:42 21496040178                /suphys/wedi0306/mts-spi-study-cluster/.venv/lib/python3.9/site-packages/sklearn/metrics/_pairwise_distances_reduction/_datasets_pair.cpython-39-x86_64-linux-gnu.so
1487a0586000-1487a0587000 r--p 00069000 00:42 21496040178                /suphys/wedi0306/mts-spi-study-cluster/.venv/lib/python3.9/site-packages/sklearn/metrics/_pairwise_distances_reduction/_datasets_pair.cpython-39-x86_64-linux-gnu.so
1487a0587000-1487a058b000 rw-p 0006a000 00:42 21496040178                /suphys/wedi0306/mts-spi-study-cluster/.venv/lib/python3.9/site-packages/sklearn/metrics/_pairwise_distances_reduction/_datasets_pair.cpython-39-x86_64-linux-gnu.so
1487a058b000-1487a058c000 rw-p 00000000 00:00 0 
1487a058c000-1487a0592000 r--p 00000000 00:42 21498082572                /suphys/wedi0306/mts-spi-study-cluster/.venv/lib/python3.9/site-packages/sklearn/metrics/_pairwise_distances_reduction/_base.cpython-39-x86_64-linux-gnu.so
1487a0592000-1487a05c9000 r-xp 00006000 00:42 21498082572                /suphys/wedi0306/mts-spi-study-cluster/.venv/lib/python3.9/site-packages/sklearn/metrics/_pairwise_distances_reduction/_base.cpython-39-x86_64-linux-gnu.so
1487a05c9000-1487a05d3000 r--p 0003d000 00:42 21498082572                /suphys/wedi0306/mts-spi-study-cluster/.venv/lib/python3.9/site-packages/sklearn/metrics/_pairwise_distances_reduction/_base.cpython-39-x86_64-linux-gnu.so
1487a05d3000-1487a05d4000 r--p 00046000 00:42 21498082572                /suphys/wedi0306/mts-spi-study-cluster/.venv/lib/python3.9/site-packages/sklearn/metrics/_pairwise_distances_reduction/_base.cpython-39-x86_64-linux-gnu.so
1487a05d4000-1487a05d6000 rw-p 00047000 00:42 21498082572                /suphys/wedi0306/mts-spi-study-cluster/.venv/lib/python3.9/site-packages/sklearn/metrics/_pairwise_distances_reduction/_base.cpython-39-x86_64-linux-gnu.so
1487a05d6000-1487a05d7000 rw-p 00000000 00:00 0 
1487a05d7000-1487a05dc000 rw-p 0005b000 00:42 21498082572                /suphys/wedi0306/mts-spi-study-cluster/.venv/lib/python3.9/site-packages/sklearn/metrics/_pairwise_distances_reduction/_base.cpython-39-x86_64-linux-gnu.so
1487a05dc000-1487a05e2000 r--p 00000000 00:42 21498082562                /suphys/wedi0306/mts-spi-study-cluster/.venv/lib/python3.9/site-packages/sklearn/metrics/_pairwise_distances_reduction/_argkmin.cpython-39-x86_64-linux-gnu.so
1487a05e2000-1487a061f000 r-xp 00006000 00:42 21498082562                /suphys/wedi0306/mts-spi-study-cluster/.venv/lib/python3.9/site-packages/sklearn/metrics/_pairwise_distances_reduction/_argkmin.cpython-39-x86_64-linux-gnu.so
1487a061f000-1487a062a000 r--p 00043000 00:42 21498082562                /suphys/wedi0306/mts-spi-study-cluster/.venv/lib/python3.9/site-packages/sklearn/metrics/_pairwise_distances_reduction/_argkmin.cpython-39-x86_64-linux-gnu.so
1487a062a000-1487a062b000 r--p 0004d000 00:42 21498082562                /suphys/wedi0306/mts-spi-study-cluster/.venv/lib/python3.9/site-packages/sklearn/metrics/_pairwise_distances_reduction/_argkmin.cpython-39-x86_64-linux-gnu.so
1487a062b000-1487a062e000 rw-p 0004e000 00:42 21498082562                /suphys/wedi0306/mts-spi-study-cluster/.venv/lib/python3.9/site-packages/sklearn/metrics/_pairwise_distances_reduction/_argkmin.cpython-39-x86_64-linux-gnu.so
1487a062e000-1487a062f000 rw-p 00000000 00:00 0 
1487a062f000-1487a0634000 rw-p 00063000 00:42 21498082562                /suphys/wedi0306/mts-spi-study-cluster/.venv/lib/python3.9/site-packages/sklearn/metrics/_pairwise_distances_reduction/_argkmin.cpython-39-x86_64-linux-gnu.so
1487a0634000-1487a0674000 rw-p 00000000 00:00 0 
1487a0674000-1487a067c000 r--p 00000000 00:42 17249233820                /suphys/wedi0306/mts-spi-study-cluster/.venv/lib/python3.9/site-packages/sklearn/metrics/_dist_metrics.cpython-39-x86_64-linux-gnu.so
1487a067c000-1487a06fb000 r-xp 00008000 00:42 17249233820                /suphys/wedi0306/mts-spi-study-cluster/.venv/lib/python3.9/site-packages/sklearn/metrics/_dist_metrics.cpython-39-x86_64-linux-gnu.so
1487a06fb000-1487a0713000 r--p 00087000 00:42 17249233820                /suphys/wedi0306/mts-spi-study-cluster/.venv/lib/python3.9/site-packages/sklearn/metrics/_dist_metrics.cpython-39-x86_64-linux-gnu.so
1487a0713000-1487a0714000 ---p 0009f000 00:42 17249233820                /suphys/wedi0306/mts-spi-study-cluster/.venv/lib/python3.9/site-packages/sklearn/metrics/_dist_metrics.cpython-39-x86_64-linux-gnu.so
1487a0714000-1487a0715000 r--p 0009f000 00:42 17249233820                /suphys/wedi0306/mts-spi-study-cluster/.venv/lib/python3.9/site-packages/sklearn/metrics/_dist_metrics.cpython-39-x86_64-linux-gnu.so
1487a0715000-1487a071c000 rw-p 000a0000 00:42 17249233820                /suphys/wedi0306/mts-spi-study-cluster/.venv/lib/python3.9/site-packages/sklearn/metrics/_dist_metrics.cpython-39-x86_64-linux-gnu.so
1487a071c000-1487a071f000 rw-p 00000000 00:00 0 
1487a071f000-1487a0725000 r--p 00000000 00:42 25879159296                /suphys/wedi0306/mts-spi-study-cluster/.venv/lib/python3.9/site-packages/sklearn/preprocessing/_target_encoder_fast.cpython-39-x86_64-linux-gnu.so
1487a0725000-1487a0793000 r-xp 00006000 00:42 25879159296                /suphys/wedi0306/mts-spi-study-cluster/.venv/lib/python3.9/site-packages/sklearn/preprocessing/_target_encoder_fast.cpython-39-x86_64-linux-gnu.so
1487a0793000-1487a079d000 r--p 00074000 00:42 25879159296                /suphys/wedi0306/mts-spi-study-cluster/.venv/lib/python3.9/site-packages/sklearn/preprocessing/_target_encoder_fast.cpython-39-x86_64-linux-gnu.so
1487a079d000-1487a079e000 r--p 0007d000 00:42 25879159296                /suphys/wedi0306/mts-spi-study-cluster/.venv/lib/python3.9/site-packages/sklearn/preprocessing/_target_encoder_fast.cpython-39-x86_64-linux-gnu.so
1487a079e000-1487a07a1000 rw-p 0007e000 00:42 25879159296                /suphys/wedi0306/mts-spi-study-cluster/.venv/lib/python3.9/site-packages/sklearn/preprocessing/_target_encoder_fast.cpython-39-x86_64-linux-gnu.so
1487a07a1000-1487a07a2000 rw-p 00000000 00:00 0 
1487a07a2000-1487a07a7000 r--p 00000000 00:42 25877079038                /suphys/wedi0306/mts-spi-study-cluster/.venv/lib/python3.9/site-packages/sklearn/preprocessing/_csr_polynomial_expansion.cpython-39-x86_64-linux-gnu.so
1487a07a7000-1487a0802000 r-xp 00005000 00:42 25877079038                /suphys/wedi0306/mts-spi-study-cluster/.venv/lib/python3.9/site-packages/sklearn/preprocessing/_csr_polynomial_expansion.cpython-39-x86_64-linux-gnu.so
1487a0802000-1487a080d000 r--p 00060000 00:42 25877079038                /suphys/wedi0306/mts-spi-study-cluster/.venv/lib/python3.9/site-packages/sklearn/preprocessing/_csr_polynomial_expansion.cpython-39-x86_64-linux-gnu.so
1487a080d000-1487a080e000 r--p 0006a000 00:42 25877079038                /suphys/wedi0306/mts-spi-study-cluster/.venv/lib/python3.9/site-packages/sklearn/preprocessing/_csr_polynomial_expansion.cpython-39-x86_64-linux-gnu.so
1487a080e000-1487a0811000 rw-p 0006b000 00:42 25877079038                /suphys/wedi0306/mts-spi-study-cluster/.venv/lib/python3.9/site-packages/sklearn/preprocessing/_csr_polynomial_expansion.cpython-39-x86_64-linux-gnu.so
1487a0811000-1487a0891000 rw-p 00000000 00:00 0 
1487a0891000-1487a0896000 r--p 00000000 00:42 22591961282                /suphys/wedi0306/mts-spi-study-cluster/.venv/lib/python3.9/site-packages/sklearn/metrics/cluster/_expected_mutual_info_fast.cpython-39-x86_64-linux-gnu.so
1487a0896000-1487a08c1000 r-xp 00005000 00:42 22591961282                /suphys/wedi0306/mts-spi-study-cluster/.venv/lib/python3.9/site-packages/sklearn/metrics/cluster/_expected_mutual_info_fast.cpython-39-x86_64-linux-gnu.so
1487a08c1000-1487a08c8000 r--p 00030000 00:42 22591961282                /suphys/wedi0306/mts-spi-study-cluster/.venv/lib/python3.9/site-packages/sklearn/metrics/cluster/_expected_mutual_info_fast.cpython-39-x86_64-linux-gnu.so
1487a08c8000-1487a08c9000 r--p 00036000 00:42 22591961282                /suphys/wedi0306/mts-spi-study-cluster/.venv/lib/python3.9/site-packages/sklearn/metrics/cluster/_expected_mutual_info_fast.cpython-39-x86_64-linux-gnu.so
1487a08c9000-1487a08cb000 rw-p 00037000 00:42 22591961282                /suphys/wedi0306/mts-spi-study-cluster/.venv/lib/python3.9/site-packages/sklearn/metrics/cluster/_expected_mutual_info_fast.cpython-39-x86_64-linux-gnu.so
1487a08cb000-1487a08cc000 rw-p 00000000 00:00 0 
1487a08cc000-1487a08f1000 r-xp 00000000 00:42 21499861474                /suphys/wedi0306/mts-spi-study-cluster/.venv/lib/python3.9/site-packages/scikit_learn.libs/libgomp-a34b3233.so.1.0.0
1487a08f1000-1487a0af0000 ---p 00025000 00:42 21499861474                /suphys/wedi0306/mts-spi-study-cluster/.venv/lib/python3.9/site-packages/scikit_learn.libs/libgomp-a34b3233.so.1.0.0
1487a0af0000-1487a0af1000 r--p 00024000 00:42 21499861474                /suphys/wedi0306/mts-spi-study-cluster/.venv/lib/python3.9/site-packages/scikit_learn.libs/libgomp-a34b3233.so.1.0.0
1487a0af1000-1487a0af6000 rw-p 00025000 00:42 21499861474                /suphys/wedi0306/mts-spi-study-cluster/.venv/lib/python3.9/site-packages/scikit_learn.libs/libgomp-a34b3233.so.1.0.0
1487a0af6000-1487a0af9000 r--p 00000000 00:42 33311221912                /suphys/wedi0306/mts-spi-study-cluster/.venv/lib/python3.9/site-packages/sklearn/utils/_openmp_helpers.cpython-39-x86_64-linux-gnu.so
1487a0af9000-1487a0b00000 r-xp 00003000 00:42 33311221912                /suphys/wedi0306/mts-spi-study-cluster/.venv/lib/python3.9/site-packages/sklearn/utils/_openmp_helpers.cpython-39-x86_64-linux-gnu.so
1487a0b00000-1487a0b02000 r--p 0000a000 00:42 33311221912                /suphys/wedi0306/mts-spi-study-cluster/.venv/lib/python3.9/site-packages/sklearn/utils/_openmp_helpers.cpython-39-x86_64-linux-gnu.so
1487a0b02000-1487a0b03000 r--p 0000b000 00:42 33311221912                /suphys/wedi0306/mts-spi-study-cluster/.venv/lib/python3.9/site-packages/sklearn/utils/_openmp_helpers.cpython-39-x86_64-linux-gnu.so
1487a0b03000-1487a0b04000 rw-p 0000c000 00:42 33311221912                /suphys/wedi0306/mts-spi-study-cluster/.venv/lib/python3.9/site-packages/sklearn/utils/_openmp_helpers.cpython-39-x86_64-linux-gnu.so
1487a0b04000-1487a0b07000 rw-p 00010000 00:42 33311221912                /suphys/wedi0306/mts-spi-study-cluster/.venv/lib/python3.9/site-packages/sklearn/utils/_openmp_helpers.cpython-39-x86_64-linux-gnu.so
1487a0b07000-1487a0b47000 rw-p 00000000 00:00 0 
1487a0b47000-1487a0b4c000 r--p 00000000 00:42 33321188260                /suphys/wedi0306/mts-spi-study-cluster/.venv/lib/python3.9/site-packages/sklearn/utils/murmurhash.cpython-39-x86_64-linux-gnu.so
1487a0b4c000-1487a0b77000 r-xp 00005000 00:42 33321188260                /suphys/wedi0306/mts-spi-study-cluster/.venv/lib/python3.9/site-packages/sklearn/utils/murmurhash.cpython-39-x86_64-linux-gnu.so
1487a0b77000-1487a0b80000 r--p 00030000 00:42 33321188260                /suphys/wedi0306/mts-spi-study-cluster/.venv/lib/python3.9/site-packages/sklearn/utils/murmurhash.cpython-39-x86_64-linux-gnu.so
1487a0b80000-1487a0b81000 r--p 00038000 00:42 33321188260                /suphys/wedi0306/mts-spi-study-cluster/.venv/lib/python3.9/site-packages/sklearn/utils/murmurhash.cpython-39-x86_64-linux-gnu.so
1487a0b81000-1487a0b83000 rw-p 00039000 00:42 33321188260                /suphys/wedi0306/mts-spi-study-cluster/.venv/lib/python3.9/site-packages/sklearn/utils/murmurhash.cpython-39-x86_64-linux-gnu.so
1487a0b83000-1487a0b84000 rw-p 00000000 00:00 0 
1487a0b84000-1487a0b8a000 r--p 00000000 00:42 33311206401                /suphys/wedi0306/mts-spi-study-cluster/.venv/lib/python3.9/site-packages/sklearn/utils/sparsefuncs_fast.cpython-39-x86_64-linux-gnu.so
1487a0b8a000-1487a0c4c000 r-xp 00006000 00:42 33311206401                /suphys/wedi0306/mts-spi-study-cluster/.venv/lib/python3.9/site-packages/sklearn/utils/sparsefuncs_fast.cpython-39-x86_64-linux-gnu.so
1487a0c4c000-1487a0c5a000 r--p 000c8000 00:42 33311206401                /suphys/wedi0306/mts-spi-study-cluster/.venv/lib/python3.9/site-packages/sklearn/utils/sparsefuncs_fast.cpython-39-x86_64-linux-gnu.so
1487a0c5a000-1487a0c5b000 r--p 000d5000 00:42 33311206401                /suphys/wedi0306/mts-spi-study-cluster/.venv/lib/python3.9/site-packages/sklearn/utils/sparsefuncs_fast.cpython-39-x86_64-linux-gnu.so
1487a0c5b000-1487a0c5e000 rw-p 000d6000 00:42 33311206401                /suphys/wedi0306/mts-spi-study-cluster/.venv/lib/python3.9/site-packages/sklearn/utils/sparsefuncs_fast.cpython-39-x86_64-linux-gnu.so
1487a0c5e000-1487a0c9f000 rw-p 00000000 00:00 0 
1487a0c9f000-1487a0ca4000 r--p 00000000 00:42 33311206404                /suphys/wedi0306/mts-spi-study-cluster/.venv/lib/python3.9/site-packages/sklearn/utils/_isfinite.cpython-39-x86_64-linux-gnu.so
1487a0ca4000-1487a0cd7000 r-xp 00005000 00:42 33311206404                /suphys/wedi0306/mts-spi-study-cluster/.venv/lib/python3.9/site-packages/sklearn/utils/_isfinite.cpython-39-x86_64-linux-gnu.so
1487a0cd7000-1487a0ce0000 r--p 00038000 00:42 33311206404                /suphys/wedi0306/mts-spi-study-cluster/.venv/lib/python3.9/site-packages/sklearn/utils/_isfinite.cpython-39-x86_64-linux-gnu.so
1487a0ce0000-1487a0ce1000 r--p 00040000 00:42 33311206404                /suphys/wedi0306/mts-spi-study-cluster/.venv/lib/python3.9/site-packages/sklearn/utils/_isfinite.cpython-39-x86_64-linux-gnu.so
1487a0ce1000-1487a0ce3000 rw-p 00041000 00:42 33311206404                /suphys/wedi0306/mts-spi-study-cluster/.venv/lib/python3.9/site-packages/sklearn/utils/_isfinite.cpython-39-x86_64-linux-gnu.so
1487a0ce3000-1487a0e64000 rw-p 00000000 00:00 0 
1487a0e64000-1487a0e86000 r--p 00000000 fd:00 151013718                  /usr/lib64/libssl.so.3.5.1
1487a0e86000-1487a0f25000 r-xp 00022000 fd:00 151013718                  /usr/lib64/libssl.so.3.5.1
1487a0f25000-1487a0f4f000 r--p 000c1000 fd:00 151013718                  /usr/lib64/libssl.so.3.5.1
1487a0f4f000-1487a0f59000 r--p 000eb000 fd:00 151013718                  /usr/lib64/libssl.so.3.5.1
1487a0f59000-1487a0f5d000 rw-p 000f5000 fd:00 151013718                  /usr/lib64/libssl.so.3.5.1
1487a0f5d000-1487a0f5e000 r--p 00000000 fd:00 201570190                  /usr/lib64/python3.9/lib-dynload/_statistics.cpython-39-x86_64-linux-gnu.so
1487a0f5e000-1487a0f5f000 r-xp 00001000 fd:00 201570190                  /usr/lib64/python3.9/lib-dynload/_statistics.cpython-39-x86_64-linux-gnu.so
1487a0f5f000-1487a0f60000 r--p 00002000 fd:00 201570190                  /usr/lib64/python3.9/lib-dynload/_statistics.cpython-39-x86_64-linux-gnu.so
1487a0f60000-1487a0f61000 r--p 00002000 fd:00 201570190                  /usr/lib64/python3.9/lib-dynload/_statistics.cpython-39-x86_64-linux-gnu.so
1487a0f61000-1487a0f62000 rw-p 00003000 fd:00 201570190                  /usr/lib64/python3.9/lib-dynload/_statistics.cpython-39-x86_64-linux-gnu.so
1487a0f62000-1487a0f66000 r--p 00000000 fd:00 201569792                  /usr/lib64/python3.9/lib-dynload/_asyncio.cpython-39-x86_64-linux-gnu.so
1487a0f66000-1487a0f6b000 r-xp 00004000 fd:00 201569792                  /usr/lib64/python3.9/lib-dynload/_asyncio.cpython-39-x86_64-linux-gnu.so
1487a0f6b000-1487a0f6f000 r--p 00009000 fd:00 201569792                  /usr/lib64/python3.9/lib-dynload/_asyncio.cpython-39-x86_64-linux-gnu.so
1487a0f6f000-1487a0f70000 r--p 0000c000 fd:00 201569792                  /usr/lib64/python3.9/lib-dynload/_asyncio.cpython-39-x86_64-linux-gnu.so
1487a0f70000-1487a0f72000 rw-p 0000d000 fd:00 201569792                  /usr/lib64/python3.9/lib-dynload/_asyncio.cpython-39-x86_64-linux-gnu.so
1487a0f72000-1487a0f84000 r--p 00000000 fd:00 201570189                  /usr/lib64/python3.9/lib-dynload/_ssl.cpython-39-x86_64-linux-gnu.so
1487a0f84000-1487a0f8f000 r-xp 00012000 fd:00 201570189                  /usr/lib64/python3.9/lib-dynload/_ssl.cpython-39-x86_64-linux-gnu.so
1487a0f8f000-1487a0f9c000 r--p 0001d000 fd:00 201570189                  /usr/lib64/python3.9/lib-dynload/_ssl.cpython-39-x86_64-linux-gnu.so
1487a0f9c000-1487a0f9d000 r--p 0002a000 fd:00 201570189                  /usr/lib64/python3.9/lib-dynload/_ssl.cpython-39-x86_64-linux-gnu.so
1487a0f9d000-1487a0fa6000 rw-p 0002b000 fd:00 201570189                  /usr/lib64/python3.9/lib-dynload/_ssl.cpython-39-x86_64-linux-gnu.so
1487a0fa6000-1487a10a6000 rw-p 00000000 00:00 0 
1487a10a6000-1487a10a9000 r--p 00000000 00:42 21511491433                /suphys/wedi0306/mts-spi-study-cluster/.venv/lib/python3.9/site-packages/psutil/_psutil_linux.abi3.so
1487a10a9000-1487a10ac000 r-xp 00003000 00:42 21511491433                /suphys/wedi0306/mts-spi-study-cluster/.venv/lib/python3.9/site-packages/psutil/_psutil_linux.abi3.so
1487a10ac000-1487a10ad000 r--p 00006000 00:42 21511491433                /suphys/wedi0306/mts-spi-study-cluster/.venv/lib/python3.9/site-packages/psutil/_psutil_linux.abi3.so
1487a10ad000-1487a10ae000 r--p 00007000 00:42 21511491433                /suphys/wedi0306/mts-spi-study-cluster/.venv/lib/python3.9/site-packages/psutil/_psutil_linux.abi3.so
1487a10ae000-1487a10af000 rw-p 00008000 00:42 21511491433                /suphys/wedi0306/mts-spi-study-cluster/.venv/lib/python3.9/site-packages/psutil/_psutil_linux.abi3.so
1487a10af000-1487a10b1000 r--p 00000000 fd:00 201573714                  /usr/lib64/python3.9/lib-dynload/resource.cpython-39-x86_64-linux-gnu.so
1487a10b1000-1487a10b2000 r-xp 00002000 fd:00 201573714                  /usr/lib64/python3.9/lib-dynload/resource.cpython-39-x86_64-linux-gnu.so
1487a10b2000-1487a10b3000 r--p 00003000 fd:00 201573714                  /usr/lib64/python3.9/lib-dynload/resource.cpython-39-x86_64-linux-gnu.so
1487a10b3000-1487a10b4000 r--p 00003000 fd:00 201573714                  /usr/lib64/python3.9/lib-dynload/resource.cpython-39-x86_64-linux-gnu.so
1487a10b4000-1487a10b5000 rw-p 00004000 fd:00 201573714                  /usr/lib64/python3.9/lib-dynload/resource.cpython-39-x86_64-linux-gnu.so
1487a10b5000-1487a11b5000 rw-p 00000000 00:00 0 
1487a11b5000-1487a11b7000 r--p 00000000 00:42 3233752629                 /suphys/wedi0306/mts-spi-study-cluster/.venv/lib/python3.9/site-packages/sklearn/__check_build/_check_build.cpython-39-x86_64-linux-gnu.so
1487a11b7000-1487a11ba000 r-xp 00002000 00:42 3233752629                 /suphys/wedi0306/mts-spi-study-cluster/.venv/lib/python3.9/site-packages/sklearn/__check_build/_check_build.cpython-39-x86_64-linux-gnu.so
1487a11ba000-1487a11bb000 r--p 00005000 00:42 3233752629                 /suphys/wedi0306/mts-spi-study-cluster/.venv/lib/python3.9/site-packages/sklearn/__check_build/_check_build.cpython-39-x86_64-linux-gnu.so
1487a11bb000-1487a11bc000 ---p 00006000 00:42 3233752629                 /suphys/wedi0306/mts-spi-study-cluster/.venv/lib/python3.9/site-packages/sklearn/__check_build/_check_build.cpython-39-x86_64-linux-gnu.so
1487a11bc000-1487a11bd000 r--p 00006000 00:42 3233752629                 /suphys/wedi0306/mts-spi-study-cluster/.venv/lib/python3.9/site-packages/sklearn/__check_build/_check_build.cpython-39-x86_64-linux-gnu.so
1487a11bd000-1487a11be000 rw-p 00007000 00:42 3233752629                 /suphys/wedi0306/mts-spi-study-cluster/.venv/lib/python3.9/site-packages/sklearn/__check_build/_check_build.cpython-39-x86_64-linux-gnu.so
1487a11be000-1487a11fe000 rw-p 00000000 00:00 0 
1487a11fe000-1487a1203000 r--p 00000000 00:42 24762667855                /suphys/wedi0306/mts-spi-study-cluster/.venv/lib/python3.9/site-packages/scipy/signal/_peak_finding_utils.cpython-39-x86_64-linux-gnu.so
1487a1203000-1487a1234000 r-xp 00005000 00:42 24762667855                /suphys/wedi0306/mts-spi-study-cluster/.venv/lib/python3.9/site-packages/scipy/signal/_peak_finding_utils.cpython-39-x86_64-linux-gnu.so
1487a1234000-1487a123d000 r--p 00036000 00:42 24762667855                /suphys/wedi0306/mts-spi-study-cluster/.venv/lib/python3.9/site-packages/scipy/signal/_peak_finding_utils.cpython-39-x86_64-linux-gnu.so
1487a123d000-1487a123e000 ---p 0003f000 00:42 24762667855                /suphys/wedi0306/mts-spi-study-cluster/.venv/lib/python3.9/site-packages/scipy/signal/_peak_finding_utils.cpython-39-x86_64-linux-gnu.so
1487a123e000-1487a123f000 r--p 0003f000 00:42 24762667855                /suphys/wedi0306/mts-spi-study-cluster/.venv/lib/python3.9/site-packages/scipy/signal/_peak_finding_utils.cpython-39-x86_64-linux-gnu.so
1487a123f000-1487a1241000 rw-p 00040000 00:42 24762667855                /suphys/wedi0306/mts-spi-study-cluster/.venv/lib/python3.9/site-packages/scipy/signal/_peak_finding_utils.cpython-39-x86_64-linux-gnu.so
1487a1241000-1487a1242000 rw-p 00000000 00:00 0 
1487a1242000-1487a1245000 r--p 00000000 00:42 24762667858                /suphys/wedi0306/mts-spi-study-cluster/.venv/lib/python3.9/site-packages/scipy/signal/_spectral.cpython-39-x86_64-linux-gnu.so
1487a1245000-1487a124d000 r-xp 00003000 00:42 24762667858                /suphys/wedi0306/mts-spi-study-cluster/.venv/lib/python3.9/site-packages/scipy/signal/_spectral.cpython-39-x86_64-linux-gnu.so
1487a124d000-1487a1250000 r--p 0000b000 00:42 24762667858                /suphys/wedi0306/mts-spi-study-cluster/.venv/lib/python3.9/site-packages/scipy/signal/_spectral.cpython-39-x86_64-linux-gnu.so
1487a1250000-1487a1251000 r--p 0000d000 00:42 24762667858                /suphys/wedi0306/mts-spi-study-cluster/.venv/lib/python3.9/site-packages/scipy/signal/_spectral.cpython-39-x86_64-linux-gnu.so
1487a1251000-1487a1252000 rw-p 0000e000 00:42 24762667858                /suphys/wedi0306/mts-spi-study-cluster/.venv/lib/python3.9/site-packages/scipy/signal/_spectral.cpython-39-x86_64-linux-gnu.so
1487a1252000-1487a1257000 r--p 00000000 00:42 24762667861                /suphys/wedi0306/mts-spi-study-cluster/.venv/lib/python3.9/site-packages/scipy/signal/_sosfilt.cpython-39-x86_64-linux-gnu.so
1487a1257000-1487a128b000 r-xp 00005000 00:42 24762667861                /suphys/wedi0306/mts-spi-study-cluster/.venv/lib/python3.9/site-packages/scipy/signal/_sosfilt.cpython-39-x86_64-linux-gnu.so
1487a128b000-1487a1293000 r--p 00039000 00:42 24762667861                /suphys/wedi0306/mts-spi-study-cluster/.venv/lib/python3.9/site-packages/scipy/signal/_sosfilt.cpython-39-x86_64-linux-gnu.so
1487a1293000-1487a1294000 r--p 00040000 00:42 24762667861                /suphys/wedi0306/mts-spi-study-cluster/.venv/lib/python3.9/site-packages/scipy/signal/_sosfilt.cpython-39-x86_64-linux-gnu.so
1487a1294000-1487a1296000 rw-p 00041000 00:42 24762667861                /suphys/wedi0306/mts-spi-study-cluster/.venv/lib/python3.9/site-packages/scipy/signal/_sosfilt.cpython-39-x86_64-linux-gnu.so
1487a1296000-1487a1317000 rw-p 00000000 00:00 0 
1487a1317000-1487a1318000 r--p 00000000 00:42 24760942780                /suphys/wedi0306/mts-spi-study-cluster/.venv/lib/python3.9/site-packages/scipy/signal/_spline.cpython-39-x86_64-linux-gnu.so
1487a1318000-1487a1327000 r-xp 00001000 00:42 24760942780                /suphys/wedi0306/mts-spi-study-cluster/.venv/lib/python3.9/site-packages/scipy/signal/_spline.cpython-39-x86_64-linux-gnu.so
1487a1327000-1487a1329000 r--p 00010000 00:42 24760942780                /suphys/wedi0306/mts-spi-study-cluster/.venv/lib/python3.9/site-packages/scipy/signal/_spline.cpython-39-x86_64-linux-gnu.so
1487a1329000-1487a132a000 r--p 00011000 00:42 24760942780                /suphys/wedi0306/mts-spi-study-cluster/.venv/lib/python3.9/site-packages/scipy/signal/_spline.cpython-39-x86_64-linux-gnu.so
1487a132a000-1487a132c000 rw-p 00012000 00:42 24760942780                /suphys/wedi0306/mts-spi-study-cluster/.venv/lib/python3.9/site-packages/scipy/signal/_spline.cpython-39-x86_64-linux-gnu.so
1487a132c000-1487a1331000 r--p 00000000 00:42 24762667866                /suphys/wedi0306/mts-spi-study-cluster/.venv/lib/python3.9/site-packages/scipy/signal/_upfirdn_apply.cpython-39-x86_64-linux-gnu.so
1487a1331000-1487a1377000 r-xp 00005000 00:42 24762667866                /suphys/wedi0306/mts-spi-study-cluster/.venv/lib/python3.9/site-packages/scipy/signal/_upfirdn_apply.cpython-39-x86_64-linux-gnu.so
1487a1377000-1487a1380000 r--p 0004b000 00:42 24762667866                /suphys/wedi0306/mts-spi-study-cluster/.venv/lib/python3.9/site-packages/scipy/signal/_upfirdn_apply.cpython-39-x86_64-linux-gnu.so
1487a1380000-1487a1381000 ---p 00054000 00:42 24762667866                /suphys/wedi0306/mts-spi-study-cluster/.venv/lib/python3.9/site-packages/scipy/signal/_upfirdn_apply.cpython-39-x86_64-linux-gnu.so
1487a1381000-1487a1382000 r--p 00054000 00:42 24762667866                /suphys/wedi0306/mts-spi-study-cluster/.venv/lib/python3.9/site-packages/scipy/signal/_upfirdn_apply.cpython-39-x86_64-linux-gnu.so
1487a1382000-1487a1384000 rw-p 00055000 00:42 24762667866                /suphys/wedi0306/mts-spi-study-cluster/.venv/lib/python3.9/site-packages/scipy/signal/_upfirdn_apply.cpython-39-x86_64-linux-gnu.so
1487a1384000-1487a1385000 rw-p 00000000 00:00 0 
1487a1385000-1487a1387000 r--p 00000000 00:42 24762667854                /suphys/wedi0306/mts-spi-study-cluster/.venv/lib/python3.9/site-packages/scipy/signal/_sigtools.cpython-39-x86_64-linux-gnu.so
1487a1387000-1487a139b000 r-xp 00002000 00:42 24762667854                /suphys/wedi0306/mts-spi-study-cluster/.venv/lib/python3.9/site-packages/scipy/signal/_sigtools.cpython-39-x86_64-linux-gnu.so
1487a139b000-1487a139d000 r--p 00016000 00:42 24762667854                /suphys/wedi0306/mts-spi-study-cluster/.venv/lib/python3.9/site-packages/scipy/signal/_sigtools.cpython-39-x86_64-linux-gnu.so
1487a139d000-1487a139e000 r--p 00017000 00:42 24762667854                /suphys/wedi0306/mts-spi-study-cluster/.venv/lib/python3.9/site-packages/scipy/signal/_sigtools.cpython-39-x86_64-linux-gnu.so
1487a139e000-1487a139f000 rw-p 00018000 00:42 24762667854                /suphys/wedi0306/mts-spi-study-cluster/.venv/lib/python3.9/site-packages/scipy/signal/_sigtools.cpython-39-x86_64-linux-gnu.so
1487a139f000-1487a18e0000 rw-p 00000000 00:00 0 
1487a18e0000-1487a18e5000 r--p 00000000 00:42 4319650623                 /suphys/wedi0306/mts-spi-study-cluster/.venv/lib/python3.9/site-packages/scipy/fftpack/convolve.cpython-39-x86_64-linux-gnu.so
1487a18e5000-1487a1912000 r-xp 00005000 00:42 4319650623                 /suphys/wedi0306/mts-spi-study-cluster/.venv/lib/python3.9/site-packages/scipy/fftpack/convolve.cpython-39-x86_64-linux-gnu.so
1487a1912000-1487a191a000 r--p 00032000 00:42 4319650623                 /suphys/wedi0306/mts-spi-study-cluster/.venv/lib/python3.9/site-packages/scipy/fftpack/convolve.cpython-39-x86_64-linux-gnu.so
1487a191a000-1487a191b000 ---p 0003a000 00:42 4319650623                 /suphys/wedi0306/mts-spi-study-cluster/.venv/lib/python3.9/site-packages/scipy/fftpack/convolve.cpython-39-x86_64-linux-gnu.so
1487a191b000-1487a191c000 r--p 0003a000 00:42 4319650623                 /suphys/wedi0306/mts-spi-study-cluster/.venv/lib/python3.9/site-packages/scipy/fftpack/convolve.cpython-39-x86_64-linux-gnu.so
1487a191c000-1487a191e000 rw-p 0003b000 00:42 4319650623                 /suphys/wedi0306/mts-spi-study-cluster/.venv/lib/python3.9/site-packages/scipy/fftpack/convolve.cpython-39-x86_64-linux-gnu.so
1487a191e000-1487a195f000 rw-p 00000000 00:00 0 
1487a195f000-1487a1966000 r--p 00000000 00:42 16171233790                /suphys/wedi0306/mts-spi-study-cluster/.venv/lib/python3.9/site-packages/yaml/_yaml.cpython-39-x86_64-linux-gnu.so
1487a1966000-1487a19ac000 r-xp 00007000 00:42 16171233790                /suphys/wedi0306/mts-spi-study-cluster/.venv/lib/python3.9/site-packages/yaml/_yaml.cpython-39-x86_64-linux-gnu.so
1487a19ac000-1487a19b5000 r--p 0004d000 00:42 16171233790                /suphys/wedi0306/mts-spi-study-cluster/.venv/lib/python3.9/site-packages/yaml/_yaml.cpython-39-x86_64-linux-gnu.so
1487a19b5000-1487a19b7000 r--p 00055000 00:42 16171233790                /suphys/wedi0306/mts-spi-study-cluster/.venv/lib/python3.9/site-packages/yaml/_yaml.cpython-39-x86_64-linux-gnu.so
1487a19b7000-1487a19b9000 rw-p 00057000 00:42 16171233790                /suphys/wedi0306/mts-spi-study-cluster/.venv/lib/python3.9/site-packages/yaml/_yaml.cpython-39-x86_64-linux-gnu.so
1487a19b9000-1487a1d3a000 rw-p 00000000 00:00 0 
1487a1d3a000-1487a1d75000 r--p 00000000 00:42 10759406935                /suphys/wedi0306/mts-spi-study-cluster/.venv/lib/python3.9/site-packages/_jpype.cpython-39-x86_64-linux-gnu.so
1487a1d75000-1487a1dc9000 r-xp 0003b000 00:42 10759406935                /suphys/wedi0306/mts-spi-study-cluster/.venv/lib/python3.9/site-packages/_jpype.cpython-39-x86_64-linux-gnu.so
1487a1dc9000-1487a1df2000 r--p 0008f000 00:42 10759406935                /suphys/wedi0306/mts-spi-study-cluster/.venv/lib/python3.9/site-packages/_jpype.cpython-39-x86_64-linux-gnu.so
1487a1df2000-1487a1df6000 r--p 000b7000 00:42 10759406935                /suphys/wedi0306/mts-spi-study-cluster/.venv/lib/python3.9/site-packages/_jpype.cpython-39-x86_64-linux-gnu.so
1487a1df6000-1487a1dfa000 rw-p 000bb000 00:42 10759406935                /suphys/wedi0306/mts-spi-study-cluster/.venv/lib/python3.9/site-packages/_jpype.cpython-39-x86_64-linux-gnu.so
1487a1dfa000-1487a21ba000 rw-p 00000000 00:00 0 
1487a21ba000-1487a21c9000 r--p 00000000 00:42 27924913370                /suphys/wedi0306/mts-spi-study-cluster/.venv/lib/python3.9/site-packages/matplotlib/_image.cpython-39-x86_64-linux-gnu.so
1487a21c9000-1487a2214000 r-xp 0000f000 00:42 27924913370                /suphys/wedi0306/mts-spi-study-cluster/.venv/lib/python3.9/site-packages/matplotlib/_image.cpython-39-x86_64-linux-gnu.so
1487a2214000-1487a2224000 r--p 0005a000 00:42 27924913370                /suphys/wedi0306/mts-spi-study-cluster/.venv/lib/python3.9/site-packages/matplotlib/_image.cpython-39-x86_64-linux-gnu.so
1487a2224000-1487a2225000 r--p 00069000 00:42 27924913370                /suphys/wedi0306/mts-spi-study-cluster/.venv/lib/python3.9/site-packages/matplotlib/_image.cpython-39-x86_64-linux-gnu.so
1487a2225000-1487a2226000 rw-p 0006a000 00:42 27924913370                /suphys/wedi0306/mts-spi-study-cluster/.venv/lib/python3.9/site-packages/matplotlib/_image.cpython-39-x86_64-linux-gnu.so
1487a2226000-1487a2427000 rw-p 00000000 00:00 0 
1487a2427000-1487a242b000 r--p 00000000 fd:00 151014689                  /usr/lib64/libexpat.so.1.8.10
1487a242b000-1487a244b000 r-xp 00004000 fd:00 151014689                  /usr/lib64/libexpat.so.1.8.10
1487a244b000-1487a2456000 r--p 00024000 fd:00 151014689                  /usr/lib64/libexpat.so.1.8.10
1487a2456000-1487a2458000 r--p 0002e000 fd:00 151014689                  /usr/lib64/libexpat.so.1.8.10
1487a2458000-1487a2459000 rw-p 00000000 00:00 0 
1487a2459000-1487a245a000 r--p 00000000 fd:00 201569980                  /usr/lib64/python3.9/lib-dynload/_posixshmem.cpython-39-x86_64-linux-gnu.so
1487a245a000-1487a245b000 r-xp 00001000 fd:00 201569980                  /usr/lib64/python3.9/lib-dynload/_posixshmem.cpython-39-x86_64-linux-gnu.so
1487a245b000-1487a245c000 r--p 00002000 fd:00 201569980                  /usr/lib64/python3.9/lib-dynload/_posixshmem.cpython-39-x86_64-linux-gnu.so
1487a245c000-1487a245d000 r--p 00002000 fd:00 201569980                  /usr/lib64/python3.9/lib-dynload/_posixshmem.cpython-39-x86_64-linux-gnu.so
1487a245d000-1487a245e000 rw-p 00003000 fd:00 201569980                  /usr/lib64/python3.9/lib-dynload/_posixshmem.cpython-39-x86_64-linux-gnu.so
1487a245e000-1487a2461000 r--p 00000000 00:42 24762667847                /suphys/wedi0306/mts-spi-study-cluster/.venv/lib/python3.9/site-packages/scipy/signal/_max_len_seq_inner.cpython-39-x86_64-linux-gnu.so
1487a2461000-1487a2469000 r-xp 00003000 00:42 24762667847                /suphys/wedi0306/mts-spi-study-cluster/.venv/lib/python3.9/site-packages/scipy/signal/_max_len_seq_inner.cpython-39-x86_64-linux-gnu.so
1487a2469000-1487a246c000 r--p 0000b000 00:42 24762667847                /suphys/wedi0306/mts-spi-study-cluster/.venv/lib/python3.9/site-packages/scipy/signal/_max_len_seq_inner.cpython-39-x86_64-linux-gnu.so
1487a246c000-1487a246d000 r--p 0000d000 00:42 24762667847                /suphys/wedi0306/mts-spi-study-cluster/.venv/lib/python3.9/site-packages/scipy/signal/_max_len_seq_inner.cpython-39-x86_64-linux-gnu.so
1487a246d000-1487a246e000 rw-p 0000e000 00:42 24762667847                /suphys/wedi0306/mts-spi-study-cluster/.venv/lib/python3.9/site-packages/scipy/signal/_max_len_seq_inner.cpython-39-x86_64-linux-gnu.so
1487a246e000-1487a2472000 r--p 00000000 fd:00 201573712                  /usr/lib64/python3.9/lib-dynload/pyexpat.cpython-39-x86_64-linux-gnu.so
1487a2472000-1487a247a000 r-xp 00004000 fd:00 201573712                  /usr/lib64/python3.9/lib-dynload/pyexpat.cpython-39-x86_64-linux-gnu.so
1487a247a000-1487a247d000 r--p 0000c000 fd:00 201573712                  /usr/lib64/python3.9/lib-dynload/pyexpat.cpython-39-x86_64-linux-gnu.so
1487a247d000-1487a247e000 r--p 0000f000 fd:00 201573712                  /usr/lib64/python3.9/lib-dynload/pyexpat.cpython-39-x86_64-linux-gnu.so
1487a247e000-1487a2480000 rw-p 00010000 fd:00 201573712                  /usr/lib64/python3.9/lib-dynload/pyexpat.cpython-39-x86_64-linux-gnu.so
1487a2480000-1487a2740000 rw-p 00000000 00:00 0 
1487a2740000-1487a2779000 r-xp 00000000 00:42 22590677974                /suphys/wedi0306/mts-spi-study-cluster/.venv/lib/python3.9/site-packages/kiwisolver/_cext.cpython-39-x86_64-linux-gnu.so
1487a2779000-1487a2978000 ---p 00039000 00:42 22590677974                /suphys/wedi0306/mts-spi-study-cluster/.venv/lib/python3.9/site-packages/kiwisolver/_cext.cpython-39-x86_64-linux-gnu.so
1487a2978000-1487a2979000 r--p 00038000 00:42 22590677974                /suphys/wedi0306/mts-spi-study-cluster/.venv/lib/python3.9/site-packages/kiwisolver/_cext.cpython-39-x86_64-linux-gnu.so
1487a2979000-1487a297a000 rw-p 00039000 00:42 22590677974                /suphys/wedi0306/mts-spi-study-cluster/.venv/lib/python3.9/site-packages/kiwisolver/_cext.cpython-39-x86_64-linux-gnu.so
1487a297a000-1487a297b000 rw-p 00000000 00:00 0 
1487a297b000-1487a298f000 r--p 00000000 00:42 27924925633                /suphys/wedi0306/mts-spi-study-cluster/.venv/lib/python3.9/site-packages/matplotlib/ft2font.cpython-39-x86_64-linux-gnu.so
1487a298f000-1487a2a1a000 r-xp 00014000 00:42 27924925633                /suphys/wedi0306/mts-spi-study-cluster/.venv/lib/python3.9/site-packages/matplotlib/ft2font.cpython-39-x86_64-linux-gnu.so
1487a2a1a000-1487a2a46000 r--p 0009f000 00:42 27924925633                /suphys/wedi0306/mts-spi-study-cluster/.venv/lib/python3.9/site-packages/matplotlib/ft2font.cpython-39-x86_64-linux-gnu.so
1487a2a46000-1487a2a4c000 r--p 000ca000 00:42 27924925633                /suphys/wedi0306/mts-spi-study-cluster/.venv/lib/python3.9/site-packages/matplotlib/ft2font.cpython-39-x86_64-linux-gnu.so
1487a2a4c000-1487a2a4e000 rw-p 000d0000 00:42 27924925633                /suphys/wedi0306/mts-spi-study-cluster/.venv/lib/python3.9/site-packages/matplotlib/ft2font.cpython-39-x86_64-linux-gnu.so
1487a2a4e000-1487a2d4f000 rw-p 00000000 00:00 0 
1487a2d4f000-1487a2d5e000 r--p 00000000 00:42 27924918696                /suphys/wedi0306/mts-spi-study-cluster/.venv/lib/python3.9/site-packages/matplotlib/_path.cpython-39-x86_64-linux-gnu.so
1487a2d5e000-1487a2d9a000 r-xp 0000f000 00:42 27924918696                /suphys/wedi0306/mts-spi-study-cluster/.venv/lib/python3.9/site-packages/matplotlib/_path.cpython-39-x86_64-linux-gnu.so
1487a2d9a000-1487a2da8000 r--p 0004b000 00:42 27924918696                /suphys/wedi0306/mts-spi-study-cluster/.venv/lib/python3.9/site-packages/matplotlib/_path.cpython-39-x86_64-linux-gnu.so
1487a2da8000-1487a2da9000 ---p 00059000 00:42 27924918696                /suphys/wedi0306/mts-spi-study-cluster/.venv/lib/python3.9/site-packages/matplotlib/_path.cpython-39-x86_64-linux-gnu.so
1487a2da9000-1487a2daa000 r--p 00059000 00:42 27924918696                /suphys/wedi0306/mts-spi-study-cluster/.venv/lib/python3.9/site-packages/matplotlib/_path.cpython-39-x86_64-linux-gnu.so
1487a2daa000-1487a2dab000 rw-p 0005a000 00:42 27924918696                /suphys/wedi0306/mts-spi-study-cluster/.venv/lib/python3.9/site-packages/matplotlib/_path.cpython-39-x86_64-linux-gnu.so
1487a2dab000-1487a2eac000 rw-p 00000000 00:00 0 
1487a2eac000-1487a2eaf000 r-xp 00000000 00:42 32316038629                /suphys/wedi0306/mts-spi-study-cluster/.venv/lib/python3.9/site-packages/pillow.libs/libXau-154567c4.so.6.0.0
1487a2eaf000-1487a30ae000 ---p 00003000 00:42 32316038629                /suphys/wedi0306/mts-spi-study-cluster/.venv/lib/python3.9/site-packages/pillow.libs/libXau-154567c4.so.6.0.0
1487a30ae000-1487a30af000 r--p 00002000 00:42 32316038629                /suphys/wedi0306/mts-spi-study-cluster/.venv/lib/python3.9/site-packages/pillow.libs/libXau-154567c4.so.6.0.0
1487a30af000-1487a30b0000 rw-p 00000000 00:00 0 
1487a30b0000-1487a30b1000 rw-p 00005000 00:42 32316038629                /suphys/wedi0306/mts-spi-study-cluster/.venv/lib/python3.9/site-packages/pillow.libs/libXau-154567c4.so.6.0.0
1487a30b1000-1487a30b5000 r--p 00000000 00:42 32316038637                /suphys/wedi0306/mts-spi-study-cluster/.venv/lib/python3.9/site-packages/pillow.libs/liblzma-64b7ab39.so.5.8.1
1487a30b5000-1487a30e2000 r-xp 00004000 00:42 32316038637                /suphys/wedi0306/mts-spi-study-cluster/.venv/lib/python3.9/site-packages/pillow.libs/liblzma-64b7ab39.so.5.8.1
1487a30e2000-1487a30ef000 r--p 00031000 00:42 32316038637                /suphys/wedi0306/mts-spi-study-cluster/.venv/lib/python3.9/site-packages/pillow.libs/liblzma-64b7ab39.so.5.8.1
1487a30ef000-1487a30f0000 r--p 0003e000 00:42 32316038637                /suphys/wedi0306/mts-spi-study-cluster/.venv/lib/python3.9/site-packages/pillow.libs/liblzma-64b7ab39.so.5.8.1
1487a30f0000-1487a30f3000 rw-p 0003f000 00:42 32316038637                /suphys/wedi0306/mts-spi-study-cluster/.venv/lib/python3.9/site-packages/pillow.libs/liblzma-64b7ab39.so.5.8.1
1487a30f3000-1487a30ff000 r--p 00000000 00:42 32316038645                /suphys/wedi0306/mts-spi-study-cluster/.venv/lib/python3.9/site-packages/pillow.libs/libxcb-64009ff3.so.1.1.0
1487a30ff000-1487a311a000 r-xp 0000c000 00:42 32316038645                /suphys/wedi0306/mts-spi-study-cluster/.venv/lib/python3.9/site-packages/pillow.libs/libxcb-64009ff3.so.1.1.0
1487a311a000-1487a3124000 r--p 00027000 00:42 32316038645                /suphys/wedi0306/mts-spi-study-cluster/.venv/lib/python3.9/site-packages/pillow.libs/libxcb-64009ff3.so.1.1.0
1487a3124000-1487a3125000 r--p 00030000 00:42 32316038645                /suphys/wedi0306/mts-spi-study-cluster/.venv/lib/python3.9/site-packages/pillow.libs/libxcb-64009ff3.so.1.1.0
1487a3125000-1487a3126000 rw-p 00031000 00:42 32316038645                /suphys/wedi0306/mts-spi-study-cluster/.venv/lib/python3.9/site-packages/pillow.libs/libxcb-64009ff3.so.1.1.0
1487a3126000-1487a3131000 rw-p 00033000 00:42 32316038645                /suphys/wedi0306/mts-spi-study-cluster/.venv/lib/python3.9/site-packages/pillow.libs/libxcb-64009ff3.so.1.1.0
1487a3131000-1487a3139000 r--p 00000000 00:42 32316038638                /suphys/wedi0306/mts-spi-study-cluster/.venv/lib/python3.9/site-packages/pillow.libs/libopenjp2-56811f71.so.2.5.3
1487a3139000-1487a31a8000 r-xp 00008000 00:42 32316038638                /suphys/wedi0306/mts-spi-study-cluster/.venv/lib/python3.9/site-packages/pillow.libs/libopenjp2-56811f71.so.2.5.3
1487a31a8000-1487a31bb000 r--p 00077000 00:42 32316038638                /suphys/wedi0306/mts-spi-study-cluster/.venv/lib/python3.9/site-packages/pillow.libs/libopenjp2-56811f71.so.2.5.3
1487a31bb000-1487a31bc000 r--p 0008a000 00:42 32316038638                /suphys/wedi0306/mts-spi-study-cluster/.venv/lib/python3.9/site-packages/pillow.libs/libopenjp2-56811f71.so.2.5.3
1487a31bc000-1487a31bd000 rw-p 0008b000 00:42 32316038638                /suphys/wedi0306/mts-spi-study-cluster/.venv/lib/python3.9/site-packages/pillow.libs/libopenjp2-56811f71.so.2.5.3
1487a31bd000-1487a31c0000 rw-p 0008d000 00:42 32316038638                /suphys/wedi0306/mts-spi-study-cluster/.venv/lib/python3.9/site-packages/pillow.libs/libopenjp2-56811f71.so.2.5.3
1487a31c0000-1487a31c6000 r--p 00000000 00:42 32316038635                /suphys/wedi0306/mts-spi-study-cluster/.venv/lib/python3.9/site-packages/pillow.libs/libjpeg-8a13c6e0.so.62.4.0
1487a31c6000-1487a325d000 r-xp 00006000 00:42 32316038635                /suphys/wedi0306/mts-spi-study-cluster/.venv/lib/python3.9/site-packages/pillow.libs/libjpeg-8a13c6e0.so.62.4.0
1487a325d000-1487a3286000 r--p 0009d000 00:42 32316038635                /suphys/wedi0306/mts-spi-study-cluster/.venv/lib/python3.9/site-packages/pillow.libs/libjpeg-8a13c6e0.so.62.4.0
1487a3286000-1487a3287000 r--p 000c6000 00:42 32316038635                /suphys/wedi0306/mts-spi-study-cluster/.venv/lib/python3.9/site-packages/pillow.libs/libjpeg-8a13c6e0.so.62.4.0
1487a3287000-1487a328c000 rw-p 000c7000 00:42 32316038635                /suphys/wedi0306/mts-spi-study-cluster/.venv/lib/python3.9/site-packages/pillow.libs/libjpeg-8a13c6e0.so.62.4.0
1487a328c000-1487a3294000 r--p 00000000 00:42 32316038641                /suphys/wedi0306/mts-spi-study-cluster/.venv/lib/python3.9/site-packages/pillow.libs/libtiff-13a02c81.so.6.1.0
1487a3294000-1487a3307000 r-xp 00008000 00:42 32316038641                /suphys/wedi0306/mts-spi-study-cluster/.venv/lib/python3.9/site-packages/pillow.libs/libtiff-13a02c81.so.6.1.0
1487a3307000-1487a3339000 r--p 0007b000 00:42 32316038641                /suphys/wedi0306/mts-spi-study-cluster/.venv/lib/python3.9/site-packages/pillow.libs/libtiff-13a02c81.so.6.1.0
1487a3339000-1487a333d000 r--p 000ad000 00:42 32316038641                /suphys/wedi0306/mts-spi-study-cluster/.venv/lib/python3.9/site-packages/pillow.libs/libtiff-13a02c81.so.6.1.0
1487a333d000-1487a333e000 rw-p 000b1000 00:42 32316038641                /suphys/wedi0306/mts-spi-study-cluster/.venv/lib/python3.9/site-packages/pillow.libs/libtiff-13a02c81.so.6.1.0
1487a333e000-1487a3342000 rw-p 000b3000 00:42 32316038641                /suphys/wedi0306/mts-spi-study-cluster/.venv/lib/python3.9/site-packages/pillow.libs/libtiff-13a02c81.so.6.1.0
1487a3342000-1487a3356000 r--p 00000000 00:42 31149171094                /suphys/wedi0306/mts-spi-study-cluster/.venv/lib/python3.9/site-packages/PIL/_imaging.cpython-39-x86_64-linux-gnu.so
1487a3356000-1487a33dc000 r-xp 00014000 00:42 31149171094                /suphys/wedi0306/mts-spi-study-cluster/.venv/lib/python3.9/site-packages/PIL/_imaging.cpython-39-x86_64-linux-gnu.so
1487a33dc000-1487a33ed000 r--p 0009a000 00:42 31149171094                /suphys/wedi0306/mts-spi-study-cluster/.venv/lib/python3.9/site-packages/PIL/_imaging.cpython-39-x86_64-linux-gnu.so
1487a33ed000-1487a33f1000 r--p 000ab000 00:42 31149171094                /suphys/wedi0306/mts-spi-study-cluster/.venv/lib/python3.9/site-packages/PIL/_imaging.cpython-39-x86_64-linux-gnu.so
1487a33f1000-1487a33f5000 rw-p 000af000 00:42 31149171094                /suphys/wedi0306/mts-spi-study-cluster/.venv/lib/python3.9/site-packages/PIL/_imaging.cpython-39-x86_64-linux-gnu.so
1487a33f5000-1487a33fc000 rw-p 00327000 00:42 31149171094                /suphys/wedi0306/mts-spi-study-cluster/.venv/lib/python3.9/site-packages/PIL/_imaging.cpython-39-x86_64-linux-gnu.so
1487a33fc000-1487a34fc000 rw-p 00000000 00:00 0 
1487a34fc000-1487a3509000 r--p 00000000 00:42 27924918673                /suphys/wedi0306/mts-spi-study-cluster/.venv/lib/python3.9/site-packages/matplotlib/_c_internal_utils.cpython-39-x86_64-linux-gnu.so
1487a3509000-1487a3520000 r-xp 0000d000 00:42 27924918673                /suphys/wedi0306/mts-spi-study-cluster/.venv/lib/python3.9/site-packages/matplotlib/_c_internal_utils.cpython-39-x86_64-linux-gnu.so
1487a3520000-1487a3528000 r--p 00024000 00:42 27924918673                /suphys/wedi0306/mts-spi-study-cluster/.venv/lib/python3.9/site-packages/matplotlib/_c_internal_utils.cpython-39-x86_64-linux-gnu.so
1487a3528000-1487a3529000 ---p 0002c000 00:42 27924918673                /suphys/wedi0306/mts-spi-study-cluster/.venv/lib/python3.9/site-packages/matplotlib/_c_internal_utils.cpython-39-x86_64-linux-gnu.so
1487a3529000-1487a352a000 r--p 0002c000 00:42 27924918673                /suphys/wedi0306/mts-spi-study-cluster/.venv/lib/python3.9/site-packages/matplotlib/_c_internal_utils.cpython-39-x86_64-linux-gnu.so
1487a352a000-1487a352b000 rw-p 0002d000 00:42 27924918673                /suphys/wedi0306/mts-spi-study-cluster/.venv/lib/python3.9/site-packages/matplotlib/_c_internal_utils.cpython-39-x86_64-linux-gnu.so
1487a352b000-1487a36ab000 rw-p 00000000 00:00 0 
1487a36ab000-1487a36af000 r--p 00000000 00:42 14058778437                /suphys/wedi0306/mts-spi-study-cluster/.venv/lib/python3.9/site-packages/pandas/_libs/testing.cpython-39-x86_64-linux-gnu.so
1487a36af000-1487a36c5000 r-xp 00004000 00:42 14058778437                /suphys/wedi0306/mts-spi-study-cluster/.venv/lib/python3.9/site-packages/pandas/_libs/testing.cpython-39-x86_64-linux-gnu.so
1487a36c5000-1487a36c8000 r--p 0001a000 00:42 14058778437                /suphys/wedi0306/mts-spi-study-cluster/.venv/lib/python3.9/site-packages/pandas/_libs/testing.cpython-39-x86_64-linux-gnu.so
1487a36c8000-1487a36c9000 ---p 0001d000 00:42 14058778437                /suphys/wedi0306/mts-spi-study-cluster/.venv/lib/python3.9/site-packages/pandas/_libs/testing.cpython-39-x86_64-linux-gnu.so
1487a36c9000-1487a36ca000 r--p 0001d000 00:42 14058778437                /suphys/wedi0306/mts-spi-study-cluster/.venv/lib/python3.9/site-packages/pandas/_libs/testing.cpython-39-x86_64-linux-gnu.so
1487a36ca000-1487a36cb000 rw-p 0001e000 00:42 14058778437                /suphys/wedi0306/mts-spi-study-cluster/.venv/lib/python3.9/site-packages/pandas/_libs/testing.cpython-39-x86_64-linux-gnu.so
1487a36cb000-1487a374b000 rw-p 00000000 00:00 0 
1487a374c000-1487a3acc000 rw-p 00000000 00:00 0 
1487a3acc000-1487a3ad4000 r--p 00000000 00:42 14058778435                /suphys/wedi0306/mts-spi-study-cluster/.venv/lib/python3.9/site-packages/pandas/_libs/groupby.cpython-39-x86_64-linux-gnu.so
1487a3ad4000-1487a3d19000 r-xp 00008000 00:42 14058778435                /suphys/wedi0306/mts-spi-study-cluster/.venv/lib/python3.9/site-packages/pandas/_libs/groupby.cpython-39-x86_64-linux-gnu.so
1487a3d19000-1487a3d43000 r--p 0024d000 00:42 14058778435                /suphys/wedi0306/mts-spi-study-cluster/.venv/lib/python3.9/site-packages/pandas/_libs/groupby.cpython-39-x86_64-linux-gnu.so
1487a3d43000-1487a3d44000 ---p 00277000 00:42 14058778435                /suphys/wedi0306/mts-spi-study-cluster/.venv/lib/python3.9/site-packages/pandas/_libs/groupby.cpython-39-x86_64-linux-gnu.so
1487a3d44000-1487a3d45000 r--p 00277000 00:42 14058778435                /suphys/wedi0306/mts-spi-study-cluster/.venv/lib/python3.9/site-packages/pandas/_libs/groupby.cpython-39-x86_64-linux-gnu.so
1487a3d45000-1487a3d4a000 rw-p 00278000 00:42 14058778435                /suphys/wedi0306/mts-spi-study-cluster/.venv/lib/python3.9/site-packages/pandas/_libs/groupby.cpython-39-x86_64-linux-gnu.so
1487a3d4a000-1487a3dce000 rw-p 00000000 00:00 0 
1487a3dce000-1487a3dd3000 r--p 00000000 00:42 14037178049                /suphys/wedi0306/mts-spi-study-cluster/.venv/lib/python3.9/site-packages/pandas/_libs/reshape.cpython-39-x86_64-linux-gnu.so
1487a3dd3000-1487a3e0e000 r-xp 00005000 00:42 14037178049                /suphys/wedi0306/mts-spi-study-cluster/.venv/lib/python3.9/site-packages/pandas/_libs/reshape.cpython-39-x86_64-linux-gnu.so
1487a3e0e000-1487a3e17000 r--p 00040000 00:42 14037178049                /suphys/wedi0306/mts-spi-study-cluster/.venv/lib/python3.9/site-packages/pandas/_libs/reshape.cpython-39-x86_64-linux-gnu.so
1487a3e17000-1487a3e18000 r--p 00048000 00:42 14037178049                /suphys/wedi0306/mts-spi-study-cluster/.venv/lib/python3.9/site-packages/pandas/_libs/reshape.cpython-39-x86_64-linux-gnu.so
1487a3e18000-1487a3e1b000 rw-p 00049000 00:42 14037178049                /suphys/wedi0306/mts-spi-study-cluster/.venv/lib/python3.9/site-packages/pandas/_libs/reshape.cpython-39-x86_64-linux-gnu.so
1487a3e1b000-1487a3e9b000 rw-p 00000000 00:00 0 
1487a3e9b000-1487a3ea0000 r--p 00000000 00:42 15168132953                /suphys/wedi0306/mts-spi-study-cluster/.venv/lib/python3.9/site-packages/pandas/_libs/window/indexers.cpython-39-x86_64-linux-gnu.so
1487a3ea0000-1487a3ec6000 r-xp 00005000 00:42 15168132953                /suphys/wedi0306/mts-spi-study-cluster/.venv/lib/python3.9/site-packages/pandas/_libs/window/indexers.cpython-39-x86_64-linux-gnu.so
1487a3ec6000-1487a3ece000 r--p 0002b000 00:42 15168132953                /suphys/wedi0306/mts-spi-study-cluster/.venv/lib/python3.9/site-packages/pandas/_libs/window/indexers.cpython-39-x86_64-linux-gnu.so
1487a3ece000-1487a3ecf000 r--p 00032000 00:42 15168132953                /suphys/wedi0306/mts-spi-study-cluster/.venv/lib/python3.9/site-packages/pandas/_libs/window/indexers.cpython-39-x86_64-linux-gnu.so
1487a3ecf000-1487a3ed1000 rw-p 00033000 00:42 15168132953                /suphys/wedi0306/mts-spi-study-cluster/.venv/lib/python3.9/site-packages/pandas/_libs/window/indexers.cpython-39-x86_64-linux-gnu.so
1487a3ed1000-1487a3ed2000 rw-p 00000000 00:00 0 
1487a3ed2000-1487a3ed8000 r--p 00000000 00:42 15168132956                /suphys/wedi0306/mts-spi-study-cluster/.venv/lib/python3.9/site-packages/pandas/_libs/window/aggregations.cpython-39-x86_64-linux-gnu.so
1487a3ed8000-1487a3f28000 r-xp 00006000 00:42 15168132956                /suphys/wedi0306/mts-spi-study-cluster/.venv/lib/python3.9/site-packages/pandas/_libs/window/aggregations.cpython-39-x86_64-linux-gnu.so
1487a3f28000-1487a3f33000 r--p 00056000 00:42 15168132956                /suphys/wedi0306/mts-spi-study-cluster/.venv/lib/python3.9/site-packages/pandas/_libs/window/aggregations.cpython-39-x86_64-linux-gnu.so
1487a3f33000-1487a3f34000 r--p 00060000 00:42 15168132956                /suphys/wedi0306/mts-spi-study-cluster/.venv/lib/python3.9/site-packages/pandas/_libs/window/aggregations.cpython-39-x86_64-linux-gnu.so
1487a3f34000-1487a3f36000 rw-p 00061000 00:42 15168132956                /suphys/wedi0306/mts-spi-study-cluster/.venv/lib/python3.9/site-packages/pandas/_libs/window/aggregations.cpython-39-x86_64-linux-gnu.so
1487a3f36000-1487a3f77000 rw-p 00000000 00:00 0 
1487a3f77000-1487a3f79000 r--p 00000000 fd:00 201570365                  /usr/lib64/python3.9/lib-dynload/mmap.cpython-39-x86_64-linux-gnu.so
1487a3f79000-1487a3f7c000 r-xp 00002000 fd:00 201570365                  /usr/lib64/python3.9/lib-dynload/mmap.cpython-39-x86_64-linux-gnu.so
1487a3f7c000-1487a3f7e000 r--p 00005000 fd:00 201570365                  /usr/lib64/python3.9/lib-dynload/mmap.cpython-39-x86_64-linux-gnu.so
1487a3f7e000-1487a3f7f000 r--p 00006000 fd:00 201570365                  /usr/lib64/python3.9/lib-dynload/mmap.cpython-39-x86_64-linux-gnu.so
1487a3f7f000-1487a3f80000 rw-p 00007000 fd:00 201570365                  /usr/lib64/python3.9/lib-dynload/mmap.cpython-39-x86_64-linux-gnu.so
1487a3f80000-1487a4021000 rw-p 00000000 00:00 0 
1487a4021000-1487a8000000 ---p 00000000 00:00 0 
1487a8002000-1487a8142000 rw-p 00000000 00:00 0 
1487a8142000-1487a8148000 r--p 00000000 00:42 14058778441                /suphys/wedi0306/mts-spi-study-cluster/.venv/lib/python3.9/site-packages/pandas/_libs/join.cpython-39-x86_64-linux-gnu.so
1487a8148000-1487a8285000 r-xp 00006000 00:42 14058778441                /suphys/wedi0306/mts-spi-study-cluster/.venv/lib/python3.9/site-packages/pandas/_libs/join.cpython-39-x86_64-linux-gnu.so
1487a8285000-1487a8295000 r--p 00143000 00:42 14058778441                /suphys/wedi0306/mts-spi-study-cluster/.venv/lib/python3.9/site-packages/pandas/_libs/join.cpython-39-x86_64-linux-gnu.so
1487a8295000-1487a8296000 r--p 00152000 00:42 14058778441                /suphys/wedi0306/mts-spi-study-cluster/.venv/lib/python3.9/site-packages/pandas/_libs/join.cpython-39-x86_64-linux-gnu.so
1487a8296000-1487a8299000 rw-p 00153000 00:42 14058778441                /suphys/wedi0306/mts-spi-study-cluster/.venv/lib/python3.9/site-packages/pandas/_libs/join.cpython-39-x86_64-linux-gnu.so
1487a8299000-1487a829b000 rw-p 00000000 00:00 0 
1487a829b000-1487a82a0000 r--p 00000000 00:42 14055818744                /suphys/wedi0306/mts-spi-study-cluster/.venv/lib/python3.9/site-packages/pandas/_libs/writers.cpython-39-x86_64-linux-gnu.so
1487a82a0000-1487a82cf000 r-xp 00005000 00:42 14055818744                /suphys/wedi0306/mts-spi-study-cluster/.venv/lib/python3.9/site-packages/pandas/_libs/writers.cpython-39-x86_64-linux-gnu.so
1487a82cf000-1487a82d7000 r--p 00034000 00:42 14055818744                /suphys/wedi0306/mts-spi-study-cluster/.venv/lib/python3.9/site-packages/pandas/_libs/writers.cpython-39-x86_64-linux-gnu.so
1487a82d7000-1487a82d8000 ---p 0003c000 00:42 14055818744                /suphys/wedi0306/mts-spi-study-cluster/.venv/lib/python3.9/site-packages/pandas/_libs/writers.cpython-39-x86_64-linux-gnu.so
1487a82d8000-1487a82d9000 r--p 0003c000 00:42 14055818744                /suphys/wedi0306/mts-spi-study-cluster/.venv/lib/python3.9/site-packages/pandas/_libs/writers.cpython-39-x86_64-linux-gnu.so
1487a82d9000-1487a82db000 rw-p 0003d000 00:42 14055818744                /suphys/wedi0306/mts-spi-study-cluster/.venv/lib/python3.9/site-packages/pandas/_libs/writers.cpython-39-x86_64-linux-gnu.so
1487a82db000-1487a831c000 rw-p 00000000 00:00 0 
1487a831c000-1487a8326000 r--p 00000000 00:42 14037178053                /suphys/wedi0306/mts-spi-study-cluster/.venv/lib/python3.9/site-packages/pandas/_libs/index.cpython-39-x86_64-linux-gnu.so
1487a8326000-1487a83ec000 r-xp 0000a000 00:42 14037178053                /suphys/wedi0306/mts-spi-study-cluster/.venv/lib/python3.9/site-packages/pandas/_libs/index.cpython-39-x86_64-linux-gnu.so
1487a83ec000-1487a8405000 r--p 000d0000 00:42 14037178053                /suphys/wedi0306/mts-spi-study-cluster/.venv/lib/python3.9/site-packages/pandas/_libs/index.cpython-39-x86_64-linux-gnu.so
1487a8405000-1487a8406000 ---p 000e9000 00:42 14037178053                /suphys/wedi0306/mts-spi-study-cluster/.venv/lib/python3.9/site-packages/pandas/_libs/index.cpython-39-x86_64-linux-gnu.so
1487a8406000-1487a8407000 r--p 000e9000 00:42 14037178053                /suphys/wedi0306/mts-spi-study-cluster/.venv/lib/python3.9/site-packages/pandas/_libs/index.cpython-39-x86_64-linux-gnu.so
1487a8407000-1487a840f000 rw-p 000ea000 00:42 14037178053                /suphys/wedi0306/mts-spi-study-cluster/.venv/lib/python3.9/site-packages/pandas/_libs/index.cpython-39-x86_64-linux-gnu.so
1487a840f000-1487a8452000 rw-p 00000000 00:00 0 
1487a8452000-1487a8455000 r--p 00000000 00:42 14037178059                /suphys/wedi0306/mts-spi-study-cluster/.venv/lib/python3.9/site-packages/pandas/_libs/indexing.cpython-39-x86_64-linux-gnu.so
1487a8455000-1487a845f000 r-xp 00003000 00:42 14037178059                /suphys/wedi0306/mts-spi-study-cluster/.venv/lib/python3.9/site-packages/pandas/_libs/indexing.cpython-39-x86_64-linux-gnu.so
1487a845f000-1487a8462000 r--p 0000d000 00:42 14037178059                /suphys/wedi0306/mts-spi-study-cluster/.venv/lib/python3.9/site-packages/pandas/_libs/indexing.cpython-39-x86_64-linux-gnu.so
1487a8462000-1487a8463000 r--p 0000f000 00:42 14037178059                /suphys/wedi0306/mts-spi-study-cluster/.venv/lib/python3.9/site-packages/pandas/_libs/indexing.cpython-39-x86_64-linux-gnu.so
1487a8463000-1487a8464000 rw-p 00010000 00:42 14037178059                /suphys/wedi0306/mts-spi-study-cluster/.venv/lib/python3.9/site-packages/pandas/_libs/indexing.cpython-39-x86_64-linux-gnu.so
1487a8464000-1487a8466000 r--p 00000000 fd:00 201569969                  /usr/lib64/python3.9/lib-dynload/_json.cpython-39-x86_64-linux-gnu.so
1487a8466000-1487a846d000 r-xp 00002000 fd:00 201569969                  /usr/lib64/python3.9/lib-dynload/_json.cpython-39-x86_64-linux-gnu.so
1487a846d000-1487a846f000 r--p 00009000 fd:00 201569969                  /usr/lib64/python3.9/lib-dynload/_json.cpython-39-x86_64-linux-gnu.so
1487a846f000-1487a8470000 r--p 0000a000 fd:00 201569969                  /usr/lib64/python3.9/lib-dynload/_json.cpython-39-x86_64-linux-gnu.so
1487a8470000-1487a8471000 rw-p 0000b000 fd:00 201569969                  /usr/lib64/python3.9/lib-dynload/_json.cpython-39-x86_64-linux-gnu.so
1487a8471000-1487a8531000 rw-p 00000000 00:00 0 
1487a8531000-1487a8537000 r--p 00000000 00:42 14055818750                /suphys/wedi0306/mts-spi-study-cluster/.venv/lib/python3.9/site-packages/pandas/_libs/internals.cpython-39-x86_64-linux-gnu.so
1487a8537000-1487a8585000 r-xp 00006000 00:42 14055818750                /suphys/wedi0306/mts-spi-study-cluster/.venv/lib/python3.9/site-packages/pandas/_libs/internals.cpython-39-x86_64-linux-gnu.so
1487a8585000-1487a8592000 r--p 00054000 00:42 14055818750                /suphys/wedi0306/mts-spi-study-cluster/.venv/lib/python3.9/site-packages/pandas/_libs/internals.cpython-39-x86_64-linux-gnu.so
1487a8592000-1487a8593000 r--p 00060000 00:42 14055818750                /suphys/wedi0306/mts-spi-study-cluster/.venv/lib/python3.9/site-packages/pandas/_libs/internals.cpython-39-x86_64-linux-gnu.so
1487a8593000-1487a8596000 rw-p 00061000 00:42 14055818750                /suphys/wedi0306/mts-spi-study-cluster/.venv/lib/python3.9/site-packages/pandas/_libs/internals.cpython-39-x86_64-linux-gnu.so
1487a8596000-1487a8618000 rw-p 00000000 00:00 0 
1487a8618000-1487a861e000 r--p 00000000 00:42 14055818743                /suphys/wedi0306/mts-spi-study-cluster/.venv/lib/python3.9/site-packages/pandas/_libs/sparse.cpython-39-x86_64-linux-gnu.so
1487a861e000-1487a86f5000 r-xp 00006000 00:42 14055818743                /suphys/wedi0306/mts-spi-study-cluster/.venv/lib/python3.9/site-packages/pandas/_libs/sparse.cpython-39-x86_64-linux-gnu.so
1487a86f5000-1487a8706000 r--p 000dd000 00:42 14055818743                /suphys/wedi0306/mts-spi-study-cluster/.venv/lib/python3.9/site-packages/pandas/_libs/sparse.cpython-39-x86_64-linux-gnu.so
1487a8706000-1487a8707000 r--p 000ed000 00:42 14055818743                /suphys/wedi0306/mts-spi-study-cluster/.venv/lib/python3.9/site-packages/pandas/_libs/sparse.cpython-39-x86_64-linux-gnu.so
1487a8707000-1487a870a000 rw-p 000ee000 00:42 14055818743                /suphys/wedi0306/mts-spi-study-cluster/.venv/lib/python3.9/site-packages/pandas/_libs/sparse.cpython-39-x86_64-linux-gnu.so
1487a870a000-1487a878c000 rw-p 00000000 00:00 0 
1487a878c000-1487a8791000 r--p 00000000 00:42 14037178052                /suphys/wedi0306/mts-spi-study-cluster/.venv/lib/python3.9/site-packages/pandas/_libs/tslib.cpython-39-x86_64-linux-gnu.so
1487a8791000-1487a87d3000 r-xp 00005000 00:42 14037178052                /suphys/wedi0306/mts-spi-study-cluster/.venv/lib/python3.9/site-packages/pandas/_libs/tslib.cpython-39-x86_64-linux-gnu.so
1487a87d3000-1487a87dd000 r--p 00047000 00:42 14037178052                /suphys/wedi0306/mts-spi-study-cluster/.venv/lib/python3.9/site-packages/pandas/_libs/tslib.cpython-39-x86_64-linux-gnu.so
1487a87dd000-1487a87de000 r--p 00050000 00:42 14037178052                /suphys/wedi0306/mts-spi-study-cluster/.venv/lib/python3.9/site-packages/pandas/_libs/tslib.cpython-39-x86_64-linux-gnu.so
1487a87de000-1487a87e0000 rw-p 00051000 00:42 14037178052                /suphys/wedi0306/mts-spi-study-cluster/.venv/lib/python3.9/site-packages/pandas/_libs/tslib.cpython-39-x86_64-linux-gnu.so
1487a87e0000-1487a8821000 rw-p 00000000 00:00 0 
1487a8821000-1487a8823000 r--p 00000000 fd:00 201569957                  /usr/lib64/python3.9/lib-dynload/_csv.cpython-39-x86_64-linux-gnu.so
1487a8823000-1487a8826000 r-xp 00002000 fd:00 201569957                  /usr/lib64/python3.9/lib-dynload/_csv.cpython-39-x86_64-linux-gnu.so
1487a8826000-1487a8828000 r--p 00005000 fd:00 201569957                  /usr/lib64/python3.9/lib-dynload/_csv.cpython-39-x86_64-linux-gnu.so
1487a8828000-1487a8829000 r--p 00007000 fd:00 201569957                  /usr/lib64/python3.9/lib-dynload/_csv.cpython-39-x86_64-linux-gnu.so
1487a8829000-1487a882a000 rw-p 00008000 fd:00 201569957                  /usr/lib64/python3.9/lib-dynload/_csv.cpython-39-x86_64-linux-gnu.so
1487a882a000-1487a88aa000 rw-p 00000000 00:00 0 
1487a88aa000-1487a88ae000 r--p 00000000 00:42 14037178055                /suphys/wedi0306/mts-spi-study-cluster/.venv/lib/python3.9/site-packages/pandas/_libs/arrays.cpython-39-x86_64-linux-gnu.so
1487a88ae000-1487a88c5000 r-xp 00004000 00:42 14037178055                /suphys/wedi0306/mts-spi-study-cluster/.venv/lib/python3.9/site-packages/pandas/_libs/arrays.cpython-39-x86_64-linux-gnu.so
1487a88c5000-1487a88c9000 r--p 0001b000 00:42 14037178055                /suphys/wedi0306/mts-spi-study-cluster/.venv/lib/python3.9/site-packages/pandas/_libs/arrays.cpython-39-x86_64-linux-gnu.so
1487a88c9000-1487a88ca000 ---p 0001f000 00:42 14037178055                /suphys/wedi0306/mts-spi-study-cluster/.venv/lib/python3.9/site-packages/pandas/_libs/arrays.cpython-39-x86_64-linux-gnu.so
1487a88ca000-1487a88cb000 r--p 0001f000 00:42 14037178055                /suphys/wedi0306/mts-spi-study-cluster/.venv/lib/python3.9/site-packages/pandas/_libs/arrays.cpython-39-x86_64-linux-gnu.so
1487a88cb000-1487a88cd000 rw-p 00020000 00:42 14037178055                /suphys/wedi0306/mts-spi-study-cluster/.venv/lib/python3.9/site-packages/pandas/_libs/arrays.cpython-39-x86_64-linux-gnu.so
1487a88cd000-1487a88d2000 r--p 00000000 00:42 14037178051                /suphys/wedi0306/mts-spi-study-cluster/.venv/lib/python3.9/site-packages/pandas/_libs/hashing.cpython-39-x86_64-linux-gnu.so
1487a88d2000-1487a88f9000 r-xp 00005000 00:42 14037178051                /suphys/wedi0306/mts-spi-study-cluster/.venv/lib/python3.9/site-packages/pandas/_libs/hashing.cpython-39-x86_64-linux-gnu.so
1487a88f9000-1487a8901000 r--p 0002c000 00:42 14037178051                /suphys/wedi0306/mts-spi-study-cluster/.venv/lib/python3.9/site-packages/pandas/_libs/hashing.cpython-39-x86_64-linux-gnu.so
1487a8901000-1487a8902000 r--p 00033000 00:42 14037178051                /suphys/wedi0306/mts-spi-study-cluster/.venv/lib/python3.9/site-packages/pandas/_libs/hashing.cpython-39-x86_64-linux-gnu.so
1487a8902000-1487a8904000 rw-p 00034000 00:42 14037178051                /suphys/wedi0306/mts-spi-study-cluster/.venv/lib/python3.9/site-packages/pandas/_libs/hashing.cpython-39-x86_64-linux-gnu.so
1487a8904000-1487a8985000 rw-p 00000000 00:00 0 
1487a8985000-1487a898a000 r--p 00000000 00:42 14058778439                /suphys/wedi0306/mts-spi-study-cluster/.venv/lib/python3.9/site-packages/pandas/_libs/ops.cpython-39-x86_64-linux-gnu.so
1487a898a000-1487a89bc000 r-xp 00005000 00:42 14058778439                /suphys/wedi0306/mts-spi-study-cluster/.venv/lib/python3.9/site-packages/pandas/_libs/ops.cpython-39-x86_64-linux-gnu.so
1487a89bc000-1487a89c4000 r--p 00037000 00:42 14058778439                /suphys/wedi0306/mts-spi-study-cluster/.venv/lib/python3.9/site-packages/pandas/_libs/ops.cpython-39-x86_64-linux-gnu.so
1487a89c4000-1487a89c5000 ---p 0003f000 00:42 14058778439                /suphys/wedi0306/mts-spi-study-cluster/.venv/lib/python3.9/site-packages/pandas/_libs/ops.cpython-39-x86_64-linux-gnu.so
1487a89c5000-1487a89c6000 r--p 0003f000 00:42 14058778439                /suphys/wedi0306/mts-spi-study-cluster/.venv/lib/python3.9/site-packages/pandas/_libs/ops.cpython-39-x86_64-linux-gnu.so
1487a89c6000-1487a89c8000 rw-p 00040000 00:42 14058778439                /suphys/wedi0306/mts-spi-study-cluster/.venv/lib/python3.9/site-packages/pandas/_libs/ops.cpython-39-x86_64-linux-gnu.so
1487a89c8000-1487a8a09000 rw-p 00000000 00:00 0 
1487a8a09000-1487a8a0c000 r--p 00000000 fd:00 201573720                  /usr/lib64/python3.9/lib-dynload/unicodedata.cpython-39-x86_64-linux-gnu.so
1487a8a0c000-1487a8a10000 r-xp 00003000 fd:00 201573720                  /usr/lib64/python3.9/lib-dynload/unicodedata.cpython-39-x86_64-linux-gnu.so
1487a8a10000-1487a8b18000 r--p 00007000 fd:00 201573720                  /usr/lib64/python3.9/lib-dynload/unicodedata.cpython-39-x86_64-linux-gnu.so
1487a8b18000-1487a8b19000 r--p 0010e000 fd:00 201573720                  /usr/lib64/python3.9/lib-dynload/unicodedata.cpython-39-x86_64-linux-gnu.so
1487a8b19000-1487a8b1a000 rw-p 0010f000 fd:00 201573720                  /usr/lib64/python3.9/lib-dynload/unicodedata.cpython-39-x86_64-linux-gnu.so
1487a8b1a000-1487a8c5a000 rw-p 00000000 00:00 0 
1487a8c5a000-1487a8c8e000 r--p 00000000 00:42 25793522696                /suphys/wedi0306/mts-spi-study-cluster/.venv/lib/python3.9/site-packages/pyarrow/_compute.cpython-39-x86_64-linux-gnu.so
1487a8c8e000-1487a8d1d000 r-xp 00034000 00:42 25793522696                /suphys/wedi0306/mts-spi-study-cluster/.venv/lib/python3.9/site-packages/pyarrow/_compute.cpython-39-x86_64-linux-gnu.so
1487a8d1d000-1487a8d4c000 r--p 000c3000 00:42 25793522696                /suphys/wedi0306/mts-spi-study-cluster/.venv/lib/python3.9/site-packages/pyarrow/_compute.cpython-39-x86_64-linux-gnu.so
1487a8d4c000-1487a8d52000 r--p 000f1000 00:42 25793522696                /suphys/wedi0306/mts-spi-study-cluster/.venv/lib/python3.9/site-packages/pyarrow/_compute.cpython-39-x86_64-linux-gnu.so
1487a8d52000-1487a8d5f000 rw-p 000f7000 00:42 25793522696                /suphys/wedi0306/mts-spi-study-cluster/.venv/lib/python3.9/site-packages/pyarrow/_compute.cpython-39-x86_64-linux-gnu.so
1487a8d5f000-1487a8e24000 rw-p 00000000 00:00 0 
1487a8e24000-1487a8e2c000 r--p 00000000 00:42 14037178056                /suphys/wedi0306/mts-spi-study-cluster/.venv/lib/python3.9/site-packages/pandas/_libs/lib.cpython-39-x86_64-linux-gnu.so
1487a8e2c000-1487a8ee8000 r-xp 00008000 00:42 14037178056                /suphys/wedi0306/mts-spi-study-cluster/.venv/lib/python3.9/site-packages/pandas/_libs/lib.cpython-39-x86_64-linux-gnu.so
1487a8ee8000-1487a8f01000 r--p 000c4000 00:42 14037178056                /suphys/wedi0306/mts-spi-study-cluster/.venv/lib/python3.9/site-packages/pandas/_libs/lib.cpython-39-x86_64-linux-gnu.so
1487a8f01000-1487a8f02000 ---p 000dd000 00:42 14037178056                /suphys/wedi0306/mts-spi-study-cluster/.venv/lib/python3.9/site-packages/pandas/_libs/lib.cpython-39-x86_64-linux-gnu.so
1487a8f02000-1487a8f03000 r--p 000dd000 00:42 14037178056                /suphys/wedi0306/mts-spi-study-cluster/.venv/lib/python3.9/site-packages/pandas/_libs/lib.cpython-39-x86_64-linux-gnu.so
1487a8f03000-1487a8f09000 rw-p 000de000 00:42 14037178056                /suphys/wedi0306/mts-spi-study-cluster/.venv/lib/python3.9/site-packages/pandas/_libs/lib.cpython-39-x86_64-linux-gnu.so
1487a8f09000-1487a8f4c000 rw-p 00000000 00:00 0 
1487a8f4c000-1487a8f55000 r--p 00000000 00:42 14055818746                /suphys/wedi0306/mts-spi-study-cluster/.venv/lib/python3.9/site-packages/pandas/_libs/algos.cpython-39-x86_64-linux-gnu.so
1487a8f55000-1487a913b000 r-xp 00009000 00:42 14055818746                /suphys/wedi0306/mts-spi-study-cluster/.venv/lib/python3.9/site-packages/pandas/_libs/algos.cpython-39-x86_64-linux-gnu.so
1487a913b000-1487a915f000 r--p 001ef000 00:42 14055818746                /suphys/wedi0306/mts-spi-study-cluster/.venv/lib/python3.9/site-packages/pandas/_libs/algos.cpython-39-x86_64-linux-gnu.so
1487a915f000-1487a9160000 r--p 00212000 00:42 14055818746                /suphys/wedi0306/mts-spi-study-cluster/.venv/lib/python3.9/site-packages/pandas/_libs/algos.cpython-39-x86_64-linux-gnu.so
1487a9160000-1487a9165000 rw-p 00213000 00:42 14055818746                /suphys/wedi0306/mts-spi-study-cluster/.venv/lib/python3.9/site-packages/pandas/_libs/algos.cpython-39-x86_64-linux-gnu.so
1487a9165000-1487a9169000 rw-p 00000000 00:00 0 
1487a9169000-1487a916c000 r--p 00000000 00:42 14058778443                /suphys/wedi0306/mts-spi-study-cluster/.venv/lib/python3.9/site-packages/pandas/_libs/ops_dispatch.cpython-39-x86_64-linux-gnu.so
1487a916c000-1487a9175000 r-xp 00003000 00:42 14058778443                /suphys/wedi0306/mts-spi-study-cluster/.venv/lib/python3.9/site-packages/pandas/_libs/ops_dispatch.cpython-39-x86_64-linux-gnu.so
1487a9175000-1487a9177000 r--p 0000c000 00:42 14058778443                /suphys/wedi0306/mts-spi-study-cluster/.venv/lib/python3.9/site-packages/pandas/_libs/ops_dispatch.cpython-39-x86_64-linux-gnu.so
1487a9177000-1487a9178000 r--p 0000d000 00:42 14058778443                /suphys/wedi0306/mts-spi-study-cluster/.venv/lib/python3.9/site-packages/pandas/_libs/ops_dispatch.cpython-39-x86_64-linux-gnu.so
1487a9178000-1487a9179000 rw-p 0000e000 00:42 14058778443                /suphys/wedi0306/mts-spi-study-cluster/.venv/lib/python3.9/site-packages/pandas/_libs/ops_dispatch.cpython-39-x86_64-linux-gnu.so
1487a9179000-1487a917e000 r--p 00000000 00:42 16248798831                /suphys/wedi0306/mts-spi-study-cluster/.venv/lib/python3.9/site-packages/pandas/_libs/tslibs/vectorized.cpython-39-x86_64-linux-gnu.so
1487a917e000-1487a91ab000 r-xp 00005000 00:42 16248798831                /suphys/wedi0306/mts-spi-study-cluster/.venv/lib/python3.9/site-packages/pandas/_libs/tslibs/vectorized.cpython-39-x86_64-linux-gnu.so
1487a91ab000-1487a91b4000 r--p 00032000 00:42 16248798831                /suphys/wedi0306/mts-spi-study-cluster/.venv/lib/python3.9/site-packages/pandas/_libs/tslibs/vectorized.cpython-39-x86_64-linux-gnu.so
1487a91b4000-1487a91b5000 r--p 0003a000 00:42 16248798831                /suphys/wedi0306/mts-spi-study-cluster/.venv/lib/python3.9/site-packages/pandas/_libs/tslibs/vectorized.cpython-39-x86_64-linux-gnu.so
1487a91b5000-1487a91b7000 rw-p 0003b000 00:42 16248798831                /suphys/wedi0306/mts-spi-study-cluster/.venv/lib/python3.9/site-packages/pandas/_libs/tslibs/vectorized.cpython-39-x86_64-linux-gnu.so
1487a91b7000-1487a91b8000 rw-p 00000000 00:00 0 
1487a91b8000-1487a91be000 r--p 00000000 00:42 16261361160                /suphys/wedi0306/mts-spi-study-cluster/.venv/lib/python3.9/site-packages/pandas/_libs/tslibs/period.cpython-39-x86_64-linux-gnu.so
1487a91be000-1487a921e000 r-xp 00006000 00:42 16261361160                /suphys/wedi0306/mts-spi-study-cluster/.venv/lib/python3.9/site-packages/pandas/_libs/tslibs/period.cpython-39-x86_64-linux-gnu.so
1487a921e000-1487a9237000 r--p 00066000 00:42 16261361160                /suphys/wedi0306/mts-spi-study-cluster/.venv/lib/python3.9/site-packages/pandas/_libs/tslibs/period.cpython-39-x86_64-linux-gnu.so
1487a9237000-1487a9238000 r--p 0007e000 00:42 16261361160                /suphys/wedi0306/mts-spi-study-cluster/.venv/lib/python3.9/site-packages/pandas/_libs/tslibs/period.cpython-39-x86_64-linux-gnu.so
1487a9238000-1487a923b000 rw-p 0007f000 00:42 16261361160                /suphys/wedi0306/mts-spi-study-cluster/.venv/lib/python3.9/site-packages/pandas/_libs/tslibs/period.cpython-39-x86_64-linux-gnu.so
1487a923b000-1487a923d000 rw-p 00000000 00:00 0 
1487a923d000-1487a9242000 r--p 00000000 00:42 16248798847                /suphys/wedi0306/mts-spi-study-cluster/.venv/lib/python3.9/site-packages/pandas/_libs/tslibs/strptime.cpython-39-x86_64-linux-gnu.so
1487a9242000-1487a9294000 r-xp 00005000 00:42 16248798847                /suphys/wedi0306/mts-spi-study-cluster/.venv/lib/python3.9/site-packages/pandas/_libs/tslibs/strptime.cpython-39-x86_64-linux-gnu.so
1487a9294000-1487a929f000 r--p 00057000 00:42 16248798847                /suphys/wedi0306/mts-spi-study-cluster/.venv/lib/python3.9/site-packages/pandas/_libs/tslibs/strptime.cpython-39-x86_64-linux-gnu.so
1487a929f000-1487a92a0000 r--p 00061000 00:42 16248798847                /suphys/wedi0306/mts-spi-study-cluster/.venv/lib/python3.9/site-packages/pandas/_libs/tslibs/strptime.cpython-39-x86_64-linux-gnu.so
1487a92a0000-1487a92a2000 rw-p 00062000 00:42 16248798847                /suphys/wedi0306/mts-spi-study-cluster/.venv/lib/python3.9/site-packages/pandas/_libs/tslibs/strptime.cpython-39-x86_64-linux-gnu.so
1487a92a2000-1487a92e4000 rw-p 00000000 00:00 0 
1487a92e4000-1487a92ea000 r--p 00000000 00:42 16248798825                /suphys/wedi0306/mts-spi-study-cluster/.venv/lib/python3.9/site-packages/pandas/_libs/tslibs/parsing.cpython-39-x86_64-linux-gnu.so
1487a92ea000-1487a9344000 r-xp 00006000 00:42 16248798825                /suphys/wedi0306/mts-spi-study-cluster/.venv/lib/python3.9/site-packages/pandas/_libs/tslibs/parsing.cpython-39-x86_64-linux-gnu.so
1487a9344000-1487a9352000 r--p 00060000 00:42 16248798825                /suphys/wedi0306/mts-spi-study-cluster/.venv/lib/python3.9/site-packages/pandas/_libs/tslibs/parsing.cpython-39-x86_64-linux-gnu.so
1487a9352000-1487a9353000 r--p 0006d000 00:42 16248798825                /suphys/wedi0306/mts-spi-study-cluster/.venv/lib/python3.9/site-packages/pandas/_libs/tslibs/parsing.cpython-39-x86_64-linux-gnu.so
1487a9353000-1487a9356000 rw-p 0006e000 00:42 16248798825                /suphys/wedi0306/mts-spi-study-cluster/.venv/lib/python3.9/site-packages/pandas/_libs/tslibs/parsing.cpython-39-x86_64-linux-gnu.so
1487a9356000-1487a9357000 rw-p 00000000 00:00 0 
1487a9357000-1487a935b000 r--p 00000000 00:42 14037178057                /suphys/wedi0306/mts-spi-study-cluster/.venv/lib/python3.9/site-packages/pandas/_libs/properties.cpython-39-x86_64-linux-gnu.so
1487a935b000-1487a936a000 r-xp 00004000 00:42 14037178057                /suphys/wedi0306/mts-spi-study-cluster/.venv/lib/python3.9/site-packages/pandas/_libs/properties.cpython-39-x86_64-linux-gnu.so
1487a936a000-1487a936d000 r--p 00013000 00:42 14037178057                /suphys/wedi0306/mts-spi-study-cluster/.venv/lib/python3.9/site-packages/pandas/_libs/properties.cpython-39-x86_64-linux-gnu.so
1487a936d000-1487a936e000 r--p 00015000 00:42 14037178057                /suphys/wedi0306/mts-spi-study-cluster/.venv/lib/python3.9/site-packages/pandas/_libs/properties.cpython-39-x86_64-linux-gnu.so
1487a936e000-1487a936f000 rw-p 00016000 00:42 14037178057                /suphys/wedi0306/mts-spi-study-cluster/.venv/lib/python3.9/site-packages/pandas/_libs/properties.cpython-39-x86_64-linux-gnu.so
1487a936f000-1487a9370000 rw-p 00000000 00:00 0 
1487a9370000-1487a9375000 r--p 00000000 00:42 16248798841                /suphys/wedi0306/mts-spi-study-cluster/.venv/lib/python3.9/site-packages/pandas/_libs/tslibs/tzconversion.cpython-39-x86_64-linux-gnu.so
1487a9375000-1487a93b7000 r-xp 00005000 00:42 16248798841                /suphys/wedi0306/mts-spi-study-cluster/.venv/lib/python3.9/site-packages/pandas/_libs/tslibs/tzconversion.cpython-39-x86_64-linux-gnu.so
1487a93b7000-1487a93c1000 r--p 00047000 00:42 16248798841                /suphys/wedi0306/mts-spi-study-cluster/.venv/lib/python3.9/site-packages/pandas/_libs/tslibs/tzconversion.cpython-39-x86_64-linux-gnu.so
1487a93c1000-1487a93c2000 r--p 00050000 00:42 16248798841                /suphys/wedi0306/mts-spi-study-cluster/.venv/lib/python3.9/site-packages/pandas/_libs/tslibs/tzconversion.cpython-39-x86_64-linux-gnu.so
1487a93c2000-1487a93c4000 rw-p 00051000 00:42 16248798841                /suphys/wedi0306/mts-spi-study-cluster/.venv/lib/python3.9/site-packages/pandas/_libs/tslibs/tzconversion.cpython-39-x86_64-linux-gnu.so
1487a93c4000-1487a9405000 rw-p 00000000 00:00 0 
1487a9405000-1487a940a000 r--p 00000000 00:42 16248798837                /suphys/wedi0306/mts-spi-study-cluster/.venv/lib/python3.9/site-packages/pandas/_libs/tslibs/fields.cpython-39-x86_64-linux-gnu.so
1487a940a000-1487a944c000 r-xp 00005000 00:42 16248798837                /suphys/wedi0306/mts-spi-study-cluster/.venv/lib/python3.9/site-packages/pandas/_libs/tslibs/fields.cpython-39-x86_64-linux-gnu.so
1487a944c000-1487a9456000 r--p 00047000 00:42 16248798837                /suphys/wedi0306/mts-spi-study-cluster/.venv/lib/python3.9/site-packages/pandas/_libs/tslibs/fields.cpython-39-x86_64-linux-gnu.so
1487a9456000-1487a9457000 ---p 00051000 00:42 16248798837                /suphys/wedi0306/mts-spi-study-cluster/.venv/lib/python3.9/site-packages/pandas/_libs/tslibs/fields.cpython-39-x86_64-linux-gnu.so
1487a9457000-1487a9458000 r--p 00051000 00:42 16248798837                /suphys/wedi0306/mts-spi-study-cluster/.venv/lib/python3.9/site-packages/pandas/_libs/tslibs/fields.cpython-39-x86_64-linux-gnu.so
1487a9458000-1487a945a000 rw-p 00052000 00:42 16248798837                /suphys/wedi0306/mts-spi-study-cluster/.venv/lib/python3.9/site-packages/pandas/_libs/tslibs/fields.cpython-39-x86_64-linux-gnu.so
1487a945a000-1487a949b000 rw-p 00000000 00:00 0 
1487a949b000-1487a949d000 r--p 00000000 fd:00 201570200                  /usr/lib64/python3.9/lib-dynload/_zoneinfo.cpython-39-x86_64-linux-gnu.so
1487a949d000-1487a94a1000 r-xp 00002000 fd:00 201570200                  /usr/lib64/python3.9/lib-dynload/_zoneinfo.cpython-39-x86_64-linux-gnu.so
1487a94a1000-1487a94a2000 r--p 00006000 fd:00 201570200                  /usr/lib64/python3.9/lib-dynload/_zoneinfo.cpython-39-x86_64-linux-gnu.so
1487a94a2000-1487a94a3000 r--p 00007000 fd:00 201570200                  /usr/lib64/python3.9/lib-dynload/_zoneinfo.cpython-39-x86_64-linux-gnu.so
1487a94a3000-1487a94a4000 rw-p 00008000 fd:00 201570200                  /usr/lib64/python3.9/lib-dynload/_zoneinfo.cpython-39-x86_64-linux-gnu.so
1487a94a4000-1487a94a9000 r--p 00000000 00:42 16248798824                /suphys/wedi0306/mts-spi-study-cluster/.venv/lib/python3.9/site-packages/pandas/_libs/tslibs/timezones.cpython-39-x86_64-linux-gnu.so
1487a94a9000-1487a94e0000 r-xp 00005000 00:42 16248798824                /suphys/wedi0306/mts-spi-study-cluster/.venv/lib/python3.9/site-packages/pandas/_libs/tslibs/timezones.cpython-39-x86_64-linux-gnu.so
1487a94e0000-1487a94ea000 r--p 0003c000 00:42 16248798824                /suphys/wedi0306/mts-spi-study-cluster/.venv/lib/python3.9/site-packages/pandas/_libs/tslibs/timezones.cpython-39-x86_64-linux-gnu.so
1487a94ea000-1487a94eb000 r--p 00045000 00:42 16248798824                /suphys/wedi0306/mts-spi-study-cluster/.venv/lib/python3.9/site-packages/pandas/_libs/tslibs/timezones.cpython-39-x86_64-linux-gnu.so
1487a94eb000-1487a94ed000 rw-p 00046000 00:42 16248798824                /suphys/wedi0306/mts-spi-study-cluster/.venv/lib/python3.9/site-packages/pandas/_libs/tslibs/timezones.cpython-39-x86_64-linux-gnu.so
1487a94ed000-1487a94ee000 rw-p 00000000 00:00 0 
1487a94ee000-1487a94f5000 r--p 00000000 00:42 16248798828                /suphys/wedi0306/mts-spi-study-cluster/.venv/lib/python3.9/site-packages/pandas/_libs/tslibs/timedeltas.cpython-39-x86_64-linux-gnu.so
1487a94f5000-1487a9575000 r-xp 00007000 00:42 16248798828                /suphys/wedi0306/mts-spi-study-cluster/.venv/lib/python3.9/site-packages/pandas/_libs/tslibs/timedeltas.cpython-39-x86_64-linux-gnu.so
1487a9575000-1487a958a000 r--p 00087000 00:42 16248798828                /suphys/wedi0306/mts-spi-study-cluster/.venv/lib/python3.9/site-packages/pandas/_libs/tslibs/timedeltas.cpython-39-x86_64-linux-gnu.so
1487a958a000-1487a958b000 r--p 0009b000 00:42 16248798828                /suphys/wedi0306/mts-spi-study-cluster/.venv/lib/python3.9/site-packages/pandas/_libs/tslibs/timedeltas.cpython-39-x86_64-linux-gnu.so
1487a958b000-1487a958e000 rw-p 0009c000 00:42 16248798828                /suphys/wedi0306/mts-spi-study-cluster/.venv/lib/python3.9/site-packages/pandas/_libs/tslibs/timedeltas.cpython-39-x86_64-linux-gnu.so
1487a958e000-1487a95d0000 rw-p 00000000 00:00 0 
1487a95d0000-1487a95d5000 r--p 00000000 00:42 16248798829                /suphys/wedi0306/mts-spi-study-cluster/.venv/lib/python3.9/site-packages/pandas/_libs/tslibs/nattype.cpython-39-x86_64-linux-gnu.so
1487a95d5000-1487a95fc000 r-xp 00005000 00:42 16248798829                /suphys/wedi0306/mts-spi-study-cluster/.venv/lib/python3.9/site-packages/pandas/_libs/tslibs/nattype.cpython-39-x86_64-linux-gnu.so
1487a95fc000-1487a9609000 r--p 0002c000 00:42 16248798829                /suphys/wedi0306/mts-spi-study-cluster/.venv/lib/python3.9/site-packages/pandas/_libs/tslibs/nattype.cpython-39-x86_64-linux-gnu.so
1487a9609000-1487a960a000 r--p 00038000 00:42 16248798829                /suphys/wedi0306/mts-spi-study-cluster/.venv/lib/python3.9/site-packages/pandas/_libs/tslibs/nattype.cpython-39-x86_64-linux-gnu.so
1487a960a000-1487a960c000 rw-p 00039000 00:42 16248798829                /suphys/wedi0306/mts-spi-study-cluster/.venv/lib/python3.9/site-packages/pandas/_libs/tslibs/nattype.cpython-39-x86_64-linux-gnu.so
1487a960c000-1487a960d000 rw-p 00000000 00:00 0 
1487a960d000-1487a9614000 r--p 00000000 00:42 16248798830                /suphys/wedi0306/mts-spi-study-cluster/.venv/lib/python3.9/site-packages/pandas/_libs/tslibs/timestamps.cpython-39-x86_64-linux-gnu.so
1487a9614000-1487a968a000 r-xp 00007000 00:42 16248798830                /suphys/wedi0306/mts-spi-study-cluster/.venv/lib/python3.9/site-packages/pandas/_libs/tslibs/timestamps.cpython-39-x86_64-linux-gnu.so
1487a968a000-1487a96ac000 r--p 0007d000 00:42 16248798830                /suphys/wedi0306/mts-spi-study-cluster/.venv/lib/python3.9/site-packages/pandas/_libs/tslibs/timestamps.cpython-39-x86_64-linux-gnu.so
1487a96ac000-1487a96ad000 r--p 0009e000 00:42 16248798830                /suphys/wedi0306/mts-spi-study-cluster/.venv/lib/python3.9/site-packages/pandas/_libs/tslibs/timestamps.cpython-39-x86_64-linux-gnu.so
1487a96ad000-1487a96b0000 rw-p 0009f000 00:42 16248798830                /suphys/wedi0306/mts-spi-study-cluster/.venv/lib/python3.9/site-packages/pandas/_libs/tslibs/timestamps.cpython-39-x86_64-linux-gnu.so
1487a96b0000-1487a96b3000 rw-p 00000000 00:00 0 
1487a96b3000-1487a96be000 r--p 00000000 00:42 16248798835                /suphys/wedi0306/mts-spi-study-cluster/.venv/lib/python3.9/site-packages/pandas/_libs/tslibs/offsets.cpython-39-x86_64-linux-gnu.so
1487a96be000-1487a97a2000 r-xp 0000b000 00:42 16248798835                /suphys/wedi0306/mts-spi-study-cluster/.venv/lib/python3.9/site-packages/pandas/_libs/tslibs/offsets.cpython-39-x86_64-linux-gnu.so
1487a97a2000-1487a97c8000 r--p 000ef000 00:42 16248798835                /suphys/wedi0306/mts-spi-study-cluster/.venv/lib/python3.9/site-packages/pandas/_libs/tslibs/offsets.cpython-39-x86_64-linux-gnu.so
1487a97c8000-1487a97c9000 ---p 00115000 00:42 16248798835                /suphys/wedi0306/mts-spi-study-cluster/.venv/lib/python3.9/site-packages/pandas/_libs/tslibs/offsets.cpython-39-x86_64-linux-gnu.so
1487a97c9000-1487a97ca000 r--p 00115000 00:42 16248798835                /suphys/wedi0306/mts-spi-study-cluster/.venv/lib/python3.9/site-packages/pandas/_libs/tslibs/offsets.cpython-39-x86_64-linux-gnu.so
1487a97ca000-1487a97d4000 rw-p 00116000 00:42 16248798835                /suphys/wedi0306/mts-spi-study-cluster/.venv/lib/python3.9/site-packages/pandas/_libs/tslibs/offsets.cpython-39-x86_64-linux-gnu.so
1487a97d4000-1487a9818000 rw-p 00000000 00:00 0 
1487a9818000-1487a981b000 r--p 00000000 00:42 16248798834                /suphys/wedi0306/mts-spi-study-cluster/.venv/lib/python3.9/site-packages/pandas/_libs/tslibs/base.cpython-39-x86_64-linux-gnu.so
1487a981b000-1487a9824000 r-xp 00003000 00:42 16248798834                /suphys/wedi0306/mts-spi-study-cluster/.venv/lib/python3.9/site-packages/pandas/_libs/tslibs/base.cpython-39-x86_64-linux-gnu.so
1487a9824000-1487a9826000 r--p 0000c000 00:42 16248798834                /suphys/wedi0306/mts-spi-study-cluster/.venv/lib/python3.9/site-packages/pandas/_libs/tslibs/base.cpython-39-x86_64-linux-gnu.so
1487a9826000-1487a9827000 ---p 0000e000 00:42 16248798834                /suphys/wedi0306/mts-spi-study-cluster/.venv/lib/python3.9/site-packages/pandas/_libs/tslibs/base.cpython-39-x86_64-linux-gnu.so
1487a9827000-1487a9828000 r--p 0000e000 00:42 16248798834                /suphys/wedi0306/mts-spi-study-cluster/.venv/lib/python3.9/site-packages/pandas/_libs/tslibs/base.cpython-39-x86_64-linux-gnu.so
1487a9828000-1487a9829000 rw-p 0000f000 00:42 16248798834                /suphys/wedi0306/mts-spi-study-cluster/.venv/lib/python3.9/site-packages/pandas/_libs/tslibs/base.cpython-39-x86_64-linux-gnu.so
1487a9829000-1487a982e000 r--p 00000000 00:42 16253059078                /suphys/wedi0306/mts-spi-study-cluster/.venv/lib/python3.9/site-packages/pandas/_libs/tslibs/conversion.cpython-39-x86_64-linux-gnu.so
1487a982e000-1487a9869000 r-xp 00005000 00:42 16253059078                /suphys/wedi0306/mts-spi-study-cluster/.venv/lib/python3.9/site-packages/pandas/_libs/tslibs/conversion.cpython-39-x86_64-linux-gnu.so
1487a9869000-1487a9873000 r--p 00040000 00:42 16253059078                /suphys/wedi0306/mts-spi-study-cluster/.venv/lib/python3.9/site-packages/pandas/_libs/tslibs/conversion.cpython-39-x86_64-linux-gnu.so
1487a9873000-1487a9874000 r--p 00049000 00:42 16253059078                /suphys/wedi0306/mts-spi-study-cluster/.venv/lib/python3.9/site-packages/pandas/_libs/tslibs/conversion.cpython-39-x86_64-linux-gnu.so
1487a9874000-1487a9876000 rw-p 0004a000 00:42 16253059078                /suphys/wedi0306/mts-spi-study-cluster/.venv/lib/python3.9/site-packages/pandas/_libs/tslibs/conversion.cpython-39-x86_64-linux-gnu.so
1487a9876000-1487a9877000 rw-p 00000000 00:00 0 
1487a9877000-1487a987b000 r--p 00000000 00:42 16248798833                /suphys/wedi0306/mts-spi-study-cluster/.venv/lib/python3.9/site-packages/pandas/_libs/tslibs/np_datetime.cpython-39-x86_64-linux-gnu.so
1487a987b000-1487a9896000 r-xp 00004000 00:42 16248798833                /suphys/wedi0306/mts-spi-study-cluster/.venv/lib/python3.9/site-packages/pandas/_libs/tslibs/np_datetime.cpython-39-x86_64-linux-gnu.so
1487a9896000-1487a989b000 r--p 0001f000 00:42 16248798833                /suphys/wedi0306/mts-spi-study-cluster/.venv/lib/python3.9/site-packages/pandas/_libs/tslibs/np_datetime.cpython-39-x86_64-linux-gnu.so
1487a989b000-1487a989c000 r--p 00023000 00:42 16248798833                /suphys/wedi0306/mts-spi-study-cluster/.venv/lib/python3.9/site-packages/pandas/_libs/tslibs/np_datetime.cpython-39-x86_64-linux-gnu.so
1487a989c000-1487a989d000 rw-p 00024000 00:42 16248798833                /suphys/wedi0306/mts-spi-study-cluster/.venv/lib/python3.9/site-packages/pandas/_libs/tslibs/np_datetime.cpython-39-x86_64-linux-gnu.so
1487a989d000-1487a989e000 rw-p 00000000 00:00 0 
1487a989e000-1487a98a1000 r--p 00000000 00:42 16248798827                /suphys/wedi0306/mts-spi-study-cluster/.venv/lib/python3.9/site-packages/pandas/_libs/tslibs/ccalendar.cpython-39-x86_64-linux-gnu.so
1487a98a1000-1487a98b3000 r-xp 00003000 00:42 16248798827                /suphys/wedi0306/mts-spi-study-cluster/.venv/lib/python3.9/site-packages/pandas/_libs/tslibs/ccalendar.cpython-39-x86_64-linux-gnu.so
1487a98b3000-1487a98b6000 r--p 00015000 00:42 16248798827                /suphys/wedi0306/mts-spi-study-cluster/.venv/lib/python3.9/site-packages/pandas/_libs/tslibs/ccalendar.cpython-39-x86_64-linux-gnu.so
1487a98b6000-1487a98b7000 r--p 00017000 00:42 16248798827                /suphys/wedi0306/mts-spi-study-cluster/.venv/lib/python3.9/site-packages/pandas/_libs/tslibs/ccalendar.cpython-39-x86_64-linux-gnu.so
1487a98b7000-1487a98b8000 rw-p 00018000 00:42 16248798827                /suphys/wedi0306/mts-spi-study-cluster/.venv/lib/python3.9/site-packages/pandas/_libs/tslibs/ccalendar.cpython-39-x86_64-linux-gnu.so
1487a98b8000-1487a98bc000 r--p 00000000 00:42 16248798823                /suphys/wedi0306/mts-spi-study-cluster/.venv/lib/python3.9/site-packages/pandas/_libs/tslibs/dtypes.cpython-39-x86_64-linux-gnu.so
1487a98bc000-1487a98e2000 r-xp 00004000 00:42 16248798823                /suphys/wedi0306/mts-spi-study-cluster/.venv/lib/python3.9/site-packages/pandas/_libs/tslibs/dtypes.cpython-39-x86_64-linux-gnu.so
1487a98e2000-1487a98e8000 r--p 0002a000 00:42 16248798823                /suphys/wedi0306/mts-spi-study-cluster/.venv/lib/python3.9/site-packages/pandas/_libs/tslibs/dtypes.cpython-39-x86_64-linux-gnu.so
1487a98e8000-1487a98e9000 r--p 0002f000 00:42 16248798823                /suphys/wedi0306/mts-spi-study-cluster/.venv/lib/python3.9/site-packages/pandas/_libs/tslibs/dtypes.cpython-39-x86_64-linux-gnu.so
1487a98e9000-1487a98ea000 rw-p 00030000 00:42 16248798823                /suphys/wedi0306/mts-spi-study-cluster/.venv/lib/python3.9/site-packages/pandas/_libs/tslibs/dtypes.cpython-39-x86_64-linux-gnu.so
1487a98ea000-1487a98ec000 rw-p 00000000 00:00 0 
1487a98ec000-1487a98f0000 r--p 00000000 00:42 14058778452                /suphys/wedi0306/mts-spi-study-cluster/.venv/lib/python3.9/site-packages/pandas/_libs/missing.cpython-39-x86_64-linux-gnu.so
1487a98f0000-1487a9917000 r-xp 00004000 00:42 14058778452                /suphys/wedi0306/mts-spi-study-cluster/.venv/lib/python3.9/site-packages/pandas/_libs/missing.cpython-39-x86_64-linux-gnu.so
1487a9917000-1487a991e000 r--p 0002b000 00:42 14058778452                /suphys/wedi0306/mts-spi-study-cluster/.venv/lib/python3.9/site-packages/pandas/_libs/missing.cpython-39-x86_64-linux-gnu.so
1487a991e000-1487a991f000 r--p 00031000 00:42 14058778452                /suphys/wedi0306/mts-spi-study-cluster/.venv/lib/python3.9/site-packages/pandas/_libs/missing.cpython-39-x86_64-linux-gnu.so
1487a991f000-1487a9921000 rw-p 00032000 00:42 14058778452                /suphys/wedi0306/mts-spi-study-cluster/.venv/lib/python3.9/site-packages/pandas/_libs/missing.cpython-39-x86_64-linux-gnu.so
1487a9921000-1487a9962000 rw-p 00000000 00:00 0 
1487a9962000-1487a9972000 r--p 00000000 00:42 14055818745                /suphys/wedi0306/mts-spi-study-cluster/.venv/lib/python3.9/site-packages/pandas/_libs/hashtable.cpython-39-x86_64-linux-gnu.so
1487a9972000-1487a9b26000 r-xp 00010000 00:42 14055818745                /suphys/wedi0306/mts-spi-study-cluster/.venv/lib/python3.9/site-packages/pandas/_libs/hashtable.cpython-39-x86_64-linux-gnu.so
1487a9b26000-1487a9b64000 r--p 001c4000 00:42 14055818745                /suphys/wedi0306/mts-spi-study-cluster/.venv/lib/python3.9/site-packages/pandas/_libs/hashtable.cpython-39-x86_64-linux-gnu.so
1487a9b64000-1487a9b65000 r--p 00201000 00:42 14055818745                /suphys/wedi0306/mts-spi-study-cluster/.venv/lib/python3.9/site-packages/pandas/_libs/hashtable.cpython-39-x86_64-linux-gnu.so
1487a9b65000-1487a9b73000 rw-p 00202000 00:42 14055818745                /suphys/wedi0306/mts-spi-study-cluster/.venv/lib/python3.9/site-packages/pandas/_libs/hashtable.cpython-39-x86_64-linux-gnu.so
1487a9b73000-1487a9b7b000 rw-p 00000000 00:00 0 
1487a9b7b000-1487a9b85000 r--p 00000000 00:42 14058778442                /suphys/wedi0306/mts-spi-study-cluster/.venv/lib/python3.9/site-packages/pandas/_libs/interval.cpython-39-x86_64-linux-gnu.so
1487a9b85000-1487a9cc4000 r-xp 0000a000 00:42 14058778442                /suphys/wedi0306/mts-spi-study-cluster/.venv/lib/python3.9/site-packages/pandas/_libs/interval.cpython-39-x86_64-linux-gnu.so
1487a9cc4000-1487a9ce9000 r--p 00149000 00:42 14058778442                /suphys/wedi0306/mts-spi-study-cluster/.venv/lib/python3.9/site-packages/pandas/_libs/interval.cpython-39-x86_64-linux-gnu.so
1487a9ce9000-1487a9cea000 r--p 0016d000 00:42 14058778442                /suphys/wedi0306/mts-spi-study-cluster/.venv/lib/python3.9/site-packages/pandas/_libs/interval.cpython-39-x86_64-linux-gnu.so
1487a9cea000-1487a9cf1000 rw-p 0016e000 00:42 14058778442                /suphys/wedi0306/mts-spi-study-cluster/.venv/lib/python3.9/site-packages/pandas/_libs/interval.cpython-39-x86_64-linux-gnu.so
1487a9cf1000-1487a9cf4000 rw-p 00000000 00:00 0 
1487a9cf4000-1487a9cf6000 r--p 00000000 00:42 14037178066                /suphys/wedi0306/mts-spi-study-cluster/.venv/lib/python3.9/site-packages/pandas/_libs/pandas_datetime.cpython-39-x86_64-linux-gnu.so
1487a9cf6000-1487a9cfb000 r-xp 00002000 00:42 14037178066                /suphys/wedi0306/mts-spi-study-cluster/.venv/lib/python3.9/site-packages/pandas/_libs/pandas_datetime.cpython-39-x86_64-linux-gnu.so
1487a9cfb000-1487a9cfd000 r--p 00007000 00:42 14037178066                /suphys/wedi0306/mts-spi-study-cluster/.venv/lib/python3.9/site-packages/pandas/_libs/pandas_datetime.cpython-39-x86_64-linux-gnu.so
1487a9cfd000-1487a9cfe000 r--p 00008000 00:42 14037178066                /suphys/wedi0306/mts-spi-study-cluster/.venv/lib/python3.9/site-packages/pandas/_libs/pandas_datetime.cpython-39-x86_64-linux-gnu.so
1487a9cfe000-1487a9cff000 rw-p 00009000 00:42 14037178066                /suphys/wedi0306/mts-spi-study-cluster/.venv/lib/python3.9/site-packages/pandas/_libs/pandas_datetime.cpython-39-x86_64-linux-gnu.so
1487a9cff000-1487a9dff000 rw-p 00000000 00:00 0 
1487a9dff000-1487a9e00000 ---p 00000000 00:00 0 
1487a9e00000-1487aa000000 rw-p 00000000 00:00 0 
1487aa000000-1487aa800000 rw-p 00000000 00:00 0 
1487aa800000-1487aa802000 r--p 00000000 fd:00 150995591                  /usr/lib64/libuuid.so.1.3.0
1487aa802000-1487aa807000 r-xp 00002000 fd:00 150995591                  /usr/lib64/libuuid.so.1.3.0
1487aa807000-1487aa808000 r--p 00007000 fd:00 150995591                  /usr/lib64/libuuid.so.1.3.0
1487aa808000-1487aa809000 r--p 00007000 fd:00 150995591                  /usr/lib64/libuuid.so.1.3.0
1487aa809000-1487aa80a000 rw-p 00000000 00:00 0 
1487aa80d000-1487aa80f000 r--p 00000000 00:42 14058778444                /suphys/wedi0306/mts-spi-study-cluster/.venv/lib/python3.9/site-packages/pandas/_libs/pandas_parser.cpython-39-x86_64-linux-gnu.so
1487aa80f000-1487aa815000 r-xp 00002000 00:42 14058778444                /suphys/wedi0306/mts-spi-study-cluster/.venv/lib/python3.9/site-packages/pandas/_libs/pandas_parser.cpython-39-x86_64-linux-gnu.so
1487aa815000-1487aa817000 r--p 00008000 00:42 14058778444                /suphys/wedi0306/mts-spi-study-cluster/.venv/lib/python3.9/site-packages/pandas/_libs/pandas_parser.cpython-39-x86_64-linux-gnu.so
1487aa817000-1487aa818000 r--p 00009000 00:42 14058778444                /suphys/wedi0306/mts-spi-study-cluster/.venv/lib/python3.9/site-packages/pandas/_libs/pandas_parser.cpython-39-x86_64-linux-gnu.so
1487aa818000-1487aa819000 rw-p 0000a000 00:42 14058778444                /suphys/wedi0306/mts-spi-study-cluster/.venv/lib/python3.9/site-packages/pandas/_libs/pandas_parser.cpython-39-x86_64-linux-gnu.so
1487aa819000-1487aa81b000 r--p 00000000 fd:00 201570082                  /usr/lib64/python3.9/lib-dynload/_queue.cpython-39-x86_64-linux-gnu.so
1487aa81b000-1487aa81c000 r-xp 00002000 fd:00 201570082                  /usr/lib64/python3.9/lib-dynload/_queue.cpython-39-x86_64-linux-gnu.so
1487aa81c000-1487aa81d000 r--p 00003000 fd:00 201570082                  /usr/lib64/python3.9/lib-dynload/_queue.cpython-39-x86_64-linux-gnu.so
1487aa81d000-1487aa81e000 r--p 00003000 fd:00 201570082                  /usr/lib64/python3.9/lib-dynload/_queue.cpython-39-x86_64-linux-gnu.so
1487aa81e000-1487aa81f000 rw-p 00004000 fd:00 201570082                  /usr/lib64/python3.9/lib-dynload/_queue.cpython-39-x86_64-linux-gnu.so
1487aa81f000-1487aa820000 r--p 00000000 fd:00 201570194                  /usr/lib64/python3.9/lib-dynload/_uuid.cpython-39-x86_64-linux-gnu.so
1487aa820000-1487aa821000 r-xp 00001000 fd:00 201570194                  /usr/lib64/python3.9/lib-dynload/_uuid.cpython-39-x86_64-linux-gnu.so
1487aa821000-1487aa822000 r--p 00002000 fd:00 201570194                  /usr/lib64/python3.9/lib-dynload/_uuid.cpython-39-x86_64-linux-gnu.so
1487aa822000-1487aa823000 r--p 00002000 fd:00 201570194                  /usr/lib64/python3.9/lib-dynload/_uuid.cpython-39-x86_64-linux-gnu.so
1487aa823000-1487aa824000 rw-p 00003000 fd:00 201570194                  /usr/lib64/python3.9/lib-dynload/_uuid.cpython-39-x86_64-linux-gnu.so
1487aa824000-1487aa828000 r--p 00000000 fd:00 201570084                  /usr/lib64/python3.9/lib-dynload/_socket.cpython-39-x86_64-linux-gnu.so
1487aa828000-1487aa832000 r-xp 00004000 fd:00 201570084                  /usr/lib64/python3.9/lib-dynload/_socket.cpython-39-x86_64-linux-gnu.so
1487aa832000-1487aa83b000 r--p 0000e000 fd:00 201570084                  /usr/lib64/python3.9/lib-dynload/_socket.cpython-39-x86_64-linux-gnu.so
1487aa83b000-1487aa83c000 r--p 00016000 fd:00 201570084                  /usr/lib64/python3.9/lib-dynload/_socket.cpython-39-x86_64-linux-gnu.so
1487aa83c000-1487aa83d000 rw-p 00017000 fd:00 201570084                  /usr/lib64/python3.9/lib-dynload/_socket.cpython-39-x86_64-linux-gnu.so
1487aa83d000-1487aa8bd000 rw-p 00000000 00:00 0 
1487aa8bd000-1487aa8be000 r--p 00000000 fd:00 151122010                  /usr/lib64/librt.so.1
1487aa8be000-1487aa8bf000 r-xp 00001000 fd:00 151122010                  /usr/lib64/librt.so.1
1487aa8bf000-1487aa8c0000 r--p 00002000 fd:00 151122010                  /usr/lib64/librt.so.1
1487aa8c0000-1487aa8c1000 r--p 00002000 fd:00 151122010                  /usr/lib64/librt.so.1
1487aa8c1000-1487aa8c2000 rw-p 00003000 fd:00 151122010                  /usr/lib64/librt.so.1
1487aa8c2000-1487aa8c3000 r--p 00000000 fd:00 151121092                  /usr/lib64/libdl.so.2
1487aa8c3000-1487aa8c4000 r-xp 00001000 fd:00 151121092                  /usr/lib64/libdl.so.2
1487aa8c4000-1487aa8c5000 r--p 00002000 fd:00 151121092                  /usr/lib64/libdl.so.2
1487aa8c5000-1487aa8c6000 r--p 00002000 fd:00 151121092                  /usr/lib64/libdl.so.2
1487aa8c6000-1487aa8c7000 rw-p 00003000 fd:00 151121092                  /usr/lib64/libdl.so.2
1487aa8c9000-1487aa8ca000 rw-s 00000000 00:01 26843                      /memfd:libffi (deleted)
1487aa8ca000-1487aa8cb000 r-xs 00000000 00:01 26843                      /memfd:libffi (deleted)
1487aa8cb000-1487aa8cf000 r--p 00000000 fd:00 201570202                  /usr/lib64/python3.9/lib-dynload/array.cpython-39-x86_64-linux-gnu.so
1487aa8cf000-1487aa8d6000 r-xp 00004000 fd:00 201570202                  /usr/lib64/python3.9/lib-dynload/array.cpython-39-x86_64-linux-gnu.so
1487aa8d6000-1487aa8da000 r--p 0000b000 fd:00 201570202                  /usr/lib64/python3.9/lib-dynload/array.cpython-39-x86_64-linux-gnu.so
1487aa8da000-1487aa8db000 r--p 0000f000 fd:00 201570202                  /usr/lib64/python3.9/lib-dynload/array.cpython-39-x86_64-linux-gnu.so
1487aa8db000-1487aa8dc000 rw-p 00010000 fd:00 201570202                  /usr/lib64/python3.9/lib-dynload/array.cpython-39-x86_64-linux-gnu.so
1487aa8dc000-1487aacfe000 r--p 00000000 00:42 25792785368                /suphys/wedi0306/mts-spi-study-cluster/.venv/lib/python3.9/site-packages/pyarrow/libarrow.so.2100
1487aacfe000-1487ac667000 r-xp 00422000 00:42 25792785368                /suphys/wedi0306/mts-spi-study-cluster/.venv/lib/python3.9/site-packages/pyarrow/libarrow.so.2100
1487ac667000-1487acd35000 r--p 01d8b000 00:42 25792785368                /suphys/wedi0306/mts-spi-study-cluster/.venv/lib/python3.9/site-packages/pyarrow/libarrow.so.2100
1487acd35000-1487ace0f000 r--p 02458000 00:42 25792785368                /suphys/wedi0306/mts-spi-study-cluster/.venv/lib/python3.9/site-packages/pyarrow/libarrow.so.2100
1487ace0f000-1487ace42000 rw-p 02532000 00:42 25792785368                /suphys/wedi0306/mts-spi-study-cluster/.venv/lib/python3.9/site-packages/pyarrow/libarrow.so.2100
1487ace42000-1487ad06a000 rw-p 00000000 00:00 0 
1487ad06a000-1487ad17a000 r--p 00000000 00:42 25792785370                /suphys/wedi0306/mts-spi-study-cluster/.venv/lib/python3.9/site-packages/pyarrow/libarrow_compute.so.2100
1487ad17a000-1487adc56000 r-xp 00110000 00:42 25792785370                /suphys/wedi0306/mts-spi-study-cluster/.venv/lib/python3.9/site-packages/pyarrow/libarrow_compute.so.2100
1487adc56000-1487ade6d000 r--p 00bec000 00:42 25792785370                /suphys/wedi0306/mts-spi-study-cluster/.venv/lib/python3.9/site-packages/pyarrow/libarrow_compute.so.2100
1487ade6d000-1487ade6e000 ---p 00e03000 00:42 25792785370                /suphys/wedi0306/mts-spi-study-cluster/.venv/lib/python3.9/site-packages/pyarrow/libarrow_compute.so.2100
1487ade6e000-1487ade8c000 r--p 00e03000 00:42 25792785370                /suphys/wedi0306/mts-spi-study-cluster/.venv/lib/python3.9/site-packages/pyarrow/libarrow_compute.so.2100
1487ade8c000-1487ade91000 rw-p 00e21000 00:42 25792785370                /suphys/wedi0306/mts-spi-study-cluster/.venv/lib/python3.9/site-packages/pyarrow/libarrow_compute.so.2100
1487ade91000-1487ade9e000 rw-p 00000000 00:00 0 
1487ade9e000-1487adef5000 r--p 00000000 00:42 25792785369                /suphys/wedi0306/mts-spi-study-cluster/.venv/lib/python3.9/site-packages/pyarrow/libarrow_acero.so.2100
1487adef5000-1487adfd9000 r-xp 00057000 00:42 25792785369                /suphys/wedi0306/mts-spi-study-cluster/.venv/lib/python3.9/site-packages/pyarrow/libarrow_acero.so.2100
1487adfd9000-1487ae012000 r--p 0013b000 00:42 25792785369                /suphys/wedi0306/mts-spi-study-cluster/.venv/lib/python3.9/site-packages/pyarrow/libarrow_acero.so.2100
1487ae012000-1487ae013000 ---p 00174000 00:42 25792785369                /suphys/wedi0306/mts-spi-study-cluster/.venv/lib/python3.9/site-packages/pyarrow/libarrow_acero.so.2100
1487ae013000-1487ae018000 r--p 00174000 00:42 25792785369                /suphys/wedi0306/mts-spi-study-cluster/.venv/lib/python3.9/site-packages/pyarrow/libarrow_acero.so.2100
1487ae018000-1487ae01b000 rw-p 00179000 00:42 25792785369                /suphys/wedi0306/mts-spi-study-cluster/.venv/lib/python3.9/site-packages/pyarrow/libarrow_acero.so.2100
1487ae01b000-1487ae1e1000 r--p 00000000 00:42 25792785383                /suphys/wedi0306/mts-spi-study-cluster/.venv/lib/python3.9/site-packages/pyarrow/libparquet.so.2100
1487ae1e1000-1487ae702000 r-xp 001c6000 00:42 25792785383                /suphys/wedi0306/mts-spi-study-cluster/.venv/lib/python3.9/site-packages/pyarrow/libparquet.so.2100
1487ae702000-1487ae871000 r--p 006e7000 00:42 25792785383                /suphys/wedi0306/mts-spi-study-cluster/.venv/lib/python3.9/site-packages/pyarrow/libparquet.so.2100
1487ae871000-1487ae872000 ---p 00856000 00:42 25792785383                /suphys/wedi0306/mts-spi-study-cluster/.venv/lib/python3.9/site-packages/pyarrow/libparquet.so.2100
1487ae872000-1487ae8f0000 r--p 00856000 00:42 25792785383                /suphys/wedi0306/mts-spi-study-cluster/.venv/lib/python3.9/site-packages/pyarrow/libparquet.so.2100
1487ae8f0000-1487ae8fe000 rw-p 008d4000 00:42 25792785383                /suphys/wedi0306/mts-spi-study-cluster/.venv/lib/python3.9/site-packages/pyarrow/libparquet.so.2100
1487ae8fe000-1487ae902000 rw-p 00000000 00:00 0 
1487ae902000-1487ae9ab000 r--p 00000000 00:42 25792785371                /suphys/wedi0306/mts-spi-study-cluster/.venv/lib/python3.9/site-packages/pyarrow/libarrow_dataset.so.2100
1487ae9ab000-1487aea7f000 r-xp 000a9000 00:42 25792785371                /suphys/wedi0306/mts-spi-study-cluster/.venv/lib/python3.9/site-packages/pyarrow/libarrow_dataset.so.2100
1487aea7f000-1487aeac4000 r--p 0017d000 00:42 25792785371                /suphys/wedi0306/mts-spi-study-cluster/.venv/lib/python3.9/site-packages/pyarrow/libarrow_dataset.so.2100
1487aeac4000-1487aeac5000 ---p 001c2000 00:42 25792785371                /suphys/wedi0306/mts-spi-study-cluster/.venv/lib/python3.9/site-packages/pyarrow/libarrow_dataset.so.2100
1487aeac5000-1487aeacd000 r--p 001c2000 00:42 25792785371                /suphys/wedi0306/mts-spi-study-cluster/.venv/lib/python3.9/site-packages/pyarrow/libarrow_dataset.so.2100
1487aeacd000-1487aeacf000 rw-p 001ca000 00:42 25792785371                /suphys/wedi0306/mts-spi-study-cluster/.venv/lib/python3.9/site-packages/pyarrow/libarrow_dataset.so.2100
1487aeacf000-1487aead0000 rw-p 00000000 00:00 0 
1487aead0000-1487aeb44000 r--p 00000000 00:42 25792785382                /suphys/wedi0306/mts-spi-study-cluster/.venv/lib/python3.9/site-packages/pyarrow/libarrow_substrait.so.2100
1487aeb44000-1487aed80000 r-xp 00074000 00:42 25792785382                /suphys/wedi0306/mts-spi-study-cluster/.venv/lib/python3.9/site-packages/pyarrow/libarrow_substrait.so.2100
1487aed80000-1487aee39000 r--p 002b0000 00:42 25792785382                /suphys/wedi0306/mts-spi-study-cluster/.venv/lib/python3.9/site-packages/pyarrow/libarrow_substrait.so.2100
1487aee39000-1487aee3a000 ---p 00369000 00:42 25792785382                /suphys/wedi0306/mts-spi-study-cluster/.venv/lib/python3.9/site-packages/pyarrow/libarrow_substrait.so.2100
1487aee3a000-1487aee4c000 r--p 00369000 00:42 25792785382                /suphys/wedi0306/mts-spi-study-cluster/.venv/lib/python3.9/site-packages/pyarrow/libarrow_substrait.so.2100
1487aee4c000-1487aee51000 rw-p 0037b000 00:42 25792785382                /suphys/wedi0306/mts-spi-study-cluster/.venv/lib/python3.9/site-packages/pyarrow/libarrow_substrait.so.2100
1487aee51000-1487aee53000 rw-p 00000000 00:00 0 
1487aee53000-1487aeee0000 r--p 00000000 00:42 25792785374                /suphys/wedi0306/mts-spi-study-cluster/.venv/lib/python3.9/site-packages/pyarrow/libarrow_python.so.2100
1487aeee0000-1487aeffa000 r-xp 0008d000 00:42 25792785374                /suphys/wedi0306/mts-spi-study-cluster/.venv/lib/python3.9/site-packages/pyarrow/libarrow_python.so.2100
1487aeffa000-1487af03e000 r--p 001a7000 00:42 25792785374                /suphys/wedi0306/mts-spi-study-cluster/.venv/lib/python3.9/site-packages/pyarrow/libarrow_python.so.2100
1487af03e000-1487af04a000 r--p 001ea000 00:42 25792785374                /suphys/wedi0306/mts-spi-study-cluster/.venv/lib/python3.9/site-packages/pyarrow/libarrow_python.so.2100
1487af04a000-1487af04d000 rw-p 001f6000 00:42 25792785374                /suphys/wedi0306/mts-spi-study-cluster/.venv/lib/python3.9/site-packages/pyarrow/libarrow_python.so.2100
1487af04d000-1487af0ab000 r--p 00000000 00:42 25792785363                /suphys/wedi0306/mts-spi-study-cluster/.venv/lib/python3.9/site-packages/pyarrow/lib.cpython-39-x86_64-linux-gnu.so
1487af0ab000-1487af2d8000 r-xp 0005e000 00:42 25792785363                /suphys/wedi0306/mts-spi-study-cluster/.venv/lib/python3.9/site-packages/pyarrow/lib.cpython-39-x86_64-linux-gnu.so
1487af2d8000-1487af3c0000 r--p 0028b000 00:42 25792785363                /suphys/wedi0306/mts-spi-study-cluster/.venv/lib/python3.9/site-packages/pyarrow/lib.cpython-39-x86_64-linux-gnu.so
1487af3c0000-1487af3c1000 ---p 00373000 00:42 25792785363                /suphys/wedi0306/mts-spi-study-cluster/.venv/lib/python3.9/site-packages/pyarrow/lib.cpython-39-x86_64-linux-gnu.so
1487af3c1000-1487af3cf000 r--p 00373000 00:42 25792785363                /suphys/wedi0306/mts-spi-study-cluster/.venv/lib/python3.9/site-packages/pyarrow/lib.cpython-39-x86_64-linux-gnu.so
1487af3cf000-1487af3f7000 rw-p 00381000 00:42 25792785363                /suphys/wedi0306/mts-spi-study-cluster/.venv/lib/python3.9/site-packages/pyarrow/lib.cpython-39-x86_64-linux-gnu.so
1487af3f7000-1487af485000 rw-p 00000000 00:00 0 
1487af485000-1487af48d000 r--p 00000000 00:42 21512372069                /suphys/wedi0306/mts-spi-study-cluster/.venv/lib/python3.9/site-packages/scipy/stats/_unuran/unuran_wrapper.cpython-39-x86_64-linux-gnu.so
1487af48d000-1487af5a3000 r-xp 00008000 00:42 21512372069                /suphys/wedi0306/mts-spi-study-cluster/.venv/lib/python3.9/site-packages/scipy/stats/_unuran/unuran_wrapper.cpython-39-x86_64-linux-gnu.so
1487af5a3000-1487af5df000 r--p 0011e000 00:42 21512372069                /suphys/wedi0306/mts-spi-study-cluster/.venv/lib/python3.9/site-packages/scipy/stats/_unuran/unuran_wrapper.cpython-39-x86_64-linux-gnu.so
1487af5df000-1487af5e0000 ---p 0015a000 00:42 21512372069                /suphys/wedi0306/mts-spi-study-cluster/.venv/lib/python3.9/site-packages/scipy/stats/_unuran/unuran_wrapper.cpython-39-x86_64-linux-gnu.so
1487af5e0000-1487af5e1000 r--p 0015a000 00:42 21512372069                /suphys/wedi0306/mts-spi-study-cluster/.venv/lib/python3.9/site-packages/scipy/stats/_unuran/unuran_wrapper.cpython-39-x86_64-linux-gnu.so
1487af5e1000-1487af5e6000 rw-p 0015b000 00:42 21512372069                /suphys/wedi0306/mts-spi-study-cluster/.venv/lib/python3.9/site-packages/scipy/stats/_unuran/unuran_wrapper.cpython-39-x86_64-linux-gnu.so
1487af5e6000-1487af628000 rw-p 00000000 00:00 0 
1487af628000-1487af62d000 r--p 00000000 00:42 19396233717                /suphys/wedi0306/mts-spi-study-cluster/.venv/lib/python3.9/site-packages/scipy/stats/_rcont/rcont.cpython-39-x86_64-linux-gnu.so
1487af62d000-1487af659000 r-xp 00005000 00:42 19396233717                /suphys/wedi0306/mts-spi-study-cluster/.venv/lib/python3.9/site-packages/scipy/stats/_rcont/rcont.cpython-39-x86_64-linux-gnu.so
1487af659000-1487af667000 r--p 00031000 00:42 19396233717                /suphys/wedi0306/mts-spi-study-cluster/.venv/lib/python3.9/site-packages/scipy/stats/_rcont/rcont.cpython-39-x86_64-linux-gnu.so
1487af667000-1487af668000 r--p 0003e000 00:42 19396233717                /suphys/wedi0306/mts-spi-study-cluster/.venv/lib/python3.9/site-packages/scipy/stats/_rcont/rcont.cpython-39-x86_64-linux-gnu.so
1487af668000-1487af66a000 rw-p 0003f000 00:42 19396233717                /suphys/wedi0306/mts-spi-study-cluster/.venv/lib/python3.9/site-packages/scipy/stats/_rcont/rcont.cpython-39-x86_64-linux-gnu.so
1487af66a000-1487af6ab000 rw-p 00000000 00:00 0 
1487af6ab000-1487af6ad000 r--p 00000000 00:42 18376394553                /suphys/wedi0306/mts-spi-study-cluster/.venv/lib/python3.9/site-packages/scipy/stats/_mvn.cpython-39-x86_64-linux-gnu.so
1487af6ad000-1487af6b6000 r-xp 00002000 00:42 18376394553                /suphys/wedi0306/mts-spi-study-cluster/.venv/lib/python3.9/site-packages/scipy/stats/_mvn.cpython-39-x86_64-linux-gnu.so
1487af6b6000-1487af6bc000 r--p 0000b000 00:42 18376394553                /suphys/wedi0306/mts-spi-study-cluster/.venv/lib/python3.9/site-packages/scipy/stats/_mvn.cpython-39-x86_64-linux-gnu.so
1487af6bc000-1487af6bd000 r--p 00010000 00:42 18376394553                /suphys/wedi0306/mts-spi-study-cluster/.venv/lib/python3.9/site-packages/scipy/stats/_mvn.cpython-39-x86_64-linux-gnu.so
1487af6bd000-1487af6bf000 rw-p 00011000 00:42 18376394553                /suphys/wedi0306/mts-spi-study-cluster/.venv/lib/python3.9/site-packages/scipy/stats/_mvn.cpython-39-x86_64-linux-gnu.so
1487af6bf000-1487af7b6000 rw-p 00000000 00:00 0 
1487af7b6000-1487af7bb000 r--p 00000000 00:42 18376394541                /suphys/wedi0306/mts-spi-study-cluster/.venv/lib/python3.9/site-packages/scipy/stats/_qmc_cy.cpython-39-x86_64-linux-gnu.so
1487af7bb000-1487af7e7000 r-xp 00005000 00:42 18376394541                /suphys/wedi0306/mts-spi-study-cluster/.venv/lib/python3.9/site-packages/scipy/stats/_qmc_cy.cpython-39-x86_64-linux-gnu.so
1487af7e7000-1487af7f0000 r--p 00031000 00:42 18376394541                /suphys/wedi0306/mts-spi-study-cluster/.venv/lib/python3.9/site-packages/scipy/stats/_qmc_cy.cpython-39-x86_64-linux-gnu.so
1487af7f0000-1487af7f1000 r--p 00039000 00:42 18376394541                /suphys/wedi0306/mts-spi-study-cluster/.venv/lib/python3.9/site-packages/scipy/stats/_qmc_cy.cpython-39-x86_64-linux-gnu.so
1487af7f1000-1487af7f3000 rw-p 0003a000 00:42 18376394541                /suphys/wedi0306/mts-spi-study-cluster/.venv/lib/python3.9/site-packages/scipy/stats/_qmc_cy.cpython-39-x86_64-linux-gnu.so
1487af7f3000-1487af834000 rw-p 00000000 00:00 0 
1487af834000-1487af839000 r--p 00000000 00:42 18376394554                /suphys/wedi0306/mts-spi-study-cluster/.venv/lib/python3.9/site-packages/scipy/stats/_sobol.cpython-39-x86_64-linux-gnu.so
1487af839000-1487af881000 r-xp 00005000 00:42 18376394554                /suphys/wedi0306/mts-spi-study-cluster/.venv/lib/python3.9/site-packages/scipy/stats/_sobol.cpython-39-x86_64-linux-gnu.so
1487af881000-1487af88b000 r--p 0004d000 00:42 18376394554                /suphys/wedi0306/mts-spi-study-cluster/.venv/lib/python3.9/site-packages/scipy/stats/_sobol.cpython-39-x86_64-linux-gnu.so
1487af88b000-1487af88c000 r--p 00056000 00:42 18376394554                /suphys/wedi0306/mts-spi-study-cluster/.venv/lib/python3.9/site-packages/scipy/stats/_sobol.cpython-39-x86_64-linux-gnu.so
1487af88c000-1487af88e000 rw-p 00057000 00:42 18376394554                /suphys/wedi0306/mts-spi-study-cluster/.venv/lib/python3.9/site-packages/scipy/stats/_sobol.cpython-39-x86_64-linux-gnu.so
1487af88e000-1487af90f000 rw-p 00000000 00:00 0 
1487af90f000-1487af914000 r--p 00000000 00:42 18376394509                /suphys/wedi0306/mts-spi-study-cluster/.venv/lib/python3.9/site-packages/scipy/stats/_ansari_swilk_statistics.cpython-39-x86_64-linux-gnu.so
1487af914000-1487af941000 r-xp 00005000 00:42 18376394509                /suphys/wedi0306/mts-spi-study-cluster/.venv/lib/python3.9/site-packages/scipy/stats/_ansari_swilk_statistics.cpython-39-x86_64-linux-gnu.so
1487af941000-1487af949000 r--p 00032000 00:42 18376394509                /suphys/wedi0306/mts-spi-study-cluster/.venv/lib/python3.9/site-packages/scipy/stats/_ansari_swilk_statistics.cpython-39-x86_64-linux-gnu.so
1487af949000-1487af94a000 r--p 00039000 00:42 18376394509                /suphys/wedi0306/mts-spi-study-cluster/.venv/lib/python3.9/site-packages/scipy/stats/_ansari_swilk_statistics.cpython-39-x86_64-linux-gnu.so
1487af94a000-1487af94c000 rw-p 0003a000 00:42 18376394509                /suphys/wedi0306/mts-spi-study-cluster/.venv/lib/python3.9/site-packages/scipy/stats/_ansari_swilk_statistics.cpython-39-x86_64-linux-gnu.so
1487af94c000-1487af9cd000 rw-p 00000000 00:00 0 
1487af9cd000-1487af9d4000 r--p 00000000 00:42 29146689577                /suphys/wedi0306/mts-spi-study-cluster/.venv/lib/python3.9/site-packages/scipy/fft/_pocketfft/pypocketfft.cpython-39-x86_64-linux-gnu.so
1487af9d4000-1487afaad000 r-xp 00007000 00:42 29146689577                /suphys/wedi0306/mts-spi-study-cluster/.venv/lib/python3.9/site-packages/scipy/fft/_pocketfft/pypocketfft.cpython-39-x86_64-linux-gnu.so
1487afaad000-1487afac7000 r--p 000e0000 00:42 29146689577                /suphys/wedi0306/mts-spi-study-cluster/.venv/lib/python3.9/site-packages/scipy/fft/_pocketfft/pypocketfft.cpython-39-x86_64-linux-gnu.so
1487afac7000-1487afac8000 ---p 000fa000 00:42 29146689577                /suphys/wedi0306/mts-spi-study-cluster/.venv/lib/python3.9/site-packages/scipy/fft/_pocketfft/pypocketfft.cpython-39-x86_64-linux-gnu.so
1487afac8000-1487afac9000 r--p 000fa000 00:42 29146689577                /suphys/wedi0306/mts-spi-study-cluster/.venv/lib/python3.9/site-packages/scipy/fft/_pocketfft/pypocketfft.cpython-39-x86_64-linux-gnu.so
1487afac9000-1487afaca000 rw-p 000fb000 00:42 29146689577                /suphys/wedi0306/mts-spi-study-cluster/.venv/lib/python3.9/site-packages/scipy/fft/_pocketfft/pypocketfft.cpython-39-x86_64-linux-gnu.so
1487afaca000-1487afacc000 rw-p 00000000 00:00 0 
1487afacc000-1487afad0000 r--p 00000000 00:42 25447903                   /suphys/wedi0306/mts-spi-study-cluster/.venv/lib/python3.9/site-packages/scipy/_lib/_uarray/_uarray.cpython-39-x86_64-linux-gnu.so
1487afad0000-1487afae2000 r-xp 00004000 00:42 25447903                   /suphys/wedi0306/mts-spi-study-cluster/.venv/lib/python3.9/site-packages/scipy/_lib/_uarray/_uarray.cpython-39-x86_64-linux-gnu.so
1487afae2000-1487afae8000 r--p 00016000 00:42 25447903                   /suphys/wedi0306/mts-spi-study-cluster/.venv/lib/python3.9/site-packages/scipy/_lib/_uarray/_uarray.cpython-39-x86_64-linux-gnu.so
1487afae8000-1487afae9000 r--p 0001b000 00:42 25447903                   /suphys/wedi0306/mts-spi-study-cluster/.venv/lib/python3.9/site-packages/scipy/_lib/_uarray/_uarray.cpython-39-x86_64-linux-gnu.so
1487afae9000-1487afaea000 rw-p 0001c000 00:42 25447903                   /suphys/wedi0306/mts-spi-study-cluster/.venv/lib/python3.9/site-packages/scipy/_lib/_uarray/_uarray.cpython-39-x86_64-linux-gnu.so
1487afaea000-1487afb2a000 rw-p 00000000 00:00 0 
1487afb2a000-1487afb2e000 r--p 00000000 00:42 18375591294                /suphys/wedi0306/mts-spi-study-cluster/.venv/lib/python3.9/site-packages/scipy/stats/_stats_pythran.cpython-39-x86_64-linux-gnu.so
1487afb2e000-1487afb43000 r-xp 00004000 00:42 18375591294                /suphys/wedi0306/mts-spi-study-cluster/.venv/lib/python3.9/site-packages/scipy/stats/_stats_pythran.cpython-39-x86_64-linux-gnu.so
1487afb43000-1487afb48000 r--p 00019000 00:42 18375591294                /suphys/wedi0306/mts-spi-study-cluster/.venv/lib/python3.9/site-packages/scipy/stats/_stats_pythran.cpython-39-x86_64-linux-gnu.so
1487afb48000-1487afb49000 ---p 0001e000 00:42 18375591294                /suphys/wedi0306/mts-spi-study-cluster/.venv/lib/python3.9/site-packages/scipy/stats/_stats_pythran.cpython-39-x86_64-linux-gnu.so
1487afb49000-1487afb4a000 r--p 0001e000 00:42 18375591294                /suphys/wedi0306/mts-spi-study-cluster/.venv/lib/python3.9/site-packages/scipy/stats/_stats_pythran.cpython-39-x86_64-linux-gnu.so
1487afb4a000-1487afb4b000 rw-p 0001f000 00:42 18375591294                /suphys/wedi0306/mts-spi-study-cluster/.venv/lib/python3.9/site-packages/scipy/stats/_stats_pythran.cpython-39-x86_64-linux-gnu.so
1487afb4b000-1487afbcb000 rw-p 00000000 00:00 0 
1487afbcb000-1487afbce000 r--p 00000000 00:42 20570448965                /suphys/wedi0306/mts-spi-study-cluster/.venv/lib/python3.9/site-packages/scipy/stats/_levy_stable/levyst.cpython-39-x86_64-linux-gnu.so
1487afbce000-1487afbd5000 r-xp 00003000 00:42 20570448965                /suphys/wedi0306/mts-spi-study-cluster/.venv/lib/python3.9/site-packages/scipy/stats/_levy_stable/levyst.cpython-39-x86_64-linux-gnu.so
1487afbd5000-1487afbd7000 r--p 0000a000 00:42 20570448965                /suphys/wedi0306/mts-spi-study-cluster/.venv/lib/python3.9/site-packages/scipy/stats/_levy_stable/levyst.cpython-39-x86_64-linux-gnu.so
1487afbd7000-1487afbd8000 r--p 0000b000 00:42 20570448965                /suphys/wedi0306/mts-spi-study-cluster/.venv/lib/python3.9/site-packages/scipy/stats/_levy_stable/levyst.cpython-39-x86_64-linux-gnu.so
1487afbd8000-1487afbd9000 rw-p 0000c000 00:42 20570448965                /suphys/wedi0306/mts-spi-study-cluster/.venv/lib/python3.9/site-packages/scipy/stats/_levy_stable/levyst.cpython-39-x86_64-linux-gnu.so
1487afbd9000-1487afc19000 rw-p 00000000 00:00 0 
1487afc19000-1487afc1e000 r--p 00000000 00:42 18376394497                /suphys/wedi0306/mts-spi-study-cluster/.venv/lib/python3.9/site-packages/scipy/stats/_biasedurn.cpython-39-x86_64-linux-gnu.so
1487afc1e000-1487afc4d000 r-xp 00005000 00:42 18376394497                /suphys/wedi0306/mts-spi-study-cluster/.venv/lib/python3.9/site-packages/scipy/stats/_biasedurn.cpython-39-x86_64-linux-gnu.so
1487afc4d000-1487afc5d000 r--p 00034000 00:42 18376394497                /suphys/wedi0306/mts-spi-study-cluster/.venv/lib/python3.9/site-packages/scipy/stats/_biasedurn.cpython-39-x86_64-linux-gnu.so
1487afc5d000-1487afc5e000 r--p 00043000 00:42 18376394497                /suphys/wedi0306/mts-spi-study-cluster/.venv/lib/python3.9/site-packages/scipy/stats/_biasedurn.cpython-39-x86_64-linux-gnu.so
1487afc5e000-1487afc61000 rw-p 00044000 00:42 18376394497                /suphys/wedi0306/mts-spi-study-cluster/.venv/lib/python3.9/site-packages/scipy/stats/_biasedurn.cpython-39-x86_64-linux-gnu.so
1487afc61000-1487afc64000 rw-p 00000000 00:00 0 
1487afc64000-1487afc69000 r--p 00000000 00:42 1108218998                 /suphys/wedi0306/mts-spi-study-cluster/.venv/lib/python3.9/site-packages/scipy/interpolate/_rgi_cython.cpython-39-x86_64-linux-gnu.so
1487afc69000-1487afc9b000 r-xp 00005000 00:42 1108218998                 /suphys/wedi0306/mts-spi-study-cluster/.venv/lib/python3.9/site-packages/scipy/interpolate/_rgi_cython.cpython-39-x86_64-linux-gnu.so
1487afc9b000-1487afca3000 r--p 00037000 00:42 1108218998                 /suphys/wedi0306/mts-spi-study-cluster/.venv/lib/python3.9/site-packages/scipy/interpolate/_rgi_cython.cpython-39-x86_64-linux-gnu.so
1487afca3000-1487afca4000 ---p 0003f000 00:42 1108218998                 /suphys/wedi0306/mts-spi-study-cluster/.venv/lib/python3.9/site-packages/scipy/interpolate/_rgi_cython.cpython-39-x86_64-linux-gnu.so
1487afca4000-1487afca5000 r--p 0003f000 00:42 1108218998                 /suphys/wedi0306/mts-spi-study-cluster/.venv/lib/python3.9/site-packages/scipy/interpolate/_rgi_cython.cpython-39-x86_64-linux-gnu.so
1487afca5000-1487afca7000 rw-p 00040000 00:42 1108218998                 /suphys/wedi0306/mts-spi-study-cluster/.venv/lib/python3.9/site-packages/scipy/interpolate/_rgi_cython.cpython-39-x86_64-linux-gnu.so
1487afca7000-1487afca8000 rw-p 00000000 00:00 0 
1487afca8000-1487afcac000 r--p 00000000 00:42 1108218958                 /suphys/wedi0306/mts-spi-study-cluster/.venv/lib/python3.9/site-packages/scipy/interpolate/_rbfinterp_pythran.cpython-39-x86_64-linux-gnu.so
1487afcac000-1487afcd7000 r-xp 00004000 00:42 1108218958                 /suphys/wedi0306/mts-spi-study-cluster/.venv/lib/python3.9/site-packages/scipy/interpolate/_rbfinterp_pythran.cpython-39-x86_64-linux-gnu.so
1487afcd7000-1487afcdd000 r--p 0002f000 00:42 1108218958                 /suphys/wedi0306/mts-spi-study-cluster/.venv/lib/python3.9/site-packages/scipy/interpolate/_rbfinterp_pythran.cpython-39-x86_64-linux-gnu.so
1487afcdd000-1487afcde000 r--p 00034000 00:42 1108218958                 /suphys/wedi0306/mts-spi-study-cluster/.venv/lib/python3.9/site-packages/scipy/interpolate/_rbfinterp_pythran.cpython-39-x86_64-linux-gnu.so
1487afcde000-1487afcdf000 rw-p 00035000 00:42 1108218958                 /suphys/wedi0306/mts-spi-study-cluster/.venv/lib/python3.9/site-packages/scipy/interpolate/_rbfinterp_pythran.cpython-39-x86_64-linux-gnu.so
1487afcdf000-1487afd1f000 rw-p 00000000 00:00 0 
1487afd1f000-1487afd25000 r--p 00000000 00:42 1108218991                 /suphys/wedi0306/mts-spi-study-cluster/.venv/lib/python3.9/site-packages/scipy/interpolate/interpnd.cpython-39-x86_64-linux-gnu.so
1487afd25000-1487afd7b000 r-xp 00006000 00:42 1108218991                 /suphys/wedi0306/mts-spi-study-cluster/.venv/lib/python3.9/site-packages/scipy/interpolate/interpnd.cpython-39-x86_64-linux-gnu.so
1487afd7b000-1487afd88000 r--p 0005c000 00:42 1108218991                 /suphys/wedi0306/mts-spi-study-cluster/.venv/lib/python3.9/site-packages/scipy/interpolate/interpnd.cpython-39-x86_64-linux-gnu.so
1487afd88000-1487afd89000 r--p 00068000 00:42 1108218991                 /suphys/wedi0306/mts-spi-study-cluster/.venv/lib/python3.9/site-packages/scipy/interpolate/interpnd.cpython-39-x86_64-linux-gnu.so
1487afd89000-1487afd8c000 rw-p 00069000 00:42 1108218991                 /suphys/wedi0306/mts-spi-study-cluster/.venv/lib/python3.9/site-packages/scipy/interpolate/interpnd.cpython-39-x86_64-linux-gnu.so
1487afd8c000-1487afd8d000 rw-p 00000000 00:00 0 
1487afd8d000-1487afd92000 r--p 00000000 00:42 1108218956                 /suphys/wedi0306/mts-spi-study-cluster/.venv/lib/python3.9/site-packages/scipy/interpolate/_ppoly.cpython-39-x86_64-linux-gnu.so
1487afd92000-1487afde9000 r-xp 00005000 00:42 1108218956                 /suphys/wedi0306/mts-spi-study-cluster/.venv/lib/python3.9/site-packages/scipy/interpolate/_ppoly.cpython-39-x86_64-linux-gnu.so
1487afde9000-1487afdf4000 r--p 0005c000 00:42 1108218956                 /suphys/wedi0306/mts-spi-study-cluster/.venv/lib/python3.9/site-packages/scipy/interpolate/_ppoly.cpython-39-x86_64-linux-gnu.so
1487afdf4000-1487afdf5000 r--p 00066000 00:42 1108218956                 /suphys/wedi0306/mts-spi-study-cluster/.venv/lib/python3.9/site-packages/scipy/interpolate/_ppoly.cpython-39-x86_64-linux-gnu.so
1487afdf5000-1487afdf7000 rw-p 00067000 00:42 1108218956                 /suphys/wedi0306/mts-spi-study-cluster/.venv/lib/python3.9/site-packages/scipy/interpolate/_ppoly.cpython-39-x86_64-linux-gnu.so
1487afdf7000-1487afdf8000 rw-p 00000000 00:00 0 
1487afdf8000-1487afdfe000 r--p 00000000 00:42 1108219076                 /suphys/wedi0306/mts-spi-study-cluster/.venv/lib/python3.9/site-packages/scipy/interpolate/_bspl.cpython-39-x86_64-linux-gnu.so
1487afdfe000-1487afe6f000 r-xp 00006000 00:42 1108219076                 /suphys/wedi0306/mts-spi-study-cluster/.venv/lib/python3.9/site-packages/scipy/interpolate/_bspl.cpython-39-x86_64-linux-gnu.so
1487afe6f000-1487afe7f000 r--p 00077000 00:42 1108219076                 /suphys/wedi0306/mts-spi-study-cluster/.venv/lib/python3.9/site-packages/scipy/interpolate/_bspl.cpython-39-x86_64-linux-gnu.so
1487afe7f000-1487afe80000 r--p 00086000 00:42 1108219076                 /suphys/wedi0306/mts-spi-study-cluster/.venv/lib/python3.9/site-packages/scipy/interpolate/_bspl.cpython-39-x86_64-linux-gnu.so
1487afe80000-1487afe83000 rw-p 00087000 00:42 1108219076                 /suphys/wedi0306/mts-spi-study-cluster/.venv/lib/python3.9/site-packages/scipy/interpolate/_bspl.cpython-39-x86_64-linux-gnu.so
1487afe83000-1487afe84000 rw-p 00000000 00:00 0 
1487afe84000-1487afe88000 r--p 00000000 00:42 1108219082                 /suphys/wedi0306/mts-spi-study-cluster/.venv/lib/python3.9/site-packages/scipy/interpolate/dfitpack.cpython-39-x86_64-linux-gnu.so
1487afe88000-1487afebe000 r-xp 00004000 00:42 1108219082                 /suphys/wedi0306/mts-spi-study-cluster/.venv/lib/python3.9/site-packages/scipy/interpolate/dfitpack.cpython-39-x86_64-linux-gnu.so
1487afebe000-1487afeca000 r--p 0003a000 00:42 1108219082                 /suphys/wedi0306/mts-spi-study-cluster/.venv/lib/python3.9/site-packages/scipy/interpolate/dfitpack.cpython-39-x86_64-linux-gnu.so
1487afeca000-1487afecb000 r--p 00045000 00:42 1108219082                 /suphys/wedi0306/mts-spi-study-cluster/.venv/lib/python3.9/site-packages/scipy/interpolate/dfitpack.cpython-39-x86_64-linux-gnu.so
1487afecb000-1487afed3000 rw-p 00046000 00:42 1108219082                 /suphys/wedi0306/mts-spi-study-cluster/.venv/lib/python3.9/site-packages/scipy/interpolate/dfitpack.cpython-39-x86_64-linux-gnu.so
1487afed3000-1487afed5000 rw-p 00051000 00:42 1108219082                 /suphys/wedi0306/mts-spi-study-cluster/.venv/lib/python3.9/site-packages/scipy/interpolate/dfitpack.cpython-39-x86_64-linux-gnu.so
1487afed5000-1487afed6000 r--p 00000000 00:42 1108218950                 /suphys/wedi0306/mts-spi-study-cluster/.venv/lib/python3.9/site-packages/scipy/interpolate/_fitpack.cpython-39-x86_64-linux-gnu.so
1487afed6000-1487afee6000 r-xp 00001000 00:42 1108218950                 /suphys/wedi0306/mts-spi-study-cluster/.venv/lib/python3.9/site-packages/scipy/interpolate/_fitpack.cpython-39-x86_64-linux-gnu.so
1487afee6000-1487afee8000 r--p 00011000 00:42 1108218950                 /suphys/wedi0306/mts-spi-study-cluster/.venv/lib/python3.9/site-packages/scipy/interpolate/_fitpack.cpython-39-x86_64-linux-gnu.so
1487afee8000-1487afee9000 r--p 00012000 00:42 1108218950                 /suphys/wedi0306/mts-spi-study-cluster/.venv/lib/python3.9/site-packages/scipy/interpolate/_fitpack.cpython-39-x86_64-linux-gnu.so
1487afee9000-1487afeea000 rw-p 00013000 00:42 1108218950                 /suphys/wedi0306/mts-spi-study-cluster/.venv/lib/python3.9/site-packages/scipy/interpolate/_fitpack.cpython-39-x86_64-linux-gnu.so
1487afeea000-1487afeec000 rw-p 00015000 00:42 1108218950                 /suphys/wedi0306/mts-spi-study-cluster/.venv/lib/python3.9/site-packages/scipy/interpolate/_fitpack.cpython-39-x86_64-linux-gnu.so
1487afeec000-1487affec000 rw-p 00000000 00:00 0 
1487affec000-1487affef000 r--p 00000000 00:42 22590693037                /suphys/wedi0306/mts-spi-study-cluster/.venv/lib/python3.9/site-packages/scipy/stats/_boost/invgauss_ufunc.cpython-39-x86_64-linux-gnu.so
1487affef000-1487b0008000 r-xp 00003000 00:42 22590693037                /suphys/wedi0306/mts-spi-study-cluster/.venv/lib/python3.9/site-packages/scipy/stats/_boost/invgauss_ufunc.cpython-39-x86_64-linux-gnu.so
1487b0008000-1487b000d000 r--p 0001c000 00:42 22590693037                /suphys/wedi0306/mts-spi-study-cluster/.venv/lib/python3.9/site-packages/scipy/stats/_boost/invgauss_ufunc.cpython-39-x86_64-linux-gnu.so
1487b000d000-1487b000e000 r--p 00020000 00:42 22590693037                /suphys/wedi0306/mts-spi-study-cluster/.venv/lib/python3.9/site-packages/scipy/stats/_boost/invgauss_ufunc.cpython-39-x86_64-linux-gnu.so
1487b000e000-1487b000f000 rw-p 00021000 00:42 22590693037                /suphys/wedi0306/mts-spi-study-cluster/.venv/lib/python3.9/site-packages/scipy/stats/_boost/invgauss_ufunc.cpython-39-x86_64-linux-gnu.so
1487b000f000-1487b0012000 r--p 00000000 00:42 22590693038                /suphys/wedi0306/mts-spi-study-cluster/.venv/lib/python3.9/site-packages/scipy/stats/_boost/skewnorm_ufunc.cpython-39-x86_64-linux-gnu.so
1487b0012000-1487b0021000 r-xp 00003000 00:42 22590693038                /suphys/wedi0306/mts-spi-study-cluster/.venv/lib/python3.9/site-packages/scipy/stats/_boost/skewnorm_ufunc.cpython-39-x86_64-linux-gnu.so
1487b0021000-1487b0024000 r--p 00012000 00:42 22590693038                /suphys/wedi0306/mts-spi-study-cluster/.venv/lib/python3.9/site-packages/scipy/stats/_boost/skewnorm_ufunc.cpython-39-x86_64-linux-gnu.so
1487b0024000-1487b0025000 r--p 00014000 00:42 22590693038                /suphys/wedi0306/mts-spi-study-cluster/.venv/lib/python3.9/site-packages/scipy/stats/_boost/skewnorm_ufunc.cpython-39-x86_64-linux-gnu.so
1487b0025000-1487b0026000 rw-p 00015000 00:42 22590693038                /suphys/wedi0306/mts-spi-study-cluster/.venv/lib/python3.9/site-packages/scipy/stats/_boost/skewnorm_ufunc.cpython-39-x86_64-linux-gnu.so
1487b0026000-1487b0029000 r--p 00000000 00:42 22590693029                /suphys/wedi0306/mts-spi-study-cluster/.venv/lib/python3.9/site-packages/scipy/stats/_boost/nct_ufunc.cpython-39-x86_64-linux-gnu.so
1487b0029000-1487b004e000 r-xp 00003000 00:42 22590693029                /suphys/wedi0306/mts-spi-study-cluster/.venv/lib/python3.9/site-packages/scipy/stats/_boost/nct_ufunc.cpython-39-x86_64-linux-gnu.so
1487b004e000-1487b0053000 r--p 00028000 00:42 22590693029                /suphys/wedi0306/mts-spi-study-cluster/.venv/lib/python3.9/site-packages/scipy/stats/_boost/nct_ufunc.cpython-39-x86_64-linux-gnu.so
1487b0053000-1487b0054000 r--p 0002c000 00:42 22590693029                /suphys/wedi0306/mts-spi-study-cluster/.venv/lib/python3.9/site-packages/scipy/stats/_boost/nct_ufunc.cpython-39-x86_64-linux-gnu.so
1487b0054000-1487b0055000 rw-p 0002d000 00:42 22590693029                /suphys/wedi0306/mts-spi-study-cluster/.venv/lib/python3.9/site-packages/scipy/stats/_boost/nct_ufunc.cpython-39-x86_64-linux-gnu.so
1487b0055000-1487b0058000 r--p 00000000 00:42 22590693035                /suphys/wedi0306/mts-spi-study-cluster/.venv/lib/python3.9/site-packages/scipy/stats/_boost/ncx2_ufunc.cpython-39-x86_64-linux-gnu.so
1487b0058000-1487b0072000 r-xp 00003000 00:42 22590693035                /suphys/wedi0306/mts-spi-study-cluster/.venv/lib/python3.9/site-packages/scipy/stats/_boost/ncx2_ufunc.cpython-39-x86_64-linux-gnu.so
1487b0072000-1487b0077000 r--p 0001d000 00:42 22590693035                /suphys/wedi0306/mts-spi-study-cluster/.venv/lib/python3.9/site-packages/scipy/stats/_boost/ncx2_ufunc.cpython-39-x86_64-linux-gnu.so
1487b0077000-1487b0078000 r--p 00021000 00:42 22590693035                /suphys/wedi0306/mts-spi-study-cluster/.venv/lib/python3.9/site-packages/scipy/stats/_boost/ncx2_ufunc.cpython-39-x86_64-linux-gnu.so
1487b0078000-1487b0079000 rw-p 00022000 00:42 22590693035                /suphys/wedi0306/mts-spi-study-cluster/.venv/lib/python3.9/site-packages/scipy/stats/_boost/ncx2_ufunc.cpython-39-x86_64-linux-gnu.so
1487b0079000-1487b007c000 r--p 00000000 00:42 22590693033                /suphys/wedi0306/mts-spi-study-cluster/.venv/lib/python3.9/site-packages/scipy/stats/_boost/ncf_ufunc.cpython-39-x86_64-linux-gnu.so
1487b007c000-1487b0097000 r-xp 00003000 00:42 22590693033                /suphys/wedi0306/mts-spi-study-cluster/.venv/lib/python3.9/site-packages/scipy/stats/_boost/ncf_ufunc.cpython-39-x86_64-linux-gnu.so
1487b0097000-1487b009c000 r--p 0001e000 00:42 22590693033                /suphys/wedi0306/mts-spi-study-cluster/.venv/lib/python3.9/site-packages/scipy/stats/_boost/ncf_ufunc.cpython-39-x86_64-linux-gnu.so
1487b009c000-1487b009d000 r--p 00022000 00:42 22590693033                /suphys/wedi0306/mts-spi-study-cluster/.venv/lib/python3.9/site-packages/scipy/stats/_boost/ncf_ufunc.cpython-39-x86_64-linux-gnu.so
1487b009d000-1487b009e000 rw-p 00023000 00:42 22590693033                /suphys/wedi0306/mts-spi-study-cluster/.venv/lib/python3.9/site-packages/scipy/stats/_boost/ncf_ufunc.cpython-39-x86_64-linux-gnu.so
1487b009e000-1487b00a1000 r--p 00000000 00:42 22590693034                /suphys/wedi0306/mts-spi-study-cluster/.venv/lib/python3.9/site-packages/scipy/stats/_boost/hypergeom_ufunc.cpython-39-x86_64-linux-gnu.so
1487b00a1000-1487b00ae000 r-xp 00003000 00:42 22590693034                /suphys/wedi0306/mts-spi-study-cluster/.venv/lib/python3.9/site-packages/scipy/stats/_boost/hypergeom_ufunc.cpython-39-x86_64-linux-gnu.so
1487b00ae000-1487b00b6000 r--p 00010000 00:42 22590693034                /suphys/wedi0306/mts-spi-study-cluster/.venv/lib/python3.9/site-packages/scipy/stats/_boost/hypergeom_ufunc.cpython-39-x86_64-linux-gnu.so
1487b00b6000-1487b00b7000 r--p 00017000 00:42 22590693034                /suphys/wedi0306/mts-spi-study-cluster/.venv/lib/python3.9/site-packages/scipy/stats/_boost/hypergeom_ufunc.cpython-39-x86_64-linux-gnu.so
1487b00b7000-1487b00b8000 rw-p 00018000 00:42 22590693034                /suphys/wedi0306/mts-spi-study-cluster/.venv/lib/python3.9/site-packages/scipy/stats/_boost/hypergeom_ufunc.cpython-39-x86_64-linux-gnu.so
1487b00b8000-1487b00bb000 r--p 00000000 00:42 22590693031                /suphys/wedi0306/mts-spi-study-cluster/.venv/lib/python3.9/site-packages/scipy/stats/_boost/nbinom_ufunc.cpython-39-x86_64-linux-gnu.so
1487b00bb000-1487b00d6000 r-xp 00003000 00:42 22590693031                /suphys/wedi0306/mts-spi-study-cluster/.venv/lib/python3.9/site-packages/scipy/stats/_boost/nbinom_ufunc.cpython-39-x86_64-linux-gnu.so
1487b00d6000-1487b00db000 r--p 0001e000 00:42 22590693031                /suphys/wedi0306/mts-spi-study-cluster/.venv/lib/python3.9/site-packages/scipy/stats/_boost/nbinom_ufunc.cpython-39-x86_64-linux-gnu.so
1487b00db000-1487b00dc000 r--p 00022000 00:42 22590693031                /suphys/wedi0306/mts-spi-study-cluster/.venv/lib/python3.9/site-packages/scipy/stats/_boost/nbinom_ufunc.cpython-39-x86_64-linux-gnu.so
1487b00dc000-1487b00dd000 rw-p 00023000 00:42 22590693031                /suphys/wedi0306/mts-spi-study-cluster/.venv/lib/python3.9/site-packages/scipy/stats/_boost/nbinom_ufunc.cpython-39-x86_64-linux-gnu.so
1487b00dd000-1487b00e0000 r--p 00000000 00:42 22590693032                /suphys/wedi0306/mts-spi-study-cluster/.venv/lib/python3.9/site-packages/scipy/stats/_boost/binom_ufunc.cpython-39-x86_64-linux-gnu.so
1487b00e0000-1487b00fb000 r-xp 00003000 00:42 22590693032                /suphys/wedi0306/mts-spi-study-cluster/.venv/lib/python3.9/site-packages/scipy/stats/_boost/binom_ufunc.cpython-39-x86_64-linux-gnu.so
1487b00fb000-1487b0100000 r--p 0001e000 00:42 22590693032                /suphys/wedi0306/mts-spi-study-cluster/.venv/lib/python3.9/site-packages/scipy/stats/_boost/binom_ufunc.cpython-39-x86_64-linux-gnu.so
1487b0100000-1487b0101000 r--p 00022000 00:42 22590693032                /suphys/wedi0306/mts-spi-study-cluster/.venv/lib/python3.9/site-packages/scipy/stats/_boost/binom_ufunc.cpython-39-x86_64-linux-gnu.so
1487b0101000-1487b0102000 rw-p 00023000 00:42 22590693032                /suphys/wedi0306/mts-spi-study-cluster/.venv/lib/python3.9/site-packages/scipy/stats/_boost/binom_ufunc.cpython-39-x86_64-linux-gnu.so
1487b0102000-1487b0105000 r--p 00000000 00:42 22590693036                /suphys/wedi0306/mts-spi-study-cluster/.venv/lib/python3.9/site-packages/scipy/stats/_boost/beta_ufunc.cpython-39-x86_64-linux-gnu.so
1487b0105000-1487b0125000 r-xp 00003000 00:42 22590693036                /suphys/wedi0306/mts-spi-study-cluster/.venv/lib/python3.9/site-packages/scipy/stats/_boost/beta_ufunc.cpython-39-x86_64-linux-gnu.so
1487b0125000-1487b012b000 r--p 00023000 00:42 22590693036                /suphys/wedi0306/mts-spi-study-cluster/.venv/lib/python3.9/site-packages/scipy/stats/_boost/beta_ufunc.cpython-39-x86_64-linux-gnu.so
1487b012b000-1487b012c000 r--p 00028000 00:42 22590693036                /suphys/wedi0306/mts-spi-study-cluster/.venv/lib/python3.9/site-packages/scipy/stats/_boost/beta_ufunc.cpython-39-x86_64-linux-gnu.so
1487b012c000-1487b012d000 rw-p 00029000 00:42 22590693036                /suphys/wedi0306/mts-spi-study-cluster/.venv/lib/python3.9/site-packages/scipy/stats/_boost/beta_ufunc.cpython-39-x86_64-linux-gnu.so
1487b012d000-1487b01ad000 rw-p 00000000 00:00 0 
1487b01ad000-1487b01ba000 r--p 00000000 00:42 6474510278                 /suphys/wedi0306/mts-spi-study-cluster/.venv/lib/python3.9/site-packages/scipy/special/cython_special.cpython-39-x86_64-linux-gnu.so
1487b01ba000-1487b0439000 r-xp 0000d000 00:42 6474510278                 /suphys/wedi0306/mts-spi-study-cluster/.venv/lib/python3.9/site-packages/scipy/special/cython_special.cpython-39-x86_64-linux-gnu.so
1487b0439000-1487b0477000 r--p 0028c000 00:42 6474510278                 /suphys/wedi0306/mts-spi-study-cluster/.venv/lib/python3.9/site-packages/scipy/special/cython_special.cpython-39-x86_64-linux-gnu.so
1487b0477000-1487b0478000 r--p 002c9000 00:42 6474510278                 /suphys/wedi0306/mts-spi-study-cluster/.venv/lib/python3.9/site-packages/scipy/special/cython_special.cpython-39-x86_64-linux-gnu.so
1487b0478000-1487b047f000 rw-p 002ca000 00:42 6474510278                 /suphys/wedi0306/mts-spi-study-cluster/.venv/lib/python3.9/site-packages/scipy/special/cython_special.cpython-39-x86_64-linux-gnu.so
1487b047f000-1487b0482000 rw-p 00000000 00:00 0 
1487b0482000-1487b0488000 r--p 00000000 00:42 18376394558                /suphys/wedi0306/mts-spi-study-cluster/.venv/lib/python3.9/site-packages/scipy/stats/_stats.cpython-39-x86_64-linux-gnu.so
1487b0488000-1487b051d000 r-xp 00006000 00:42 18376394558                /suphys/wedi0306/mts-spi-study-cluster/.venv/lib/python3.9/site-packages/scipy/stats/_stats.cpython-39-x86_64-linux-gnu.so
1487b051d000-1487b052b000 r--p 0009b000 00:42 18376394558                /suphys/wedi0306/mts-spi-study-cluster/.venv/lib/python3.9/site-packages/scipy/stats/_stats.cpython-39-x86_64-linux-gnu.so
1487b052b000-1487b052c000 r--p 000a8000 00:42 18376394558                /suphys/wedi0306/mts-spi-study-cluster/.venv/lib/python3.9/site-packages/scipy/stats/_stats.cpython-39-x86_64-linux-gnu.so
1487b052c000-1487b052f000 rw-p 000a9000 00:42 18376394558                /suphys/wedi0306/mts-spi-study-cluster/.venv/lib/python3.9/site-packages/scipy/stats/_stats.cpython-39-x86_64-linux-gnu.so
1487b052f000-1487b0631000 rw-p 00000000 00:00 0 
1487b0631000-1487b0634000 r--p 00000000 00:42 14037468536                /suphys/wedi0306/mts-spi-study-cluster/.venv/lib/python3.9/site-packages/scipy/integrate/_lsoda.cpython-39-x86_64-linux-gnu.so
1487b0634000-1487b0642000 r-xp 00003000 00:42 14037468536                /suphys/wedi0306/mts-spi-study-cluster/.venv/lib/python3.9/site-packages/scipy/integrate/_lsoda.cpython-39-x86_64-linux-gnu.so
1487b0642000-1487b0646000 r--p 00011000 00:42 14037468536                /suphys/wedi0306/mts-spi-study-cluster/.venv/lib/python3.9/site-packages/scipy/integrate/_lsoda.cpython-39-x86_64-linux-gnu.so
1487b0646000-1487b0647000 r--p 00014000 00:42 14037468536                /suphys/wedi0306/mts-spi-study-cluster/.venv/lib/python3.9/site-packages/scipy/integrate/_lsoda.cpython-39-x86_64-linux-gnu.so
1487b0647000-1487b0649000 rw-p 00015000 00:42 14037468536                /suphys/wedi0306/mts-spi-study-cluster/.venv/lib/python3.9/site-packages/scipy/integrate/_lsoda.cpython-39-x86_64-linux-gnu.so
1487b0649000-1487b064c000 rw-p 00019000 00:42 14037468536                /suphys/wedi0306/mts-spi-study-cluster/.venv/lib/python3.9/site-packages/scipy/integrate/_lsoda.cpython-39-x86_64-linux-gnu.so
1487b064c000-1487b064f000 r--p 00000000 00:42 14037468526                /suphys/wedi0306/mts-spi-study-cluster/.venv/lib/python3.9/site-packages/scipy/integrate/_dop.cpython-39-x86_64-linux-gnu.so
1487b064f000-1487b065d000 r-xp 00003000 00:42 14037468526                /suphys/wedi0306/mts-spi-study-cluster/.venv/lib/python3.9/site-packages/scipy/integrate/_dop.cpython-39-x86_64-linux-gnu.so
1487b065d000-1487b0661000 r--p 00011000 00:42 14037468526                /suphys/wedi0306/mts-spi-study-cluster/.venv/lib/python3.9/site-packages/scipy/integrate/_dop.cpython-39-x86_64-linux-gnu.so
1487b0661000-1487b0662000 r--p 00014000 00:42 14037468526                /suphys/wedi0306/mts-spi-study-cluster/.venv/lib/python3.9/site-packages/scipy/integrate/_dop.cpython-39-x86_64-linux-gnu.so
1487b0662000-1487b0664000 rw-p 00015000 00:42 14037468526                /suphys/wedi0306/mts-spi-study-cluster/.venv/lib/python3.9/site-packages/scipy/integrate/_dop.cpython-39-x86_64-linux-gnu.so
1487b0664000-1487b0667000 rw-p 0001a000 00:42 14037468526                /suphys/wedi0306/mts-spi-study-cluster/.venv/lib/python3.9/site-packages/scipy/integrate/_dop.cpython-39-x86_64-linux-gnu.so
1487b0667000-1487b066a000 r--p 00000000 00:42 14037468531                /suphys/wedi0306/mts-spi-study-cluster/.venv/lib/python3.9/site-packages/scipy/integrate/_vode.cpython-39-x86_64-linux-gnu.so
1487b066a000-1487b0682000 r-xp 00003000 00:42 14037468531                /suphys/wedi0306/mts-spi-study-cluster/.venv/lib/python3.9/site-packages/scipy/integrate/_vode.cpython-39-x86_64-linux-gnu.so
1487b0682000-1487b0688000 r--p 0001b000 00:42 14037468531                /suphys/wedi0306/mts-spi-study-cluster/.venv/lib/python3.9/site-packages/scipy/integrate/_vode.cpython-39-x86_64-linux-gnu.so
1487b0688000-1487b0689000 r--p 00020000 00:42 14037468531                /suphys/wedi0306/mts-spi-study-cluster/.venv/lib/python3.9/site-packages/scipy/integrate/_vode.cpython-39-x86_64-linux-gnu.so
1487b0689000-1487b068b000 rw-p 00021000 00:42 14037468531                /suphys/wedi0306/mts-spi-study-cluster/.venv/lib/python3.9/site-packages/scipy/integrate/_vode.cpython-39-x86_64-linux-gnu.so
1487b068b000-1487b068e000 rw-p 00026000 00:42 14037468531                /suphys/wedi0306/mts-spi-study-cluster/.venv/lib/python3.9/site-packages/scipy/integrate/_vode.cpython-39-x86_64-linux-gnu.so
1487b068e000-1487b0690000 r--p 00000000 00:42 14037468535                /suphys/wedi0306/mts-spi-study-cluster/.venv/lib/python3.9/site-packages/scipy/integrate/_quadpack.cpython-39-x86_64-linux-gnu.so
1487b0690000-1487b06a3000 r-xp 00002000 00:42 14037468535                /suphys/wedi0306/mts-spi-study-cluster/.venv/lib/python3.9/site-packages/scipy/integrate/_quadpack.cpython-39-x86_64-linux-gnu.so
1487b06a3000-1487b06a6000 r--p 00015000 00:42 14037468535                /suphys/wedi0306/mts-spi-study-cluster/.venv/lib/python3.9/site-packages/scipy/integrate/_quadpack.cpython-39-x86_64-linux-gnu.so
1487b06a6000-1487b06a7000 r--p 00017000 00:42 14037468535                /suphys/wedi0306/mts-spi-study-cluster/.venv/lib/python3.9/site-packages/scipy/integrate/_quadpack.cpython-39-x86_64-linux-gnu.so
1487b06a7000-1487b06a8000 rw-p 00018000 00:42 14037468535                /suphys/wedi0306/mts-spi-study-cluster/.venv/lib/python3.9/site-packages/scipy/integrate/_quadpack.cpython-39-x86_64-linux-gnu.so
1487b06a8000-1487b06aa000 rw-p 0001b000 00:42 14037468535                /suphys/wedi0306/mts-spi-study-cluster/.venv/lib/python3.9/site-packages/scipy/integrate/_quadpack.cpython-39-x86_64-linux-gnu.so
1487b06aa000-1487b06ac000 r--p 00000000 00:42 14037468528                /suphys/wedi0306/mts-spi-study-cluster/.venv/lib/python3.9/site-packages/scipy/integrate/_odepack.cpython-39-x86_64-linux-gnu.so
1487b06ac000-1487b06b7000 r-xp 00002000 00:42 14037468528                /suphys/wedi0306/mts-spi-study-cluster/.venv/lib/python3.9/site-packages/scipy/integrate/_odepack.cpython-39-x86_64-linux-gnu.so
1487b06b7000-1487b06ba000 r--p 0000d000 00:42 14037468528                /suphys/wedi0306/mts-spi-study-cluster/.venv/lib/python3.9/site-packages/scipy/integrate/_odepack.cpython-39-x86_64-linux-gnu.so
1487b06ba000-1487b06bb000 r--p 0000f000 00:42 14037468528                /suphys/wedi0306/mts-spi-study-cluster/.venv/lib/python3.9/site-packages/scipy/integrate/_odepack.cpython-39-x86_64-linux-gnu.so
1487b06bb000-1487b06bc000 rw-p 00010000 00:42 14037468528                /suphys/wedi0306/mts-spi-study-cluster/.venv/lib/python3.9/site-packages/scipy/integrate/_odepack.cpython-39-x86_64-linux-gnu.so
1487b06bc000-1487b06be000 rw-p 00013000 00:42 14037468528                /suphys/wedi0306/mts-spi-study-cluster/.venv/lib/python3.9/site-packages/scipy/integrate/_odepack.cpython-39-x86_64-linux-gnu.so
1487b06be000-1487b06fe000 rw-p 00000000 00:00 0 
1487b06fe000-1487b06ff000 r--p 00000000 00:42 12997928574                /suphys/wedi0306/mts-spi-study-cluster/.venv/lib/python3.9/site-packages/scipy/optimize/_direct.cpython-39-x86_64-linux-gnu.so
1487b06ff000-1487b0705000 r-xp 00001000 00:42 12997928574                /suphys/wedi0306/mts-spi-study-cluster/.venv/lib/python3.9/site-packages/scipy/optimize/_direct.cpython-39-x86_64-linux-gnu.so
1487b0705000-1487b0707000 r--p 00007000 00:42 12997928574                /suphys/wedi0306/mts-spi-study-cluster/.venv/lib/python3.9/site-packages/scipy/optimize/_direct.cpython-39-x86_64-linux-gnu.so
1487b0707000-1487b0708000 r--p 00008000 00:42 12997928574                /suphys/wedi0306/mts-spi-study-cluster/.venv/lib/python3.9/site-packages/scipy/optimize/_direct.cpython-39-x86_64-linux-gnu.so
1487b0708000-1487b0709000 rw-p 00009000 00:42 12997928574                /suphys/wedi0306/mts-spi-study-cluster/.venv/lib/python3.9/site-packages/scipy/optimize/_direct.cpython-39-x86_64-linux-gnu.so
1487b0709000-1487b0749000 rw-p 00000000 00:00 0 
1487b0749000-1487b074f000 r--p 00000000 fd:00 201569963                  /usr/lib64/python3.9/lib-dynload/_decimal.cpython-39-x86_64-linux-gnu.so
1487b074f000-1487b0781000 r-xp 00006000 fd:00 201569963                  /usr/lib64/python3.9/lib-dynload/_decimal.cpython-39-x86_64-linux-gnu.so
1487b0781000-1487b0791000 r--p 00038000 fd:00 201569963                  /usr/lib64/python3.9/lib-dynload/_decimal.cpython-39-x86_64-linux-gnu.so
1487b0791000-1487b0792000 r--p 00048000 fd:00 201569963                  /usr/lib64/python3.9/lib-dynload/_decimal.cpython-39-x86_64-linux-gnu.so
1487b0792000-1487b0795000 rw-p 00049000 fd:00 201569963                  /usr/lib64/python3.9/lib-dynload/_decimal.cpython-39-x86_64-linux-gnu.so
1487b0795000-1487b07d5000 rw-p 00000000 00:00 0 
1487b07d5000-1487b07da000 r--p 00000000 00:42 12997928563                /suphys/wedi0306/mts-spi-study-cluster/.venv/lib/python3.9/site-packages/scipy/optimize/_pava_pybind.cpython-39-x86_64-linux-gnu.so
1487b07da000-1487b07f3000 r-xp 00005000 00:42 12997928563                /suphys/wedi0306/mts-spi-study-cluster/.venv/lib/python3.9/site-packages/scipy/optimize/_pava_pybind.cpython-39-x86_64-linux-gnu.so
1487b07f3000-1487b07fb000 r--p 0001e000 00:42 12997928563                /suphys/wedi0306/mts-spi-study-cluster/.venv/lib/python3.9/site-packages/scipy/optimize/_pava_pybind.cpython-39-x86_64-linux-gnu.so
1487b07fb000-1487b07fc000 ---p 00026000 00:42 12997928563                /suphys/wedi0306/mts-spi-study-cluster/.venv/lib/python3.9/site-packages/scipy/optimize/_pava_pybind.cpython-39-x86_64-linux-gnu.so
1487b07fc000-1487b07fd000 r--p 00026000 00:42 12997928563                /suphys/wedi0306/mts-spi-study-cluster/.venv/lib/python3.9/site-packages/scipy/optimize/_pava_pybind.cpython-39-x86_64-linux-gnu.so
1487b07fd000-1487b07fe000 rw-p 00027000 00:42 12997928563                /suphys/wedi0306/mts-spi-study-cluster/.venv/lib/python3.9/site-packages/scipy/optimize/_pava_pybind.cpython-39-x86_64-linux-gnu.so
1487b07fe000-1487b083e000 rw-p 00000000 00:00 0 
1487b083e000-1487b0844000 r--p 00000000 00:42 12997928542                /suphys/wedi0306/mts-spi-study-cluster/.venv/lib/python3.9/site-packages/scipy/optimize/_bglu_dense.cpython-39-x86_64-linux-gnu.so
1487b0844000-1487b0880000 r-xp 00006000 00:42 12997928542                /suphys/wedi0306/mts-spi-study-cluster/.venv/lib/python3.9/site-packages/scipy/optimize/_bglu_dense.cpython-39-x86_64-linux-gnu.so
1487b0880000-1487b088b000 r--p 00042000 00:42 12997928542                /suphys/wedi0306/mts-spi-study-cluster/.venv/lib/python3.9/site-packages/scipy/optimize/_bglu_dense.cpython-39-x86_64-linux-gnu.so
1487b088b000-1487b088c000 r--p 0004c000 00:42 12997928542                /suphys/wedi0306/mts-spi-study-cluster/.venv/lib/python3.9/site-packages/scipy/optimize/_bglu_dense.cpython-39-x86_64-linux-gnu.so
1487b088c000-1487b088f000 rw-p 0004d000 00:42 12997928542                /suphys/wedi0306/mts-spi-study-cluster/.venv/lib/python3.9/site-packages/scipy/optimize/_bglu_dense.cpython-39-x86_64-linux-gnu.so
1487b088f000-1487b0890000 rw-p 00000000 00:00 0 
1487b0890000-1487b0896000 r--p 00000000 00:42 17249233565                /suphys/wedi0306/mts-spi-study-cluster/.venv/lib/python3.9/site-packages/scipy/linalg/_interpolative.cpython-39-x86_64-linux-gnu.so
1487b0896000-1487b08d3000 r-xp 00006000 00:42 17249233565                /suphys/wedi0306/mts-spi-study-cluster/.venv/lib/python3.9/site-packages/scipy/linalg/_interpolative.cpython-39-x86_64-linux-gnu.so
1487b08d3000-1487b08e6000 r--p 00043000 00:42 17249233565                /suphys/wedi0306/mts-spi-study-cluster/.venv/lib/python3.9/site-packages/scipy/linalg/_interpolative.cpython-39-x86_64-linux-gnu.so
1487b08e6000-1487b08e7000 r--p 00055000 00:42 17249233565                /suphys/wedi0306/mts-spi-study-cluster/.venv/lib/python3.9/site-packages/scipy/linalg/_interpolative.cpython-39-x86_64-linux-gnu.so
1487b08e7000-1487b08f7000 rw-p 00056000 00:42 17249233565                /suphys/wedi0306/mts-spi-study-cluster/.venv/lib/python3.9/site-packages/scipy/linalg/_interpolative.cpython-39-x86_64-linux-gnu.so
1487b08f7000-1487b08fa000 rw-p 0006d000 00:42 17249233565                /suphys/wedi0306/mts-spi-study-cluster/.venv/lib/python3.9/site-packages/scipy/linalg/_interpolative.cpython-39-x86_64-linux-gnu.so
1487b08fa000-1487b0907000 r--p 00000000 00:42 18375591265                /suphys/wedi0306/mts-spi-study-cluster/.venv/lib/python3.9/site-packages/scipy/optimize/_highs/_highs_wrapper.cpython-39-x86_64-linux-gnu.so
1487b0907000-1487b0bf2000 r-xp 0000d000 00:42 18375591265                /suphys/wedi0306/mts-spi-study-cluster/.venv/lib/python3.9/site-packages/scipy/optimize/_highs/_highs_wrapper.cpython-39-x86_64-linux-gnu.so
1487b0bf2000-1487b0c5f000 r--p 002f8000 00:42 18375591265                /suphys/wedi0306/mts-spi-study-cluster/.venv/lib/python3.9/site-packages/scipy/optimize/_highs/_highs_wrapper.cpython-39-x86_64-linux-gnu.so
1487b0c5f000-1487b0c60000 ---p 00365000 00:42 18375591265                /suphys/wedi0306/mts-spi-study-cluster/.venv/lib/python3.9/site-packages/scipy/optimize/_highs/_highs_wrapper.cpython-39-x86_64-linux-gnu.so
1487b0c60000-1487b0c62000 r--p 00365000 00:42 18375591265                /suphys/wedi0306/mts-spi-study-cluster/.venv/lib/python3.9/site-packages/scipy/optimize/_highs/_highs_wrapper.cpython-39-x86_64-linux-gnu.so
1487b0c62000-1487b0c64000 rw-p 00367000 00:42 18375591265                /suphys/wedi0306/mts-spi-study-cluster/.venv/lib/python3.9/site-packages/scipy/optimize/_highs/_highs_wrapper.cpython-39-x86_64-linux-gnu.so
1487b0c64000-1487b0ca8000 rw-p 00000000 00:00 0 
1487b0ca8000-1487b0cad000 r--p 00000000 00:42 17249233535                /suphys/wedi0306/mts-spi-study-cluster/.venv/lib/python3.9/site-packages/scipy/optimize/_lsq/givens_elimination.cpython-39-x86_64-linux-gnu.so
1487b0cad000-1487b0cd1000 r-xp 00005000 00:42 17249233535                /suphys/wedi0306/mts-spi-study-cluster/.venv/lib/python3.9/site-packages/scipy/optimize/_lsq/givens_elimination.cpython-39-x86_64-linux-gnu.so
1487b0cd1000-1487b0cd8000 r--p 00029000 00:42 17249233535                /suphys/wedi0306/mts-spi-study-cluster/.venv/lib/python3.9/site-packages/scipy/optimize/_lsq/givens_elimination.cpython-39-x86_64-linux-gnu.so
1487b0cd8000-1487b0cd9000 ---p 00030000 00:42 17249233535                /suphys/wedi0306/mts-spi-study-cluster/.venv/lib/python3.9/site-packages/scipy/optimize/_lsq/givens_elimination.cpython-39-x86_64-linux-gnu.so
1487b0cd9000-1487b0cda000 r--p 00030000 00:42 17249233535                /suphys/wedi0306/mts-spi-study-cluster/.venv/lib/python3.9/site-packages/scipy/optimize/_lsq/givens_elimination.cpython-39-x86_64-linux-gnu.so
1487b0cda000-1487b0cdc000 rw-p 00031000 00:42 17249233535                /suphys/wedi0306/mts-spi-study-cluster/.venv/lib/python3.9/site-packages/scipy/optimize/_lsq/givens_elimination.cpython-39-x86_64-linux-gnu.so
1487b0cdc000-1487b0d1c000 rw-p 00000000 00:00 0 
1487b0d1c000-1487b0d1e000 r--p 00000000 00:42 12997928547                /suphys/wedi0306/mts-spi-study-cluster/.venv/lib/python3.9/site-packages/scipy/optimize/_minpack.cpython-39-x86_64-linux-gnu.so
1487b0d1e000-1487b0d2b000 r-xp 00002000 00:42 12997928547                /suphys/wedi0306/mts-spi-study-cluster/.venv/lib/python3.9/site-packages/scipy/optimize/_minpack.cpython-39-x86_64-linux-gnu.so
1487b0d2b000-1487b0d2d000 r--p 0000f000 00:42 12997928547                /suphys/wedi0306/mts-spi-study-cluster/.venv/lib/python3.9/site-packages/scipy/optimize/_minpack.cpython-39-x86_64-linux-gnu.so
1487b0d2d000-1487b0d2e000 r--p 00010000 00:42 12997928547                /suphys/wedi0306/mts-spi-study-cluster/.venv/lib/python3.9/site-packages/scipy/optimize/_minpack.cpython-39-x86_64-linux-gnu.so
1487b0d2e000-1487b0d2f000 rw-p 00011000 00:42 12997928547                /suphys/wedi0306/mts-spi-study-cluster/.venv/lib/python3.9/site-packages/scipy/optimize/_minpack.cpython-39-x86_64-linux-gnu.so
1487b0d2f000-1487b0d31000 r--p 00000000 00:42 12997928514                /suphys/wedi0306/mts-spi-study-cluster/.venv/lib/python3.9/site-packages/scipy/optimize/_slsqp.cpython-39-x86_64-linux-gnu.so
1487b0d31000-1487b0d3e000 r-xp 00002000 00:42 12997928514                /suphys/wedi0306/mts-spi-study-cluster/.venv/lib/python3.9/site-packages/scipy/optimize/_slsqp.cpython-39-x86_64-linux-gnu.so
1487b0d3e000-1487b0d41000 r--p 0000f000 00:42 12997928514                /suphys/wedi0306/mts-spi-study-cluster/.venv/lib/python3.9/site-packages/scipy/optimize/_slsqp.cpython-39-x86_64-linux-gnu.so
1487b0d41000-1487b0d42000 r--p 00011000 00:42 12997928514                /suphys/wedi0306/mts-spi-study-cluster/.venv/lib/python3.9/site-packages/scipy/optimize/_slsqp.cpython-39-x86_64-linux-gnu.so
1487b0d42000-1487b0d43000 rw-p 00012000 00:42 12997928514                /suphys/wedi0306/mts-spi-study-cluster/.venv/lib/python3.9/site-packages/scipy/optimize/_slsqp.cpython-39-x86_64-linux-gnu.so
1487b0d43000-1487b0d45000 r--p 00000000 00:42 12997928567                /suphys/wedi0306/mts-spi-study-cluster/.venv/lib/python3.9/site-packages/scipy/optimize/_cobyla.cpython-39-x86_64-linux-gnu.so
1487b0d45000-1487b0d53000 r-xp 00002000 00:42 12997928567                /suphys/wedi0306/mts-spi-study-cluster/.venv/lib/python3.9/site-packages/scipy/optimize/_cobyla.cpython-39-x86_64-linux-gnu.so
1487b0d53000-1487b0d56000 r--p 00010000 00:42 12997928567                /suphys/wedi0306/mts-spi-study-cluster/.venv/lib/python3.9/site-packages/scipy/optimize/_cobyla.cpython-39-x86_64-linux-gnu.so
1487b0d56000-1487b0d57000 r--p 00012000 00:42 12997928567                /suphys/wedi0306/mts-spi-study-cluster/.venv/lib/python3.9/site-packages/scipy/optimize/_cobyla.cpython-39-x86_64-linux-gnu.so
1487b0d57000-1487b0d58000 rw-p 00013000 00:42 12997928567                /suphys/wedi0306/mts-spi-study-cluster/.venv/lib/python3.9/site-packages/scipy/optimize/_cobyla.cpython-39-x86_64-linux-gnu.so
1487b0d58000-1487b0d5a000 rw-p 00017000 00:42 12997928567                /suphys/wedi0306/mts-spi-study-cluster/.venv/lib/python3.9/site-packages/scipy/optimize/_cobyla.cpython-39-x86_64-linux-gnu.so
1487b0d5a000-1487b0d5d000 r--p 00000000 00:42 12997928562                /suphys/wedi0306/mts-spi-study-cluster/.venv/lib/python3.9/site-packages/scipy/optimize/_moduleTNC.cpython-39-x86_64-linux-gnu.so
1487b0d5d000-1487b0d76000 r-xp 00003000 00:42 12997928562                /suphys/wedi0306/mts-spi-study-cluster/.venv/lib/python3.9/site-packages/scipy/optimize/_moduleTNC.cpython-39-x86_64-linux-gnu.so
1487b0d76000-1487b0d7a000 r--p 0001c000 00:42 12997928562                /suphys/wedi0306/mts-spi-study-cluster/.venv/lib/python3.9/site-packages/scipy/optimize/_moduleTNC.cpython-39-x86_64-linux-gnu.so
1487b0d7a000-1487b0d7b000 r--p 0001f000 00:42 12997928562                /suphys/wedi0306/mts-spi-study-cluster/.venv/lib/python3.9/site-packages/scipy/optimize/_moduleTNC.cpython-39-x86_64-linux-gnu.so
1487b0d7b000-1487b0d7c000 rw-p 00020000 00:42 12997928562                /suphys/wedi0306/mts-spi-study-cluster/.venv/lib/python3.9/site-packages/scipy/optimize/_moduleTNC.cpython-39-x86_64-linux-gnu.so
1487b0d7c000-1487b0d7e000 r--p 00000000 00:42 12997928555                /suphys/wedi0306/mts-spi-study-cluster/.venv/lib/python3.9/site-packages/scipy/optimize/_lbfgsb.cpython-39-x86_64-linux-gnu.so
1487b0d7e000-1487b0d8f000 r-xp 00002000 00:42 12997928555                /suphys/wedi0306/mts-spi-study-cluster/.venv/lib/python3.9/site-packages/scipy/optimize/_lbfgsb.cpython-39-x86_64-linux-gnu.so
1487b0d8f000-1487b0d94000 r--p 00013000 00:42 12997928555                /suphys/wedi0306/mts-spi-study-cluster/.venv/lib/python3.9/site-packages/scipy/optimize/_lbfgsb.cpython-39-x86_64-linux-gnu.so
1487b0d94000-1487b0d95000 r--p 00017000 00:42 12997928555                /suphys/wedi0306/mts-spi-study-cluster/.venv/lib/python3.9/site-packages/scipy/optimize/_lbfgsb.cpython-39-x86_64-linux-gnu.so
1487b0d95000-1487b0d96000 rw-p 00018000 00:42 12997928555                /suphys/wedi0306/mts-spi-study-cluster/.venv/lib/python3.9/site-packages/scipy/optimize/_lbfgsb.cpython-39-x86_64-linux-gnu.so
1487b0d96000-1487b0d99000 rw-p 0001c000 00:42 12997928555                /suphys/wedi0306/mts-spi-study-cluster/.venv/lib/python3.9/site-packages/scipy/optimize/_lbfgsb.cpython-39-x86_64-linux-gnu.so
1487b0d99000-1487b0dd9000 rw-p 00000000 00:00 0 
1487b0dd9000-1487b0dda000 r--p 00000000 00:00 0 
1487b0dda000-1487b0ddb000 r--p 00000000 fd:00 251706823                  /usr/lib/locale/C.utf8/LC_NUMERIC
1487b0ddb000-1487b0ddd000 r--p 00000000 fd:00 201569973                  /usr/lib64/python3.9/lib-dynload/_multiprocessing.cpython-39-x86_64-linux-gnu.so
1487b0ddd000-1487b0dde000 r-xp 00002000 fd:00 201569973                  /usr/lib64/python3.9/lib-dynload/_multiprocessing.cpython-39-x86_64-linux-gnu.so
1487b0dde000-1487b0ddf000 r--p 00003000 fd:00 201569973                  /usr/lib64/python3.9/lib-dynload/_multiprocessing.cpython-39-x86_64-linux-gnu.so
1487b0ddf000-1487b0de0000 r--p 00003000 fd:00 201569973                  /usr/lib64/python3.9/lib-dynload/_multiprocessing.cpython-39-x86_64-linux-gnu.so
1487b0de0000-1487b0de1000 rw-p 00004000 fd:00 201569973                  /usr/lib64/python3.9/lib-dynload/_multiprocessing.cpython-39-x86_64-linux-gnu.so
1487b0de1000-1487b0de3000 r--p 00000000 fd:00 201570226                  /usr/lib64/python3.9/lib-dynload/cmath.cpython-39-x86_64-linux-gnu.so
1487b0de3000-1487b0def000 r-xp 00002000 fd:00 201570226                  /usr/lib64/python3.9/lib-dynload/cmath.cpython-39-x86_64-linux-gnu.so
1487b0def000-1487b0df1000 r--p 0000e000 fd:00 201570226                  /usr/lib64/python3.9/lib-dynload/cmath.cpython-39-x86_64-linux-gnu.so
1487b0df1000-1487b0df2000 r--p 0000f000 fd:00 201570226                  /usr/lib64/python3.9/lib-dynload/cmath.cpython-39-x86_64-linux-gnu.so
1487b0df2000-1487b0df3000 rw-p 00010000 fd:00 201570226                  /usr/lib64/python3.9/lib-dynload/cmath.cpython-39-x86_64-linux-gnu.so
1487b0df3000-1487b0df5000 rw-p 00000000 00:00 0 
1487b0df5000-1487b0dfc000 r--p 00000000 00:42 14058778432                /suphys/wedi0306/mts-spi-study-cluster/.venv/lib/python3.9/site-packages/pandas/_libs/parsers.cpython-39-x86_64-linux-gnu.so
1487b0dfc000-1487b0e75000 r-xp 00007000 00:42 14058778432                /suphys/wedi0306/mts-spi-study-cluster/.venv/lib/python3.9/site-packages/pandas/_libs/parsers.cpython-39-x86_64-linux-gnu.so
1487b0e75000-1487b0e83000 r--p 00080000 00:42 14058778432                /suphys/wedi0306/mts-spi-study-cluster/.venv/lib/python3.9/site-packages/pandas/_libs/parsers.cpython-39-x86_64-linux-gnu.so
1487b0e83000-1487b0e84000 r--p 0008d000 00:42 14058778432                /suphys/wedi0306/mts-spi-study-cluster/.venv/lib/python3.9/site-packages/pandas/_libs/parsers.cpython-39-x86_64-linux-gnu.so
1487b0e84000-1487b0e87000 rw-p 0008e000 00:42 14058778432                /suphys/wedi0306/mts-spi-study-cluster/.venv/lib/python3.9/site-packages/pandas/_libs/parsers.cpython-39-x86_64-linux-gnu.so
1487b0e87000-1487b0ec9000 rw-p 00000000 00:00 0 
1487b0ec9000-1487b0ecb000 r--p 00000000 00:42 14058778440                /suphys/wedi0306/mts-spi-study-cluster/.venv/lib/python3.9/site-packages/pandas/_libs/json.cpython-39-x86_64-linux-gnu.so
1487b0ecb000-1487b0ed4000 r-xp 00002000 00:42 14058778440                /suphys/wedi0306/mts-spi-study-cluster/.venv/lib/python3.9/site-packages/pandas/_libs/json.cpython-39-x86_64-linux-gnu.so
1487b0ed4000-1487b0ed8000 r--p 0000b000 00:42 14058778440                /suphys/wedi0306/mts-spi-study-cluster/.venv/lib/python3.9/site-packages/pandas/_libs/json.cpython-39-x86_64-linux-gnu.so
1487b0ed8000-1487b0ed9000 r--p 0000e000 00:42 14058778440                /suphys/wedi0306/mts-spi-study-cluster/.venv/lib/python3.9/site-packages/pandas/_libs/json.cpython-39-x86_64-linux-gnu.so
1487b0ed9000-1487b0eda000 rw-p 0000f000 00:42 14058778440                /suphys/wedi0306/mts-spi-study-cluster/.venv/lib/python3.9/site-packages/pandas/_libs/json.cpython-39-x86_64-linux-gnu.so
1487b0eda000-1487b0f1a000 rw-p 00000000 00:00 0 
1487b0f1a000-1487b0f1f000 r--p 00000000 00:42 16203223001                /suphys/wedi0306/mts-spi-study-cluster/.venv/lib/python3.9/site-packages/scipy/optimize/_trlib/_trlib.cpython-39-x86_64-linux-gnu.so
1487b0f1f000-1487b0f5e000 r-xp 00005000 00:42 16203223001                /suphys/wedi0306/mts-spi-study-cluster/.venv/lib/python3.9/site-packages/scipy/optimize/_trlib/_trlib.cpython-39-x86_64-linux-gnu.so
1487b0f5e000-1487b0f68000 r--p 00044000 00:42 16203223001                /suphys/wedi0306/mts-spi-study-cluster/.venv/lib/python3.9/site-packages/scipy/optimize/_trlib/_trlib.cpython-39-x86_64-linux-gnu.so
1487b0f68000-1487b0f69000 r--p 0004d000 00:42 16203223001                /suphys/wedi0306/mts-spi-study-cluster/.venv/lib/python3.9/site-packages/scipy/optimize/_trlib/_trlib.cpython-39-x86_64-linux-gnu.so
1487b0f69000-1487b0f6b000 rw-p 0004e000 00:42 16203223001                /suphys/wedi0306/mts-spi-study-cluster/.venv/lib/python3.9/site-packages/scipy/optimize/_trlib/_trlib.cpython-39-x86_64-linux-gnu.so
1487b0f6b000-1487b0f6c000 rw-p 00000000 00:00 0 
1487b0f6c000-1487b0f70000 rw-p 00059000 00:42 16203223001                /suphys/wedi0306/mts-spi-study-cluster/.venv/lib/python3.9/site-packages/scipy/optimize/_trlib/_trlib.cpython-39-x86_64-linux-gnu.so
1487b0f70000-1487b0fb0000 rw-p 00000000 00:00 0 
1487b0fb0000-1487b0fb3000 r--p 00000000 00:42 12997928528                /suphys/wedi0306/mts-spi-study-cluster/.venv/lib/python3.9/site-packages/scipy/optimize/_group_columns.cpython-39-x86_64-linux-gnu.so
1487b0fb3000-1487b0fbf000 r-xp 00003000 00:42 12997928528                /suphys/wedi0306/mts-spi-study-cluster/.venv/lib/python3.9/site-packages/scipy/optimize/_group_columns.cpython-39-x86_64-linux-gnu.so
1487b0fbf000-1487b0fc2000 r--p 0000f000 00:42 12997928528                /suphys/wedi0306/mts-spi-study-cluster/.venv/lib/python3.9/site-packages/scipy/optimize/_group_columns.cpython-39-x86_64-linux-gnu.so
1487b0fc2000-1487b0fc3000 r--p 00011000 00:42 12997928528                /suphys/wedi0306/mts-spi-study-cluster/.venv/lib/python3.9/site-packages/scipy/optimize/_group_columns.cpython-39-x86_64-linux-gnu.so
1487b0fc3000-1487b0fc4000 rw-p 00012000 00:42 12997928528                /suphys/wedi0306/mts-spi-study-cluster/.venv/lib/python3.9/site-packages/scipy/optimize/_group_columns.cpython-39-x86_64-linux-gnu.so
1487b0fc4000-1487b0fc6000 r--p 00000000 00:42 12997928571                /suphys/wedi0306/mts-spi-study-cluster/.venv/lib/python3.9/site-packages/scipy/optimize/_minpack2.cpython-39-x86_64-linux-gnu.so
1487b0fc6000-1487b0fcd000 r-xp 00002000 00:42 12997928571                /suphys/wedi0306/mts-spi-study-cluster/.venv/lib/python3.9/site-packages/scipy/optimize/_minpack2.cpython-39-x86_64-linux-gnu.so
1487b0fcd000-1487b0fcf000 r--p 00009000 00:42 12997928571                /suphys/wedi0306/mts-spi-study-cluster/.venv/lib/python3.9/site-packages/scipy/optimize/_minpack2.cpython-39-x86_64-linux-gnu.so
1487b0fcf000-1487b0fd0000 ---p 0000b000 00:42 12997928571                /suphys/wedi0306/mts-spi-study-cluster/.venv/lib/python3.9/site-packages/scipy/optimize/_minpack2.cpython-39-x86_64-linux-gnu.so
1487b0fd0000-1487b0fd1000 r--p 0000b000 00:42 12997928571                /suphys/wedi0306/mts-spi-study-cluster/.venv/lib/python3.9/site-packages/scipy/optimize/_minpack2.cpython-39-x86_64-linux-gnu.so
1487b0fd1000-1487b0fd2000 rw-p 0000c000 00:42 12997928571                /suphys/wedi0306/mts-spi-study-cluster/.venv/lib/python3.9/site-packages/scipy/optimize/_minpack2.cpython-39-x86_64-linux-gnu.so
1487b0fd2000-1487b1012000 rw-p 00000000 00:00 0 
1487b1012000-1487b1017000 r--p 00000000 00:42 23666817799                /suphys/wedi0306/mts-spi-study-cluster/.venv/lib/python3.9/site-packages/scipy/ndimage/_ni_label.cpython-39-x86_64-linux-gnu.so
1487b1017000-1487b1064000 r-xp 00005000 00:42 23666817799                /suphys/wedi0306/mts-spi-study-cluster/.venv/lib/python3.9/site-packages/scipy/ndimage/_ni_label.cpython-39-x86_64-linux-gnu.so
1487b1064000-1487b106e000 r--p 00052000 00:42 23666817799                /suphys/wedi0306/mts-spi-study-cluster/.venv/lib/python3.9/site-packages/scipy/ndimage/_ni_label.cpython-39-x86_64-linux-gnu.so
1487b106e000-1487b106f000 r--p 0005b000 00:42 23666817799                /suphys/wedi0306/mts-spi-study-cluster/.venv/lib/python3.9/site-packages/scipy/ndimage/_ni_label.cpython-39-x86_64-linux-gnu.so
1487b106f000-1487b1072000 rw-p 0005c000 00:42 23666817799                /suphys/wedi0306/mts-spi-study-cluster/.venv/lib/python3.9/site-packages/scipy/ndimage/_ni_label.cpython-39-x86_64-linux-gnu.so
1487b1072000-1487b1074000 r--p 00000000 00:42 23666817793                /suphys/wedi0306/mts-spi-study-cluster/.venv/lib/python3.9/site-packages/scipy/ndimage/_nd_image.cpython-39-x86_64-linux-gnu.so
1487b1074000-1487b108f000 r-xp 00002000 00:42 23666817793                /suphys/wedi0306/mts-spi-study-cluster/.venv/lib/python3.9/site-packages/scipy/ndimage/_nd_image.cpython-39-x86_64-linux-gnu.so
1487b108f000-1487b1093000 r--p 0001d000 00:42 23666817793                /suphys/wedi0306/mts-spi-study-cluster/.venv/lib/python3.9/site-packages/scipy/ndimage/_nd_image.cpython-39-x86_64-linux-gnu.so
1487b1093000-1487b1094000 r--p 00020000 00:42 23666817793                /suphys/wedi0306/mts-spi-study-cluster/.venv/lib/python3.9/site-packages/scipy/ndimage/_nd_image.cpython-39-x86_64-linux-gnu.so
1487b1094000-1487b1095000 rw-p 00021000 00:42 23666817793                /suphys/wedi0306/mts-spi-study-cluster/.venv/lib/python3.9/site-packages/scipy/ndimage/_nd_image.cpython-39-x86_64-linux-gnu.so
1487b1095000-1487b1115000 rw-p 00000000 00:00 0 
1487b1115000-1487b111c000 r--p 00000000 00:42 8697009966                 /suphys/wedi0306/mts-spi-study-cluster/.venv/lib/python3.9/site-packages/scipy/spatial/transform/_rotation.cpython-39-x86_64-linux-gnu.so
1487b111c000-1487b11c1000 r-xp 00007000 00:42 8697009966                 /suphys/wedi0306/mts-spi-study-cluster/.venv/lib/python3.9/site-packages/scipy/spatial/transform/_rotation.cpython-39-x86_64-linux-gnu.so
1487b11c1000-1487b11f2000 r--p 000ac000 00:42 8697009966                 /suphys/wedi0306/mts-spi-study-cluster/.venv/lib/python3.9/site-packages/scipy/spatial/transform/_rotation.cpython-39-x86_64-linux-gnu.so
1487b11f2000-1487b11f3000 ---p 000dd000 00:42 8697009966                 /suphys/wedi0306/mts-spi-study-cluster/.venv/lib/python3.9/site-packages/scipy/spatial/transform/_rotation.cpython-39-x86_64-linux-gnu.so
1487b11f3000-1487b11f4000 r--p 000dd000 00:42 8697009966                 /suphys/wedi0306/mts-spi-study-cluster/.venv/lib/python3.9/site-packages/scipy/spatial/transform/_rotation.cpython-39-x86_64-linux-gnu.so
1487b11f4000-1487b11f8000 rw-p 000de000 00:42 8697009966                 /suphys/wedi0306/mts-spi-study-cluster/.venv/lib/python3.9/site-packages/scipy/spatial/transform/_rotation.cpython-39-x86_64-linux-gnu.so
1487b11f8000-1487b11fa000 rw-p 00000000 00:00 0 
1487b11fa000-1487b1200000 r--p 00000000 00:42 7536333472                 /suphys/wedi0306/mts-spi-study-cluster/.venv/lib/python3.9/site-packages/scipy/spatial/_distance_pybind.cpython-39-x86_64-linux-gnu.so
1487b1200000-1487b1266000 r-xp 00006000 00:42 7536333472                 /suphys/wedi0306/mts-spi-study-cluster/.venv/lib/python3.9/site-packages/scipy/spatial/_distance_pybind.cpython-39-x86_64-linux-gnu.so
1487b1266000-1487b1276000 r--p 0006c000 00:42 7536333472                 /suphys/wedi0306/mts-spi-study-cluster/.venv/lib/python3.9/site-packages/scipy/spatial/_distance_pybind.cpython-39-x86_64-linux-gnu.so
1487b1276000-1487b1277000 ---p 0007c000 00:42 7536333472                 /suphys/wedi0306/mts-spi-study-cluster/.venv/lib/python3.9/site-packages/scipy/spatial/_distance_pybind.cpython-39-x86_64-linux-gnu.so
1487b1277000-1487b1278000 r--p 0007c000 00:42 7536333472                 /suphys/wedi0306/mts-spi-study-cluster/.venv/lib/python3.9/site-packages/scipy/spatial/_distance_pybind.cpython-39-x86_64-linux-gnu.so
1487b1278000-1487b1279000 rw-p 0007d000 00:42 7536333472                 /suphys/wedi0306/mts-spi-study-cluster/.venv/lib/python3.9/site-packages/scipy/spatial/_distance_pybind.cpython-39-x86_64-linux-gnu.so
1487b1279000-1487b127c000 r--p 00000000 00:42 6474508791                 /suphys/wedi0306/mts-spi-study-cluster/.venv/lib/python3.9/site-packages/scipy/special/_ellip_harm_2.cpython-39-x86_64-linux-gnu.so
1487b127c000-1487b1290000 r-xp 00003000 00:42 6474508791                 /suphys/wedi0306/mts-spi-study-cluster/.venv/lib/python3.9/site-packages/scipy/special/_ellip_harm_2.cpython-39-x86_64-linux-gnu.so
1487b1290000-1487b1293000 r--p 00017000 00:42 6474508791                 /suphys/wedi0306/mts-spi-study-cluster/.venv/lib/python3.9/site-packages/scipy/special/_ellip_harm_2.cpython-39-x86_64-linux-gnu.so
1487b1293000-1487b1294000 r--p 00019000 00:42 6474508791                 /suphys/wedi0306/mts-spi-study-cluster/.venv/lib/python3.9/site-packages/scipy/special/_ellip_harm_2.cpython-39-x86_64-linux-gnu.so
1487b1294000-1487b1295000 rw-p 0001a000 00:42 6474508791                 /suphys/wedi0306/mts-spi-study-cluster/.venv/lib/python3.9/site-packages/scipy/special/_ellip_harm_2.cpython-39-x86_64-linux-gnu.so
1487b1295000-1487b1298000 rw-p 0001f000 00:42 6474508791                 /suphys/wedi0306/mts-spi-study-cluster/.venv/lib/python3.9/site-packages/scipy/special/_ellip_harm_2.cpython-39-x86_64-linux-gnu.so
1487b1298000-1487b12d8000 rw-p 00000000 00:00 0 
1487b12d8000-1487b12dc000 r--p 00000000 00:42 6474508798                 /suphys/wedi0306/mts-spi-study-cluster/.venv/lib/python3.9/site-packages/scipy/special/_specfun.cpython-39-x86_64-linux-gnu.so
1487b12dc000-1487b1313000 r-xp 00004000 00:42 6474508798                 /suphys/wedi0306/mts-spi-study-cluster/.venv/lib/python3.9/site-packages/scipy/special/_specfun.cpython-39-x86_64-linux-gnu.so
1487b1313000-1487b1319000 r--p 0003b000 00:42 6474508798                 /suphys/wedi0306/mts-spi-study-cluster/.venv/lib/python3.9/site-packages/scipy/special/_specfun.cpython-39-x86_64-linux-gnu.so
1487b1319000-1487b131a000 ---p 00041000 00:42 6474508798                 /suphys/wedi0306/mts-spi-study-cluster/.venv/lib/python3.9/site-packages/scipy/special/_specfun.cpython-39-x86_64-linux-gnu.so
1487b131a000-1487b131b000 r--p 00041000 00:42 6474508798                 /suphys/wedi0306/mts-spi-study-cluster/.venv/lib/python3.9/site-packages/scipy/special/_specfun.cpython-39-x86_64-linux-gnu.so
1487b131b000-1487b131c000 rw-p 00042000 00:42 6474508798                 /suphys/wedi0306/mts-spi-study-cluster/.venv/lib/python3.9/site-packages/scipy/special/_specfun.cpython-39-x86_64-linux-gnu.so
1487b131c000-1487b139d000 rw-p 00000000 00:00 0 
1487b139d000-1487b139f000 r--p 00000000 00:42 6474510288                 /suphys/wedi0306/mts-spi-study-cluster/.venv/lib/python3.9/site-packages/scipy/special/_cdflib.cpython-39-x86_64-linux-gnu.so
1487b139f000-1487b13c2000 r-xp 00002000 00:42 6474510288                 /suphys/wedi0306/mts-spi-study-cluster/.venv/lib/python3.9/site-packages/scipy/special/_cdflib.cpython-39-x86_64-linux-gnu.so
1487b13c2000-1487b13c6000 r--p 00025000 00:42 6474510288                 /suphys/wedi0306/mts-spi-study-cluster/.venv/lib/python3.9/site-packages/scipy/special/_cdflib.cpython-39-x86_64-linux-gnu.so
1487b13c6000-1487b13c7000 r--p 00028000 00:42 6474510288                 /suphys/wedi0306/mts-spi-study-cluster/.venv/lib/python3.9/site-packages/scipy/special/_cdflib.cpython-39-x86_64-linux-gnu.so
1487b13c7000-1487b13c8000 rw-p 00029000 00:42 6474510288                 /suphys/wedi0306/mts-spi-study-cluster/.venv/lib/python3.9/site-packages/scipy/special/_cdflib.cpython-39-x86_64-linux-gnu.so
1487b13c8000-1487b13cc000 r--p 00000000 00:42 6474510274                 /suphys/wedi0306/mts-spi-study-cluster/.venv/lib/python3.9/site-packages/scipy/special/_ufuncs_cxx.cpython-39-x86_64-linux-gnu.so
1487b13cc000-1487b1446000 r-xp 00004000 00:42 6474510274                 /suphys/wedi0306/mts-spi-study-cluster/.venv/lib/python3.9/site-packages/scipy/special/_ufuncs_cxx.cpython-39-x86_64-linux-gnu.so
1487b1446000-1487b1458000 r--p 0007e000 00:42 6474510274                 /suphys/wedi0306/mts-spi-study-cluster/.venv/lib/python3.9/site-packages/scipy/special/_ufuncs_cxx.cpython-39-x86_64-linux-gnu.so
1487b1458000-1487b1459000 r--p 0008f000 00:42 6474510274                 /suphys/wedi0306/mts-spi-study-cluster/.venv/lib/python3.9/site-packages/scipy/special/_ufuncs_cxx.cpython-39-x86_64-linux-gnu.so
1487b1459000-1487b145a000 rw-p 00090000 00:42 6474510274                 /suphys/wedi0306/mts-spi-study-cluster/.venv/lib/python3.9/site-packages/scipy/special/_ufuncs_cxx.cpython-39-x86_64-linux-gnu.so
1487b145a000-1487b145f000 r--p 00000000 00:42 6474510291                 /suphys/wedi0306/mts-spi-study-cluster/.venv/lib/python3.9/site-packages/scipy/special/_ufuncs.cpython-39-x86_64-linux-gnu.so
1487b145f000-1487b153b000 r-xp 00005000 00:42 6474510291                 /suphys/wedi0306/mts-spi-study-cluster/.venv/lib/python3.9/site-packages/scipy/special/_ufuncs.cpython-39-x86_64-linux-gnu.so
1487b153b000-1487b15aa000 r--p 000e1000 00:42 6474510291                 /suphys/wedi0306/mts-spi-study-cluster/.venv/lib/python3.9/site-packages/scipy/special/_ufuncs.cpython-39-x86_64-linux-gnu.so
1487b15aa000-1487b15ab000 r--p 0014f000 00:42 6474510291                 /suphys/wedi0306/mts-spi-study-cluster/.venv/lib/python3.9/site-packages/scipy/special/_ufuncs.cpython-39-x86_64-linux-gnu.so
1487b15ab000-1487b15af000 rw-p 00150000 00:42 6474510291                 /suphys/wedi0306/mts-spi-study-cluster/.venv/lib/python3.9/site-packages/scipy/special/_ufuncs.cpython-39-x86_64-linux-gnu.so
1487b15af000-1487b15b8000 rw-p 00000000 00:00 0 
1487b15b8000-1487b15bc000 rw-p 0017c000 00:42 6474510291                 /suphys/wedi0306/mts-spi-study-cluster/.venv/lib/python3.9/site-packages/scipy/special/_ufuncs.cpython-39-x86_64-linux-gnu.so
1487b15bc000-1487b15c1000 r--p 00000000 00:42 7536333473                 /suphys/wedi0306/mts-spi-study-cluster/.venv/lib/python3.9/site-packages/scipy/spatial/_hausdorff.cpython-39-x86_64-linux-gnu.so
1487b15c1000-1487b15e8000 r-xp 00005000 00:42 7536333473                 /suphys/wedi0306/mts-spi-study-cluster/.venv/lib/python3.9/site-packages/scipy/spatial/_hausdorff.cpython-39-x86_64-linux-gnu.so
1487b15e8000-1487b15f0000 r--p 0002c000 00:42 7536333473                 /suphys/wedi0306/mts-spi-study-cluster/.venv/lib/python3.9/site-packages/scipy/spatial/_hausdorff.cpython-39-x86_64-linux-gnu.so
1487b15f0000-1487b15f1000 r--p 00033000 00:42 7536333473                 /suphys/wedi0306/mts-spi-study-cluster/.venv/lib/python3.9/site-packages/scipy/spatial/_hausdorff.cpython-39-x86_64-linux-gnu.so
1487b15f1000-1487b15f3000 rw-p 00034000 00:42 7536333473                 /suphys/wedi0306/mts-spi-study-cluster/.venv/lib/python3.9/site-packages/scipy/spatial/_hausdorff.cpython-39-x86_64-linux-gnu.so
1487b15f3000-1487b15f4000 rw-p 00000000 00:00 0 
1487b15f4000-1487b15f6000 r--p 00000000 00:42 7536333474                 /suphys/wedi0306/mts-spi-study-cluster/.venv/lib/python3.9/site-packages/scipy/spatial/_distance_wrap.cpython-39-x86_64-linux-gnu.so
1487b15f6000-1487b160a000 r-xp 00002000 00:42 7536333474                 /suphys/wedi0306/mts-spi-study-cluster/.venv/lib/python3.9/site-packages/scipy/spatial/_distance_wrap.cpython-39-x86_64-linux-gnu.so
1487b160a000-1487b160c000 r--p 00016000 00:42 7536333474                 /suphys/wedi0306/mts-spi-study-cluster/.venv/lib/python3.9/site-packages/scipy/spatial/_distance_wrap.cpython-39-x86_64-linux-gnu.so
1487b160c000-1487b160d000 ---p 00018000 00:42 7536333474                 /suphys/wedi0306/mts-spi-study-cluster/.venv/lib/python3.9/site-packages/scipy/spatial/_distance_wrap.cpython-39-x86_64-linux-gnu.so
1487b160d000-1487b160e000 r--p 00018000 00:42 7536333474                 /suphys/wedi0306/mts-spi-study-cluster/.venv/lib/python3.9/site-packages/scipy/spatial/_distance_wrap.cpython-39-x86_64-linux-gnu.so
1487b160e000-1487b160f000 rw-p 00019000 00:42 7536333474                 /suphys/wedi0306/mts-spi-study-cluster/.venv/lib/python3.9/site-packages/scipy/spatial/_distance_wrap.cpython-39-x86_64-linux-gnu.so
1487b160f000-1487b1614000 r--p 00000000 00:42 7536333468                 /suphys/wedi0306/mts-spi-study-cluster/.venv/lib/python3.9/site-packages/scipy/spatial/_voronoi.cpython-39-x86_64-linux-gnu.so
1487b1614000-1487b163a000 r-xp 00005000 00:42 7536333468                 /suphys/wedi0306/mts-spi-study-cluster/.venv/lib/python3.9/site-packages/scipy/spatial/_voronoi.cpython-39-x86_64-linux-gnu.so
1487b163a000-1487b1641000 r--p 0002b000 00:42 7536333468                 /suphys/wedi0306/mts-spi-study-cluster/.venv/lib/python3.9/site-packages/scipy/spatial/_voronoi.cpython-39-x86_64-linux-gnu.so
1487b1641000-1487b1642000 ---p 00032000 00:42 7536333468                 /suphys/wedi0306/mts-spi-study-cluster/.venv/lib/python3.9/site-packages/scipy/spatial/_voronoi.cpython-39-x86_64-linux-gnu.so
1487b1642000-1487b1643000 r--p 00032000 00:42 7536333468                 /suphys/wedi0306/mts-spi-study-cluster/.venv/lib/python3.9/site-packages/scipy/spatial/_voronoi.cpython-39-x86_64-linux-gnu.so
1487b1643000-1487b1645000 rw-p 00033000 00:42 7536333468                 /suphys/wedi0306/mts-spi-study-cluster/.venv/lib/python3.9/site-packages/scipy/spatial/_voronoi.cpython-39-x86_64-linux-gnu.so
1487b1645000-1487b1686000 rw-p 00000000 00:00 0 
1487b1686000-1487b1689000 r--p 00000000 fd:00 150996421                  /usr/lib64/liblzma.so.5.2.5
1487b1689000-1487b16a4000 r-xp 00003000 fd:00 150996421                  /usr/lib64/liblzma.so.5.2.5
1487b16a4000-1487b16af000 r--p 0001e000 fd:00 150996421                  /usr/lib64/liblzma.so.5.2.5
1487b16af000-1487b16b0000 ---p 00029000 fd:00 150996421                  /usr/lib64/liblzma.so.5.2.5
1487b16b0000-1487b16b1000 r--p 00029000 fd:00 150996421                  /usr/lib64/liblzma.so.5.2.5
1487b16b1000-1487b16b2000 rw-p 00000000 00:00 0 
1487b16b2000-1487b16b3000 r--p 00000000 00:42 12997928543                /suphys/wedi0306/mts-spi-study-cluster/.venv/lib/python3.9/site-packages/scipy/optimize/_lsap.cpython-39-x86_64-linux-gnu.so
1487b16b3000-1487b16b5000 r-xp 00001000 00:42 12997928543                /suphys/wedi0306/mts-spi-study-cluster/.venv/lib/python3.9/site-packages/scipy/optimize/_lsap.cpython-39-x86_64-linux-gnu.so
1487b16b5000-1487b16b7000 r--p 00003000 00:42 12997928543                /suphys/wedi0306/mts-spi-study-cluster/.venv/lib/python3.9/site-packages/scipy/optimize/_lsap.cpython-39-x86_64-linux-gnu.so
1487b16b7000-1487b16b8000 r--p 00004000 00:42 12997928543                /suphys/wedi0306/mts-spi-study-cluster/.venv/lib/python3.9/site-packages/scipy/optimize/_lsap.cpython-39-x86_64-linux-gnu.so
1487b16b8000-1487b16b9000 rw-p 00005000 00:42 12997928543                /suphys/wedi0306/mts-spi-study-cluster/.venv/lib/python3.9/site-packages/scipy/optimize/_lsap.cpython-39-x86_64-linux-gnu.so
1487b16b9000-1487b16bc000 r--p 00000000 00:42 6474508794                 /suphys/wedi0306/mts-spi-study-cluster/.venv/lib/python3.9/site-packages/scipy/special/_comb.cpython-39-x86_64-linux-gnu.so
1487b16bc000-1487b16c3000 r-xp 00003000 00:42 6474508794                 /suphys/wedi0306/mts-spi-study-cluster/.venv/lib/python3.9/site-packages/scipy/special/_comb.cpython-39-x86_64-linux-gnu.so
1487b16c3000-1487b16c5000 r--p 0000a000 00:42 6474508794                 /suphys/wedi0306/mts-spi-study-cluster/.venv/lib/python3.9/site-packages/scipy/special/_comb.cpython-39-x86_64-linux-gnu.so
1487b16c5000-1487b16c6000 r--p 0000b000 00:42 6474508794                 /suphys/wedi0306/mts-spi-study-cluster/.venv/lib/python3.9/site-packages/scipy/special/_comb.cpython-39-x86_64-linux-gnu.so
1487b16c6000-1487b16c7000 rw-p 0000c000 00:42 6474508794                 /suphys/wedi0306/mts-spi-study-cluster/.venv/lib/python3.9/site-packages/scipy/special/_comb.cpython-39-x86_64-linux-gnu.so
1487b16c7000-1487b16c9000 r--p 00000000 fd:00 150995391                  /usr/lib64/libbz2.so.1.0.8
1487b16c9000-1487b16d6000 r-xp 00002000 fd:00 150995391                  /usr/lib64/libbz2.so.1.0.8
1487b16d6000-1487b16d8000 r--p 0000f000 fd:00 150995391                  /usr/lib64/libbz2.so.1.0.8
1487b16d8000-1487b16d9000 r--p 00010000 fd:00 150995391                  /usr/lib64/libbz2.so.1.0.8
1487b16d9000-1487b16da000 rw-p 00011000 fd:00 150995391                  /usr/lib64/libbz2.so.1.0.8
1487b16da000-1487b16db000 r--p 00000000 fd:00 251706831                  /usr/lib/locale/C.utf8/LC_TIME
1487b16db000-1487b16dd000 r--p 00000000 00:42 18375591263                /suphys/wedi0306/mts-spi-study-cluster/.venv/lib/python3.9/site-packages/scipy/optimize/_highs/_highs_constants.cpython-39-x86_64-linux-gnu.so
1487b16dd000-1487b16e0000 r-xp 00002000 00:42 18375591263                /suphys/wedi0306/mts-spi-study-cluster/.venv/lib/python3.9/site-packages/scipy/optimize/_highs/_highs_constants.cpython-39-x86_64-linux-gnu.so
1487b16e0000-1487b16e1000 r--p 00005000 00:42 18375591263                /suphys/wedi0306/mts-spi-study-cluster/.venv/lib/python3.9/site-packages/scipy/optimize/_highs/_highs_constants.cpython-39-x86_64-linux-gnu.so
1487b16e1000-1487b16e2000 r--p 00005000 00:42 18375591263                /suphys/wedi0306/mts-spi-study-cluster/.venv/lib/python3.9/site-packages/scipy/optimize/_highs/_highs_constants.cpython-39-x86_64-linux-gnu.so
1487b16e2000-1487b16e3000 rw-p 00006000 00:42 18375591263                /suphys/wedi0306/mts-spi-study-cluster/.venv/lib/python3.9/site-packages/scipy/optimize/_highs/_highs_constants.cpython-39-x86_64-linux-gnu.so
1487b16e3000-1487b16e6000 r--p 00000000 fd:00 201569971                  /usr/lib64/python3.9/lib-dynload/_lzma.cpython-39-x86_64-linux-gnu.so
1487b16e6000-1487b16ea000 r-xp 00003000 fd:00 201569971                  /usr/lib64/python3.9/lib-dynload/_lzma.cpython-39-x86_64-linux-gnu.so
1487b16ea000-1487b16ed000 r--p 00007000 fd:00 201569971                  /usr/lib64/python3.9/lib-dynload/_lzma.cpython-39-x86_64-linux-gnu.so
1487b16ed000-1487b16ee000 r--p 00009000 fd:00 201569971                  /usr/lib64/python3.9/lib-dynload/_lzma.cpython-39-x86_64-linux-gnu.so
1487b16ee000-1487b16ef000 rw-p 0000a000 fd:00 201569971                  /usr/lib64/python3.9/lib-dynload/_lzma.cpython-39-x86_64-linux-gnu.so
1487b16ef000-1487b172f000 rw-p 00000000 00:00 0 
1487b172f000-1487b1736000 r--p 00000000 00:42 7536333476                 /suphys/wedi0306/mts-spi-study-cluster/.venv/lib/python3.9/site-packages/scipy/spatial/_qhull.cpython-39-x86_64-linux-gnu.so
1487b1736000-1487b17fc000 r-xp 00007000 00:42 7536333476                 /suphys/wedi0306/mts-spi-study-cluster/.venv/lib/python3.9/site-packages/scipy/spatial/_qhull.cpython-39-x86_64-linux-gnu.so
1487b17fc000-1487b1834000 r--p 000cd000 00:42 7536333476                 /suphys/wedi0306/mts-spi-study-cluster/.venv/lib/python3.9/site-packages/scipy/spatial/_qhull.cpython-39-x86_64-linux-gnu.so
1487b1834000-1487b1835000 r--p 00104000 00:42 7536333476                 /suphys/wedi0306/mts-spi-study-cluster/.venv/lib/python3.9/site-packages/scipy/spatial/_qhull.cpython-39-x86_64-linux-gnu.so
1487b1835000-1487b1838000 rw-p 00105000 00:42 7536333476                 /suphys/wedi0306/mts-spi-study-cluster/.venv/lib/python3.9/site-packages/scipy/spatial/_qhull.cpython-39-x86_64-linux-gnu.so
1487b1838000-1487b183a000 rw-p 00000000 00:00 0 
1487b183a000-1487b1842000 r--p 00000000 00:42 7536333470                 /suphys/wedi0306/mts-spi-study-cluster/.venv/lib/python3.9/site-packages/scipy/spatial/_ckdtree.cpython-39-x86_64-linux-gnu.so
1487b1842000-1487b18ed000 r-xp 00008000 00:42 7536333470                 /suphys/wedi0306/mts-spi-study-cluster/.venv/lib/python3.9/site-packages/scipy/spatial/_ckdtree.cpython-39-x86_64-linux-gnu.so
1487b18ed000-1487b190c000 r--p 000b3000 00:42 7536333470                 /suphys/wedi0306/mts-spi-study-cluster/.venv/lib/python3.9/site-packages/scipy/spatial/_ckdtree.cpython-39-x86_64-linux-gnu.so
1487b190c000-1487b190d000 ---p 000d2000 00:42 7536333470                 /suphys/wedi0306/mts-spi-study-cluster/.venv/lib/python3.9/site-packages/scipy/spatial/_ckdtree.cpython-39-x86_64-linux-gnu.so
1487b190d000-1487b190e000 r--p 000d2000 00:42 7536333470                 /suphys/wedi0306/mts-spi-study-cluster/.venv/lib/python3.9/site-packages/scipy/spatial/_ckdtree.cpython-39-x86_64-linux-gnu.so
1487b190e000-1487b1912000 rw-p 000d3000 00:42 7536333470                 /suphys/wedi0306/mts-spi-study-cluster/.venv/lib/python3.9/site-packages/scipy/spatial/_ckdtree.cpython-39-x86_64-linux-gnu.so
1487b1912000-1487b1913000 rw-p 00000000 00:00 0 
1487b1913000-1487b1918000 r--p 00000000 00:42 12997898690                /suphys/wedi0306/mts-spi-study-cluster/.venv/lib/python3.9/site-packages/scipy/sparse/csgraph/_reordering.cpython-39-x86_64-linux-gnu.so
1487b1918000-1487b194f000 r-xp 00005000 00:42 12997898690                /suphys/wedi0306/mts-spi-study-cluster/.venv/lib/python3.9/site-packages/scipy/sparse/csgraph/_reordering.cpython-39-x86_64-linux-gnu.so
1487b194f000-1487b1959000 r--p 0003c000 00:42 12997898690                /suphys/wedi0306/mts-spi-study-cluster/.venv/lib/python3.9/site-packages/scipy/sparse/csgraph/_reordering.cpython-39-x86_64-linux-gnu.so
1487b1959000-1487b195a000 r--p 00045000 00:42 12997898690                /suphys/wedi0306/mts-spi-study-cluster/.venv/lib/python3.9/site-packages/scipy/sparse/csgraph/_reordering.cpython-39-x86_64-linux-gnu.so
1487b195a000-1487b195c000 rw-p 00046000 00:42 12997898690                /suphys/wedi0306/mts-spi-study-cluster/.venv/lib/python3.9/site-packages/scipy/sparse/csgraph/_reordering.cpython-39-x86_64-linux-gnu.so
1487b195c000-1487b195d000 rw-p 00000000 00:00 0 
1487b195d000-1487b1962000 r--p 00000000 00:42 12997898692                /suphys/wedi0306/mts-spi-study-cluster/.venv/lib/python3.9/site-packages/scipy/sparse/csgraph/_matching.cpython-39-x86_64-linux-gnu.so
1487b1962000-1487b199a000 r-xp 00005000 00:42 12997898692                /suphys/wedi0306/mts-spi-study-cluster/.venv/lib/python3.9/site-packages/scipy/sparse/csgraph/_matching.cpython-39-x86_64-linux-gnu.so
1487b199a000-1487b19a8000 r--p 0003d000 00:42 12997898692                /suphys/wedi0306/mts-spi-study-cluster/.venv/lib/python3.9/site-packages/scipy/sparse/csgraph/_matching.cpython-39-x86_64-linux-gnu.so
1487b19a8000-1487b19a9000 r--p 0004a000 00:42 12997898692                /suphys/wedi0306/mts-spi-study-cluster/.venv/lib/python3.9/site-packages/scipy/sparse/csgraph/_matching.cpython-39-x86_64-linux-gnu.so
1487b19a9000-1487b19ab000 rw-p 0004b000 00:42 12997898692                /suphys/wedi0306/mts-spi-study-cluster/.venv/lib/python3.9/site-packages/scipy/sparse/csgraph/_matching.cpython-39-x86_64-linux-gnu.so
1487b19ab000-1487b19ac000 rw-p 00000000 00:00 0 
1487b19ac000-1487b19b1000 r--p 00000000 00:42 12997898696                /suphys/wedi0306/mts-spi-study-cluster/.venv/lib/python3.9/site-packages/scipy/sparse/csgraph/_flow.cpython-39-x86_64-linux-gnu.so
1487b19b1000-1487b19e8000 r-xp 00005000 00:42 12997898696                /suphys/wedi0306/mts-spi-study-cluster/.venv/lib/python3.9/site-packages/scipy/sparse/csgraph/_flow.cpython-39-x86_64-linux-gnu.so
1487b19e8000-1487b19f4000 r--p 0003c000 00:42 12997898696                /suphys/wedi0306/mts-spi-study-cluster/.venv/lib/python3.9/site-packages/scipy/sparse/csgraph/_flow.cpython-39-x86_64-linux-gnu.so
1487b19f4000-1487b19f5000 ---p 00048000 00:42 12997898696                /suphys/wedi0306/mts-spi-study-cluster/.venv/lib/python3.9/site-packages/scipy/sparse/csgraph/_flow.cpython-39-x86_64-linux-gnu.so
1487b19f5000-1487b19f6000 r--p 00048000 00:42 12997898696                /suphys/wedi0306/mts-spi-study-cluster/.venv/lib/python3.9/site-packages/scipy/sparse/csgraph/_flow.cpython-39-x86_64-linux-gnu.so
1487b19f6000-1487b19f8000 rw-p 00049000 00:42 12997898696                /suphys/wedi0306/mts-spi-study-cluster/.venv/lib/python3.9/site-packages/scipy/sparse/csgraph/_flow.cpython-39-x86_64-linux-gnu.so
1487b19f8000-1487b19f9000 rw-p 00000000 00:00 0 
1487b19f9000-1487b19fe000 r--p 00000000 00:42 12997898698                /suphys/wedi0306/mts-spi-study-cluster/.venv/lib/python3.9/site-packages/scipy/sparse/csgraph/_min_spanning_tree.cpython-39-x86_64-linux-gnu.so
1487b19fe000-1487b1a27000 r-xp 00005000 00:42 12997898698                /suphys/wedi0306/mts-spi-study-cluster/.venv/lib/python3.9/site-packages/scipy/sparse/csgraph/_min_spanning_tree.cpython-39-x86_64-linux-gnu.so
1487b1a27000-1487b1a30000 r--p 0002e000 00:42 12997898698                /suphys/wedi0306/mts-spi-study-cluster/.venv/lib/python3.9/site-packages/scipy/sparse/csgraph/_min_spanning_tree.cpython-39-x86_64-linux-gnu.so
1487b1a30000-1487b1a31000 r--p 00036000 00:42 12997898698                /suphys/wedi0306/mts-spi-study-cluster/.venv/lib/python3.9/site-packages/scipy/sparse/csgraph/_min_spanning_tree.cpython-39-x86_64-linux-gnu.so
1487b1a31000-1487b1a33000 rw-p 00037000 00:42 12997898698                /suphys/wedi0306/mts-spi-study-cluster/.venv/lib/python3.9/site-packages/scipy/sparse/csgraph/_min_spanning_tree.cpython-39-x86_64-linux-gnu.so
1487b1a33000-1487b1a34000 rw-p 00000000 00:00 0 
1487b1a34000-1487b1a39000 r--p 00000000 00:42 12997898689                /suphys/wedi0306/mts-spi-study-cluster/.venv/lib/python3.9/site-packages/scipy/sparse/csgraph/_traversal.cpython-39-x86_64-linux-gnu.so
1487b1a39000-1487b1ab7000 r-xp 00005000 00:42 12997898689                /suphys/wedi0306/mts-spi-study-cluster/.venv/lib/python3.9/site-packages/scipy/sparse/csgraph/_traversal.cpython-39-x86_64-linux-gnu.so
1487b1ab7000-1487b1ac7000 r--p 00083000 00:42 12997898689                /suphys/wedi0306/mts-spi-study-cluster/.venv/lib/python3.9/site-packages/scipy/sparse/csgraph/_traversal.cpython-39-x86_64-linux-gnu.so
1487b1ac7000-1487b1ac8000 ---p 00093000 00:42 12997898689                /suphys/wedi0306/mts-spi-study-cluster/.venv/lib/python3.9/site-packages/scipy/sparse/csgraph/_traversal.cpython-39-x86_64-linux-gnu.so
1487b1ac8000-1487b1ac9000 r--p 00093000 00:42 12997898689                /suphys/wedi0306/mts-spi-study-cluster/.venv/lib/python3.9/site-packages/scipy/sparse/csgraph/_traversal.cpython-39-x86_64-linux-gnu.so
1487b1ac9000-1487b1acb000 rw-p 00094000 00:42 12997898689                /suphys/wedi0306/mts-spi-study-cluster/.venv/lib/python3.9/site-packages/scipy/sparse/csgraph/_traversal.cpython-39-x86_64-linux-gnu.so
1487b1acb000-1487b1b0c000 rw-p 00000000 00:00 0 
1487b1b0c000-1487b1b0f000 r--p 00000000 00:42 12997898697                /suphys/wedi0306/mts-spi-study-cluster/.venv/lib/python3.9/site-packages/scipy/sparse/csgraph/_tools.cpython-39-x86_64-linux-gnu.so
1487b1b0f000-1487b1b2d000 r-xp 00003000 00:42 12997898697                /suphys/wedi0306/mts-spi-study-cluster/.venv/lib/python3.9/site-packages/scipy/sparse/csgraph/_tools.cpython-39-x86_64-linux-gnu.so
1487b1b2d000-1487b1b37000 r--p 00021000 00:42 12997898697                /suphys/wedi0306/mts-spi-study-cluster/.venv/lib/python3.9/site-packages/scipy/sparse/csgraph/_tools.cpython-39-x86_64-linux-gnu.so
1487b1b37000-1487b1b38000 r--p 0002a000 00:42 12997898697                /suphys/wedi0306/mts-spi-study-cluster/.venv/lib/python3.9/site-packages/scipy/sparse/csgraph/_tools.cpython-39-x86_64-linux-gnu.so
1487b1b38000-1487b1b39000 rw-p 0002b000 00:42 12997898697                /suphys/wedi0306/mts-spi-study-cluster/.venv/lib/python3.9/site-packages/scipy/sparse/csgraph/_tools.cpython-39-x86_64-linux-gnu.so
1487b1b39000-1487b1b3a000 rw-p 00000000 00:00 0 
1487b1b3a000-1487b1b3f000 r--p 00000000 00:42 12997898694                /suphys/wedi0306/mts-spi-study-cluster/.venv/lib/python3.9/site-packages/scipy/sparse/csgraph/_shortest_path.cpython-39-x86_64-linux-gnu.so
1487b1b3f000-1487b1b90000 r-xp 00005000 00:42 12997898694                /suphys/wedi0306/mts-spi-study-cluster/.venv/lib/python3.9/site-packages/scipy/sparse/csgraph/_shortest_path.cpython-39-x86_64-linux-gnu.so
1487b1b90000-1487b1ba2000 r--p 00056000 00:42 12997898694                /suphys/wedi0306/mts-spi-study-cluster/.venv/lib/python3.9/site-packages/scipy/sparse/csgraph/_shortest_path.cpython-39-x86_64-linux-gnu.so
1487b1ba2000-1487b1ba3000 ---p 00068000 00:42 12997898694                /suphys/wedi0306/mts-spi-study-cluster/.venv/lib/python3.9/site-packages/scipy/sparse/csgraph/_shortest_path.cpython-39-x86_64-linux-gnu.so
1487b1ba3000-1487b1ba4000 r--p 00068000 00:42 12997898694                /suphys/wedi0306/mts-spi-study-cluster/.venv/lib/python3.9/site-packages/scipy/sparse/csgraph/_shortest_path.cpython-39-x86_64-linux-gnu.so
1487b1ba4000-1487b1ba6000 rw-p 00069000 00:42 12997898694                /suphys/wedi0306/mts-spi-study-cluster/.venv/lib/python3.9/site-packages/scipy/sparse/csgraph/_shortest_path.cpython-39-x86_64-linux-gnu.so
1487b1ba6000-1487b1ba7000 rw-p 00000000 00:00 0 
1487b1ba7000-1487b1baa000 r--p 00000000 00:42 8697009959                 /suphys/wedi0306/mts-spi-study-cluster/.venv/lib/python3.9/site-packages/scipy/sparse/linalg/_propack/_zpropack.cpython-39-x86_64-linux-gnu.so
1487b1baa000-1487b1bbc000 r-xp 00003000 00:42 8697009959                 /suphys/wedi0306/mts-spi-study-cluster/.venv/lib/python3.9/site-packages/scipy/sparse/linalg/_propack/_zpropack.cpython-39-x86_64-linux-gnu.so
1487b1bbc000-1487b1bc1000 r--p 00015000 00:42 8697009959                 /suphys/wedi0306/mts-spi-study-cluster/.venv/lib/python3.9/site-packages/scipy/sparse/linalg/_propack/_zpropack.cpython-39-x86_64-linux-gnu.so
1487b1bc1000-1487b1bc2000 r--p 00019000 00:42 8697009959                 /suphys/wedi0306/mts-spi-study-cluster/.venv/lib/python3.9/site-packages/scipy/sparse/linalg/_propack/_zpropack.cpython-39-x86_64-linux-gnu.so
1487b1bc2000-1487b1bc7000 rw-p 0001a000 00:42 8697009959                 /suphys/wedi0306/mts-spi-study-cluster/.venv/lib/python3.9/site-packages/scipy/sparse/linalg/_propack/_zpropack.cpython-39-x86_64-linux-gnu.so
1487b1bc7000-1487b1bfd000 rw-p 00000000 00:00 0 
1487b1bfd000-1487b1c00000 rw-p 00022000 00:42 8697009959                 /suphys/wedi0306/mts-spi-study-cluster/.venv/lib/python3.9/site-packages/scipy/sparse/linalg/_propack/_zpropack.cpython-39-x86_64-linux-gnu.so
1487b1c00000-1487b1c03000 r--p 00000000 00:42 8697009960                 /suphys/wedi0306/mts-spi-study-cluster/.venv/lib/python3.9/site-packages/scipy/sparse/linalg/_propack/_cpropack.cpython-39-x86_64-linux-gnu.so
1487b1c03000-1487b1c17000 r-xp 00003000 00:42 8697009960                 /suphys/wedi0306/mts-spi-study-cluster/.venv/lib/python3.9/site-packages/scipy/sparse/linalg/_propack/_cpropack.cpython-39-x86_64-linux-gnu.so
1487b1c17000-1487b1c1c000 r--p 00017000 00:42 8697009960                 /suphys/wedi0306/mts-spi-study-cluster/.venv/lib/python3.9/site-packages/scipy/sparse/linalg/_propack/_cpropack.cpython-39-x86_64-linux-gnu.so
1487b1c1c000-1487b1c1d000 r--p 0001b000 00:42 8697009960                 /suphys/wedi0306/mts-spi-study-cluster/.venv/lib/python3.9/site-packages/scipy/sparse/linalg/_propack/_cpropack.cpython-39-x86_64-linux-gnu.so
1487b1c1d000-1487b1c22000 rw-p 0001c000 00:42 8697009960                 /suphys/wedi0306/mts-spi-study-cluster/.venv/lib/python3.9/site-packages/scipy/sparse/linalg/_propack/_cpropack.cpython-39-x86_64-linux-gnu.so
1487b1c22000-1487b1c3d000 rw-p 00000000 00:00 0 
1487b1c3d000-1487b1c40000 rw-p 00024000 00:42 8697009960                 /suphys/wedi0306/mts-spi-study-cluster/.venv/lib/python3.9/site-packages/scipy/sparse/linalg/_propack/_cpropack.cpython-39-x86_64-linux-gnu.so
1487b1c40000-1487b1c43000 r--p 00000000 00:42 8697009961                 /suphys/wedi0306/mts-spi-study-cluster/.venv/lib/python3.9/site-packages/scipy/sparse/linalg/_propack/_dpropack.cpython-39-x86_64-linux-gnu.so
1487b1c43000-1487b1c51000 r-xp 00003000 00:42 8697009961                 /suphys/wedi0306/mts-spi-study-cluster/.venv/lib/python3.9/site-packages/scipy/sparse/linalg/_propack/_dpropack.cpython-39-x86_64-linux-gnu.so
1487b1c51000-1487b1c56000 r--p 00011000 00:42 8697009961                 /suphys/wedi0306/mts-spi-study-cluster/.venv/lib/python3.9/site-packages/scipy/sparse/linalg/_propack/_dpropack.cpython-39-x86_64-linux-gnu.so
1487b1c56000-1487b1c57000 r--p 00015000 00:42 8697009961                 /suphys/wedi0306/mts-spi-study-cluster/.venv/lib/python3.9/site-packages/scipy/sparse/linalg/_propack/_dpropack.cpython-39-x86_64-linux-gnu.so
1487b1c57000-1487b1c5c000 rw-p 00016000 00:42 8697009961                 /suphys/wedi0306/mts-spi-study-cluster/.venv/lib/python3.9/site-packages/scipy/sparse/linalg/_propack/_dpropack.cpython-39-x86_64-linux-gnu.so
1487b1c5c000-1487b1c5f000 rw-p 0001e000 00:42 8697009961                 /suphys/wedi0306/mts-spi-study-cluster/.venv/lib/python3.9/site-packages/scipy/sparse/linalg/_propack/_dpropack.cpython-39-x86_64-linux-gnu.so
1487b1c5f000-1487b1c62000 r--p 00000000 00:42 8697009958                 /suphys/wedi0306/mts-spi-study-cluster/.venv/lib/python3.9/site-packages/scipy/sparse/linalg/_propack/_spropack.cpython-39-x86_64-linux-gnu.so
1487b1c62000-1487b1c70000 r-xp 00003000 00:42 8697009958                 /suphys/wedi0306/mts-spi-study-cluster/.venv/lib/python3.9/site-packages/scipy/sparse/linalg/_propack/_spropack.cpython-39-x86_64-linux-gnu.so
1487b1c70000-1487b1c75000 r--p 00011000 00:42 8697009958                 /suphys/wedi0306/mts-spi-study-cluster/.venv/lib/python3.9/site-packages/scipy/sparse/linalg/_propack/_spropack.cpython-39-x86_64-linux-gnu.so
1487b1c75000-1487b1c76000 r--p 00015000 00:42 8697009958                 /suphys/wedi0306/mts-spi-study-cluster/.venv/lib/python3.9/site-packages/scipy/sparse/linalg/_propack/_spropack.cpython-39-x86_64-linux-gnu.so
1487b1c76000-1487b1c7b000 rw-p 00016000 00:42 8697009958                 /suphys/wedi0306/mts-spi-study-cluster/.venv/lib/python3.9/site-packages/scipy/sparse/linalg/_propack/_spropack.cpython-39-x86_64-linux-gnu.so
1487b1c7b000-1487b1c7e000 rw-p 0001e000 00:42 8697009958                 /suphys/wedi0306/mts-spi-study-cluster/.venv/lib/python3.9/site-packages/scipy/sparse/linalg/_propack/_spropack.cpython-39-x86_64-linux-gnu.so
1487b1c7e000-1487b1c84000 r--p 00000000 00:42 1108219090                 /suphys/wedi0306/mts-spi-study-cluster/.venv/lib/python3.9/site-packages/scipy/sparse/linalg/_eigen/arpack/_arpack.cpython-39-x86_64-linux-gnu.so
1487b1c84000-1487b1cce000 r-xp 00006000 00:42 1108219090                 /suphys/wedi0306/mts-spi-study-cluster/.venv/lib/python3.9/site-packages/scipy/sparse/linalg/_eigen/arpack/_arpack.cpython-39-x86_64-linux-gnu.so
1487b1cce000-1487b1cdf000 r--p 00050000 00:42 1108219090                 /suphys/wedi0306/mts-spi-study-cluster/.venv/lib/python3.9/site-packages/scipy/sparse/linalg/_eigen/arpack/_arpack.cpython-39-x86_64-linux-gnu.so
1487b1cdf000-1487b1ce0000 r--p 00060000 00:42 1108219090                 /suphys/wedi0306/mts-spi-study-cluster/.venv/lib/python3.9/site-packages/scipy/sparse/linalg/_eigen/arpack/_arpack.cpython-39-x86_64-linux-gnu.so
1487b1ce0000-1487b1ceb000 rw-p 00061000 00:42 1108219090                 /suphys/wedi0306/mts-spi-study-cluster/.venv/lib/python3.9/site-packages/scipy/sparse/linalg/_eigen/arpack/_arpack.cpython-39-x86_64-linux-gnu.so
1487b1ceb000-1487b1cec000 rw-p 00000000 00:00 0 
1487b1cec000-1487b1cef000 rw-p 00074000 00:42 1108219090                 /suphys/wedi0306/mts-spi-study-cluster/.venv/lib/python3.9/site-packages/scipy/sparse/linalg/_eigen/arpack/_arpack.cpython-39-x86_64-linux-gnu.so
1487b1cef000-1487b1d2f000 rw-p 00000000 00:00 0 
1487b1d2f000-1487b1d32000 r--p 00000000 00:42 6474510294                 /suphys/wedi0306/mts-spi-study-cluster/.venv/lib/python3.9/site-packages/scipy/sparse/linalg/_dsolve/_superlu.cpython-39-x86_64-linux-gnu.so
1487b1d32000-1487b1d76000 r-xp 00003000 00:42 6474510294                 /suphys/wedi0306/mts-spi-study-cluster/.venv/lib/python3.9/site-packages/scipy/sparse/linalg/_dsolve/_superlu.cpython-39-x86_64-linux-gnu.so
1487b1d76000-1487b1d80000 r--p 00047000 00:42 6474510294                 /suphys/wedi0306/mts-spi-study-cluster/.venv/lib/python3.9/site-packages/scipy/sparse/linalg/_dsolve/_superlu.cpython-39-x86_64-linux-gnu.so
1487b1d80000-1487b1d81000 ---p 00051000 00:42 6474510294                 /suphys/wedi0306/mts-spi-study-cluster/.venv/lib/python3.9/site-packages/scipy/sparse/linalg/_dsolve/_superlu.cpython-39-x86_64-linux-gnu.so
1487b1d81000-1487b1d82000 r--p 00051000 00:42 6474510294                 /suphys/wedi0306/mts-spi-study-cluster/.venv/lib/python3.9/site-packages/scipy/sparse/linalg/_dsolve/_superlu.cpython-39-x86_64-linux-gnu.so
1487b1d82000-1487b1d83000 rw-p 00052000 00:42 6474510294                 /suphys/wedi0306/mts-spi-study-cluster/.venv/lib/python3.9/site-packages/scipy/sparse/linalg/_dsolve/_superlu.cpython-39-x86_64-linux-gnu.so
1487b1d83000-1487b1d86000 rw-p 0005a000 00:42 6474510294                 /suphys/wedi0306/mts-spi-study-cluster/.venv/lib/python3.9/site-packages/scipy/sparse/linalg/_dsolve/_superlu.cpython-39-x86_64-linux-gnu.so
1487b1d86000-1487b1dc6000 rw-p 00000000 00:00 0 
1487b1dc6000-1487b1dca000 r--p 00000000 00:42 17249233552                /suphys/wedi0306/mts-spi-study-cluster/.venv/lib/python3.9/site-packages/scipy/linalg/_decomp_update.cpython-39-x86_64-linux-gnu.so
1487b1dca000-1487b1e09000 r-xp 00004000 00:42 17249233552                /suphys/wedi0306/mts-spi-study-cluster/.venv/lib/python3.9/site-packages/scipy/linalg/_decomp_update.cpython-39-x86_64-linux-gnu.so
1487b1e09000-1487b1e19000 r--p 00043000 00:42 17249233552                /suphys/wedi0306/mts-spi-study-cluster/.venv/lib/python3.9/site-packages/scipy/linalg/_decomp_update.cpython-39-x86_64-linux-gnu.so
1487b1e19000-1487b1e1a000 r--p 00052000 00:42 17249233552                /suphys/wedi0306/mts-spi-study-cluster/.venv/lib/python3.9/site-packages/scipy/linalg/_decomp_update.cpython-39-x86_64-linux-gnu.so
1487b1e1a000-1487b1e1b000 rw-p 00053000 00:42 17249233552                /suphys/wedi0306/mts-spi-study-cluster/.venv/lib/python3.9/site-packages/scipy/linalg/_decomp_update.cpython-39-x86_64-linux-gnu.so
1487b1e1b000-1487b1e1c000 rw-p 00000000 00:00 0 
1487b1e1c000-1487b1e23000 r--p 00000000 00:42 17249233585                /suphys/wedi0306/mts-spi-study-cluster/.venv/lib/python3.9/site-packages/scipy/linalg/cython_blas.cpython-39-x86_64-linux-gnu.so
1487b1e23000-1487b1e50000 r-xp 00007000 00:42 17249233585                /suphys/wedi0306/mts-spi-study-cluster/.venv/lib/python3.9/site-packages/scipy/linalg/cython_blas.cpython-39-x86_64-linux-gnu.so
1487b1e50000-1487b1e5e000 r--p 00034000 00:42 17249233585                /suphys/wedi0306/mts-spi-study-cluster/.venv/lib/python3.9/site-packages/scipy/linalg/cython_blas.cpython-39-x86_64-linux-gnu.so
1487b1e5e000-1487b1e5f000 ---p 00042000 00:42 17249233585                /suphys/wedi0306/mts-spi-study-cluster/.venv/lib/python3.9/site-packages/scipy/linalg/cython_blas.cpython-39-x86_64-linux-gnu.so
1487b1e5f000-1487b1e60000 r--p 00042000 00:42 17249233585                /suphys/wedi0306/mts-spi-study-cluster/.venv/lib/python3.9/site-packages/scipy/linalg/cython_blas.cpython-39-x86_64-linux-gnu.so
1487b1e60000-1487b1e62000 rw-p 00043000 00:42 17249233585                /suphys/wedi0306/mts-spi-study-cluster/.venv/lib/python3.9/site-packages/scipy/linalg/cython_blas.cpython-39-x86_64-linux-gnu.so
1487b1e62000-1487b1e63000 rw-p 00000000 00:00 0 
1487b1e63000-1487b1e68000 rw-p 00051000 00:42 17249233585                /suphys/wedi0306/mts-spi-study-cluster/.venv/lib/python3.9/site-packages/scipy/linalg/cython_blas.cpython-39-x86_64-linux-gnu.so
1487b1e68000-1487b1e6d000 r--p 00000000 00:42 17249233591                /suphys/wedi0306/mts-spi-study-cluster/.venv/lib/python3.9/site-packages/scipy/linalg/_matfuncs_expm.cpython-39-x86_64-linux-gnu.so
1487b1e6d000-1487b1ece000 r-xp 00005000 00:42 17249233591                /suphys/wedi0306/mts-spi-study-cluster/.venv/lib/python3.9/site-packages/scipy/linalg/_matfuncs_expm.cpython-39-x86_64-linux-gnu.so
1487b1ece000-1487b1ed9000 r--p 00066000 00:42 17249233591                /suphys/wedi0306/mts-spi-study-cluster/.venv/lib/python3.9/site-packages/scipy/linalg/_matfuncs_expm.cpython-39-x86_64-linux-gnu.so
1487b1ed9000-1487b1eda000 ---p 00071000 00:42 17249233591                /suphys/wedi0306/mts-spi-study-cluster/.venv/lib/python3.9/site-packages/scipy/linalg/_matfuncs_expm.cpython-39-x86_64-linux-gnu.so
1487b1eda000-1487b1edb000 r--p 00071000 00:42 17249233591                /suphys/wedi0306/mts-spi-study-cluster/.venv/lib/python3.9/site-packages/scipy/linalg/_matfuncs_expm.cpython-39-x86_64-linux-gnu.so
1487b1edb000-1487b1edd000 rw-p 00072000 00:42 17249233591                /suphys/wedi0306/mts-spi-study-cluster/.venv/lib/python3.9/site-packages/scipy/linalg/_matfuncs_expm.cpython-39-x86_64-linux-gnu.so
1487b1edd000-1487b1edf000 rw-p 00000000 00:00 0 
1487b1edf000-1487b1ee4000 r--p 00000000 00:42 17249233554                /suphys/wedi0306/mts-spi-study-cluster/.venv/lib/python3.9/site-packages/scipy/linalg/_matfuncs_sqrtm_triu.cpython-39-x86_64-linux-gnu.so
1487b1ee4000-1487b1f11000 r-xp 00005000 00:42 17249233554                /suphys/wedi0306/mts-spi-study-cluster/.venv/lib/python3.9/site-packages/scipy/linalg/_matfuncs_sqrtm_triu.cpython-39-x86_64-linux-gnu.so
1487b1f11000-1487b1f19000 r--p 00032000 00:42 17249233554                /suphys/wedi0306/mts-spi-study-cluster/.venv/lib/python3.9/site-packages/scipy/linalg/_matfuncs_sqrtm_triu.cpython-39-x86_64-linux-gnu.so
1487b1f19000-1487b1f1a000 r--p 00039000 00:42 17249233554                /suphys/wedi0306/mts-spi-study-cluster/.venv/lib/python3.9/site-packages/scipy/linalg/_matfuncs_sqrtm_triu.cpython-39-x86_64-linux-gnu.so
1487b1f1a000-1487b1f1c000 rw-p 0003a000 00:42 17249233554                /suphys/wedi0306/mts-spi-study-cluster/.venv/lib/python3.9/site-packages/scipy/linalg/_matfuncs_sqrtm_triu.cpython-39-x86_64-linux-gnu.so
1487b1f1c000-1487b1f1d000 rw-p 00000000 00:00 0 
1487b1f1d000-1487b1f22000 r--p 00000000 00:42 17249233550                /suphys/wedi0306/mts-spi-study-cluster/.venv/lib/python3.9/site-packages/scipy/linalg/_decomp_lu_cython.cpython-39-x86_64-linux-gnu.so
1487b1f22000-1487b1f4e000 r-xp 00005000 00:42 17249233550                /suphys/wedi0306/mts-spi-study-cluster/.venv/lib/python3.9/site-packages/scipy/linalg/_decomp_lu_cython.cpython-39-x86_64-linux-gnu.so
1487b1f4e000-1487b1f56000 r--p 00031000 00:42 17249233550                /suphys/wedi0306/mts-spi-study-cluster/.venv/lib/python3.9/site-packages/scipy/linalg/_decomp_lu_cython.cpython-39-x86_64-linux-gnu.so
1487b1f56000-1487b1f57000 r--p 00038000 00:42 17249233550                /suphys/wedi0306/mts-spi-study-cluster/.venv/lib/python3.9/site-packages/scipy/linalg/_decomp_lu_cython.cpython-39-x86_64-linux-gnu.so
1487b1f57000-1487b1f59000 rw-p 00039000 00:42 17249233550                /suphys/wedi0306/mts-spi-study-cluster/.venv/lib/python3.9/site-packages/scipy/linalg/_decomp_lu_cython.cpython-39-x86_64-linux-gnu.so
1487b1f59000-1487b1f9a000 rw-p 00000000 00:00 0 
1487b1f9a000-1487b1f9f000 r--p 00000000 00:42 17249233607                /suphys/wedi0306/mts-spi-study-cluster/.venv/lib/python3.9/site-packages/scipy/linalg/_solve_toeplitz.cpython-39-x86_64-linux-gnu.so
1487b1f9f000-1487b1fd1000 r-xp 00005000 00:42 17249233607                /suphys/wedi0306/mts-spi-study-cluster/.venv/lib/python3.9/site-packages/scipy/linalg/_solve_toeplitz.cpython-39-x86_64-linux-gnu.so
1487b1fd1000-1487b1fd9000 r--p 00037000 00:42 17249233607                /suphys/wedi0306/mts-spi-study-cluster/.venv/lib/python3.9/site-packages/scipy/linalg/_solve_toeplitz.cpython-39-x86_64-linux-gnu.so
1487b1fd9000-1487b1fda000 ---p 0003f000 00:42 17249233607                /suphys/wedi0306/mts-spi-study-cluster/.venv/lib/python3.9/site-packages/scipy/linalg/_solve_toeplitz.cpython-39-x86_64-linux-gnu.so
1487b1fda000-1487b1fdb000 r--p 0003f000 00:42 17249233607                /suphys/wedi0306/mts-spi-study-cluster/.venv/lib/python3.9/site-packages/scipy/linalg/_solve_toeplitz.cpython-39-x86_64-linux-gnu.so
1487b1fdb000-1487b1fdd000 rw-p 00040000 00:42 17249233607                /suphys/wedi0306/mts-spi-study-cluster/.venv/lib/python3.9/site-packages/scipy/linalg/_solve_toeplitz.cpython-39-x86_64-linux-gnu.so
1487b1fdd000-1487b201e000 rw-p 00000000 00:00 0 
1487b201e000-1487b2044000 r--p 00000000 00:42 17249233611                /suphys/wedi0306/mts-spi-study-cluster/.venv/lib/python3.9/site-packages/scipy/linalg/_flapack.cpython-39-x86_64-linux-gnu.so
1487b2044000-1487b20ff000 r-xp 00026000 00:42 17249233611                /suphys/wedi0306/mts-spi-study-cluster/.venv/lib/python3.9/site-packages/scipy/linalg/_flapack.cpython-39-x86_64-linux-gnu.so
1487b20ff000-1487b2170000 r--p 000e1000 00:42 17249233611                /suphys/wedi0306/mts-spi-study-cluster/.venv/lib/python3.9/site-packages/scipy/linalg/_flapack.cpython-39-x86_64-linux-gnu.so
1487b2170000-1487b2171000 r--p 00151000 00:42 17249233611                /suphys/wedi0306/mts-spi-study-cluster/.venv/lib/python3.9/site-packages/scipy/linalg/_flapack.cpython-39-x86_64-linux-gnu.so
1487b2171000-1487b21f9000 rw-p 00152000 00:42 17249233611                /suphys/wedi0306/mts-spi-study-cluster/.venv/lib/python3.9/site-packages/scipy/linalg/_flapack.cpython-39-x86_64-linux-gnu.so
1487b21f9000-1487b2200000 rw-p 001f2000 00:42 17249233611                /suphys/wedi0306/mts-spi-study-cluster/.venv/lib/python3.9/site-packages/scipy/linalg/_flapack.cpython-39-x86_64-linux-gnu.so
1487b2200000-1487b8200000 rw-p 00000000 00:00 0 
1487b8200000-1487b8201000 r--p 00000000 fd:00 251693244                  /usr/lib/locale/C.utf8/LC_COLLATE
1487b8201000-1487b8202000 r--p 00000000 fd:00 251706819                  /usr/lib/locale/C.utf8/LC_MONETARY
1487b8202000-1487b8203000 r--p 00000000 fd:00 37320                      /usr/lib/locale/C.utf8/LC_MESSAGES/SYS_LC_MESSAGES
1487b8203000-1487b8204000 r--p 00000000 fd:00 251706826                  /usr/lib/locale/C.utf8/LC_PAPER
1487b8204000-1487b8206000 r--p 00000000 fd:00 201569849                  /usr/lib64/python3.9/lib-dynload/_bz2.cpython-39-x86_64-linux-gnu.so
1487b8206000-1487b8208000 r-xp 00002000 fd:00 201569849                  /usr/lib64/python3.9/lib-dynload/_bz2.cpython-39-x86_64-linux-gnu.so
1487b8208000-1487b820a000 r--p 00004000 fd:00 201569849                  /usr/lib64/python3.9/lib-dynload/_bz2.cpython-39-x86_64-linux-gnu.so
1487b820a000-1487b820b000 r--p 00005000 fd:00 201569849                  /usr/lib64/python3.9/lib-dynload/_bz2.cpython-39-x86_64-linux-gnu.so
1487b820b000-1487b820c000 rw-p 00006000 fd:00 201569849                  /usr/lib64/python3.9/lib-dynload/_bz2.cpython-39-x86_64-linux-gnu.so
1487b820c000-1487b820e000 r--p 00000000 fd:00 201573733                  /usr/lib64/python3.9/lib-dynload/zlib.cpython-39-x86_64-linux-gnu.so
1487b820e000-1487b8212000 r-xp 00002000 fd:00 201573733                  /usr/lib64/python3.9/lib-dynload/zlib.cpython-39-x86_64-linux-gnu.so
1487b8212000-1487b8215000 r--p 00006000 fd:00 201573733                  /usr/lib64/python3.9/lib-dynload/zlib.cpython-39-x86_64-linux-gnu.so
1487b8215000-1487b8216000 r--p 00008000 fd:00 201573733                  /usr/lib64/python3.9/lib-dynload/zlib.cpython-39-x86_64-linux-gnu.so
1487b8216000-1487b8217000 rw-p 00009000 fd:00 201573733                  /usr/lib64/python3.9/lib-dynload/zlib.cpython-39-x86_64-linux-gnu.so
1487b8217000-1487b822f000 r--p 00000000 00:42 17249233574                /suphys/wedi0306/mts-spi-study-cluster/.venv/lib/python3.9/site-packages/scipy/linalg/cython_lapack.cpython-39-x86_64-linux-gnu.so
1487b822f000-1487b824e000 r-xp 00018000 00:42 17249233574                /suphys/wedi0306/mts-spi-study-cluster/.venv/lib/python3.9/site-packages/scipy/linalg/cython_lapack.cpython-39-x86_64-linux-gnu.so
1487b824e000-1487b82a6000 r--p 00037000 00:42 17249233574                /suphys/wedi0306/mts-spi-study-cluster/.venv/lib/python3.9/site-packages/scipy/linalg/cython_lapack.cpython-39-x86_64-linux-gnu.so
1487b82a6000-1487b82a7000 ---p 0008f000 00:42 17249233574                /suphys/wedi0306/mts-spi-study-cluster/.venv/lib/python3.9/site-packages/scipy/linalg/cython_lapack.cpython-39-x86_64-linux-gnu.so
1487b82a7000-1487b82a8000 r--p 0008f000 00:42 17249233574                /suphys/wedi0306/mts-spi-study-cluster/.venv/lib/python3.9/site-packages/scipy/linalg/cython_lapack.cpython-39-x86_64-linux-gnu.so
1487b82a8000-1487b82ac000 rw-p 00090000 00:42 17249233574                /suphys/wedi0306/mts-spi-study-cluster/.venv/lib/python3.9/site-packages/scipy/linalg/cython_lapack.cpython-39-x86_64-linux-gnu.so
1487b82ac000-1487b82bd000 rw-p 000bc000 00:42 17249233574                /suphys/wedi0306/mts-spi-study-cluster/.venv/lib/python3.9/site-packages/scipy/linalg/cython_lapack.cpython-39-x86_64-linux-gnu.so
1487b82bd000-1487b82c3000 r--p 00000000 00:42 17249233608                /suphys/wedi0306/mts-spi-study-cluster/.venv/lib/python3.9/site-packages/scipy/linalg/_cythonized_array_utils.cpython-39-x86_64-linux-gnu.so
1487b82c3000-1487b8338000 r-xp 00006000 00:42 17249233608                /suphys/wedi0306/mts-spi-study-cluster/.venv/lib/python3.9/site-packages/scipy/linalg/_cythonized_array_utils.cpython-39-x86_64-linux-gnu.so
1487b8338000-1487b8347000 r--p 0007b000 00:42 17249233608                /suphys/wedi0306/mts-spi-study-cluster/.venv/lib/python3.9/site-packages/scipy/linalg/_cythonized_array_utils.cpython-39-x86_64-linux-gnu.so
1487b8347000-1487b8348000 r--p 00089000 00:42 17249233608                /suphys/wedi0306/mts-spi-study-cluster/.venv/lib/python3.9/site-packages/scipy/linalg/_cythonized_array_utils.cpython-39-x86_64-linux-gnu.so
1487b8348000-1487b834b000 rw-p 0008a000 00:42 17249233608                /suphys/wedi0306/mts-spi-study-cluster/.venv/lib/python3.9/site-packages/scipy/linalg/_cythonized_array_utils.cpython-39-x86_64-linux-gnu.so
1487b834b000-1487b838c000 rw-p 00000000 00:00 0 
1487b838c000-1487b838d000 ---p 00000000 00:00 0 
1487b838d000-1487b858d000 rw-p 00000000 00:00 0 
1487b858d000-1487b858e000 ---p 00000000 00:00 0 
1487b858e000-1487b878e000 rw-p 00000000 00:00 0 
1487b878e000-1487b878f000 ---p 00000000 00:00 0 
1487b878f000-1487b898f000 rw-p 00000000 00:00 0 
1487b898f000-1487b8a96000 r--p 00000000 00:42 30110238774                /suphys/wedi0306/mts-spi-study-cluster/.venv/lib/python3.9/site-packages/scipy.libs/libopenblasp-r0-01191904.3.27.so
1487b8a96000-1487b8a9e000 r-xp 00107000 00:42 30110238774                /suphys/wedi0306/mts-spi-study-cluster/.venv/lib/python3.9/site-packages/scipy.libs/libopenblasp-r0-01191904.3.27.so
1487b8a9e000-1487b8a9f000 ---p 0010f000 00:42 30110238774                /suphys/wedi0306/mts-spi-study-cluster/.venv/lib/python3.9/site-packages/scipy.libs/libopenblasp-r0-01191904.3.27.so
1487b8a9f000-1487ba716000 r-xp 00110000 00:42 30110238774                /suphys/wedi0306/mts-spi-study-cluster/.venv/lib/python3.9/site-packages/scipy.libs/libopenblasp-r0-01191904.3.27.so
1487ba716000-1487ba923000 r--p 01d87000 00:42 30110238774                /suphys/wedi0306/mts-spi-study-cluster/.venv/lib/python3.9/site-packages/scipy.libs/libopenblasp-r0-01191904.3.27.so
1487ba923000-1487ba924000 ---p 01f94000 00:42 30110238774                /suphys/wedi0306/mts-spi-study-cluster/.venv/lib/python3.9/site-packages/scipy.libs/libopenblasp-r0-01191904.3.27.so
1487ba924000-1487ba92a000 r--p 01f94000 00:42 30110238774                /suphys/wedi0306/mts-spi-study-cluster/.venv/lib/python3.9/site-packages/scipy.libs/libopenblasp-r0-01191904.3.27.so
1487ba92a000-1487ba940000 rw-p 01f9a000 00:42 30110238774                /suphys/wedi0306/mts-spi-study-cluster/.venv/lib/python3.9/site-packages/scipy.libs/libopenblasp-r0-01191904.3.27.so
1487ba940000-1487ba94c000 rw-p 00000000 00:00 0 
1487ba94c000-1487ba9f0000 rw-p 020bb000 00:42 30110238774                /suphys/wedi0306/mts-spi-study-cluster/.venv/lib/python3.9/site-packages/scipy.libs/libopenblasp-r0-01191904.3.27.so
1487ba9f0000-1487ba9fe000 r--p 00000000 00:42 17249233569                /suphys/wedi0306/mts-spi-study-cluster/.venv/lib/python3.9/site-packages/scipy/linalg/_fblas.cpython-39-x86_64-linux-gnu.so
1487ba9fe000-1487baa39000 r-xp 0000e000 00:42 17249233569                /suphys/wedi0306/mts-spi-study-cluster/.venv/lib/python3.9/site-packages/scipy/linalg/_fblas.cpython-39-x86_64-linux-gnu.so
1487baa39000-1487baa5a000 r--p 00049000 00:42 17249233569                /suphys/wedi0306/mts-spi-study-cluster/.venv/lib/python3.9/site-packages/scipy/linalg/_fblas.cpython-39-x86_64-linux-gnu.so
1487baa5a000-1487baa5b000 ---p 0006a000 00:42 17249233569                /suphys/wedi0306/mts-spi-study-cluster/.venv/lib/python3.9/site-packages/scipy/linalg/_fblas.cpython-39-x86_64-linux-gnu.so
1487baa5b000-1487baa5c000 r--p 0006a000 00:42 17249233569                /suphys/wedi0306/mts-spi-study-cluster/.venv/lib/python3.9/site-packages/scipy/linalg/_fblas.cpython-39-x86_64-linux-gnu.so
1487baa5c000-1487baa82000 rw-p 0006b000 00:42 17249233569                /suphys/wedi0306/mts-spi-study-cluster/.venv/lib/python3.9/site-packages/scipy/linalg/_fblas.cpython-39-x86_64-linux-gnu.so
1487baa82000-1487baa86000 rw-p 00099000 00:42 17249233569                /suphys/wedi0306/mts-spi-study-cluster/.venv/lib/python3.9/site-packages/scipy/linalg/_fblas.cpython-39-x86_64-linux-gnu.so
1487baa86000-1487bab06000 rw-p 00000000 00:00 0 
1487bab06000-1487bab0c000 r--p 00000000 00:42 32351080194                /suphys/wedi0306/mts-spi-study-cluster/.venv/lib/python3.9/site-packages/scipy/sparse/_csparsetools.cpython-39-x86_64-linux-gnu.so
1487bab0c000-1487babab000 r-xp 00006000 00:42 32351080194                /suphys/wedi0306/mts-spi-study-cluster/.venv/lib/python3.9/site-packages/scipy/sparse/_csparsetools.cpython-39-x86_64-linux-gnu.so
1487babab000-1487babba000 r--p 000a5000 00:42 32351080194                /suphys/wedi0306/mts-spi-study-cluster/.venv/lib/python3.9/site-packages/scipy/sparse/_csparsetools.cpython-39-x86_64-linux-gnu.so
1487babba000-1487babbb000 r--p 000b3000 00:42 32351080194                /suphys/wedi0306/mts-spi-study-cluster/.venv/lib/python3.9/site-packages/scipy/sparse/_csparsetools.cpython-39-x86_64-linux-gnu.so
1487babbb000-1487babbe000 rw-p 000b4000 00:42 32351080194                /suphys/wedi0306/mts-spi-study-cluster/.venv/lib/python3.9/site-packages/scipy/sparse/_csparsetools.cpython-39-x86_64-linux-gnu.so
1487babbe000-1487bac00000 rw-p 00000000 00:00 0 
1487bac00000-1487bac99000 r--p 00000000 fd:00 150996102                  /usr/lib64/libstdc++.so.6.0.29
1487bac99000-1487bada5000 r-xp 00099000 fd:00 150996102                  /usr/lib64/libstdc++.so.6.0.29
1487bada5000-1487bae18000 r--p 001a5000 fd:00 150996102                  /usr/lib64/libstdc++.so.6.0.29
1487bae18000-1487bae25000 r--p 00217000 fd:00 150996102                  /usr/lib64/libstdc++.so.6.0.29
1487bae25000-1487bae26000 rw-p 00224000 fd:00 150996102                  /usr/lib64/libstdc++.so.6.0.29
1487bae26000-1487bae29000 rw-p 00000000 00:00 0 
1487bae29000-1487bae2a000 r--p 00000000 00:42 12997831740                /suphys/wedi0306/mts-spi-study-cluster/.venv/lib/python3.9/site-packages/scipy/optimize/_zeros.cpython-39-x86_64-linux-gnu.so
1487bae2a000-1487bae2c000 r-xp 00001000 00:42 12997831740                /suphys/wedi0306/mts-spi-study-cluster/.venv/lib/python3.9/site-packages/scipy/optimize/_zeros.cpython-39-x86_64-linux-gnu.so
1487bae2c000-1487bae2d000 r--p 00003000 00:42 12997831740                /suphys/wedi0306/mts-spi-study-cluster/.venv/lib/python3.9/site-packages/scipy/optimize/_zeros.cpython-39-x86_64-linux-gnu.so
1487bae2d000-1487bae2e000 r--p 00003000 00:42 12997831740                /suphys/wedi0306/mts-spi-study-cluster/.venv/lib/python3.9/site-packages/scipy/optimize/_zeros.cpython-39-x86_64-linux-gnu.so
1487bae2e000-1487bae2f000 rw-p 00004000 00:42 12997831740                /suphys/wedi0306/mts-spi-study-cluster/.venv/lib/python3.9/site-packages/scipy/optimize/_zeros.cpython-39-x86_64-linux-gnu.so
1487bae2f000-1487bae32000 r--p 00000000 00:42 33311191820                /suphys/wedi0306/mts-spi-study-cluster/.venv/lib/python3.9/site-packages/scipy/_lib/messagestream.cpython-39-x86_64-linux-gnu.so
1487bae32000-1487bae3c000 r-xp 00003000 00:42 33311191820                /suphys/wedi0306/mts-spi-study-cluster/.venv/lib/python3.9/site-packages/scipy/_lib/messagestream.cpython-39-x86_64-linux-gnu.so
1487bae3c000-1487bae3f000 r--p 0000d000 00:42 33311191820                /suphys/wedi0306/mts-spi-study-cluster/.venv/lib/python3.9/site-packages/scipy/_lib/messagestream.cpython-39-x86_64-linux-gnu.so
1487bae3f000-1487bae40000 r--p 0000f000 00:42 33311191820                /suphys/wedi0306/mts-spi-study-cluster/.venv/lib/python3.9/site-packages/scipy/_lib/messagestream.cpython-39-x86_64-linux-gnu.so
1487bae40000-1487bae41000 rw-p 00010000 00:42 33311191820                /suphys/wedi0306/mts-spi-study-cluster/.venv/lib/python3.9/site-packages/scipy/_lib/messagestream.cpython-39-x86_64-linux-gnu.so
1487bae41000-1487bae44000 r--p 00000000 00:42 32351080204                /suphys/wedi0306/mts-spi-study-cluster/.venv/lib/python3.9/site-packages/scipy/sparse/_sparsetools.cpython-39-x86_64-linux-gnu.so
1487bae44000-1487bb1e6000 r-xp 00003000 00:42 32351080204                /suphys/wedi0306/mts-spi-study-cluster/.venv/lib/python3.9/site-packages/scipy/sparse/_sparsetools.cpython-39-x86_64-linux-gnu.so
1487bb1e6000-1487bb237000 r--p 003a5000 00:42 32351080204                /suphys/wedi0306/mts-spi-study-cluster/.venv/lib/python3.9/site-packages/scipy/sparse/_sparsetools.cpython-39-x86_64-linux-gnu.so
1487bb237000-1487bb238000 r--p 003f5000 00:42 32351080204                /suphys/wedi0306/mts-spi-study-cluster/.venv/lib/python3.9/site-packages/scipy/sparse/_sparsetools.cpython-39-x86_64-linux-gnu.so
1487bb238000-1487bb239000 rw-p 003f6000 00:42 32351080204                /suphys/wedi0306/mts-spi-study-cluster/.venv/lib/python3.9/site-packages/scipy/sparse/_sparsetools.cpython-39-x86_64-linux-gnu.so
1487bb239000-1487bb2b9000 rw-p 00000000 00:00 0 
1487bb2b9000-1487bb2bd000 r--p 00000000 00:42 33311191814                /suphys/wedi0306/mts-spi-study-cluster/.venv/lib/python3.9/site-packages/scipy/_lib/_ccallback_c.cpython-39-x86_64-linux-gnu.so
1487bb2bd000-1487bb2cb000 r-xp 00004000 00:42 33311191814                /suphys/wedi0306/mts-spi-study-cluster/.venv/lib/python3.9/site-packages/scipy/_lib/_ccallback_c.cpython-39-x86_64-linux-gnu.so
1487bb2cb000-1487bb2ce000 r--p 00012000 00:42 33311191814                /suphys/wedi0306/mts-spi-study-cluster/.venv/lib/python3.9/site-packages/scipy/_lib/_ccallback_c.cpython-39-x86_64-linux-gnu.so
1487bb2ce000-1487bb2cf000 r--p 00014000 00:42 33311191814                /suphys/wedi0306/mts-spi-study-cluster/.venv/lib/python3.9/site-packages/scipy/_lib/_ccallback_c.cpython-39-x86_64-linux-gnu.so
1487bb2cf000-1487bb2d0000 rw-p 00015000 00:42 33311191814                /suphys/wedi0306/mts-spi-study-cluster/.venv/lib/python3.9/site-packages/scipy/_lib/_ccallback_c.cpython-39-x86_64-linux-gnu.so
1487bb2d0000-1487bb391000 rw-p 00000000 00:00 0 
1487bb391000-1487bb392000 r--p 00000000 fd:00 201569978                  /usr/lib64/python3.9/lib-dynload/_opcode.cpython-39-x86_64-linux-gnu.so
1487bb392000-1487bb393000 r-xp 00001000 fd:00 201569978                  /usr/lib64/python3.9/lib-dynload/_opcode.cpython-39-x86_64-linux-gnu.so
1487bb393000-1487bb394000 r--p 00002000 fd:00 201569978                  /usr/lib64/python3.9/lib-dynload/_opcode.cpython-39-x86_64-linux-gnu.so
1487bb394000-1487bb395000 r--p 00002000 fd:00 201569978                  /usr/lib64/python3.9/lib-dynload/_opcode.cpython-39-x86_64-linux-gnu.so
1487bb395000-1487bb396000 rw-p 00003000 fd:00 201569978                  /usr/lib64/python3.9/lib-dynload/_opcode.cpython-39-x86_64-linux-gnu.so
1487bb396000-1487bb416000 rw-p 00000000 00:00 0 
1487bb416000-1487bb41d000 r--p 00000000 00:42 13000660478                /suphys/wedi0306/mts-spi-study-cluster/.venv/lib/python3.9/site-packages/numpy/random/_generator.cpython-39-x86_64-linux-gnu.so
1487bb41d000-1487bb49e000 r-xp 00007000 00:42 13000660478                /suphys/wedi0306/mts-spi-study-cluster/.venv/lib/python3.9/site-packages/numpy/random/_generator.cpython-39-x86_64-linux-gnu.so
1487bb49e000-1487bb4f2000 r--p 00088000 00:42 13000660478                /suphys/wedi0306/mts-spi-study-cluster/.venv/lib/python3.9/site-packages/numpy/random/_generator.cpython-39-x86_64-linux-gnu.so
1487bb4f2000-1487bb4f3000 r--p 000db000 00:42 13000660478                /suphys/wedi0306/mts-spi-study-cluster/.venv/lib/python3.9/site-packages/numpy/random/_generator.cpython-39-x86_64-linux-gnu.so
1487bb4f3000-1487bb4f5000 rw-p 000dc000 00:42 13000660478                /suphys/wedi0306/mts-spi-study-cluster/.venv/lib/python3.9/site-packages/numpy/random/_generator.cpython-39-x86_64-linux-gnu.so
1487bb4f5000-1487bb4f7000 rw-p 00000000 00:00 0 
1487bb4f7000-1487bb4fa000 r--p 00000000 00:42 12998958072                /suphys/wedi0306/mts-spi-study-cluster/.venv/lib/python3.9/site-packages/numpy/random/_sfc64.cpython-39-x86_64-linux-gnu.so
1487bb4fa000-1487bb503000 r-xp 00003000 00:42 12998958072                /suphys/wedi0306/mts-spi-study-cluster/.venv/lib/python3.9/site-packages/numpy/random/_sfc64.cpython-39-x86_64-linux-gnu.so
1487bb503000-1487bb506000 r--p 0000c000 00:42 12998958072                /suphys/wedi0306/mts-spi-study-cluster/.venv/lib/python3.9/site-packages/numpy/random/_sfc64.cpython-39-x86_64-linux-gnu.so
1487bb506000-1487bb507000 r--p 0000e000 00:42 12998958072                /suphys/wedi0306/mts-spi-study-cluster/.venv/lib/python3.9/site-packages/numpy/random/_sfc64.cpython-39-x86_64-linux-gnu.so
1487bb507000-1487bb508000 rw-p 0000f000 00:42 12998958072                /suphys/wedi0306/mts-spi-study-cluster/.venv/lib/python3.9/site-packages/numpy/random/_sfc64.cpython-39-x86_64-linux-gnu.so
1487bb508000-1487bb50b000 r--p 00000000 00:42 13000660475                /suphys/wedi0306/mts-spi-study-cluster/.venv/lib/python3.9/site-packages/numpy/random/_pcg64.cpython-39-x86_64-linux-gnu.so
1487bb50b000-1487bb51d000 r-xp 00003000 00:42 13000660475                /suphys/wedi0306/mts-spi-study-cluster/.venv/lib/python3.9/site-packages/numpy/random/_pcg64.cpython-39-x86_64-linux-gnu.so
1487bb51d000-1487bb522000 r--p 00015000 00:42 13000660475                /suphys/wedi0306/mts-spi-study-cluster/.venv/lib/python3.9/site-packages/numpy/random/_pcg64.cpython-39-x86_64-linux-gnu.so
1487bb522000-1487bb523000 r--p 00019000 00:42 13000660475                /suphys/wedi0306/mts-spi-study-cluster/.venv/lib/python3.9/site-packages/numpy/random/_pcg64.cpython-39-x86_64-linux-gnu.so
1487bb523000-1487bb524000 rw-p 0001a000 00:42 13000660475                /suphys/wedi0306/mts-spi-study-cluster/.venv/lib/python3.9/site-packages/numpy/random/_pcg64.cpython-39-x86_64-linux-gnu.so
1487bb524000-1487bb527000 r--p 00000000 00:42 12998958063                /suphys/wedi0306/mts-spi-study-cluster/.venv/lib/python3.9/site-packages/numpy/random/_philox.cpython-39-x86_64-linux-gnu.so
1487bb527000-1487bb536000 r-xp 00003000 00:42 12998958063                /suphys/wedi0306/mts-spi-study-cluster/.venv/lib/python3.9/site-packages/numpy/random/_philox.cpython-39-x86_64-linux-gnu.so
1487bb536000-1487bb53a000 r--p 00012000 00:42 12998958063                /suphys/wedi0306/mts-spi-study-cluster/.venv/lib/python3.9/site-packages/numpy/random/_philox.cpython-39-x86_64-linux-gnu.so
1487bb53a000-1487bb53b000 r--p 00015000 00:42 12998958063                /suphys/wedi0306/mts-spi-study-cluster/.venv/lib/python3.9/site-packages/numpy/random/_philox.cpython-39-x86_64-linux-gnu.so
1487bb53b000-1487bb53c000 rw-p 00016000 00:42 12998958063                /suphys/wedi0306/mts-spi-study-cluster/.venv/lib/python3.9/site-packages/numpy/random/_philox.cpython-39-x86_64-linux-gnu.so
1487bb53c000-1487bb53f000 r--p 00000000 00:42 12998958075                /suphys/wedi0306/mts-spi-study-cluster/.venv/lib/python3.9/site-packages/numpy/random/_mt19937.cpython-39-x86_64-linux-gnu.so
1487bb53f000-1487bb550000 r-xp 00003000 00:42 12998958075                /suphys/wedi0306/mts-spi-study-cluster/.venv/lib/python3.9/site-packages/numpy/random/_mt19937.cpython-39-x86_64-linux-gnu.so
1487bb550000-1487bb555000 r--p 00014000 00:42 12998958075                /suphys/wedi0306/mts-spi-study-cluster/.venv/lib/python3.9/site-packages/numpy/random/_mt19937.cpython-39-x86_64-linux-gnu.so
1487bb555000-1487bb556000 r--p 00018000 00:42 12998958075                /suphys/wedi0306/mts-spi-study-cluster/.venv/lib/python3.9/site-packages/numpy/random/_mt19937.cpython-39-x86_64-linux-gnu.so
1487bb556000-1487bb557000 rw-p 00019000 00:42 12998958075                /suphys/wedi0306/mts-spi-study-cluster/.venv/lib/python3.9/site-packages/numpy/random/_mt19937.cpython-39-x86_64-linux-gnu.so
1487bb557000-1487bb55b000 r--p 00000000 00:42 12998958066                /suphys/wedi0306/mts-spi-study-cluster/.venv/lib/python3.9/site-packages/numpy/random/_bounded_integers.cpython-39-x86_64-linux-gnu.so
1487bb55b000-1487bb5a0000 r-xp 00004000 00:42 12998958066                /suphys/wedi0306/mts-spi-study-cluster/.venv/lib/python3.9/site-packages/numpy/random/_bounded_integers.cpython-39-x86_64-linux-gnu.so
1487bb5a0000-1487bb5a9000 r--p 00049000 00:42 12998958066                /suphys/wedi0306/mts-spi-study-cluster/.venv/lib/python3.9/site-packages/numpy/random/_bounded_integers.cpython-39-x86_64-linux-gnu.so
1487bb5a9000-1487bb5aa000 r--p 00051000 00:42 12998958066                /suphys/wedi0306/mts-spi-study-cluster/.venv/lib/python3.9/site-packages/numpy/random/_bounded_integers.cpython-39-x86_64-linux-gnu.so
1487bb5aa000-1487bb5ab000 rw-p 00052000 00:42 12998958066                /suphys/wedi0306/mts-spi-study-cluster/.venv/lib/python3.9/site-packages/numpy/random/_bounded_integers.cpython-39-x86_64-linux-gnu.so
1487bb5ab000-1487bb5ac000 rw-p 00000000 00:00 0 
1487bb5ac000-1487bb5ae000 r--p 00000000 fd:00 201570083                  /usr/lib64/python3.9/lib-dynload/_random.cpython-39-x86_64-linux-gnu.so
1487bb5ae000-1487bb5b0000 r-xp 00002000 fd:00 201570083                  /usr/lib64/python3.9/lib-dynload/_random.cpython-39-x86_64-linux-gnu.so
1487bb5b0000-1487bb5b1000 r--p 00004000 fd:00 201570083                  /usr/lib64/python3.9/lib-dynload/_random.cpython-39-x86_64-linux-gnu.so
1487bb5b1000-1487bb5b2000 r--p 00004000 fd:00 201570083                  /usr/lib64/python3.9/lib-dynload/_random.cpython-39-x86_64-linux-gnu.so
1487bb5b2000-1487bb5b3000 rw-p 00005000 fd:00 201570083                  /usr/lib64/python3.9/lib-dynload/_random.cpython-39-x86_64-linux-gnu.so
1487bb5b3000-1487bb5b5000 r--p 00000000 fd:00 201570206                  /usr/lib64/python3.9/lib-dynload/binascii.cpython-39-x86_64-linux-gnu.so
1487bb5b5000-1487bb5ba000 r-xp 00002000 fd:00 201570206                  /usr/lib64/python3.9/lib-dynload/binascii.cpython-39-x86_64-linux-gnu.so
1487bb5ba000-1487bb5bc000 r--p 00007000 fd:00 201570206                  /usr/lib64/python3.9/lib-dynload/binascii.cpython-39-x86_64-linux-gnu.so
1487bb5bc000-1487bb5bd000 r--p 00009000 fd:00 201570206                  /usr/lib64/python3.9/lib-dynload/binascii.cpython-39-x86_64-linux-gnu.so
1487bb5bd000-1487bb5be000 rw-p 0000a000 fd:00 201570206                  /usr/lib64/python3.9/lib-dynload/binascii.cpython-39-x86_64-linux-gnu.so
1487bb5be000-1487bb5c2000 r--p 00000000 00:42 12998958068                /suphys/wedi0306/mts-spi-study-cluster/.venv/lib/python3.9/site-packages/numpy/random/_common.cpython-39-x86_64-linux-gnu.so
1487bb5c2000-1487bb5f4000 r-xp 00004000 00:42 12998958068                /suphys/wedi0306/mts-spi-study-cluster/.venv/lib/python3.9/site-packages/numpy/random/_common.cpython-39-x86_64-linux-gnu.so
1487bb5f4000-1487bb5f8000 r--p 00036000 00:42 12998958068                /suphys/wedi0306/mts-spi-study-cluster/.venv/lib/python3.9/site-packages/numpy/random/_common.cpython-39-x86_64-linux-gnu.so
1487bb5f8000-1487bb5f9000 ---p 0003a000 00:42 12998958068                /suphys/wedi0306/mts-spi-study-cluster/.venv/lib/python3.9/site-packages/numpy/random/_common.cpython-39-x86_64-linux-gnu.so
1487bb5f9000-1487bb5fa000 r--p 0003a000 00:42 12998958068                /suphys/wedi0306/mts-spi-study-cluster/.venv/lib/python3.9/site-packages/numpy/random/_common.cpython-39-x86_64-linux-gnu.so
1487bb5fa000-1487bb5fb000 rw-p 0003b000 00:42 12998958068                /suphys/wedi0306/mts-spi-study-cluster/.venv/lib/python3.9/site-packages/numpy/random/_common.cpython-39-x86_64-linux-gnu.so
1487bb5fb000-1487bb5fc000 rw-p 00000000 00:00 0 
1487bb5fc000-1487bb601000 r--p 00000000 00:42 12998958064                /suphys/wedi0306/mts-spi-study-cluster/.venv/lib/python3.9/site-packages/numpy/random/bit_generator.cpython-39-x86_64-linux-gnu.so
1487bb601000-1487bb624000 r-xp 00005000 00:42 12998958064                /suphys/wedi0306/mts-spi-study-cluster/.venv/lib/python3.9/site-packages/numpy/random/bit_generator.cpython-39-x86_64-linux-gnu.so
1487bb624000-1487bb62e000 r--p 00028000 00:42 12998958064                /suphys/wedi0306/mts-spi-study-cluster/.venv/lib/python3.9/site-packages/numpy/random/bit_generator.cpython-39-x86_64-linux-gnu.so
1487bb62e000-1487bb62f000 r--p 00031000 00:42 12998958064                /suphys/wedi0306/mts-spi-study-cluster/.venv/lib/python3.9/site-packages/numpy/random/bit_generator.cpython-39-x86_64-linux-gnu.so
1487bb62f000-1487bb631000 rw-p 00032000 00:42 12998958064                /suphys/wedi0306/mts-spi-study-cluster/.venv/lib/python3.9/site-packages/numpy/random/bit_generator.cpython-39-x86_64-linux-gnu.so
1487bb631000-1487bb632000 rw-p 00000000 00:00 0 
1487bb632000-1487bb637000 r--p 00000000 00:42 12998958067                /suphys/wedi0306/mts-spi-study-cluster/.venv/lib/python3.9/site-packages/numpy/random/mtrand.cpython-39-x86_64-linux-gnu.so
1487bb637000-1487bb691000 r-xp 00005000 00:42 12998958067                /suphys/wedi0306/mts-spi-study-cluster/.venv/lib/python3.9/site-packages/numpy/random/mtrand.cpython-39-x86_64-linux-gnu.so
1487bb691000-1487bb6e2000 r--p 0005f000 00:42 12998958067                /suphys/wedi0306/mts-spi-study-cluster/.venv/lib/python3.9/site-packages/numpy/random/mtrand.cpython-39-x86_64-linux-gnu.so
1487bb6e2000-1487bb6e3000 r--p 000af000 00:42 12998958067                /suphys/wedi0306/mts-spi-study-cluster/.venv/lib/python3.9/site-packages/numpy/random/mtrand.cpython-39-x86_64-linux-gnu.so
1487bb6e3000-1487bb6e4000 rw-p 000b0000 00:42 12998958067                /suphys/wedi0306/mts-spi-study-cluster/.venv/lib/python3.9/site-packages/numpy/random/mtrand.cpython-39-x86_64-linux-gnu.so
1487bb6e4000-1487bb766000 rw-p 00000000 00:00 0 
1487bb766000-1487bb767000 r--p 00000000 00:42 26845564240                /suphys/wedi0306/mts-spi-study-cluster/.venv/lib/python3.9/site-packages/numpy/fft/_pocketfft_internal.cpython-39-x86_64-linux-gnu.so
1487bb767000-1487bb77a000 r-xp 00001000 00:42 26845564240                /suphys/wedi0306/mts-spi-study-cluster/.venv/lib/python3.9/site-packages/numpy/fft/_pocketfft_internal.cpython-39-x86_64-linux-gnu.so
1487bb77a000-1487bb77c000 r--p 00014000 00:42 26845564240                /suphys/wedi0306/mts-spi-study-cluster/.venv/lib/python3.9/site-packages/numpy/fft/_pocketfft_internal.cpython-39-x86_64-linux-gnu.so
1487bb77c000-1487bb77d000 r--p 00015000 00:42 26845564240                /suphys/wedi0306/mts-spi-study-cluster/.venv/lib/python3.9/site-packages/numpy/fft/_pocketfft_internal.cpython-39-x86_64-linux-gnu.so
1487bb77d000-1487bb77e000 rw-p 00016000 00:42 26845564240                /suphys/wedi0306/mts-spi-study-cluster/.venv/lib/python3.9/site-packages/numpy/fft/_pocketfft_internal.cpython-39-x86_64-linux-gnu.so
1487bb77e000-1487bb7be000 rw-p 00000000 00:00 0 
1487bb7be000-1487bb7c0000 r--p 00000000 fd:00 201573716                  /usr/lib64/python3.9/lib-dynload/select.cpython-39-x86_64-linux-gnu.so
1487bb7c0000-1487bb7c3000 r-xp 00002000 fd:00 201573716                  /usr/lib64/python3.9/lib-dynload/select.cpython-39-x86_64-linux-gnu.so
1487bb7c3000-1487bb7c5000 r--p 00005000 fd:00 201573716                  /usr/lib64/python3.9/lib-dynload/select.cpython-39-x86_64-linux-gnu.so
1487bb7c5000-1487bb7c6000 r--p 00007000 fd:00 201573716                  /usr/lib64/python3.9/lib-dynload/select.cpython-39-x86_64-linux-gnu.so
1487bb7c6000-1487bb7c7000 rw-p 00008000 fd:00 201573716                  /usr/lib64/python3.9/lib-dynload/select.cpython-39-x86_64-linux-gnu.so
1487bb7c7000-1487bb8c7000 rw-p 00000000 00:00 0 
1487bb8c7000-1487bb8cd000 r--p 00000000 00:42 8697009339                 /suphys/wedi0306/mts-spi-study-cluster/.venv/lib/python3.9/site-packages/numpy/linalg/_umath_linalg.cpython-39-x86_64-linux-gnu.so
1487bb8cd000-1487bb8ed000 r-xp 00006000 00:42 8697009339                 /suphys/wedi0306/mts-spi-study-cluster/.venv/lib/python3.9/site-packages/numpy/linalg/_umath_linalg.cpython-39-x86_64-linux-gnu.so
1487bb8ed000-1487bb8f2000 r--p 00026000 00:42 8697009339                 /suphys/wedi0306/mts-spi-study-cluster/.venv/lib/python3.9/site-packages/numpy/linalg/_umath_linalg.cpython-39-x86_64-linux-gnu.so
1487bb8f2000-1487bb8f3000 r--p 0002a000 00:42 8697009339                 /suphys/wedi0306/mts-spi-study-cluster/.venv/lib/python3.9/site-packages/numpy/linalg/_umath_linalg.cpython-39-x86_64-linux-gnu.so
1487bb8f3000-1487bb8f4000 rw-p 0002b000 00:42 8697009339                 /suphys/wedi0306/mts-spi-study-cluster/.venv/lib/python3.9/site-packages/numpy/linalg/_umath_linalg.cpython-39-x86_64-linux-gnu.so
1487bb8f4000-1487bb8f5000 rw-p 00000000 00:00 0 
1487bb8f5000-1487bb8f8000 rw-p 00032000 00:42 8697009339                 /suphys/wedi0306/mts-spi-study-cluster/.venv/lib/python3.9/site-packages/numpy/linalg/_umath_linalg.cpython-39-x86_64-linux-gnu.so
1487bb8f8000-1487bb938000 rw-p 00000000 00:00 0 
1487bb938000-1487bb93a000 r--p 00000000 fd:00 150996608                  /usr/lib64/libffi.so.8.1.0
1487bb93a000-1487bb940000 r-xp 00002000 fd:00 150996608                  /usr/lib64/libffi.so.8.1.0
1487bb940000-1487bb941000 r--p 00008000 fd:00 150996608                  /usr/lib64/libffi.so.8.1.0
1487bb941000-1487bb942000 ---p 00009000 fd:00 150996608                  /usr/lib64/libffi.so.8.1.0
1487bb942000-1487bb943000 r--p 00009000 fd:00 150996608                  /usr/lib64/libffi.so.8.1.0
1487bb943000-1487bb944000 rw-p 0000a000 fd:00 150996608                  /usr/lib64/libffi.so.8.1.0
1487bb944000-1487bb945000 r--p 00000000 fd:00 251706821                  /usr/lib/locale/C.utf8/LC_NAME
1487bb945000-1487bb946000 r--p 00000000 fd:00 251693243                  /usr/lib/locale/C.utf8/LC_ADDRESS
1487bb946000-1487bb947000 r--p 00000000 fd:00 201569846                  /usr/lib64/python3.9/lib-dynload/_bisect.cpython-39-x86_64-linux-gnu.so
1487bb947000-1487bb948000 r-xp 00001000 fd:00 201569846                  /usr/lib64/python3.9/lib-dynload/_bisect.cpython-39-x86_64-linux-gnu.so
1487bb948000-1487bb949000 r--p 00002000 fd:00 201569846                  /usr/lib64/python3.9/lib-dynload/_bisect.cpython-39-x86_64-linux-gnu.so
1487bb949000-1487bb94a000 r--p 00002000 fd:00 201569846                  /usr/lib64/python3.9/lib-dynload/_bisect.cpython-39-x86_64-linux-gnu.so
1487bb94a000-1487bb94b000 rw-p 00003000 fd:00 201569846                  /usr/lib64/python3.9/lib-dynload/_bisect.cpython-39-x86_64-linux-gnu.so
1487bb94b000-1487bb94d000 r--p 00000000 fd:00 201570081                  /usr/lib64/python3.9/lib-dynload/_posixsubprocess.cpython-39-x86_64-linux-gnu.so
1487bb94d000-1487bb950000 r-xp 00002000 fd:00 201570081                  /usr/lib64/python3.9/lib-dynload/_posixsubprocess.cpython-39-x86_64-linux-gnu.so
1487bb950000-1487bb951000 r--p 00005000 fd:00 201570081                  /usr/lib64/python3.9/lib-dynload/_posixsubprocess.cpython-39-x86_64-linux-gnu.so
1487bb951000-1487bb952000 r--p 00005000 fd:00 201570081                  /usr/lib64/python3.9/lib-dynload/_posixsubprocess.cpython-39-x86_64-linux-gnu.so
1487bb952000-1487bb953000 rw-p 00006000 fd:00 201570081                  /usr/lib64/python3.9/lib-dynload/_posixsubprocess.cpython-39-x86_64-linux-gnu.so
1487bb953000-1487bb955000 r--p 00000000 fd:00 201570228                  /usr/lib64/python3.9/lib-dynload/grp.cpython-39-x86_64-linux-gnu.so
1487bb955000-1487bb956000 r-xp 00002000 fd:00 201570228                  /usr/lib64/python3.9/lib-dynload/grp.cpython-39-x86_64-linux-gnu.so
1487bb956000-1487bb957000 r--p 00003000 fd:00 201570228                  /usr/lib64/python3.9/lib-dynload/grp.cpython-39-x86_64-linux-gnu.so
1487bb957000-1487bb958000 r--p 00003000 fd:00 201570228                  /usr/lib64/python3.9/lib-dynload/grp.cpython-39-x86_64-linux-gnu.so
1487bb958000-1487bb959000 rw-p 00004000 fd:00 201570228                  /usr/lib64/python3.9/lib-dynload/grp.cpython-39-x86_64-linux-gnu.so
1487bb959000-1487bb960000 r--p 00000000 00:42 21476625659                /suphys/wedi0306/mts-spi-study-cluster/.venv/lib/python3.9/site-packages/numpy/core/_multiarray_tests.cpython-39-x86_64-linux-gnu.so
1487bb960000-1487bb977000 r-xp 00007000 00:42 21476625659                /suphys/wedi0306/mts-spi-study-cluster/.venv/lib/python3.9/site-packages/numpy/core/_multiarray_tests.cpython-39-x86_64-linux-gnu.so
1487bb977000-1487bb97d000 r--p 0001e000 00:42 21476625659                /suphys/wedi0306/mts-spi-study-cluster/.venv/lib/python3.9/site-packages/numpy/core/_multiarray_tests.cpython-39-x86_64-linux-gnu.so
1487bb97d000-1487bb97e000 r--p 00023000 00:42 21476625659                /suphys/wedi0306/mts-spi-study-cluster/.venv/lib/python3.9/site-packages/numpy/core/_multiarray_tests.cpython-39-x86_64-linux-gnu.so
1487bb97e000-1487bb980000 rw-p 00024000 00:42 21476625659                /suphys/wedi0306/mts-spi-study-cluster/.venv/lib/python3.9/site-packages/numpy/core/_multiarray_tests.cpython-39-x86_64-linux-gnu.so
1487bb980000-1487bba00000 rw-p 00000000 00:00 0 
1487bba00000-1487c1a00000 rw-p 00000000 00:00 0 
1487c1a00000-1487c1a01000 r--p 00000000 fd:00 251706829                  /usr/lib/locale/C.utf8/LC_TELEPHONE
1487c1a01000-1487c1a07000 r--p 00000000 fd:00 201569958                  /usr/lib64/python3.9/lib-dynload/_ctypes.cpython-39-x86_64-linux-gnu.so
1487c1a07000-1487c1a17000 r-xp 00006000 fd:00 201569958                  /usr/lib64/python3.9/lib-dynload/_ctypes.cpython-39-x86_64-linux-gnu.so
1487c1a17000-1487c1a1d000 r--p 00016000 fd:00 201569958                  /usr/lib64/python3.9/lib-dynload/_ctypes.cpython-39-x86_64-linux-gnu.so
1487c1a1d000-1487c1a1e000 r--p 0001b000 fd:00 201569958                  /usr/lib64/python3.9/lib-dynload/_ctypes.cpython-39-x86_64-linux-gnu.so
1487c1a1e000-1487c1a22000 rw-p 0001c000 fd:00 201569958                  /usr/lib64/python3.9/lib-dynload/_ctypes.cpython-39-x86_64-linux-gnu.so
1487c1a22000-1487c1a23000 r--p 00000000 fd:00 201569955                  /usr/lib64/python3.9/lib-dynload/_contextvars.cpython-39-x86_64-linux-gnu.so
1487c1a23000-1487c1a24000 r-xp 00001000 fd:00 201569955                  /usr/lib64/python3.9/lib-dynload/_contextvars.cpython-39-x86_64-linux-gnu.so
1487c1a24000-1487c1a25000 r--p 00002000 fd:00 201569955                  /usr/lib64/python3.9/lib-dynload/_contextvars.cpython-39-x86_64-linux-gnu.so
1487c1a25000-1487c1a26000 r--p 00002000 fd:00 201569955                  /usr/lib64/python3.9/lib-dynload/_contextvars.cpython-39-x86_64-linux-gnu.so
1487c1a26000-1487c1a27000 rw-p 00003000 fd:00 201569955                  /usr/lib64/python3.9/lib-dynload/_contextvars.cpython-39-x86_64-linux-gnu.so
1487c1a27000-1487c1a67000 rw-p 00000000 00:00 0 
1487c1a67000-1487c1a6c000 r--p 00000000 fd:00 201569979                  /usr/lib64/python3.9/lib-dynload/_pickle.cpython-39-x86_64-linux-gnu.so
1487c1a6c000-1487c1a80000 r-xp 00005000 fd:00 201569979                  /usr/lib64/python3.9/lib-dynload/_pickle.cpython-39-x86_64-linux-gnu.so
1487c1a80000-1487c1a86000 r--p 00019000 fd:00 201569979                  /usr/lib64/python3.9/lib-dynload/_pickle.cpython-39-x86_64-linux-gnu.so
1487c1a86000-1487c1a87000 r--p 0001f000 fd:00 201569979                  /usr/lib64/python3.9/lib-dynload/_pickle.cpython-39-x86_64-linux-gnu.so
1487c1a87000-1487c1a89000 rw-p 00020000 fd:00 201569979                  /usr/lib64/python3.9/lib-dynload/_pickle.cpython-39-x86_64-linux-gnu.so
1487c1a89000-1487c1bc9000 rw-p 00000000 00:00 0 
1487c1bc9000-1487c1bca000 ---p 00000000 00:00 0 
1487c1bca000-1487c1dca000 rw-p 00000000 00:00 0 
1487c1dca000-1487c1dcb000 ---p 00000000 00:00 0 
1487c1dcb000-1487c1fcb000 rw-p 00000000 00:00 0 
1487c1fcb000-1487c1fcc000 ---p 00000000 00:00 0 
1487c1fcc000-1487c21cc000 rw-p 00000000 00:00 0 
1487c21cc000-1487c2207000 r-xp 00000000 00:42 11822128629                /suphys/wedi0306/mts-spi-study-cluster/.venv/lib/python3.9/site-packages/numpy.libs/libquadmath-96973f99.so.0.0.0
1487c2207000-1487c2406000 ---p 0003b000 00:42 11822128629                /suphys/wedi0306/mts-spi-study-cluster/.venv/lib/python3.9/site-packages/numpy.libs/libquadmath-96973f99.so.0.0.0
1487c2406000-1487c2407000 r--p 0003a000 00:42 11822128629                /suphys/wedi0306/mts-spi-study-cluster/.venv/lib/python3.9/site-packages/numpy.libs/libquadmath-96973f99.so.0.0.0
1487c2407000-1487c2409000 rw-p 0003b000 00:42 11822128629                /suphys/wedi0306/mts-spi-study-cluster/.venv/lib/python3.9/site-packages/numpy.libs/libquadmath-96973f99.so.0.0.0
1487c2409000-1487c267f000 r-xp 00000000 00:42 11822128630                /suphys/wedi0306/mts-spi-study-cluster/.venv/lib/python3.9/site-packages/numpy.libs/libgfortran-040039e1.so.5.0.0
1487c267f000-1487c287e000 ---p 00276000 00:42 11822128630                /suphys/wedi0306/mts-spi-study-cluster/.venv/lib/python3.9/site-packages/numpy.libs/libgfortran-040039e1.so.5.0.0
1487c287e000-1487c287f000 r--p 00275000 00:42 11822128630                /suphys/wedi0306/mts-spi-study-cluster/.venv/lib/python3.9/site-packages/numpy.libs/libgfortran-040039e1.so.5.0.0
1487c287f000-1487c2881000 rw-p 00276000 00:42 11822128630                /suphys/wedi0306/mts-spi-study-cluster/.venv/lib/python3.9/site-packages/numpy.libs/libgfortran-040039e1.so.5.0.0
1487c2881000-1487c2896000 rw-p 0027b000 00:42 11822128630                /suphys/wedi0306/mts-spi-study-cluster/.venv/lib/python3.9/site-packages/numpy.libs/libgfortran-040039e1.so.5.0.0
1487c2896000-1487c2899000 r--p 00000000 fd:00 150996661                  /usr/lib64/libgcc_s-11-20240719.so.1
1487c2899000-1487c28ad000 r-xp 00003000 fd:00 150996661                  /usr/lib64/libgcc_s-11-20240719.so.1
1487c28ad000-1487c28b1000 r--p 00017000 fd:00 150996661                  /usr/lib64/libgcc_s-11-20240719.so.1
1487c28b1000-1487c28b2000 r--p 0001a000 fd:00 150996661                  /usr/lib64/libgcc_s-11-20240719.so.1
1487c28b2000-1487c28b3000 rw-p 00000000 00:00 0 
1487c28b3000-1487c29bd000 r--p 00000000 00:42 11822128627                /suphys/wedi0306/mts-spi-study-cluster/.venv/lib/python3.9/site-packages/numpy.libs/libopenblas64_p-r0-0cf96a72.3.23.dev.so
1487c29bd000-1487c29c5000 r-xp 0010a000 00:42 11822128627                /suphys/wedi0306/mts-spi-study-cluster/.venv/lib/python3.9/site-packages/numpy.libs/libopenblas64_p-r0-0cf96a72.3.23.dev.so
1487c29c5000-1487c29cb000 ---p 00112000 00:42 11822128627                /suphys/wedi0306/mts-spi-study-cluster/.venv/lib/python3.9/site-packages/numpy.libs/libopenblas64_p-r0-0cf96a72.3.23.dev.so
1487c29cb000-1487c464c000 r-xp 00118000 00:42 11822128627                /suphys/wedi0306/mts-spi-study-cluster/.venv/lib/python3.9/site-packages/numpy.libs/libopenblas64_p-r0-0cf96a72.3.23.dev.so
1487c464c000-1487c485c000 r--p 01d99000 00:42 11822128627                /suphys/wedi0306/mts-spi-study-cluster/.venv/lib/python3.9/site-packages/numpy.libs/libopenblas64_p-r0-0cf96a72.3.23.dev.so
1487c485c000-1487c485d000 ---p 01fa9000 00:42 11822128627                /suphys/wedi0306/mts-spi-study-cluster/.venv/lib/python3.9/site-packages/numpy.libs/libopenblas64_p-r0-0cf96a72.3.23.dev.so
1487c485d000-1487c4863000 r--p 01fa9000 00:42 11822128627                /suphys/wedi0306/mts-spi-study-cluster/.venv/lib/python3.9/site-packages/numpy.libs/libopenblas64_p-r0-0cf96a72.3.23.dev.so
1487c4863000-1487c487a000 rw-p 01faf000 00:42 11822128627                /suphys/wedi0306/mts-spi-study-cluster/.venv/lib/python3.9/site-packages/numpy.libs/libopenblas64_p-r0-0cf96a72.3.23.dev.so
1487c487a000-1487c4886000 rw-p 00000000 00:00 0 
1487c4886000-1487c4932000 rw-p 020d4000 00:42 11822128627                /suphys/wedi0306/mts-spi-study-cluster/.venv/lib/python3.9/site-packages/numpy.libs/libopenblas64_p-r0-0cf96a72.3.23.dev.so
1487c4932000-1487c495d000 r--p 00000000 00:42 21476625679                /suphys/wedi0306/mts-spi-study-cluster/.venv/lib/python3.9/site-packages/numpy/core/_multiarray_umath.cpython-39-x86_64-linux-gnu.so
1487c495d000-1487c4e3b000 r-xp 0002b000 00:42 21476625679                /suphys/wedi0306/mts-spi-study-cluster/.venv/lib/python3.9/site-packages/numpy/core/_multiarray_umath.cpython-39-x86_64-linux-gnu.so
1487c4e3b000-1487c4faf000 r--p 00509000 00:42 21476625679                /suphys/wedi0306/mts-spi-study-cluster/.venv/lib/python3.9/site-packages/numpy/core/_multiarray_umath.cpython-39-x86_64-linux-gnu.so
1487c4faf000-1487c4fb0000 ---p 0067d000 00:42 21476625679                /suphys/wedi0306/mts-spi-study-cluster/.venv/lib/python3.9/site-packages/numpy/core/_multiarray_umath.cpython-39-x86_64-linux-gnu.so
1487c4fb0000-1487c4fb2000 r--p 0067d000 00:42 21476625679                /suphys/wedi0306/mts-spi-study-cluster/.venv/lib/python3.9/site-packages/numpy/core/_multiarray_umath.cpython-39-x86_64-linux-gnu.so
1487c4fb2000-1487c4fd5000 rw-p 0067f000 00:42 21476625679                /suphys/wedi0306/mts-spi-study-cluster/.venv/lib/python3.9/site-packages/numpy/core/_multiarray_umath.cpython-39-x86_64-linux-gnu.so
1487c4fd5000-1487c4ff5000 rw-p 00000000 00:00 0 
1487c4ff5000-1487c5000000 rw-p 0070b000 00:42 21476625679                /suphys/wedi0306/mts-spi-study-cluster/.venv/lib/python3.9/site-packages/numpy/core/_multiarray_umath.cpython-39-x86_64-linux-gnu.so
1487c5000000-1487c50dc000 r--p 00000000 fd:00 150996778                  /usr/lib64/libcrypto.so.3.5.1
1487c50dc000-1487c5423000 r-xp 000dc000 fd:00 150996778                  /usr/lib64/libcrypto.so.3.5.1
1487c5423000-1487c5546000 r--p 00423000 fd:00 150996778                  /usr/lib64/libcrypto.so.3.5.1
1487c5546000-1487c55bd000 r--p 00545000 fd:00 150996778                  /usr/lib64/libcrypto.so.3.5.1
1487c55bd000-1487c55c0000 rw-p 005bc000 fd:00 150996778                  /usr/lib64/libcrypto.so.3.5.1
1487c55c0000-1487c55c3000 rw-p 00000000 00:00 0 
1487c55c3000-1487c55c4000 r--p 00000000 fd:00 251706817                  /usr/lib/locale/C.utf8/LC_MEASUREMENT
1487c55c4000-1487c55c9000 r--p 00000000 fd:00 201569961                  /usr/lib64/python3.9/lib-dynload/_datetime.cpython-39-x86_64-linux-gnu.so
1487c55c9000-1487c55da000 r-xp 00005000 fd:00 201569961                  /usr/lib64/python3.9/lib-dynload/_datetime.cpython-39-x86_64-linux-gnu.so
1487c55da000-1487c55e0000 r--p 00016000 fd:00 201569961                  /usr/lib64/python3.9/lib-dynload/_datetime.cpython-39-x86_64-linux-gnu.so
1487c55e0000-1487c55e1000 r--p 0001b000 fd:00 201569961                  /usr/lib64/python3.9/lib-dynload/_datetime.cpython-39-x86_64-linux-gnu.so
1487c55e1000-1487c55e4000 rw-p 0001c000 fd:00 201569961                  /usr/lib64/python3.9/lib-dynload/_datetime.cpython-39-x86_64-linux-gnu.so
1487c55e4000-1487c5664000 rw-p 00000000 00:00 0 
1487c5664000-1487c5667000 r--p 00000000 fd:00 150996538                  /usr/lib64/libz.so.1.2.11
1487c5667000-1487c5675000 r-xp 00003000 fd:00 150996538                  /usr/lib64/libz.so.1.2.11
1487c5675000-1487c567b000 r--p 00011000 fd:00 150996538                  /usr/lib64/libz.so.1.2.11
1487c567b000-1487c567c000 ---p 00017000 fd:00 150996538                  /usr/lib64/libz.so.1.2.11
1487c567c000-1487c567d000 r--p 00017000 fd:00 150996538                  /usr/lib64/libz.so.1.2.11
1487c567d000-1487c5a00000 rw-p 00000000 00:00 0 
1487c5a00000-1487c5a29000 r--p 00000000 fd:00 151100522                  /usr/lib64/libc.so.6
1487c5a29000-1487c5b9e000 r-xp 00029000 fd:00 151100522                  /usr/lib64/libc.so.6
1487c5b9e000-1487c5bf6000 r--p 0019e000 fd:00 151100522                  /usr/lib64/libc.so.6
1487c5bf6000-1487c5bfa000 r--p 001f6000 fd:00 151100522                  /usr/lib64/libc.so.6
1487c5bfa000-1487c5bfc000 rw-p 001fa000 fd:00 151100522                  /usr/lib64/libc.so.6
1487c5bfc000-1487c5c09000 rw-p 00000000 00:00 0 
1487c5c09000-1487c5c0a000 r--p 00000000 fd:00 251701311                  /usr/lib/locale/C.utf8/LC_IDENTIFICATION
1487c5c0a000-1487c5c0b000 ---p 00000000 00:00 0 
1487c5c0b000-1487c5c0c000 r--p 00000000 00:00 0 
1487c5c0c000-1487c5c0f000 r--p 00000000 fd:00 201570192                  /usr/lib64/python3.9/lib-dynload/_struct.cpython-39-x86_64-linux-gnu.so
1487c5c0f000-1487c5c15000 r-xp 00003000 fd:00 201570192                  /usr/lib64/python3.9/lib-dynload/_struct.cpython-39-x86_64-linux-gnu.so
1487c5c15000-1487c5c19000 r--p 00009000 fd:00 201570192                  /usr/lib64/python3.9/lib-dynload/_struct.cpython-39-x86_64-linux-gnu.so
1487c5c19000-1487c5c1a000 r--p 0000c000 fd:00 201570192                  /usr/lib64/python3.9/lib-dynload/_struct.cpython-39-x86_64-linux-gnu.so
1487c5c1a000-1487c5c1b000 rw-p 0000d000 fd:00 201570192                  /usr/lib64/python3.9/lib-dynload/_struct.cpython-39-x86_64-linux-gnu.so
1487c5c1b000-1487c5c9b000 rw-p 00000000 00:00 0 
1487c5c9b000-1487c5c9e000 r--p 00000000 fd:00 201570233                  /usr/lib64/python3.9/lib-dynload/math.cpython-39-x86_64-linux-gnu.so
1487c5c9e000-1487c5ca6000 r-xp 00003000 fd:00 201570233                  /usr/lib64/python3.9/lib-dynload/math.cpython-39-x86_64-linux-gnu.so
1487c5ca6000-1487c5caa000 r--p 0000b000 fd:00 201570233                  /usr/lib64/python3.9/lib-dynload/math.cpython-39-x86_64-linux-gnu.so
1487c5caa000-1487c5cab000 r--p 0000f000 fd:00 201570233                  /usr/lib64/python3.9/lib-dynload/math.cpython-39-x86_64-linux-gnu.so
1487c5cab000-1487c5cac000 rw-p 00010000 fd:00 201570233                  /usr/lib64/python3.9/lib-dynload/math.cpython-39-x86_64-linux-gnu.so
1487c5cac000-1487c5cae000 r--p 00000000 fd:00 201569848                  /usr/lib64/python3.9/lib-dynload/_blake2.cpython-39-x86_64-linux-gnu.so
1487c5cae000-1487c5cbc000 r-xp 00002000 fd:00 201569848                  /usr/lib64/python3.9/lib-dynload/_blake2.cpython-39-x86_64-linux-gnu.so
1487c5cbc000-1487c5cbe000 r--p 00010000 fd:00 201569848                  /usr/lib64/python3.9/lib-dynload/_blake2.cpython-39-x86_64-linux-gnu.so
1487c5cbe000-1487c5cbf000 r--p 00011000 fd:00 201569848                  /usr/lib64/python3.9/lib-dynload/_blake2.cpython-39-x86_64-linux-gnu.so
1487c5cbf000-1487c5cc0000 rw-p 00012000 fd:00 201569848                  /usr/lib64/python3.9/lib-dynload/_blake2.cpython-39-x86_64-linux-gnu.so
1487c5cc0000-1487c5e00000 rw-p 00000000 00:00 0 
1487c5e00000-1487c5e5a000 r--p 00000000 fd:00 151018094                  /usr/lib64/libpython3.9.so.1.0
1487c5e5a000-1487c6065000 r-xp 0005a000 fd:00 151018094                  /usr/lib64/libpython3.9.so.1.0
1487c6065000-1487c615b000 r--p 00265000 fd:00 151018094                  /usr/lib64/libpython3.9.so.1.0
1487c615b000-1487c6161000 r--p 0035b000 fd:00 151018094                  /usr/lib64/libpython3.9.so.1.0
1487c6161000-1487c6198000 rw-p 00361000 fd:00 151018094                  /usr/lib64/libpython3.9.so.1.0
1487c6198000-1487c61ba000 rw-p 00000000 00:00 0 
1487c61ba000-1487c61bb000 ---p 00000000 00:00 0 
1487c61bb000-1487c61bf000 r--p 00000000 fd:00 201569967                  /usr/lib64/python3.9/lib-dynload/_hashlib.cpython-39-x86_64-linux-gnu.so
1487c61bf000-1487c61c6000 r-xp 00004000 fd:00 201569967                  /usr/lib64/python3.9/lib-dynload/_hashlib.cpython-39-x86_64-linux-gnu.so
1487c61c6000-1487c61ca000 r--p 0000b000 fd:00 201569967                  /usr/lib64/python3.9/lib-dynload/_hashlib.cpython-39-x86_64-linux-gnu.so
1487c61ca000-1487c61cb000 r--p 0000f000 fd:00 201569967                  /usr/lib64/python3.9/lib-dynload/_hashlib.cpython-39-x86_64-linux-gnu.so
1487c61cb000-1487c61cc000 rw-p 00010000 fd:00 201569967                  /usr/lib64/python3.9/lib-dynload/_hashlib.cpython-39-x86_64-linux-gnu.so
1487c61cc000-1487c6221000 r--p 00000000 fd:00 251693245                  /usr/lib/locale/C.utf8/LC_CTYPE
1487c6221000-1487c6223000 rw-p 00000000 00:00 0 
1487c6223000-1487c6230000 r--p 00000000 fd:00 151121093                  /usr/lib64/libm.so.6
1487c6230000-1487c62a0000 r-xp 0000d000 fd:00 151121093                  /usr/lib64/libm.so.6
1487c62a0000-1487c62fc000 r--p 0007d000 fd:00 151121093                  /usr/lib64/libm.so.6
1487c62fc000-1487c62fd000 r--p 000d8000 fd:00 151121093                  /usr/lib64/libm.so.6
1487c62fd000-1487c62fe000 rw-p 000d9000 fd:00 151121093                  /usr/lib64/libm.so.6
1487c62fe000-1487c62ff000 r--p 00000000 fd:00 151122008                  /usr/lib64/libpthread.so.0
1487c62ff000-1487c6300000 r-xp 00001000 fd:00 151122008                  /usr/lib64/libpthread.so.0
1487c6300000-1487c6301000 r--p 00002000 fd:00 151122008                  /usr/lib64/libpthread.so.0
1487c6301000-1487c6302000 r--p 00002000 fd:00 151122008                  /usr/lib64/libpthread.so.0
1487c6302000-1487c6303000 rw-p 00003000 fd:00 151122008                  /usr/lib64/libpthread.so.0
1487c6303000-1487c6304000 r--p 00000000 fd:00 201569968                  /usr/lib64/python3.9/lib-dynload/_heapq.cpython-39-x86_64-linux-gnu.so
1487c6304000-1487c6307000 r-xp 00001000 fd:00 201569968                  /usr/lib64/python3.9/lib-dynload/_heapq.cpython-39-x86_64-linux-gnu.so
1487c6307000-1487c630a000 r--p 00004000 fd:00 201569968                  /usr/lib64/python3.9/lib-dynload/_heapq.cpython-39-x86_64-linux-gnu.so
1487c630a000-1487c630b000 r--p 00006000 fd:00 201569968                  /usr/lib64/python3.9/lib-dynload/_heapq.cpython-39-x86_64-linux-gnu.so
1487c630b000-1487c630c000 rw-p 00007000 fd:00 201569968                  /usr/lib64/python3.9/lib-dynload/_heapq.cpython-39-x86_64-linux-gnu.so
1487c630c000-1487c6313000 r--s 00000000 fd:00 117441776                  /usr/lib64/gconv/gconv-modules.cache
1487c6313000-1487c6315000 rw-p 00000000 00:00 0 
1487c6315000-1487c6317000 r--p 00000000 fd:00 151014719                  /usr/lib64/ld-linux-x86-64.so.2
1487c6317000-1487c633f000 r-xp 00002000 fd:00 151014719                  /usr/lib64/ld-linux-x86-64.so.2
1487c633f000-1487c634b000 r--p 0002a000 fd:00 151014719                  /usr/lib64/ld-linux-x86-64.so.2
1487c634b000-1487c634d000 r--p 00036000 fd:00 151014719                  /usr/lib64/ld-linux-x86-64.so.2
1487c634d000-1487c634f000 rw-p 00038000 fd:00 151014719                  /usr/lib64/ld-linux-x86-64.so.2
557340405000-557340406000 r--p 00000000 fd:00 21365                      /usr/bin/python3.9
557340406000-557340407000 r-xp 00001000 fd:00 21365                      /usr/bin/python3.9
557340407000-557340408000 r--p 00002000 fd:00 21365                      /usr/bin/python3.9
557340408000-557340409000 r--p 00002000 fd:00 21365                      /usr/bin/python3.9
557340409000-55734040a000 rw-p 00003000 fd:00 21365                      /usr/bin/python3.9
5573408d5000-557347bf8000 rw-p 00000000 00:00 0                          [heap]
7ffceef7b000-7ffceef7f000 ---p 00000000 00:00 0 
7ffceef7f000-7ffcef07b000 rw-p 00000000 00:00 0                          [stack]
7ffcef084000-7ffcef088000 r--p 00000000 00:00 0                          [vvar]
7ffcef088000-7ffcef08a000 r-xp 00000000 00:00 0                          [vdso]
ffffffffff600000-ffffffffff601000 --xp 00000000 00:00 0                  [vsyscall]


VM Arguments:
jvm_args: -ea 
java_command: <unknown>
java_class_path (initial): /suphys/wedi0306/mts-spi-study-cluster/.venv/lib/python3.9/site-packages/pyspi/lib/jidt/infodynamics.jar:/suphys/wedi0306/mts-spi-study-cluster/.venv/lib/python3.9/site-packages/org.jpype.jar:/suphys/wedi0306/mts-spi-study-cluster/.venv/lib64/python3.9/site-packages/org.jpype.jar
Launcher Type: generic

[Global flags]
     intx CICompilerCount                          = 3                                         {product} {ergonomic}
     uint ConcGCThreads                            = 1                                         {product} {ergonomic}
     uint G1ConcRefinementThreads                  = 4                                         {product} {ergonomic}
   size_t G1HeapRegionSize                         = 2097152                                   {product} {ergonomic}
    uintx GCDrainStackTargetSize                   = 64                                        {product} {ergonomic}
   size_t InitialHeapSize                          = 268435456                                 {product} {ergonomic}
   size_t MarkStackSize                            = 4194304                                   {product} {ergonomic}
   size_t MaxHeapSize                              = 4294967296                                {product} {ergonomic}
   size_t MaxNewSize                               = 2575302656                                {product} {ergonomic}
   size_t MinHeapDeltaBytes                        = 2097152                                   {product} {ergonomic}
   size_t MinHeapSize                              = 8388608                                   {product} {ergonomic}
    uintx NonNMethodCodeHeapSize                   = 5832780                                {pd product} {ergonomic}
    uintx NonProfiledCodeHeapSize                  = 122912730                              {pd product} {ergonomic}
    uintx ProfiledCodeHeapSize                     = 122912730                              {pd product} {ergonomic}
    uintx ReservedCodeCacheSize                    = 251658240                              {pd product} {ergonomic}
     bool SegmentedCodeCache                       = true                                      {product} {ergonomic}
   size_t SoftMaxHeapSize                          = 4294967296                             {manageable} {ergonomic}
     bool UseCompressedClassPointers               = true                           {product lp64_product} {ergonomic}
     bool UseCompressedOops                        = true                           {product lp64_product} {ergonomic}
     bool UseG1GC                                  = true                                      {product} {ergonomic}

Logging:
Log output configuration:
 #0: stdout all=off uptime,level,tags
 #1: stderr all=off uptime,level,tags

Environment Variables:
PATH=/suphys/wedi0306/mts-spi-study-cluster/.venv/bin:/suphys/wedi0306/mts-spi-study-cluster/.venv/bin:/suphys/wedi0306/.vscode-server/data/User/globalStorage/github.copilot-chat/debugCommand:/suphys/wedi0306/.vscode-server/data/User/globalStorage/github.copilot-chat/copilotCli:/suphys/wedi0306/.vscode-server/cli/servers/Stable-94e8ae2b28cb5cc932b86e1070569c4463565c37/server/bin/remote-cli:/suphys/wedi0306/bin:/usr/physics/bin:/usr/local/bin:/bin:/usr/lib64/qt5/bin:/usr/share/Modules/bin:/usr/bin:/usr/local/sbin:/usr/sbin:/opt/pbs/bin:/opt/pbs/bin:/opt/pbs/bin:/opt/pbs/bin:/opt/dell/srvadmin/bin
SHELL=/bin/bash
LANG=C.UTF-8
TERM=xterm-256color
TMPDIR=/var/tmp/pbs.4732[68].headnode
TZ=Australia/Sydney

Active Locale:
LC_ALL=LC_CTYPE=en_US.UTF-8;LC_NUMERIC=C;LC_TIME=C;LC_COLLATE=C;LC_MONETARY=C;LC_MESSAGES=C;LC_PAPER=C.UTF-8;LC_NAME=C.UTF-8;LC_ADDRESS=C.UTF-8;LC_TELEPHONE=C.UTF-8;LC_MEASUREMENT=C.UTF-8;LC_IDENTIFICATION=C.UTF-8
LC_COLLATE=C
LC_CTYPE=en_US.UTF-8
LC_MESSAGES=C
LC_MONETARY=C
LC_NUMERIC=C
LC_TIME=C

Signal Handlers:
   SIGSEGV: crash_handler in libjvm.so, mask=11100100010111111101111111111110, flags=SA_RESTART|SA_SIGINFO, unblocked
    SIGBUS: crash_handler in libjvm.so, mask=11100100010111111101111111111110, flags=SA_RESTART|SA_SIGINFO, unblocked
    SIGFPE: crash_handler in libjvm.so, mask=11100100010111111101111111111110, flags=SA_RESTART|SA_SIGINFO, unblocked
   SIGPIPE: javaSignalHandler in libjvm.so, mask=11100100010111111101111111111110, flags=SA_RESTART|SA_SIGINFO, blocked
  *** Handler was modified!
  *** Expected: 0x0000557615d02e7b, mask=00001111110111011010110111100010, flags=SA_RESTART|SA_SIGINFO
   SIGXFSZ: javaSignalHandler in libjvm.so, mask=11100100010111111101111111111110, flags=SA_RESTART|SA_SIGINFO, blocked
  *** Handler was modified!
  *** Expected: 0x00001485a8e14e40 in libcublasLt.so.12+27803200, mask=00001101111011000111101010001101, flags=SA_NOCLDSTOP|Unknown_flags:20
    SIGILL: crash_handler in libjvm.so, mask=11100100010111111101111111111110, flags=SA_RESTART|SA_SIGINFO, unblocked
   SIGUSR2: SR_handler in libjvm.so, mask=00000000000000000000000000000000, flags=SA_RESTART|SA_SIGINFO, blocked
  *** Handler was modified!
  *** Expected: 0x0000557615d73860, mask=00001111110111011010110111100010, flags=SA_RESTART|SA_SIGINFO
    SIGHUP: SIG_IGN, mask=00000000000000000000000000000000, flags=none, blocked
    SIGINT: UserHandler in libjvm.so, mask=11100100010111111101111111111110, flags=SA_RESTART|SA_SIGINFO, blocked
   SIGTERM: UserHandler in libjvm.so, mask=11100100010111111101111111111110, flags=SA_RESTART|SA_SIGINFO, blocked
   SIGQUIT: UserHandler in libjvm.so, mask=11100100010111111101111111111110, flags=SA_RESTART|SA_SIGINFO, blocked
   SIGTRAP: crash_handler in libjvm.so, mask=11100100010111111101111111111110, flags=SA_RESTART|SA_SIGINFO, unblocked


Periodic native trim disabled


---------------  S Y S T E M  ---------------

OS:
Red Hat Enterprise Linux release 9.7 (Plow)
uname: Linux 5.14.0-611.16.1.el9_7.x86_64 #1 SMP PREEMPT_DYNAMIC Sun Dec 7 05:52:24 EST 2025 x86_64
OS uptime: 13 days 19:47 hours
libc: glibc 2.34 NPTL 2.34 
rlimit (soft/hard): STACK infinity/infinity , CORE 0k/infinity , NPROC 1027336/1027336 , NOFILE 16384/16384 , AS infinity/infinity , CPU infinity/infinity , DATA infinity/infinity , FSIZE infinity/infinity , MEMLOCK infinity/infinity
load average: 5.40 4.76 4.00

/proc/meminfo:
MemTotal:       263085812 kB
MemFree:        237293980 kB
MemAvailable:   253341828 kB
Buffers:            4616 kB
Cached:         17401128 kB
SwapCached:            0 kB
Active:          6671412 kB
Inactive:       14088352 kB
Active(anon):    3569852 kB
Inactive(anon):      420 kB
Active(file):    3101560 kB
Inactive(file): 14087932 kB
Unevictable:        3072 kB
Mlocked:               0 kB
SwapTotal:       4194300 kB
SwapFree:        4194300 kB
Zswap:                 0 kB
Zswapped:              0 kB
Dirty:               608 kB
Writeback:             0 kB
AnonPages:       3287528 kB
Mapped:           720688 kB
Shmem:            216240 kB
KReclaimable:     366608 kB
Slab:             929844 kB
SReclaimable:     366608 kB
SUnreclaim:       563236 kB
KernelStack:       18096 kB
PageTables:        20160 kB
SecPageTables:     14448 kB
NFS_Unstable:          0 kB
Bounce:                0 kB
WritebackTmp:          0 kB
CommitLimit:    135737204 kB
Committed_AS:    6457044 kB
VmallocTotal:   13743895347199 kB
VmallocUsed:      313116 kB
VmallocChunk:          0 kB
Percpu:            88320 kB
HardwareCorrupted:     0 kB
AnonHugePages:   1955840 kB
ShmemHugePages:        0 kB
ShmemPmdMapped:        0 kB
FileHugePages:         0 kB
FilePmdMapped:         0 kB
CmaTotal:              0 kB
CmaFree:               0 kB
Unaccepted:            0 kB
HugePages_Total:       0
HugePages_Free:        0
HugePages_Rsvd:        0
HugePages_Surp:        0
Hugepagesize:       2048 kB
Hugetlb:               0 kB
DirectMap4k:     1165308 kB
DirectMap2M:    57057280 kB
DirectMap1G:    211812352 kB

/sys/kernel/mm/transparent_hugepage/enabled: [always] madvise never
/sys/kernel/mm/transparent_hugepage/hpage_pmd_size: 2097152
/sys/kernel/mm/transparent_hugepage/defrag (defrag/compaction efforts parameter): always defer defer+madvise [madvise] never

Process Memory:
Virtual Size: 12673048K (peak: 12673048K)
Resident Set Size: 740552K (peak: 740552K) (anon: 384904K, file: 355640K, shmem: 8K)
Swapped out: 0K
C-Heap outstanding allocations: 140006K, retained: 8057K
glibc malloc tunables: (default)

/proc/sys/kernel/threads-max (system-wide limit on the number of threads): 2054673
/proc/sys/vm/max_map_count (maximum number of memory map areas a process may have): 65530
/proc/sys/vm/swappiness (control to define how aggressively the kernel swaps out anonymous memory): 10
/proc/sys/kernel/pid_max (system-wide limit on number of process identifiers): 4194304

container (cgroup) information:
container_type: cgroupv1
cpu_cpuset_cpus: 2,18,22,26
cpu_memory_nodes: 0-3
active_processor_count: 4
cpu_quota: no quota
cpu_period: 100000
cpu_shares: no shares
memory_limit_in_bytes: 16777216 k
memory_and_swap_limit_in_bytes: unlimited
memory_soft_limit_in_bytes: unlimited
memory_usage_in_bytes: 402400 k
memory_max_usage_in_bytes: 402400 k
rss_usage_in_bytes: 384908 k
cache_usage_in_bytes: 10780 k
kernel_memory_limit_in_bytes: unlimited
kernel_memory_usage_in_bytes: 4468 k
kernel_memory_max_usage_in_bytes: 4472 k
maximum number of tasks: unlimited
current number of tasks: 60

Steal ticks since vm start: 0
Steal ticks percentage since vm start:  0.000

CPU: total 64 (initial active 4) (32 cores per cpu, 2 threads per core) family 6 model 207 stepping 2 microcode 0x210002b3, cx8, cmov, fxsr, ht, mmx, 3dnowpref, sse, sse2, sse3, ssse3, sse4.1, sse4.2, popcnt, lzcnt, tsc, tscinvbit, avx, avx2, aes, erms, clmul, bmi1, bmi2, adx, avx512f, avx512dq, avx512cd, avx512bw, avx512vl, sha, fma, vzeroupper, avx512_vpopcntdq, avx512_vpclmulqdq, avx512_vaes, avx512_vnni, clflush, clflushopt, clwb, avx512_vbmi2, avx512_vbmi
CPU Model and flags from /proc/cpuinfo:
model name	: INTEL(R) XEON(R) GOLD 6548N
flags		: fpu vme de pse tsc msr pae mce cx8 apic sep mtrr pge mca cmov pat pse36 clflush dts acpi mmx fxsr sse sse2 ss ht tm pbe syscall nx pdpe1gb rdtscp lm constant_tsc art arch_perfmon pebs bts rep_good nopl xtopology nonstop_tsc cpuid aperfmperf tsc_known_freq pni pclmulqdq dtes64 monitor ds_cpl vmx smx est tm2 ssse3 sdbg fma cx16 xtpr pdcm pcid dca sse4_1 sse4_2 x2apic movbe popcnt tsc_deadline_timer aes xsave avx f16c rdrand lahf_lm abm 3dnowprefetch cpuid_fault epb cat_l3 cat_l2 cdp_l3 cdp_l2 ssbd mba ibrs ibpb stibp ibrs_enhanced tpr_shadow flexpriority ept vpid ept_ad fsgsbase tsc_adjust bmi1 avx2 smep bmi2 erms invpcid cqm rdt_a avx512f avx512dq rdseed adx smap avx512ifma clflushopt clwb intel_pt avx512cd sha_ni avx512bw avx512vl xsaveopt xsavec xgetbv1 xsaves cqm_llc cqm_occup_llc cqm_mbm_total cqm_mbm_local split_lock_detect user_shstk avx_vnni avx512_bf16 wbnoinvd dtherm ida arat pln pts hfi vnmi avx512vbmi umip pku ospke waitpkg avx512_vbmi2 gfni vaes vpclmulqdq avx512_vnni avx512_bitalg tme avx512_vpopcntdq la57 rdpid bus_lock_detect cldemote movdiri movdir64b enqcmd fsrm md_clear serialize tsxldtrk pconfig arch_lbr ibt amx_bf16 avx512_fp16 amx_tile amx_int8 flush_l1d arch_capabilities

Online cpus: 0-63
Offline cpus: 
BIOS frequency limitation: <Not Available>
Frequency switch latency (ns): 20000
Available cpu frequencies: <Not Available>
Current governor: performance
Core performance/turbo boost: <Not Available>

Memory: 4k page, physical 16777216k(16374816k free), swap 4194300k(4194300k free)
Page Sizes: 4k

vm_info: OpenJDK 64-Bit Server VM (17.0.17+10-LTS) for linux-amd64 JRE (17.0.17+10-LTS), built on Oct 21 2025 00:00:00 by "mockbuild" with gcc 8.5.0 20210514 (Red Hat 8.5.0-18)

END.
