row_id,label,block,predicted,correct,method,scope
VAR-0.2-I12,VAR-0.2,12,VAR-0.2,True,mean,all16
VAR-0.7-I12,VAR-0.7,12,VAR-0.7,True,mean,all16
CML-1.45-I12,CML-1.45,12,CML-1.45,True,mean,all16
CML-1.69-I12,CML-1.69,12,CML-1.69,True,mean,all16
CML-1.7522-I12,CML-1.7522,12,CML-1.7522,True,mean,all16
CML-1.895-I12,CML-1.895,12,CML-1.895,True,mean,all16
CML-2-I12,CML-2,12,CML-2,True,mean,all16
VAR-0.2-I13,VAR-0.2,13,VAR-0.2,True,mean,all16
VAR-0.7-I13,VAR-0.7,13,VAR-0.7,True,mean,all16
CML-1.45-I13,CML-1.45,13,CML-1.45,True,mean,all16
CML-1.69-I13,CML-1.69,13,CML-1.69,True,mean,all16
CML-1.7522-I13,CML-1.7522,13,CML-1.7522,True,mean,all16
CML-1.895-I13,CML-1.895,13,CML-1.895,True,mean,all16
CML-2-I13,CML-2,13,CML-2,True,mean,all16
VAR-0.2-I14,VAR-0.2,14,VAR-0.2,True,mean,all16
VAR-0.7-I14,VAR-0.7,14,VAR-0.7,True,mean,all16
CML-1.45-I14,CML-1.45,14,CML-1.45,True,mean,all16
CML-1.69-I14,CML-1.69,14,CML-1.69,True,mean,all16
CML-1.7522-I14,CML-1.7522,14,CML-1.7522,True,mean,all16
CML-1.895-I14,CML-1.895,14,CML-1.895,True,mean,all16
CML-2-I14,CML-2,14,CML-2,True,mean,all16
VAR-0.2-I15,VAR-0.2,15,VAR-0.2,True,mean,all16
VAR-0.7-I15,VAR-0.7,15,VAR-0.7,True,mean,all16
CML-1.45-I15,CML-1.45,15,CML-1.45,True,mean,all16
CML-1.69-I15,CML-1.69,15,CML-1.69,True,mean,all16
CML-1.7522-I15,CML-1.7522,15,CML-1.7522,True,mean,all16
CML-1.895-I15,CML-1.895,15,CML-1.895,True,mean,all16
CML-2-I15,CML-2,15,CML-2,True,mean,all16
VAR-0.2-I16,VAR-0.2,16,VAR-0.2,True,mean,all16
VAR-0.7-I16,VAR-0.7,16,VAR-0.7,True,mean,all16
CML-1.45-I16,CML-1.45,16,CML-1.45,True,mean,all16
CML-1.69-I16,CML-1.69,16,CML-1.69,True,mean,all16
CML-1.7522-I16,CML-1.7522,16,CML-1.7522,True,mean,all16
CML-1.895-I16,CML-1.895,16,CML-1.895,True,mean,all16
CML-2-I16,CML-2,16,CML-2,True,mean,all16
VAR-0.2-I17,VAR-0.2,17,VAR-0.2,True,mean,all16
VAR-0.7-I17,VAR-0.7,17,VAR-0.7,True,mean,all16
CML-1.45-I17,CML-1.45,17,CML-1.69,False,mean,all16
CML-1.69-I17,CML-1.69,17,CML-1.45,False,mean,all16
CML-1.7522-I17,CML-1.7522,17,CML-1.7522,True,mean,all16
CML-1.895-I17,CML-1.895,17,CML-1.895,True,mean,all16
CML-2-I17,CML-2,17,CML-2,True,mean,all16
VAR-0.2-I18,VAR-0.2,18,VAR-0.2,True,mean,all16
VAR-0.7-I18,VAR-0.7,18,VAR-0.7,True,mean,all16
CML-1.45-I18,CML-1.45,18,CML-1.45,True,mean,all16
CML-1.69-I18,CML-1.69,18,CML-1.69,True,mean,all16
CML-1.7522-I18,CML-1.7522,18,CML-1.45,False,mean,all16
CML-1.895-I18,CML-1.895,18,CML-1.895,True,mean,all16
CML-2-I18,CML-2,18,CML-2,True,mean,all16
VAR-0.2-I19,VAR-0.2,19,VAR-0.2,True,mean,all16
VAR-0.7-I19,VAR-0.7,19,VAR-0.7,True,mean,all16
CML-1.45-I19,CML-1.45,19,CML-1.45,True,mean,all16
CML-1.69-I19,CML-1.69,19,CML-1.69,True,mean,all16
CML-1.7522-I19,CML-1.7522,19,CML-1.7522,True,mean,all16
CML-1.895-I19,CML-1.895,19,CML-1.895,True,mean,all16
CML-2-I19,CML-2,19,CML-2,True,mean,all16
VAR-0.2-I20,VAR-0.2,20,VAR-0.2,True,mean,all16
VAR-0.7-I20,VAR-0.7,20,VAR-0.7,True,mean,all16
CML-1.45-I20,CML-1.45,20,CML-1.45,True,mean,all16
CML-1.69-I20,CML-1.69,20,CML-1.69,True,mean,all16
CML-1.7522-I20,CML-1.7522,20,CML-1.7522,True,mean,all16
CML-1.895-I20,CML-1.895,20,CML-1.895,True,mean,all16
CML-2-I20,CML-2,20,CML-2,True,mean,all16
VAR-0.2-I21,VAR-0.2,21,VAR-0.2,True,mean,all16
VAR-0.7-I21,VAR-0.7,21,VAR-0.7,True,mean,all16
CML-1.45-I21,CML-1.45,21,CML-1.45,True,mean,all16
CML-1.69-I21,CML-1.69,21,CML-1.69,True,mean,all16
CML-1.7522-I21,CML-1.7522,21,CML-1.7522,True,mean,all16
CML-1.895-I21,CML-1.895,21,CML-1.895,True,mean,all16
CML-2-I21,CML-2,21,CML-2,True,mean,all16
VAR-0.2-I22,VAR-0.2,22,VAR-0.2,True,mean,all16
VAR-0.7-I22,VAR-0.7,22,VAR-0.7,True,mean,all16
CML-1.45-I22,CML-1.45,22,CML-1.45,True,mean,all16
CML-1.69-I22,CML-1.69,22,CML-1.69,True,mean,all16
CML-1.7522-I22,CML-1.7522,22,CML-1.7522,True,mean,all16
CML-1.895-I22,CML-1.895,22,CML-1.895,True,mean,all16
CML-2-I22,CML-2,22,CML-2,True,mean,all16
VAR-0.2-I23,VAR-0.2,23,VAR-0.2,True,mean,all16
VAR-0.7-I23,VAR-0.7,23,VAR-0.7,True,mean,all16
CML-1.45-I23,CML-1.45,23,CML-1.45,True,mean,all16
CML-1.69-I23,CML-1.69,23,CML-1.69,True,mean,all16
CML-1.7522-I23,CML-1.7522,23,CML-1.85,False,mean,all16
CML-1.895-I23,CML-1.895,23,CML-1.895,True,mean,all16
CML-2-I23,CML-2,23,CML-2,True,mean,all16
VAR-legacy-0.95-0.4-I12,VAR-legacy-0.95-0.4,12,VAR-legacy-0.95-0.4,True,mean,all16
VAR-legacy-0.2-0.4-I12,VAR-legacy-0.2-0.4,12,VAR-0.2,False,mean,all16
VAR-legacy-0.2-0.8-I12,VAR-legacy-0.2-0.8,12,VAR-legacy-0.2-0.4,False,mean,all16
CML-1.85-I12,CML-1.85,12,CML-1.85,True,mean,all16
Kuramoto-fast-I12,Kuramoto-fast,12,Kuramoto-fast,True,mean,all16
Kuramoto-slow-I12,Kuramoto-slow,12,Kuramoto-slow,True,mean,all16
Gaussian-noise-I12,Gaussian-noise,12,Gaussian-noise,True,mean,all16
Cauchy-noise-I12,Cauchy-noise,12,Cauchy-noise,True,mean,all16
Wave-I12,Wave,12,Wave,True,mean,all16
VAR-legacy-0.95-0.4-I13,VAR-legacy-0.95-0.4,13,VAR-legacy-0.95-0.4,True,mean,all16
VAR-legacy-0.2-0.4-I13,VAR-legacy-0.2-0.4,13,VAR-0.2,False,mean,all16
VAR-legacy-0.2-0.8-I13,VAR-legacy-0.2-0.8,13,VAR-0.2,False,mean,all16
CML-1.85-I13,CML-1.85,13,CML-1.85,True,mean,all16
Kuramoto-fast-I13,Kuramoto-fast,13,Kuramoto-fast,True,mean,all16
Kuramoto-slow-I13,Kuramoto-slow,13,Kuramoto-slow,True,mean,all16
Gaussian-noise-I13,Gaussian-noise,13,Gaussian-noise,True,mean,all16
Cauchy-noise-I13,Cauchy-noise,13,Cauchy-noise,True,mean,all16
Wave-I13,Wave,13,Wave,True,mean,all16
VAR-legacy-0.95-0.4-I14,VAR-legacy-0.95-0.4,14,VAR-legacy-0.95-0.4,True,mean,all16
VAR-legacy-0.2-0.4-I14,VAR-legacy-0.2-0.4,14,VAR-legacy-0.2-0.4,True,mean,all16
VAR-legacy-0.2-0.8-I14,VAR-legacy-0.2-0.8,14,VAR-legacy-0.2-0.8,True,mean,all16
CML-1.85-I14,CML-1.85,14,CML-1.85,True,mean,all16
Kuramoto-fast-I14,Kuramoto-fast,14,Kuramoto-fast,True,mean,all16
Kuramoto-slow-I14,Kuramoto-slow,14,Kuramoto-slow,True,mean,all16
Gaussian-noise-I14,Gaussian-noise,14,Gaussian-noise,True,mean,all16
Cauchy-noise-I14,Cauchy-noise,14,Cauchy-noise,True,mean,all16
Wave-I14,Wave,14,Wave,True,mean,all16
VAR-legacy-0.95-0.4-I15,VAR-legacy-0.95-0.4,15,VAR-legacy-0.95-0.4,True,mean,all16
VAR-legacy-0.2-0.4-I15,VAR-legacy-0.2-0.4,15,VAR-0.2,False,mean,all16
VAR-legacy-0.2-0.8-I15,VAR-legacy-0.2-0.8,15,VAR-legacy-0.2-0.4,False,mean,all16
CML-1.85-I15,CML-1.85,15,CML-1.85,True,mean,all16
Kuramoto-fast-I15,Kuramoto-fast,15,Kuramoto-fast,True,mean,all16
Kuramoto-slow-I15,Kuramoto-slow,15,Kuramoto-slow,True,mean,all16
Gaussian-noise-I15,Gaussian-noise,15,Gaussian-noise,True,mean,all16
Cauchy-noise-I15,Cauchy-noise,15,Cauchy-noise,True,mean,all16
Wave-I15,Wave,15,Wave,True,mean,all16
VAR-legacy-0.95-0.4-I16,VAR-legacy-0.95-0.4,16,VAR-legacy-0.95-0.4,True,mean,all16
VAR-legacy-0.2-0.4-I16,VAR-legacy-0.2-0.4,16,VAR-0.2,False,mean,all16
VAR-legacy-0.2-0.8-I16,VAR-legacy-0.2-0.8,16,VAR-legacy-0.2-0.8,True,mean,all16
CML-1.85-I16,CML-1.85,16,CML-1.85,True,mean,all16
Kuramoto-fast-I16,Kuramoto-fast,16,Kuramoto-fast,True,mean,all16
Kuramoto-slow-I16,Kuramoto-slow,16,Kuramoto-slow,True,mean,all16
Gaussian-noise-I16,Gaussian-noise,16,Gaussian-noise,True,mean,all16
Cauchy-noise-I16,Cauchy-noise,16,Cauchy-noise,True,mean,all16
Wave-I16,Wave,16,Wave,True,mean,all16
VAR-legacy-0.95-0.4-I17,VAR-legacy-0.95-0.4,17,VAR-legacy-0.95-0.4,True,mean,all16
VAR-legacy-0.2-0.4-I17,VAR-legacy-0.2-0.4,17,VAR-0.2,False,mean,all16
VAR-legacy-0.2-0.8-I17,VAR-legacy-0.2-0.8,17,VAR-legacy-0.2-0.8,True,mean,all16
CML-1.85-I17,CML-1.85,17,CML-1.85,True,mean,all16
Kuramoto-fast-I17,Kuramoto-fast,17,Kuramoto-fast,True,mean,all16
Kuramoto-slow-I17,Kuramoto-slow,17,Kuramoto-slow,True,mean,all16
Gaussian-noise-I17,Gaussian-noise,17,Gaussian-noise,True,mean,all16
Cauchy-noise-I17,Cauchy-noise,17,Cauchy-noise,True,mean,all16
Wave-I17,Wave,17,Wave,True,mean,all16
VAR-legacy-0.95-0.4-I18,VAR-legacy-0.95-0.4,18,VAR-legacy-0.95-0.4,True,mean,all16
VAR-legacy-0.2-0.4-I18,VAR-legacy-0.2-0.4,18,VAR-0.2,False,mean,all16
VAR-legacy-0.2-0.8-I18,VAR-legacy-0.2-0.8,18,Gaussian-noise,False,mean,all16
CML-1.85-I18,CML-1.85,18,CML-1.85,True,mean,all16
Kuramoto-fast-I18,Kuramoto-fast,18,Kuramoto-fast,True,mean,all16
Kuramoto-slow-I18,Kuramoto-slow,18,Kuramoto-slow,True,mean,all16
Gaussian-noise-I18,Gaussian-noise,18,Gaussian-noise,True,mean,all16
Cauchy-noise-I18,Cauchy-noise,18,Cauchy-noise,True,mean,all16
Wave-I18,Wave,18,Wave,True,mean,all16
VAR-legacy-0.95-0.4-I19,VAR-legacy-0.95-0.4,19,VAR-legacy-0.95-0.4,True,mean,all16
VAR-legacy-0.2-0.4-I19,VAR-legacy-0.2-0.4,19,VAR-0.2,False,mean,all16
VAR-legacy-0.2-0.8-I19,VAR-legacy-0.2-0.8,19,VAR-legacy-0.2-0.4,False,mean,all16
CML-1.85-I19,CML-1.85,19,CML-1.85,True,mean,all16
Kuramoto-fast-I19,Kuramoto-fast,19,Kuramoto-fast,True,mean,all16
Kuramoto-slow-I19,Kuramoto-slow,19,Kuramoto-slow,True,mean,all16
Gaussian-noise-I19,Gaussian-noise,19,Gaussian-noise,True,mean,all16
Cauchy-noise-I19,Cauchy-noise,19,Cauchy-noise,True,mean,all16
Wave-I19,Wave,19,Wave,True,mean,all16
VAR-legacy-0.95-0.4-I20,VAR-legacy-0.95-0.4,20,VAR-legacy-0.95-0.4,True,mean,all16
VAR-legacy-0.2-0.4-I20,VAR-legacy-0.2-0.4,20,VAR-0.2,False,mean,all16
VAR-legacy-0.2-0.8-I20,VAR-legacy-0.2-0.8,20,VAR-legacy-0.2-0.8,True,mean,all16
CML-1.85-I20,CML-1.85,20,CML-1.85,True,mean,all16
Kuramoto-fast-I20,Kuramoto-fast,20,Kuramoto-fast,True,mean,all16
Kuramoto-slow-I20,Kuramoto-slow,20,Kuramoto-slow,True,mean,all16
Gaussian-noise-I20,Gaussian-noise,20,Gaussian-noise,True,mean,all16
Cauchy-noise-I20,Cauchy-noise,20,Cauchy-noise,True,mean,all16
Wave-I20,Wave,20,Wave,True,mean,all16
VAR-legacy-0.95-0.4-I21,VAR-legacy-0.95-0.4,21,VAR-legacy-0.95-0.4,True,mean,all16
VAR-legacy-0.2-0.4-I21,VAR-legacy-0.2-0.4,21,VAR-0.2,False,mean,all16
VAR-legacy-0.2-0.8-I21,VAR-legacy-0.2-0.8,21,VAR-legacy-0.2-0.8,True,mean,all16
CML-1.85-I21,CML-1.85,21,CML-1.85,True,mean,all16
Kuramoto-fast-I21,Kuramoto-fast,21,Kuramoto-fast,True,mean,all16
Kuramoto-slow-I21,Kuramoto-slow,21,Kuramoto-slow,True,mean,all16
Gaussian-noise-I21,Gaussian-noise,21,Gaussian-noise,True,mean,all16
Cauchy-noise-I21,Cauchy-noise,21,Cauchy-noise,True,mean,all16
Wave-I21,Wave,21,Wave,True,mean,all16
VAR-legacy-0.95-0.4-I22,VAR-legacy-0.95-0.4,22,VAR-legacy-0.95-0.4,True,mean,all16
VAR-legacy-0.2-0.4-I22,VAR-legacy-0.2-0.4,22,VAR-0.2,False,mean,all16
VAR-legacy-0.2-0.8-I22,VAR-legacy-0.2-0.8,22,VAR-legacy-0.2-0.8,True,mean,all16
CML-1.85-I22,CML-1.85,22,CML-1.85,True,mean,all16
Kuramoto-fast-I22,Kuramoto-fast,22,Kuramoto-fast,True,mean,all16
Kuramoto-slow-I22,Kuramoto-slow,22,Kuramoto-slow,True,mean,all16
Gaussian-noise-I22,Gaussian-noise,22,Gaussian-noise,True,mean,all16
Cauchy-noise-I22,Cauchy-noise,22,Cauchy-noise,True,mean,all16
Wave-I22,Wave,22,Wave,True,mean,all16
VAR-legacy-0.95-0.4-I23,VAR-legacy-0.95-0.4,23,VAR-legacy-0.95-0.4,True,mean,all16
VAR-legacy-0.2-0.4-I23,VAR-legacy-0.2-0.4,23,VAR-0.2,False,mean,all16
VAR-legacy-0.2-0.8-I23,VAR-legacy-0.2-0.8,23,VAR-legacy-0.2-0.8,True,mean,all16
CML-1.85-I23,CML-1.85,23,CML-1.85,True,mean,all16
Kuramoto-fast-I23,Kuramoto-fast,23,Kuramoto-fast,True,mean,all16
Kuramoto-slow-I23,Kuramoto-slow,23,Kuramoto-slow,True,mean,all16
Gaussian-noise-I23,Gaussian-noise,23,Gaussian-noise,True,mean,all16
Cauchy-noise-I23,Cauchy-noise,23,Cauchy-noise,True,mean,all16
Wave-I23,Wave,23,Wave,True,mean,all16
CML-1.45-I12,CML-1.45,12,CML-1.45,True,mean,CML6
CML-1.69-I12,CML-1.69,12,CML-1.69,True,mean,CML6
CML-1.7522-I12,CML-1.7522,12,CML-1.7522,True,mean,CML6
CML-1.895-I12,CML-1.895,12,CML-1.895,True,mean,CML6
CML-2-I12,CML-2,12,CML-2,True,mean,CML6
CML-1.45-I13,CML-1.45,13,CML-1.45,True,mean,CML6
CML-1.69-I13,CML-1.69,13,CML-1.69,True,mean,CML6
CML-1.7522-I13,CML-1.7522,13,CML-1.7522,True,mean,CML6
CML-1.895-I13,CML-1.895,13,CML-1.895,True,mean,CML6
CML-2-I13,CML-2,13,CML-2,True,mean,CML6
CML-1.45-I14,CML-1.45,14,CML-1.45,True,mean,CML6
CML-1.69-I14,CML-1.69,14,CML-1.69,True,mean,CML6
CML-1.7522-I14,CML-1.7522,14,CML-1.7522,True,mean,CML6
CML-1.895-I14,CML-1.895,14,CML-1.895,True,mean,CML6
CML-2-I14,CML-2,14,CML-2,True,mean,CML6
CML-1.45-I15,CML-1.45,15,CML-1.45,True,mean,CML6
CML-1.69-I15,CML-1.69,15,CML-1.69,True,mean,CML6
CML-1.7522-I15,CML-1.7522,15,CML-1.7522,True,mean,CML6
CML-1.895-I15,CML-1.895,15,CML-1.895,True,mean,CML6
CML-2-I15,CML-2,15,CML-2,True,mean,CML6
CML-1.45-I16,CML-1.45,16,CML-1.45,True,mean,CML6
CML-1.69-I16,CML-1.69,16,CML-1.69,True,mean,CML6
CML-1.7522-I16,CML-1.7522,16,CML-1.7522,True,mean,CML6
CML-1.895-I16,CML-1.895,16,CML-1.895,True,mean,CML6
CML-2-I16,CML-2,16,CML-2,True,mean,CML6
CML-1.45-I17,CML-1.45,17,CML-1.69,False,mean,CML6
CML-1.69-I17,CML-1.69,17,CML-1.45,False,mean,CML6
CML-1.7522-I17,CML-1.7522,17,CML-1.7522,True,mean,CML6
CML-1.895-I17,CML-1.895,17,CML-1.895,True,mean,CML6
CML-2-I17,CML-2,17,CML-2,True,mean,CML6
CML-1.45-I18,CML-1.45,18,CML-1.45,True,mean,CML6
CML-1.69-I18,CML-1.69,18,CML-1.69,True,mean,CML6
CML-1.7522-I18,CML-1.7522,18,CML-1.45,False,mean,CML6
CML-1.895-I18,CML-1.895,18,CML-1.895,True,mean,CML6
CML-2-I18,CML-2,18,CML-2,True,mean,CML6
CML-1.45-I19,CML-1.45,19,CML-1.45,True,mean,CML6
CML-1.69-I19,CML-1.69,19,CML-1.69,True,mean,CML6
CML-1.7522-I19,CML-1.7522,19,CML-1.7522,True,mean,CML6
CML-1.895-I19,CML-1.895,19,CML-1.895,True,mean,CML6
CML-2-I19,CML-2,19,CML-2,True,mean,CML6
CML-1.45-I20,CML-1.45,20,CML-1.45,True,mean,CML6
CML-1.69-I20,CML-1.69,20,CML-1.69,True,mean,CML6
CML-1.7522-I20,CML-1.7522,20,CML-1.7522,True,mean,CML6
CML-1.895-I20,CML-1.895,20,CML-1.895,True,mean,CML6
CML-2-I20,CML-2,20,CML-2,True,mean,CML6
CML-1.45-I21,CML-1.45,21,CML-1.45,True,mean,CML6
CML-1.69-I21,CML-1.69,21,CML-1.69,True,mean,CML6
CML-1.7522-I21,CML-1.7522,21,CML-1.7522,True,mean,CML6
CML-1.895-I21,CML-1.895,21,CML-1.895,True,mean,CML6
CML-2-I21,CML-2,21,CML-2,True,mean,CML6
CML-1.45-I22,CML-1.45,22,CML-1.45,True,mean,CML6
CML-1.69-I22,CML-1.69,22,CML-1.69,True,mean,CML6
CML-1.7522-I22,CML-1.7522,22,CML-1.7522,True,mean,CML6
CML-1.895-I22,CML-1.895,22,CML-1.895,True,mean,CML6
CML-2-I22,CML-2,22,CML-2,True,mean,CML6
CML-1.45-I23,CML-1.45,23,CML-1.45,True,mean,CML6
CML-1.69-I23,CML-1.69,23,CML-1.69,True,mean,CML6
CML-1.7522-I23,CML-1.7522,23,CML-1.85,False,mean,CML6
CML-1.895-I23,CML-1.895,23,CML-1.895,True,mean,CML6
CML-2-I23,CML-2,23,CML-2,True,mean,CML6
CML-1.85-I12,CML-1.85,12,CML-1.85,True,mean,CML6
CML-1.85-I13,CML-1.85,13,CML-1.85,True,mean,CML6
CML-1.85-I14,CML-1.85,14,CML-1.85,True,mean,CML6
CML-1.85-I15,CML-1.85,15,CML-1.85,True,mean,CML6
CML-1.85-I16,CML-1.85,16,CML-1.85,True,mean,CML6
CML-1.85-I17,CML-1.85,17,CML-1.85,True,mean,CML6
CML-1.85-I18,CML-1.85,18,CML-1.85,True,mean,CML6
CML-1.85-I19,CML-1.85,19,CML-1.85,True,mean,CML6
CML-1.85-I20,CML-1.85,20,CML-1.85,True,mean,CML6
CML-1.85-I21,CML-1.85,21,CML-1.85,True,mean,CML6
CML-1.85-I22,CML-1.85,22,CML-1.85,True,mean,CML6
CML-1.85-I23,CML-1.85,23,CML-1.85,True,mean,CML6
CML-1.45-I12,CML-1.45,12,CML-1.45,True,mean,historical14
CML-1.69-I12,CML-1.69,12,CML-1.69,True,mean,historical14
CML-1.7522-I12,CML-1.7522,12,CML-1.7522,True,mean,historical14
CML-1.895-I12,CML-1.895,12,CML-1.895,True,mean,historical14
CML-2-I12,CML-2,12,CML-2,True,mean,historical14
CML-1.45-I13,CML-1.45,13,CML-1.45,True,mean,historical14
CML-1.69-I13,CML-1.69,13,CML-1.69,True,mean,historical14
CML-1.7522-I13,CML-1.7522,13,CML-1.7522,True,mean,historical14
CML-1.895-I13,CML-1.895,13,CML-1.895,True,mean,historical14
CML-2-I13,CML-2,13,CML-2,True,mean,historical14
CML-1.45-I14,CML-1.45,14,CML-1.45,True,mean,historical14
CML-1.69-I14,CML-1.69,14,CML-1.69,True,mean,historical14
CML-1.7522-I14,CML-1.7522,14,CML-1.7522,True,mean,historical14
CML-1.895-I14,CML-1.895,14,CML-1.895,True,mean,historical14
CML-2-I14,CML-2,14,CML-2,True,mean,historical14
CML-1.45-I15,CML-1.45,15,CML-1.45,True,mean,historical14
CML-1.69-I15,CML-1.69,15,CML-1.69,True,mean,historical14
CML-1.7522-I15,CML-1.7522,15,CML-1.7522,True,mean,historical14
CML-1.895-I15,CML-1.895,15,CML-1.895,True,mean,historical14
CML-2-I15,CML-2,15,CML-2,True,mean,historical14
CML-1.45-I16,CML-1.45,16,CML-1.45,True,mean,historical14
CML-1.69-I16,CML-1.69,16,CML-1.69,True,mean,historical14
CML-1.7522-I16,CML-1.7522,16,CML-1.7522,True,mean,historical14
CML-1.895-I16,CML-1.895,16,CML-1.895,True,mean,historical14
CML-2-I16,CML-2,16,CML-2,True,mean,historical14
CML-1.45-I17,CML-1.45,17,CML-1.69,False,mean,historical14
CML-1.69-I17,CML-1.69,17,CML-1.45,False,mean,historical14
CML-1.7522-I17,CML-1.7522,17,CML-1.7522,True,mean,historical14
CML-1.895-I17,CML-1.895,17,CML-1.895,True,mean,historical14
CML-2-I17,CML-2,17,CML-2,True,mean,historical14
CML-1.45-I18,CML-1.45,18,CML-1.45,True,mean,historical14
CML-1.69-I18,CML-1.69,18,CML-1.69,True,mean,historical14
CML-1.7522-I18,CML-1.7522,18,CML-1.45,False,mean,historical14
CML-1.895-I18,CML-1.895,18,CML-1.895,True,mean,historical14
CML-2-I18,CML-2,18,CML-2,True,mean,historical14
CML-1.45-I19,CML-1.45,19,CML-1.45,True,mean,historical14
CML-1.69-I19,CML-1.69,19,CML-1.69,True,mean,historical14
CML-1.7522-I19,CML-1.7522,19,CML-1.7522,True,mean,historical14
CML-1.895-I19,CML-1.895,19,CML-1.895,True,mean,historical14
CML-2-I19,CML-2,19,CML-2,True,mean,historical14
CML-1.45-I20,CML-1.45,20,CML-1.45,True,mean,historical14
CML-1.69-I20,CML-1.69,20,CML-1.69,True,mean,historical14
CML-1.7522-I20,CML-1.7522,20,CML-1.7522,True,mean,historical14
CML-1.895-I20,CML-1.895,20,CML-1.895,True,mean,historical14
CML-2-I20,CML-2,20,CML-2,True,mean,historical14
CML-1.45-I21,CML-1.45,21,CML-1.45,True,mean,historical14
CML-1.69-I21,CML-1.69,21,CML-1.69,True,mean,historical14
CML-1.7522-I21,CML-1.7522,21,CML-1.7522,True,mean,historical14
CML-1.895-I21,CML-1.895,21,CML-1.895,True,mean,historical14
CML-2-I21,CML-2,21,CML-2,True,mean,historical14
CML-1.45-I22,CML-1.45,22,CML-1.45,True,mean,historical14
CML-1.69-I22,CML-1.69,22,CML-1.69,True,mean,historical14
CML-1.7522-I22,CML-1.7522,22,CML-1.7522,True,mean,historical14
CML-1.895-I22,CML-1.895,22,CML-1.895,True,mean,historical14
CML-2-I22,CML-2,22,CML-2,True,mean,historical14
CML-1.45-I23,CML-1.45,23,CML-1.45,True,mean,historical14
CML-1.69-I23,CML-1.69,23,CML-1.69,True,mean,historical14
CML-1.7522-I23,CML-1.7522,23,CML-1.85,False,mean,historical14
CML-1.895-I23,CML-1.895,23,CML-1.895,True,mean,historical14
CML-2-I23,CML-2,23,CML-2,True,mean,historical14
VAR-legacy-0.95-0.4-I12,VAR-legacy-0.95-0.4,12,VAR-legacy-0.95-0.4,True,mean,historical14
VAR-legacy-0.2-0.4-I12,VAR-legacy-0.2-0.4,12,VAR-legacy-0.2-0.4,True,mean,historical14
VAR-legacy-0.2-0.8-I12,VAR-legacy-0.2-0.8,12,VAR-legacy-0.2-0.4,False,mean,historical14
CML-1.85-I12,CML-1.85,12,CML-1.85,True,mean,historical14
Kuramoto-fast-I12,Kuramoto-fast,12,Kuramoto-fast,True,mean,historical14
Kuramoto-slow-I12,Kuramoto-slow,12,Kuramoto-slow,True,mean,historical14
Gaussian-noise-I12,Gaussian-noise,12,Gaussian-noise,True,mean,historical14
Cauchy-noise-I12,Cauchy-noise,12,Cauchy-noise,True,mean,historical14
Wave-I12,Wave,12,Wave,True,mean,historical14
VAR-legacy-0.95-0.4-I13,VAR-legacy-0.95-0.4,13,VAR-legacy-0.95-0.4,True,mean,historical14
VAR-legacy-0.2-0.4-I13,VAR-legacy-0.2-0.4,13,VAR-legacy-0.2-0.4,True,mean,historical14
VAR-legacy-0.2-0.8-I13,VAR-legacy-0.2-0.8,13,VAR-legacy-0.2-0.4,False,mean,historical14
CML-1.85-I13,CML-1.85,13,CML-1.85,True,mean,historical14
Kuramoto-fast-I13,Kuramoto-fast,13,Kuramoto-fast,True,mean,historical14
Kuramoto-slow-I13,Kuramoto-slow,13,Kuramoto-slow,True,mean,historical14
Gaussian-noise-I13,Gaussian-noise,13,Gaussian-noise,True,mean,historical14
Cauchy-noise-I13,Cauchy-noise,13,Cauchy-noise,True,mean,historical14
Wave-I13,Wave,13,Wave,True,mean,historical14
VAR-legacy-0.95-0.4-I14,VAR-legacy-0.95-0.4,14,VAR-legacy-0.95-0.4,True,mean,historical14
VAR-legacy-0.2-0.4-I14,VAR-legacy-0.2-0.4,14,VAR-legacy-0.2-0.4,True,mean,historical14
VAR-legacy-0.2-0.8-I14,VAR-legacy-0.2-0.8,14,VAR-legacy-0.2-0.8,True,mean,historical14
CML-1.85-I14,CML-1.85,14,CML-1.85,True,mean,historical14
Kuramoto-fast-I14,Kuramoto-fast,14,Kuramoto-fast,True,mean,historical14
Kuramoto-slow-I14,Kuramoto-slow,14,Kuramoto-slow,True,mean,historical14
Gaussian-noise-I14,Gaussian-noise,14,Gaussian-noise,True,mean,historical14
Cauchy-noise-I14,Cauchy-noise,14,Cauchy-noise,True,mean,historical14
Wave-I14,Wave,14,Wave,True,mean,historical14
VAR-legacy-0.95-0.4-I15,VAR-legacy-0.95-0.4,15,VAR-legacy-0.95-0.4,True,mean,historical14
VAR-legacy-0.2-0.4-I15,VAR-legacy-0.2-0.4,15,VAR-legacy-0.2-0.4,True,mean,historical14
VAR-legacy-0.2-0.8-I15,VAR-legacy-0.2-0.8,15,VAR-legacy-0.2-0.4,False,mean,historical14
CML-1.85-I15,CML-1.85,15,CML-1.85,True,mean,historical14
Kuramoto-fast-I15,Kuramoto-fast,15,Kuramoto-fast,True,mean,historical14
Kuramoto-slow-I15,Kuramoto-slow,15,Kuramoto-slow,True,mean,historical14
Gaussian-noise-I15,Gaussian-noise,15,Gaussian-noise,True,mean,historical14
Cauchy-noise-I15,Cauchy-noise,15,Cauchy-noise,True,mean,historical14
Wave-I15,Wave,15,Wave,True,mean,historical14
VAR-legacy-0.95-0.4-I16,VAR-legacy-0.95-0.4,16,VAR-legacy-0.95-0.4,True,mean,historical14
VAR-legacy-0.2-0.4-I16,VAR-legacy-0.2-0.4,16,VAR-legacy-0.2-0.4,True,mean,historical14
VAR-legacy-0.2-0.8-I16,VAR-legacy-0.2-0.8,16,VAR-legacy-0.2-0.8,True,mean,historical14
CML-1.85-I16,CML-1.85,16,CML-1.85,True,mean,historical14
Kuramoto-fast-I16,Kuramoto-fast,16,Kuramoto-fast,True,mean,historical14
Kuramoto-slow-I16,Kuramoto-slow,16,Kuramoto-slow,True,mean,historical14
Gaussian-noise-I16,Gaussian-noise,16,Gaussian-noise,True,mean,historical14
Cauchy-noise-I16,Cauchy-noise,16,Cauchy-noise,True,mean,historical14
Wave-I16,Wave,16,Wave,True,mean,historical14
VAR-legacy-0.95-0.4-I17,VAR-legacy-0.95-0.4,17,VAR-legacy-0.95-0.4,True,mean,historical14
VAR-legacy-0.2-0.4-I17,VAR-legacy-0.2-0.4,17,VAR-legacy-0.2-0.4,True,mean,historical14
VAR-legacy-0.2-0.8-I17,VAR-legacy-0.2-0.8,17,VAR-legacy-0.2-0.4,False,mean,historical14
CML-1.85-I17,CML-1.85,17,CML-1.85,True,mean,historical14
Kuramoto-fast-I17,Kuramoto-fast,17,Kuramoto-fast,True,mean,historical14
Kuramoto-slow-I17,Kuramoto-slow,17,Kuramoto-slow,True,mean,historical14
Gaussian-noise-I17,Gaussian-noise,17,Gaussian-noise,True,mean,historical14
Cauchy-noise-I17,Cauchy-noise,17,Cauchy-noise,True,mean,historical14
Wave-I17,Wave,17,Wave,True,mean,historical14
VAR-legacy-0.95-0.4-I18,VAR-legacy-0.95-0.4,18,VAR-legacy-0.95-0.4,True,mean,historical14
VAR-legacy-0.2-0.4-I18,VAR-legacy-0.2-0.4,18,VAR-legacy-0.2-0.4,True,mean,historical14
VAR-legacy-0.2-0.8-I18,VAR-legacy-0.2-0.8,18,Gaussian-noise,False,mean,historical14
CML-1.85-I18,CML-1.85,18,CML-1.85,True,mean,historical14
Kuramoto-fast-I18,Kuramoto-fast,18,Kuramoto-fast,True,mean,historical14
Kuramoto-slow-I18,Kuramoto-slow,18,Kuramoto-slow,True,mean,historical14
Gaussian-noise-I18,Gaussian-noise,18,Gaussian-noise,True,mean,historical14
Cauchy-noise-I18,Cauchy-noise,18,Cauchy-noise,True,mean,historical14
Wave-I18,Wave,18,Wave,True,mean,historical14
VAR-legacy-0.95-0.4-I19,VAR-legacy-0.95-0.4,19,VAR-legacy-0.95-0.4,True,mean,historical14
VAR-legacy-0.2-0.4-I19,VAR-legacy-0.2-0.4,19,VAR-legacy-0.2-0.4,True,mean,historical14
VAR-legacy-0.2-0.8-I19,VAR-legacy-0.2-0.8,19,VAR-legacy-0.2-0.4,False,mean,historical14
CML-1.85-I19,CML-1.85,19,CML-1.85,True,mean,historical14
Kuramoto-fast-I19,Kuramoto-fast,19,Kuramoto-fast,True,mean,historical14
Kuramoto-slow-I19,Kuramoto-slow,19,Kuramoto-slow,True,mean,historical14
Gaussian-noise-I19,Gaussian-noise,19,Gaussian-noise,True,mean,historical14
Cauchy-noise-I19,Cauchy-noise,19,Cauchy-noise,True,mean,historical14
Wave-I19,Wave,19,Wave,True,mean,historical14
VAR-legacy-0.95-0.4-I20,VAR-legacy-0.95-0.4,20,VAR-legacy-0.95-0.4,True,mean,historical14
VAR-legacy-0.2-0.4-I20,VAR-legacy-0.2-0.4,20,VAR-legacy-0.2-0.4,True,mean,historical14
VAR-legacy-0.2-0.8-I20,VAR-legacy-0.2-0.8,20,VAR-legacy-0.2-0.4,False,mean,historical14
CML-1.85-I20,CML-1.85,20,CML-1.85,True,mean,historical14
Kuramoto-fast-I20,Kuramoto-fast,20,Kuramoto-fast,True,mean,historical14
Kuramoto-slow-I20,Kuramoto-slow,20,Kuramoto-slow,True,mean,historical14
Gaussian-noise-I20,Gaussian-noise,20,Gaussian-noise,True,mean,historical14
Cauchy-noise-I20,Cauchy-noise,20,Cauchy-noise,True,mean,historical14
Wave-I20,Wave,20,Wave,True,mean,historical14
VAR-legacy-0.95-0.4-I21,VAR-legacy-0.95-0.4,21,VAR-legacy-0.95-0.4,True,mean,historical14
VAR-legacy-0.2-0.4-I21,VAR-legacy-0.2-0.4,21,VAR-legacy-0.2-0.4,True,mean,historical14
VAR-legacy-0.2-0.8-I21,VAR-legacy-0.2-0.8,21,VAR-legacy-0.2-0.8,True,mean,historical14
CML-1.85-I21,CML-1.85,21,CML-1.85,True,mean,historical14
Kuramoto-fast-I21,Kuramoto-fast,21,Kuramoto-fast,True,mean,historical14
Kuramoto-slow-I21,Kuramoto-slow,21,Kuramoto-slow,True,mean,historical14
Gaussian-noise-I21,Gaussian-noise,21,Gaussian-noise,True,mean,historical14
Cauchy-noise-I21,Cauchy-noise,21,Cauchy-noise,True,mean,historical14
Wave-I21,Wave,21,Wave,True,mean,historical14
VAR-legacy-0.95-0.4-I22,VAR-legacy-0.95-0.4,22,VAR-legacy-0.95-0.4,True,mean,historical14
VAR-legacy-0.2-0.4-I22,VAR-legacy-0.2-0.4,22,VAR-legacy-0.2-0.4,True,mean,historical14
VAR-legacy-0.2-0.8-I22,VAR-legacy-0.2-0.8,22,VAR-legacy-0.2-0.4,False,mean,historical14
CML-1.85-I22,CML-1.85,22,CML-1.85,True,mean,historical14
Kuramoto-fast-I22,Kuramoto-fast,22,Kuramoto-fast,True,mean,historical14
Kuramoto-slow-I22,Kuramoto-slow,22,Kuramoto-slow,True,mean,historical14
Gaussian-noise-I22,Gaussian-noise,22,Gaussian-noise,True,mean,historical14
Cauchy-noise-I22,Cauchy-noise,22,Cauchy-noise,True,mean,historical14
Wave-I22,Wave,22,Wave,True,mean,historical14
VAR-legacy-0.95-0.4-I23,VAR-legacy-0.95-0.4,23,VAR-legacy-0.95-0.4,True,mean,historical14
VAR-legacy-0.2-0.4-I23,VAR-legacy-0.2-0.4,23,VAR-legacy-0.2-0.4,True,mean,historical14
VAR-legacy-0.2-0.8-I23,VAR-legacy-0.2-0.8,23,VAR-legacy-0.2-0.8,True,mean,historical14
CML-1.85-I23,CML-1.85,23,CML-1.85,True,mean,historical14
Kuramoto-fast-I23,Kuramoto-fast,23,Kuramoto-fast,True,mean,historical14
Kuramoto-slow-I23,Kuramoto-slow,23,Kuramoto-slow,True,mean,historical14
Gaussian-noise-I23,Gaussian-noise,23,Gaussian-noise,True,mean,historical14
Cauchy-noise-I23,Cauchy-noise,23,Cauchy-noise,True,mean,historical14
Wave-I23,Wave,23,Wave,True,mean,historical14
VAR-0.2-I12,VAR-0.2,12,VAR-0.2,True,mean,coupled14
VAR-0.7-I12,VAR-0.7,12,VAR-0.7,True,mean,coupled14
CML-1.45-I12,CML-1.45,12,CML-1.45,True,mean,coupled14
CML-1.69-I12,CML-1.69,12,CML-1.69,True,mean,coupled14
CML-1.7522-I12,CML-1.7522,12,CML-1.7522,True,mean,coupled14
CML-1.895-I12,CML-1.895,12,CML-1.895,True,mean,coupled14
CML-2-I12,CML-2,12,CML-2,True,mean,coupled14
VAR-0.2-I13,VAR-0.2,13,VAR-0.2,True,mean,coupled14
VAR-0.7-I13,VAR-0.7,13,VAR-0.7,True,mean,coupled14
CML-1.45-I13,CML-1.45,13,CML-1.45,True,mean,coupled14
CML-1.69-I13,CML-1.69,13,CML-1.69,True,mean,coupled14
CML-1.7522-I13,CML-1.7522,13,CML-1.7522,True,mean,coupled14
CML-1.895-I13,CML-1.895,13,CML-1.895,True,mean,coupled14
CML-2-I13,CML-2,13,CML-2,True,mean,coupled14
VAR-0.2-I14,VAR-0.2,14,VAR-legacy-0.2-0.4,False,mean,coupled14
VAR-0.7-I14,VAR-0.7,14,VAR-0.7,True,mean,coupled14
CML-1.45-I14,CML-1.45,14,CML-1.45,True,mean,coupled14
CML-1.69-I14,CML-1.69,14,CML-1.69,True,mean,coupled14
CML-1.7522-I14,CML-1.7522,14,CML-1.7522,True,mean,coupled14
CML-1.895-I14,CML-1.895,14,CML-1.895,True,mean,coupled14
CML-2-I14,CML-2,14,CML-2,True,mean,coupled14
VAR-0.2-I15,VAR-0.2,15,VAR-0.2,True,mean,coupled14
VAR-0.7-I15,VAR-0.7,15,VAR-0.7,True,mean,coupled14
CML-1.45-I15,CML-1.45,15,CML-1.45,True,mean,coupled14
CML-1.69-I15,CML-1.69,15,CML-1.69,True,mean,coupled14
CML-1.7522-I15,CML-1.7522,15,CML-1.7522,True,mean,coupled14
CML-1.895-I15,CML-1.895,15,CML-1.895,True,mean,coupled14
CML-2-I15,CML-2,15,CML-2,True,mean,coupled14
VAR-0.2-I16,VAR-0.2,16,VAR-0.2,True,mean,coupled14
VAR-0.7-I16,VAR-0.7,16,VAR-0.7,True,mean,coupled14
CML-1.45-I16,CML-1.45,16,CML-1.45,True,mean,coupled14
CML-1.69-I16,CML-1.69,16,CML-1.69,True,mean,coupled14
CML-1.7522-I16,CML-1.7522,16,CML-1.7522,True,mean,coupled14
CML-1.895-I16,CML-1.895,16,CML-1.895,True,mean,coupled14
CML-2-I16,CML-2,16,CML-2,True,mean,coupled14
VAR-0.2-I17,VAR-0.2,17,VAR-0.2,True,mean,coupled14
VAR-0.7-I17,VAR-0.7,17,VAR-0.7,True,mean,coupled14
CML-1.45-I17,CML-1.45,17,CML-1.69,False,mean,coupled14
CML-1.69-I17,CML-1.69,17,CML-1.45,False,mean,coupled14
CML-1.7522-I17,CML-1.7522,17,CML-1.7522,True,mean,coupled14
CML-1.895-I17,CML-1.895,17,CML-1.895,True,mean,coupled14
CML-2-I17,CML-2,17,CML-2,True,mean,coupled14
VAR-0.2-I18,VAR-0.2,18,VAR-legacy-0.2-0.4,False,mean,coupled14
VAR-0.7-I18,VAR-0.7,18,VAR-0.7,True,mean,coupled14
CML-1.45-I18,CML-1.45,18,CML-1.45,True,mean,coupled14
CML-1.69-I18,CML-1.69,18,CML-1.69,True,mean,coupled14
CML-1.7522-I18,CML-1.7522,18,CML-1.45,False,mean,coupled14
CML-1.895-I18,CML-1.895,18,CML-1.895,True,mean,coupled14
CML-2-I18,CML-2,18,CML-2,True,mean,coupled14
VAR-0.2-I19,VAR-0.2,19,VAR-0.2,True,mean,coupled14
VAR-0.7-I19,VAR-0.7,19,VAR-0.7,True,mean,coupled14
CML-1.45-I19,CML-1.45,19,CML-1.45,True,mean,coupled14
CML-1.69-I19,CML-1.69,19,CML-1.69,True,mean,coupled14
CML-1.7522-I19,CML-1.7522,19,CML-1.7522,True,mean,coupled14
CML-1.895-I19,CML-1.895,19,CML-1.895,True,mean,coupled14
CML-2-I19,CML-2,19,CML-2,True,mean,coupled14
VAR-0.2-I20,VAR-0.2,20,VAR-0.2,True,mean,coupled14
VAR-0.7-I20,VAR-0.7,20,VAR-0.7,True,mean,coupled14
CML-1.45-I20,CML-1.45,20,CML-1.45,True,mean,coupled14
CML-1.69-I20,CML-1.69,20,CML-1.69,True,mean,coupled14
CML-1.7522-I20,CML-1.7522,20,CML-1.7522,True,mean,coupled14
CML-1.895-I20,CML-1.895,20,CML-1.895,True,mean,coupled14
CML-2-I20,CML-2,20,CML-2,True,mean,coupled14
VAR-0.2-I21,VAR-0.2,21,VAR-0.2,True,mean,coupled14
VAR-0.7-I21,VAR-0.7,21,VAR-0.7,True,mean,coupled14
CML-1.45-I21,CML-1.45,21,CML-1.45,True,mean,coupled14
CML-1.69-I21,CML-1.69,21,CML-1.69,True,mean,coupled14
CML-1.7522-I21,CML-1.7522,21,CML-1.7522,True,mean,coupled14
CML-1.895-I21,CML-1.895,21,CML-1.895,True,mean,coupled14
CML-2-I21,CML-2,21,CML-2,True,mean,coupled14
VAR-0.2-I22,VAR-0.2,22,VAR-0.2,True,mean,coupled14
VAR-0.7-I22,VAR-0.7,22,VAR-0.7,True,mean,coupled14
CML-1.45-I22,CML-1.45,22,CML-1.45,True,mean,coupled14
CML-1.69-I22,CML-1.69,22,CML-1.69,True,mean,coupled14
CML-1.7522-I22,CML-1.7522,22,CML-1.7522,True,mean,coupled14
CML-1.895-I22,CML-1.895,22,CML-1.895,True,mean,coupled14
CML-2-I22,CML-2,22,CML-2,True,mean,coupled14
VAR-0.2-I23,VAR-0.2,23,VAR-0.2,True,mean,coupled14
VAR-0.7-I23,VAR-0.7,23,VAR-0.7,True,mean,coupled14
CML-1.45-I23,CML-1.45,23,CML-1.45,True,mean,coupled14
CML-1.69-I23,CML-1.69,23,CML-1.69,True,mean,coupled14
CML-1.7522-I23,CML-1.7522,23,CML-1.85,False,mean,coupled14
CML-1.895-I23,CML-1.895,23,CML-1.895,True,mean,coupled14
CML-2-I23,CML-2,23,CML-2,True,mean,coupled14
VAR-legacy-0.95-0.4-I12,VAR-legacy-0.95-0.4,12,VAR-legacy-0.95-0.4,True,mean,coupled14
VAR-legacy-0.2-0.4-I12,VAR-legacy-0.2-0.4,12,VAR-0.2,False,mean,coupled14
VAR-legacy-0.2-0.8-I12,VAR-legacy-0.2-0.8,12,VAR-legacy-0.2-0.4,False,mean,coupled14
CML-1.85-I12,CML-1.85,12,CML-1.85,True,mean,coupled14
Kuramoto-fast-I12,Kuramoto-fast,12,Kuramoto-fast,True,mean,coupled14
Kuramoto-slow-I12,Kuramoto-slow,12,Kuramoto-slow,True,mean,coupled14
Wave-I12,Wave,12,Wave,True,mean,coupled14
VAR-legacy-0.95-0.4-I13,VAR-legacy-0.95-0.4,13,VAR-legacy-0.95-0.4,True,mean,coupled14
VAR-legacy-0.2-0.4-I13,VAR-legacy-0.2-0.4,13,VAR-0.2,False,mean,coupled14
VAR-legacy-0.2-0.8-I13,VAR-legacy-0.2-0.8,13,VAR-0.2,False,mean,coupled14
CML-1.85-I13,CML-1.85,13,CML-1.85,True,mean,coupled14
Kuramoto-fast-I13,Kuramoto-fast,13,Kuramoto-fast,True,mean,coupled14
Kuramoto-slow-I13,Kuramoto-slow,13,Kuramoto-slow,True,mean,coupled14
Wave-I13,Wave,13,Wave,True,mean,coupled14
VAR-legacy-0.95-0.4-I14,VAR-legacy-0.95-0.4,14,VAR-legacy-0.95-0.4,True,mean,coupled14
VAR-legacy-0.2-0.4-I14,VAR-legacy-0.2-0.4,14,VAR-legacy-0.2-0.4,True,mean,coupled14
VAR-legacy-0.2-0.8-I14,VAR-legacy-0.2-0.8,14,VAR-legacy-0.2-0.8,True,mean,coupled14
CML-1.85-I14,CML-1.85,14,CML-1.85,True,mean,coupled14
Kuramoto-fast-I14,Kuramoto-fast,14,Kuramoto-fast,True,mean,coupled14
Kuramoto-slow-I14,Kuramoto-slow,14,Kuramoto-slow,True,mean,coupled14
Wave-I14,Wave,14,Wave,True,mean,coupled14
VAR-legacy-0.95-0.4-I15,VAR-legacy-0.95-0.4,15,VAR-legacy-0.95-0.4,True,mean,coupled14
VAR-legacy-0.2-0.4-I15,VAR-legacy-0.2-0.4,15,VAR-0.2,False,mean,coupled14
VAR-legacy-0.2-0.8-I15,VAR-legacy-0.2-0.8,15,VAR-legacy-0.2-0.8,True,mean,coupled14
CML-1.85-I15,CML-1.85,15,CML-1.85,True,mean,coupled14
Kuramoto-fast-I15,Kuramoto-fast,15,Kuramoto-fast,True,mean,coupled14
Kuramoto-slow-I15,Kuramoto-slow,15,Kuramoto-slow,True,mean,coupled14
Wave-I15,Wave,15,Wave,True,mean,coupled14
VAR-legacy-0.95-0.4-I16,VAR-legacy-0.95-0.4,16,VAR-legacy-0.95-0.4,True,mean,coupled14
VAR-legacy-0.2-0.4-I16,VAR-legacy-0.2-0.4,16,VAR-0.2,False,mean,coupled14
VAR-legacy-0.2-0.8-I16,VAR-legacy-0.2-0.8,16,VAR-legacy-0.2-0.8,True,mean,coupled14
CML-1.85-I16,CML-1.85,16,CML-1.85,True,mean,coupled14
Kuramoto-fast-I16,Kuramoto-fast,16,Kuramoto-fast,True,mean,coupled14
Kuramoto-slow-I16,Kuramoto-slow,16,Kuramoto-slow,True,mean,coupled14
Wave-I16,Wave,16,Wave,True,mean,coupled14
VAR-legacy-0.95-0.4-I17,VAR-legacy-0.95-0.4,17,VAR-legacy-0.95-0.4,True,mean,coupled14
VAR-legacy-0.2-0.4-I17,VAR-legacy-0.2-0.4,17,VAR-0.2,False,mean,coupled14
VAR-legacy-0.2-0.8-I17,VAR-legacy-0.2-0.8,17,VAR-legacy-0.2-0.8,True,mean,coupled14
CML-1.85-I17,CML-1.85,17,CML-1.85,True,mean,coupled14
Kuramoto-fast-I17,Kuramoto-fast,17,Kuramoto-fast,True,mean,coupled14
Kuramoto-slow-I17,Kuramoto-slow,17,Kuramoto-slow,True,mean,coupled14
Wave-I17,Wave,17,Wave,True,mean,coupled14
VAR-legacy-0.95-0.4-I18,VAR-legacy-0.95-0.4,18,VAR-legacy-0.95-0.4,True,mean,coupled14
VAR-legacy-0.2-0.4-I18,VAR-legacy-0.2-0.4,18,VAR-legacy-0.2-0.4,True,mean,coupled14
VAR-legacy-0.2-0.8-I18,VAR-legacy-0.2-0.8,18,VAR-legacy-0.2-0.8,True,mean,coupled14
CML-1.85-I18,CML-1.85,18,CML-1.85,True,mean,coupled14
Kuramoto-fast-I18,Kuramoto-fast,18,Kuramoto-fast,True,mean,coupled14
Kuramoto-slow-I18,Kuramoto-slow,18,Kuramoto-slow,True,mean,coupled14
Wave-I18,Wave,18,Wave,True,mean,coupled14
VAR-legacy-0.95-0.4-I19,VAR-legacy-0.95-0.4,19,VAR-legacy-0.95-0.4,True,mean,coupled14
VAR-legacy-0.2-0.4-I19,VAR-legacy-0.2-0.4,19,VAR-0.2,False,mean,coupled14
VAR-legacy-0.2-0.8-I19,VAR-legacy-0.2-0.8,19,VAR-legacy-0.2-0.8,True,mean,coupled14
CML-1.85-I19,CML-1.85,19,CML-1.85,True,mean,coupled14
Kuramoto-fast-I19,Kuramoto-fast,19,Kuramoto-fast,True,mean,coupled14
Kuramoto-slow-I19,Kuramoto-slow,19,Kuramoto-slow,True,mean,coupled14
Wave-I19,Wave,19,Wave,True,mean,coupled14
VAR-legacy-0.95-0.4-I20,VAR-legacy-0.95-0.4,20,VAR-legacy-0.95-0.4,True,mean,coupled14
VAR-legacy-0.2-0.4-I20,VAR-legacy-0.2-0.4,20,VAR-0.2,False,mean,coupled14
VAR-legacy-0.2-0.8-I20,VAR-legacy-0.2-0.8,20,VAR-legacy-0.2-0.8,True,mean,coupled14
CML-1.85-I20,CML-1.85,20,CML-1.85,True,mean,coupled14
Kuramoto-fast-I20,Kuramoto-fast,20,Kuramoto-fast,True,mean,coupled14
Kuramoto-slow-I20,Kuramoto-slow,20,Kuramoto-slow,True,mean,coupled14
Wave-I20,Wave,20,Wave,True,mean,coupled14
VAR-legacy-0.95-0.4-I21,VAR-legacy-0.95-0.4,21,VAR-legacy-0.95-0.4,True,mean,coupled14
VAR-legacy-0.2-0.4-I21,VAR-legacy-0.2-0.4,21,VAR-0.2,False,mean,coupled14
VAR-legacy-0.2-0.8-I21,VAR-legacy-0.2-0.8,21,VAR-legacy-0.2-0.8,True,mean,coupled14
CML-1.85-I21,CML-1.85,21,CML-1.85,True,mean,coupled14
Kuramoto-fast-I21,Kuramoto-fast,21,Kuramoto-fast,True,mean,coupled14
Kuramoto-slow-I21,Kuramoto-slow,21,Kuramoto-slow,True,mean,coupled14
Wave-I21,Wave,21,Wave,True,mean,coupled14
VAR-legacy-0.95-0.4-I22,VAR-legacy-0.95-0.4,22,VAR-legacy-0.95-0.4,True,mean,coupled14
VAR-legacy-0.2-0.4-I22,VAR-legacy-0.2-0.4,22,VAR-0.2,False,mean,coupled14
VAR-legacy-0.2-0.8-I22,VAR-legacy-0.2-0.8,22,VAR-legacy-0.2-0.8,True,mean,coupled14
CML-1.85-I22,CML-1.85,22,CML-1.85,True,mean,coupled14
Kuramoto-fast-I22,Kuramoto-fast,22,Kuramoto-fast,True,mean,coupled14
Kuramoto-slow-I22,Kuramoto-slow,22,Kuramoto-slow,True,mean,coupled14
Wave-I22,Wave,22,Wave,True,mean,coupled14
VAR-legacy-0.95-0.4-I23,VAR-legacy-0.95-0.4,23,VAR-legacy-0.95-0.4,True,mean,coupled14
VAR-legacy-0.2-0.4-I23,VAR-legacy-0.2-0.4,23,VAR-legacy-0.2-0.4,True,mean,coupled14
VAR-legacy-0.2-0.8-I23,VAR-legacy-0.2-0.8,23,VAR-legacy-0.2-0.8,True,mean,coupled14
CML-1.85-I23,CML-1.85,23,CML-1.85,True,mean,coupled14
Kuramoto-fast-I23,Kuramoto-fast,23,Kuramoto-fast,True,mean,coupled14
Kuramoto-slow-I23,Kuramoto-slow,23,Kuramoto-slow,True,mean,coupled14
Wave-I23,Wave,23,Wave,True,mean,coupled14
VAR-0.2-I12,VAR-0.2,12,VAR-legacy-0.2-0.4,False,distribution,all16
VAR-0.7-I12,VAR-0.7,12,VAR-0.7,True,distribution,all16
CML-1.45-I12,CML-1.45,12,CML-1.45,True,distribution,all16
CML-1.69-I12,CML-1.69,12,CML-1.69,True,distribution,all16
CML-1.7522-I12,CML-1.7522,12,CML-1.7522,True,distribution,all16
CML-1.895-I12,CML-1.895,12,CML-1.895,True,distribution,all16
CML-2-I12,CML-2,12,CML-2,True,distribution,all16
VAR-0.2-I13,VAR-0.2,13,VAR-0.2,True,distribution,all16
VAR-0.7-I13,VAR-0.7,13,VAR-0.7,True,distribution,all16
CML-1.45-I13,CML-1.45,13,CML-1.45,True,distribution,all16
CML-1.69-I13,CML-1.69,13,CML-1.69,True,distribution,all16
CML-1.7522-I13,CML-1.7522,13,CML-1.7522,True,distribution,all16
CML-1.895-I13,CML-1.895,13,CML-1.895,True,distribution,all16
CML-2-I13,CML-2,13,CML-2,True,distribution,all16
VAR-0.2-I14,VAR-0.2,14,VAR-0.2,True,distribution,all16
VAR-0.7-I14,VAR-0.7,14,VAR-0.7,True,distribution,all16
CML-1.45-I14,CML-1.45,14,CML-1.45,True,distribution,all16
CML-1.69-I14,CML-1.69,14,CML-1.69,True,distribution,all16
CML-1.7522-I14,CML-1.7522,14,CML-1.7522,True,distribution,all16
CML-1.895-I14,CML-1.895,14,CML-1.895,True,distribution,all16
CML-2-I14,CML-2,14,CML-2,True,distribution,all16
VAR-0.2-I15,VAR-0.2,15,VAR-0.2,True,distribution,all16
VAR-0.7-I15,VAR-0.7,15,VAR-0.7,True,distribution,all16
CML-1.45-I15,CML-1.45,15,CML-1.45,True,distribution,all16
CML-1.69-I15,CML-1.69,15,CML-1.69,True,distribution,all16
CML-1.7522-I15,CML-1.7522,15,CML-1.7522,True,distribution,all16
CML-1.895-I15,CML-1.895,15,CML-1.895,True,distribution,all16
CML-2-I15,CML-2,15,CML-2,True,distribution,all16
VAR-0.2-I16,VAR-0.2,16,VAR-0.2,True,distribution,all16
VAR-0.7-I16,VAR-0.7,16,VAR-0.7,True,distribution,all16
CML-1.45-I16,CML-1.45,16,CML-1.45,True,distribution,all16
CML-1.69-I16,CML-1.69,16,CML-1.69,True,distribution,all16
CML-1.7522-I16,CML-1.7522,16,CML-1.7522,True,distribution,all16
CML-1.895-I16,CML-1.895,16,CML-1.895,True,distribution,all16
CML-2-I16,CML-2,16,CML-2,True,distribution,all16
VAR-0.2-I17,VAR-0.2,17,VAR-0.2,True,distribution,all16
VAR-0.7-I17,VAR-0.7,17,VAR-0.7,True,distribution,all16
CML-1.45-I17,CML-1.45,17,CML-1.45,True,distribution,all16
CML-1.69-I17,CML-1.69,17,CML-1.895,False,distribution,all16
CML-1.7522-I17,CML-1.7522,17,CML-1.7522,True,distribution,all16
CML-1.895-I17,CML-1.895,17,CML-1.895,True,distribution,all16
CML-2-I17,CML-2,17,CML-2,True,distribution,all16
VAR-0.2-I18,VAR-0.2,18,VAR-legacy-0.2-0.4,False,distribution,all16
VAR-0.7-I18,VAR-0.7,18,VAR-0.7,True,distribution,all16
CML-1.45-I18,CML-1.45,18,CML-1.45,True,distribution,all16
CML-1.69-I18,CML-1.69,18,CML-1.69,True,distribution,all16
CML-1.7522-I18,CML-1.7522,18,CML-1.45,False,distribution,all16
CML-1.895-I18,CML-1.895,18,CML-1.895,True,distribution,all16
CML-2-I18,CML-2,18,CML-2,True,distribution,all16
VAR-0.2-I19,VAR-0.2,19,VAR-0.2,True,distribution,all16
VAR-0.7-I19,VAR-0.7,19,VAR-0.7,True,distribution,all16
CML-1.45-I19,CML-1.45,19,CML-1.45,True,distribution,all16
CML-1.69-I19,CML-1.69,19,CML-1.69,True,distribution,all16
CML-1.7522-I19,CML-1.7522,19,CML-1.7522,True,distribution,all16
CML-1.895-I19,CML-1.895,19,CML-1.895,True,distribution,all16
CML-2-I19,CML-2,19,CML-2,True,distribution,all16
VAR-0.2-I20,VAR-0.2,20,VAR-0.2,True,distribution,all16
VAR-0.7-I20,VAR-0.7,20,VAR-0.7,True,distribution,all16
CML-1.45-I20,CML-1.45,20,CML-1.45,True,distribution,all16
CML-1.69-I20,CML-1.69,20,CML-1.69,True,distribution,all16
CML-1.7522-I20,CML-1.7522,20,CML-1.7522,True,distribution,all16
CML-1.895-I20,CML-1.895,20,CML-1.895,True,distribution,all16
CML-2-I20,CML-2,20,CML-2,True,distribution,all16
VAR-0.2-I21,VAR-0.2,21,VAR-0.2,True,distribution,all16
VAR-0.7-I21,VAR-0.7,21,VAR-0.7,True,distribution,all16
CML-1.45-I21,CML-1.45,21,CML-1.45,True,distribution,all16
CML-1.69-I21,CML-1.69,21,CML-1.69,True,distribution,all16
CML-1.7522-I21,CML-1.7522,21,CML-1.7522,True,distribution,all16
CML-1.895-I21,CML-1.895,21,CML-1.895,True,distribution,all16
CML-2-I21,CML-2,21,CML-2,True,distribution,all16
VAR-0.2-I22,VAR-0.2,22,VAR-0.2,True,distribution,all16
VAR-0.7-I22,VAR-0.7,22,VAR-0.7,True,distribution,all16
CML-1.45-I22,CML-1.45,22,CML-1.45,True,distribution,all16
CML-1.69-I22,CML-1.69,22,CML-1.69,True,distribution,all16
CML-1.7522-I22,CML-1.7522,22,CML-1.7522,True,distribution,all16
CML-1.895-I22,CML-1.895,22,CML-1.895,True,distribution,all16
CML-2-I22,CML-2,22,CML-2,True,distribution,all16
VAR-0.2-I23,VAR-0.2,23,VAR-legacy-0.2-0.4,False,distribution,all16
VAR-0.7-I23,VAR-0.7,23,VAR-0.7,True,distribution,all16
CML-1.45-I23,CML-1.45,23,CML-1.45,True,distribution,all16
CML-1.69-I23,CML-1.69,23,CML-1.69,True,distribution,all16
CML-1.7522-I23,CML-1.7522,23,CML-1.85,False,distribution,all16
CML-1.895-I23,CML-1.895,23,CML-1.895,True,distribution,all16
CML-2-I23,CML-2,23,CML-2,True,distribution,all16
VAR-legacy-0.95-0.4-I12,VAR-legacy-0.95-0.4,12,VAR-legacy-0.95-0.4,True,distribution,all16
VAR-legacy-0.2-0.4-I12,VAR-legacy-0.2-0.4,12,VAR-legacy-0.2-0.4,True,distribution,all16
VAR-legacy-0.2-0.8-I12,VAR-legacy-0.2-0.8,12,VAR-legacy-0.2-0.4,False,distribution,all16
CML-1.85-I12,CML-1.85,12,CML-1.85,True,distribution,all16
Kuramoto-fast-I12,Kuramoto-fast,12,Kuramoto-fast,True,distribution,all16
Kuramoto-slow-I12,Kuramoto-slow,12,Kuramoto-slow,True,distribution,all16
Gaussian-noise-I12,Gaussian-noise,12,Gaussian-noise,True,distribution,all16
Cauchy-noise-I12,Cauchy-noise,12,Cauchy-noise,True,distribution,all16
Wave-I12,Wave,12,Wave,True,distribution,all16
VAR-legacy-0.95-0.4-I13,VAR-legacy-0.95-0.4,13,VAR-legacy-0.95-0.4,True,distribution,all16
VAR-legacy-0.2-0.4-I13,VAR-legacy-0.2-0.4,13,VAR-0.2,False,distribution,all16
VAR-legacy-0.2-0.8-I13,VAR-legacy-0.2-0.8,13,VAR-0.2,False,distribution,all16
CML-1.85-I13,CML-1.85,13,CML-1.85,True,distribution,all16
Kuramoto-fast-I13,Kuramoto-fast,13,Kuramoto-fast,True,distribution,all16
Kuramoto-slow-I13,Kuramoto-slow,13,Kuramoto-slow,True,distribution,all16
Gaussian-noise-I13,Gaussian-noise,13,Gaussian-noise,True,distribution,all16
Cauchy-noise-I13,Cauchy-noise,13,Cauchy-noise,True,distribution,all16
Wave-I13,Wave,13,Wave,True,distribution,all16
VAR-legacy-0.95-0.4-I14,VAR-legacy-0.95-0.4,14,VAR-legacy-0.95-0.4,True,distribution,all16
VAR-legacy-0.2-0.4-I14,VAR-legacy-0.2-0.4,14,VAR-0.2,False,distribution,all16
VAR-legacy-0.2-0.8-I14,VAR-legacy-0.2-0.8,14,VAR-legacy-0.2-0.8,True,distribution,all16
CML-1.85-I14,CML-1.85,14,CML-1.85,True,distribution,all16
Kuramoto-fast-I14,Kuramoto-fast,14,Kuramoto-fast,True,distribution,all16
Kuramoto-slow-I14,Kuramoto-slow,14,Kuramoto-slow,True,distribution,all16
Gaussian-noise-I14,Gaussian-noise,14,Gaussian-noise,True,distribution,all16
Cauchy-noise-I14,Cauchy-noise,14,Cauchy-noise,True,distribution,all16
Wave-I14,Wave,14,Wave,True,distribution,all16
VAR-legacy-0.95-0.4-I15,VAR-legacy-0.95-0.4,15,VAR-legacy-0.95-0.4,True,distribution,all16
VAR-legacy-0.2-0.4-I15,VAR-legacy-0.2-0.4,15,VAR-0.2,False,distribution,all16
VAR-legacy-0.2-0.8-I15,VAR-legacy-0.2-0.8,15,VAR-0.2,False,distribution,all16
CML-1.85-I15,CML-1.85,15,CML-1.85,True,distribution,all16
Kuramoto-fast-I15,Kuramoto-fast,15,Kuramoto-fast,True,distribution,all16
Kuramoto-slow-I15,Kuramoto-slow,15,Kuramoto-slow,True,distribution,all16
Gaussian-noise-I15,Gaussian-noise,15,Gaussian-noise,True,distribution,all16
Cauchy-noise-I15,Cauchy-noise,15,Cauchy-noise,True,distribution,all16
Wave-I15,Wave,15,Wave,True,distribution,all16
VAR-legacy-0.95-0.4-I16,VAR-legacy-0.95-0.4,16,VAR-legacy-0.95-0.4,True,distribution,all16
VAR-legacy-0.2-0.4-I16,VAR-legacy-0.2-0.4,16,VAR-0.2,False,distribution,all16
VAR-legacy-0.2-0.8-I16,VAR-legacy-0.2-0.8,16,VAR-legacy-0.2-0.4,False,distribution,all16
CML-1.85-I16,CML-1.85,16,CML-1.85,True,distribution,all16
Kuramoto-fast-I16,Kuramoto-fast,16,Kuramoto-fast,True,distribution,all16
Kuramoto-slow-I16,Kuramoto-slow,16,Kuramoto-slow,True,distribution,all16
Gaussian-noise-I16,Gaussian-noise,16,Gaussian-noise,True,distribution,all16
Cauchy-noise-I16,Cauchy-noise,16,Cauchy-noise,True,distribution,all16
Wave-I16,Wave,16,Wave,True,distribution,all16
VAR-legacy-0.95-0.4-I17,VAR-legacy-0.95-0.4,17,VAR-legacy-0.95-0.4,True,distribution,all16
VAR-legacy-0.2-0.4-I17,VAR-legacy-0.2-0.4,17,VAR-0.2,False,distribution,all16
VAR-legacy-0.2-0.8-I17,VAR-legacy-0.2-0.8,17,VAR-legacy-0.2-0.8,True,distribution,all16
CML-1.85-I17,CML-1.85,17,CML-1.85,True,distribution,all16
Kuramoto-fast-I17,Kuramoto-fast,17,Kuramoto-fast,True,distribution,all16
Kuramoto-slow-I17,Kuramoto-slow,17,Kuramoto-slow,True,distribution,all16
Gaussian-noise-I17,Gaussian-noise,17,Gaussian-noise,True,distribution,all16
Cauchy-noise-I17,Cauchy-noise,17,Cauchy-noise,True,distribution,all16
Wave-I17,Wave,17,Wave,True,distribution,all16
VAR-legacy-0.95-0.4-I18,VAR-legacy-0.95-0.4,18,VAR-legacy-0.95-0.4,True,distribution,all16
VAR-legacy-0.2-0.4-I18,VAR-legacy-0.2-0.4,18,VAR-legacy-0.2-0.4,True,distribution,all16
VAR-legacy-0.2-0.8-I18,VAR-legacy-0.2-0.8,18,VAR-legacy-0.2-0.8,True,distribution,all16
CML-1.85-I18,CML-1.85,18,CML-1.85,True,distribution,all16
Kuramoto-fast-I18,Kuramoto-fast,18,Kuramoto-fast,True,distribution,all16
Kuramoto-slow-I18,Kuramoto-slow,18,Kuramoto-slow,True,distribution,all16
Gaussian-noise-I18,Gaussian-noise,18,Gaussian-noise,True,distribution,all16
Cauchy-noise-I18,Cauchy-noise,18,Cauchy-noise,True,distribution,all16
Wave-I18,Wave,18,Wave,True,distribution,all16
VAR-legacy-0.95-0.4-I19,VAR-legacy-0.95-0.4,19,VAR-legacy-0.95-0.4,True,distribution,all16
VAR-legacy-0.2-0.4-I19,VAR-legacy-0.2-0.4,19,VAR-0.2,False,distribution,all16
VAR-legacy-0.2-0.8-I19,VAR-legacy-0.2-0.8,19,VAR-legacy-0.2-0.8,True,distribution,all16
CML-1.85-I19,CML-1.85,19,CML-1.85,True,distribution,all16
Kuramoto-fast-I19,Kuramoto-fast,19,Kuramoto-fast,True,distribution,all16
Kuramoto-slow-I19,Kuramoto-slow,19,Kuramoto-slow,True,distribution,all16
Gaussian-noise-I19,Gaussian-noise,19,Gaussian-noise,True,distribution,all16
Cauchy-noise-I19,Cauchy-noise,19,Cauchy-noise,True,distribution,all16
Wave-I19,Wave,19,Wave,True,distribution,all16
VAR-legacy-0.95-0.4-I20,VAR-legacy-0.95-0.4,20,VAR-legacy-0.95-0.4,True,distribution,all16
VAR-legacy-0.2-0.4-I20,VAR-legacy-0.2-0.4,20,VAR-0.2,False,distribution,all16
VAR-legacy-0.2-0.8-I20,VAR-legacy-0.2-0.8,20,VAR-0.2,False,distribution,all16
CML-1.85-I20,CML-1.85,20,CML-1.85,True,distribution,all16
Kuramoto-fast-I20,Kuramoto-fast,20,Kuramoto-fast,True,distribution,all16
Kuramoto-slow-I20,Kuramoto-slow,20,Kuramoto-slow,True,distribution,all16
Gaussian-noise-I20,Gaussian-noise,20,Gaussian-noise,True,distribution,all16
Cauchy-noise-I20,Cauchy-noise,20,Cauchy-noise,True,distribution,all16
Wave-I20,Wave,20,Wave,True,distribution,all16
VAR-legacy-0.95-0.4-I21,VAR-legacy-0.95-0.4,21,VAR-legacy-0.95-0.4,True,distribution,all16
VAR-legacy-0.2-0.4-I21,VAR-legacy-0.2-0.4,21,VAR-0.2,False,distribution,all16
VAR-legacy-0.2-0.8-I21,VAR-legacy-0.2-0.8,21,VAR-legacy-0.2-0.8,True,distribution,all16
CML-1.85-I21,CML-1.85,21,CML-1.85,True,distribution,all16
Kuramoto-fast-I21,Kuramoto-fast,21,Kuramoto-fast,True,distribution,all16
Kuramoto-slow-I21,Kuramoto-slow,21,Kuramoto-slow,True,distribution,all16
Gaussian-noise-I21,Gaussian-noise,21,Gaussian-noise,True,distribution,all16
Cauchy-noise-I21,Cauchy-noise,21,Cauchy-noise,True,distribution,all16
Wave-I21,Wave,21,Wave,True,distribution,all16
VAR-legacy-0.95-0.4-I22,VAR-legacy-0.95-0.4,22,VAR-legacy-0.95-0.4,True,distribution,all16
VAR-legacy-0.2-0.4-I22,VAR-legacy-0.2-0.4,22,VAR-0.2,False,distribution,all16
VAR-legacy-0.2-0.8-I22,VAR-legacy-0.2-0.8,22,VAR-legacy-0.2-0.4,False,distribution,all16
CML-1.85-I22,CML-1.85,22,CML-1.85,True,distribution,all16
Kuramoto-fast-I22,Kuramoto-fast,22,Kuramoto-fast,True,distribution,all16
Kuramoto-slow-I22,Kuramoto-slow,22,Kuramoto-slow,True,distribution,all16
Gaussian-noise-I22,Gaussian-noise,22,Gaussian-noise,True,distribution,all16
Cauchy-noise-I22,Cauchy-noise,22,Cauchy-noise,True,distribution,all16
Wave-I22,Wave,22,Wave,True,distribution,all16
VAR-legacy-0.95-0.4-I23,VAR-legacy-0.95-0.4,23,VAR-legacy-0.95-0.4,True,distribution,all16
VAR-legacy-0.2-0.4-I23,VAR-legacy-0.2-0.4,23,VAR-legacy-0.2-0.4,True,distribution,all16
VAR-legacy-0.2-0.8-I23,VAR-legacy-0.2-0.8,23,VAR-legacy-0.2-0.8,True,distribution,all16
CML-1.85-I23,CML-1.85,23,CML-1.85,True,distribution,all16
Kuramoto-fast-I23,Kuramoto-fast,23,Kuramoto-fast,True,distribution,all16
Kuramoto-slow-I23,Kuramoto-slow,23,Kuramoto-slow,True,distribution,all16
Gaussian-noise-I23,Gaussian-noise,23,Gaussian-noise,True,distribution,all16
Cauchy-noise-I23,Cauchy-noise,23,Cauchy-noise,True,distribution,all16
Wave-I23,Wave,23,Wave,True,distribution,all16
CML-1.45-I12,CML-1.45,12,CML-1.45,True,distribution,CML6
CML-1.69-I12,CML-1.69,12,CML-1.69,True,distribution,CML6
CML-1.7522-I12,CML-1.7522,12,CML-1.7522,True,distribution,CML6
CML-1.895-I12,CML-1.895,12,CML-1.895,True,distribution,CML6
CML-2-I12,CML-2,12,CML-2,True,distribution,CML6
CML-1.45-I13,CML-1.45,13,CML-1.45,True,distribution,CML6
CML-1.69-I13,CML-1.69,13,CML-1.69,True,distribution,CML6
CML-1.7522-I13,CML-1.7522,13,CML-1.7522,True,distribution,CML6
CML-1.895-I13,CML-1.895,13,CML-1.895,True,distribution,CML6
CML-2-I13,CML-2,13,CML-2,True,distribution,CML6
CML-1.45-I14,CML-1.45,14,CML-1.45,True,distribution,CML6
CML-1.69-I14,CML-1.69,14,CML-1.69,True,distribution,CML6
CML-1.7522-I14,CML-1.7522,14,CML-1.7522,True,distribution,CML6
CML-1.895-I14,CML-1.895,14,CML-1.895,True,distribution,CML6
CML-2-I14,CML-2,14,CML-2,True,distribution,CML6
CML-1.45-I15,CML-1.45,15,CML-1.45,True,distribution,CML6
CML-1.69-I15,CML-1.69,15,CML-1.69,True,distribution,CML6
CML-1.7522-I15,CML-1.7522,15,CML-1.7522,True,distribution,CML6
CML-1.895-I15,CML-1.895,15,CML-1.895,True,distribution,CML6
CML-2-I15,CML-2,15,CML-2,True,distribution,CML6
CML-1.45-I16,CML-1.45,16,CML-1.45,True,distribution,CML6
CML-1.69-I16,CML-1.69,16,CML-1.69,True,distribution,CML6
CML-1.7522-I16,CML-1.7522,16,CML-1.7522,True,distribution,CML6
CML-1.895-I16,CML-1.895,16,CML-1.895,True,distribution,CML6
CML-2-I16,CML-2,16,CML-2,True,distribution,CML6
CML-1.45-I17,CML-1.45,17,CML-1.45,True,distribution,CML6
CML-1.69-I17,CML-1.69,17,CML-1.895,False,distribution,CML6
CML-1.7522-I17,CML-1.7522,17,CML-1.7522,True,distribution,CML6
CML-1.895-I17,CML-1.895,17,CML-1.895,True,distribution,CML6
CML-2-I17,CML-2,17,CML-2,True,distribution,CML6
CML-1.45-I18,CML-1.45,18,CML-1.45,True,distribution,CML6
CML-1.69-I18,CML-1.69,18,CML-1.69,True,distribution,CML6
CML-1.7522-I18,CML-1.7522,18,CML-1.45,False,distribution,CML6
CML-1.895-I18,CML-1.895,18,CML-1.895,True,distribution,CML6
CML-2-I18,CML-2,18,CML-2,True,distribution,CML6
CML-1.45-I19,CML-1.45,19,CML-1.45,True,distribution,CML6
CML-1.69-I19,CML-1.69,19,CML-1.69,True,distribution,CML6
CML-1.7522-I19,CML-1.7522,19,CML-1.7522,True,distribution,CML6
CML-1.895-I19,CML-1.895,19,CML-1.895,True,distribution,CML6
CML-2-I19,CML-2,19,CML-2,True,distribution,CML6
CML-1.45-I20,CML-1.45,20,CML-1.45,True,distribution,CML6
CML-1.69-I20,CML-1.69,20,CML-1.69,True,distribution,CML6
CML-1.7522-I20,CML-1.7522,20,CML-1.7522,True,distribution,CML6
CML-1.895-I20,CML-1.895,20,CML-1.895,True,distribution,CML6
CML-2-I20,CML-2,20,CML-2,True,distribution,CML6
CML-1.45-I21,CML-1.45,21,CML-1.45,True,distribution,CML6
CML-1.69-I21,CML-1.69,21,CML-1.69,True,distribution,CML6
CML-1.7522-I21,CML-1.7522,21,CML-1.7522,True,distribution,CML6
CML-1.895-I21,CML-1.895,21,CML-1.895,True,distribution,CML6
CML-2-I21,CML-2,21,CML-2,True,distribution,CML6
CML-1.45-I22,CML-1.45,22,CML-1.45,True,distribution,CML6
CML-1.69-I22,CML-1.69,22,CML-1.69,True,distribution,CML6
CML-1.7522-I22,CML-1.7522,22,CML-1.7522,True,distribution,CML6
CML-1.895-I22,CML-1.895,22,CML-1.895,True,distribution,CML6
CML-2-I22,CML-2,22,CML-2,True,distribution,CML6
CML-1.45-I23,CML-1.45,23,CML-1.45,True,distribution,CML6
CML-1.69-I23,CML-1.69,23,CML-1.69,True,distribution,CML6
CML-1.7522-I23,CML-1.7522,23,CML-1.69,False,distribution,CML6
CML-1.895-I23,CML-1.895,23,CML-1.895,True,distribution,CML6
CML-2-I23,CML-2,23,CML-2,True,distribution,CML6
CML-1.85-I12,CML-1.85,12,CML-1.85,True,distribution,CML6
CML-1.85-I13,CML-1.85,13,CML-1.85,True,distribution,CML6
CML-1.85-I14,CML-1.85,14,CML-1.85,True,distribution,CML6
CML-1.85-I15,CML-1.85,15,CML-1.85,True,distribution,CML6
CML-1.85-I16,CML-1.85,16,CML-1.85,True,distribution,CML6
CML-1.85-I17,CML-1.85,17,CML-1.85,True,distribution,CML6
CML-1.85-I18,CML-1.85,18,CML-1.85,True,distribution,CML6
CML-1.85-I19,CML-1.85,19,CML-1.85,True,distribution,CML6
CML-1.85-I20,CML-1.85,20,CML-1.85,True,distribution,CML6
CML-1.85-I21,CML-1.85,21,CML-1.85,True,distribution,CML6
CML-1.85-I22,CML-1.85,22,CML-1.85,True,distribution,CML6
CML-1.85-I23,CML-1.85,23,CML-1.85,True,distribution,CML6
CML-1.45-I12,CML-1.45,12,CML-1.45,True,distribution,historical14
CML-1.69-I12,CML-1.69,12,CML-1.69,True,distribution,historical14
CML-1.7522-I12,CML-1.7522,12,CML-1.7522,True,distribution,historical14
CML-1.895-I12,CML-1.895,12,CML-1.895,True,distribution,historical14
CML-2-I12,CML-2,12,CML-2,True,distribution,historical14
CML-1.45-I13,CML-1.45,13,CML-1.45,True,distribution,historical14
CML-1.69-I13,CML-1.69,13,CML-1.69,True,distribution,historical14
CML-1.7522-I13,CML-1.7522,13,CML-1.7522,True,distribution,historical14
CML-1.895-I13,CML-1.895,13,CML-1.895,True,distribution,historical14
CML-2-I13,CML-2,13,CML-2,True,distribution,historical14
CML-1.45-I14,CML-1.45,14,CML-1.45,True,distribution,historical14
CML-1.69-I14,CML-1.69,14,CML-1.69,True,distribution,historical14
CML-1.7522-I14,CML-1.7522,14,CML-1.7522,True,distribution,historical14
CML-1.895-I14,CML-1.895,14,CML-1.895,True,distribution,historical14
CML-2-I14,CML-2,14,CML-2,True,distribution,historical14
CML-1.45-I15,CML-1.45,15,CML-1.45,True,distribution,historical14
CML-1.69-I15,CML-1.69,15,CML-1.69,True,distribution,historical14
CML-1.7522-I15,CML-1.7522,15,CML-1.7522,True,distribution,historical14
CML-1.895-I15,CML-1.895,15,CML-1.895,True,distribution,historical14
CML-2-I15,CML-2,15,CML-2,True,distribution,historical14
CML-1.45-I16,CML-1.45,16,CML-1.45,True,distribution,historical14
CML-1.69-I16,CML-1.69,16,CML-1.69,True,distribution,historical14
CML-1.7522-I16,CML-1.7522,16,CML-1.7522,True,distribution,historical14
CML-1.895-I16,CML-1.895,16,CML-1.895,True,distribution,historical14
CML-2-I16,CML-2,16,CML-2,True,distribution,historical14
CML-1.45-I17,CML-1.45,17,CML-1.45,True,distribution,historical14
CML-1.69-I17,CML-1.69,17,CML-1.895,False,distribution,historical14
CML-1.7522-I17,CML-1.7522,17,CML-1.7522,True,distribution,historical14
CML-1.895-I17,CML-1.895,17,CML-1.895,True,distribution,historical14
CML-2-I17,CML-2,17,CML-2,True,distribution,historical14
CML-1.45-I18,CML-1.45,18,CML-1.45,True,distribution,historical14
CML-1.69-I18,CML-1.69,18,CML-1.69,True,distribution,historical14
CML-1.7522-I18,CML-1.7522,18,CML-1.45,False,distribution,historical14
CML-1.895-I18,CML-1.895,18,CML-1.895,True,distribution,historical14
CML-2-I18,CML-2,18,CML-2,True,distribution,historical14
CML-1.45-I19,CML-1.45,19,CML-1.45,True,distribution,historical14
CML-1.69-I19,CML-1.69,19,CML-1.69,True,distribution,historical14
CML-1.7522-I19,CML-1.7522,19,CML-1.7522,True,distribution,historical14
CML-1.895-I19,CML-1.895,19,CML-1.895,True,distribution,historical14
CML-2-I19,CML-2,19,CML-2,True,distribution,historical14
CML-1.45-I20,CML-1.45,20,CML-1.45,True,distribution,historical14
CML-1.69-I20,CML-1.69,20,CML-1.69,True,distribution,historical14
CML-1.7522-I20,CML-1.7522,20,CML-1.7522,True,distribution,historical14
CML-1.895-I20,CML-1.895,20,CML-1.895,True,distribution,historical14
CML-2-I20,CML-2,20,CML-2,True,distribution,historical14
CML-1.45-I21,CML-1.45,21,CML-1.45,True,distribution,historical14
CML-1.69-I21,CML-1.69,21,CML-1.69,True,distribution,historical14
CML-1.7522-I21,CML-1.7522,21,CML-1.7522,True,distribution,historical14
CML-1.895-I21,CML-1.895,21,CML-1.895,True,distribution,historical14
CML-2-I21,CML-2,21,CML-2,True,distribution,historical14
CML-1.45-I22,CML-1.45,22,CML-1.45,True,distribution,historical14
CML-1.69-I22,CML-1.69,22,CML-1.69,True,distribution,historical14
CML-1.7522-I22,CML-1.7522,22,CML-1.7522,True,distribution,historical14
CML-1.895-I22,CML-1.895,22,CML-1.895,True,distribution,historical14
CML-2-I22,CML-2,22,CML-2,True,distribution,historical14
CML-1.45-I23,CML-1.45,23,CML-1.45,True,distribution,historical14
CML-1.69-I23,CML-1.69,23,CML-1.69,True,distribution,historical14
CML-1.7522-I23,CML-1.7522,23,CML-1.85,False,distribution,historical14
CML-1.895-I23,CML-1.895,23,CML-1.895,True,distribution,historical14
CML-2-I23,CML-2,23,CML-2,True,distribution,historical14
VAR-legacy-0.95-0.4-I12,VAR-legacy-0.95-0.4,12,VAR-legacy-0.95-0.4,True,distribution,historical14
VAR-legacy-0.2-0.4-I12,VAR-legacy-0.2-0.4,12,VAR-legacy-0.2-0.4,True,distribution,historical14
VAR-legacy-0.2-0.8-I12,VAR-legacy-0.2-0.8,12,VAR-legacy-0.2-0.4,False,distribution,historical14
CML-1.85-I12,CML-1.85,12,CML-1.85,True,distribution,historical14
Kuramoto-fast-I12,Kuramoto-fast,12,Kuramoto-fast,True,distribution,historical14
Kuramoto-slow-I12,Kuramoto-slow,12,Kuramoto-slow,True,distribution,historical14
Gaussian-noise-I12,Gaussian-noise,12,Gaussian-noise,True,distribution,historical14
Cauchy-noise-I12,Cauchy-noise,12,Cauchy-noise,True,distribution,historical14
Wave-I12,Wave,12,Wave,True,distribution,historical14
VAR-legacy-0.95-0.4-I13,VAR-legacy-0.95-0.4,13,VAR-legacy-0.95-0.4,True,distribution,historical14
VAR-legacy-0.2-0.4-I13,VAR-legacy-0.2-0.4,13,VAR-legacy-0.2-0.4,True,distribution,historical14
VAR-legacy-0.2-0.8-I13,VAR-legacy-0.2-0.8,13,VAR-legacy-0.2-0.4,False,distribution,historical14
CML-1.85-I13,CML-1.85,13,CML-1.85,True,distribution,historical14
Kuramoto-fast-I13,Kuramoto-fast,13,Kuramoto-fast,True,distribution,historical14
Kuramoto-slow-I13,Kuramoto-slow,13,Kuramoto-slow,True,distribution,historical14
Gaussian-noise-I13,Gaussian-noise,13,Gaussian-noise,True,distribution,historical14
Cauchy-noise-I13,Cauchy-noise,13,Cauchy-noise,True,distribution,historical14
Wave-I13,Wave,13,Wave,True,distribution,historical14
VAR-legacy-0.95-0.4-I14,VAR-legacy-0.95-0.4,14,VAR-legacy-0.95-0.4,True,distribution,historical14
VAR-legacy-0.2-0.4-I14,VAR-legacy-0.2-0.4,14,VAR-legacy-0.2-0.4,True,distribution,historical14
VAR-legacy-0.2-0.8-I14,VAR-legacy-0.2-0.8,14,VAR-legacy-0.2-0.4,False,distribution,historical14
CML-1.85-I14,CML-1.85,14,CML-1.85,True,distribution,historical14
Kuramoto-fast-I14,Kuramoto-fast,14,Kuramoto-fast,True,distribution,historical14
Kuramoto-slow-I14,Kuramoto-slow,14,Kuramoto-slow,True,distribution,historical14
Gaussian-noise-I14,Gaussian-noise,14,Gaussian-noise,True,distribution,historical14
Cauchy-noise-I14,Cauchy-noise,14,Cauchy-noise,True,distribution,historical14
Wave-I14,Wave,14,Wave,True,distribution,historical14
VAR-legacy-0.95-0.4-I15,VAR-legacy-0.95-0.4,15,VAR-legacy-0.95-0.4,True,distribution,historical14
VAR-legacy-0.2-0.4-I15,VAR-legacy-0.2-0.4,15,VAR-legacy-0.2-0.4,True,distribution,historical14
VAR-legacy-0.2-0.8-I15,VAR-legacy-0.2-0.8,15,VAR-legacy-0.2-0.4,False,distribution,historical14
CML-1.85-I15,CML-1.85,15,CML-1.85,True,distribution,historical14
Kuramoto-fast-I15,Kuramoto-fast,15,Kuramoto-fast,True,distribution,historical14
Kuramoto-slow-I15,Kuramoto-slow,15,Kuramoto-slow,True,distribution,historical14
Gaussian-noise-I15,Gaussian-noise,15,Gaussian-noise,True,distribution,historical14
Cauchy-noise-I15,Cauchy-noise,15,Cauchy-noise,True,distribution,historical14
Wave-I15,Wave,15,Wave,True,distribution,historical14
VAR-legacy-0.95-0.4-I16,VAR-legacy-0.95-0.4,16,VAR-legacy-0.95-0.4,True,distribution,historical14
VAR-legacy-0.2-0.4-I16,VAR-legacy-0.2-0.4,16,VAR-legacy-0.2-0.4,True,distribution,historical14
VAR-legacy-0.2-0.8-I16,VAR-legacy-0.2-0.8,16,VAR-legacy-0.2-0.4,False,distribution,historical14
CML-1.85-I16,CML-1.85,16,CML-1.85,True,distribution,historical14
Kuramoto-fast-I16,Kuramoto-fast,16,Kuramoto-fast,True,distribution,historical14
Kuramoto-slow-I16,Kuramoto-slow,16,Kuramoto-slow,True,distribution,historical14
Gaussian-noise-I16,Gaussian-noise,16,Gaussian-noise,True,distribution,historical14
Cauchy-noise-I16,Cauchy-noise,16,Cauchy-noise,True,distribution,historical14
Wave-I16,Wave,16,Wave,True,distribution,historical14
VAR-legacy-0.95-0.4-I17,VAR-legacy-0.95-0.4,17,VAR-legacy-0.95-0.4,True,distribution,historical14
VAR-legacy-0.2-0.4-I17,VAR-legacy-0.2-0.4,17,VAR-legacy-0.2-0.4,True,distribution,historical14
VAR-legacy-0.2-0.8-I17,VAR-legacy-0.2-0.8,17,VAR-legacy-0.2-0.4,False,distribution,historical14
CML-1.85-I17,CML-1.85,17,CML-1.85,True,distribution,historical14
Kuramoto-fast-I17,Kuramoto-fast,17,Kuramoto-fast,True,distribution,historical14
Kuramoto-slow-I17,Kuramoto-slow,17,Kuramoto-slow,True,distribution,historical14
Gaussian-noise-I17,Gaussian-noise,17,Gaussian-noise,True,distribution,historical14
Cauchy-noise-I17,Cauchy-noise,17,Cauchy-noise,True,distribution,historical14
Wave-I17,Wave,17,Wave,True,distribution,historical14
VAR-legacy-0.95-0.4-I18,VAR-legacy-0.95-0.4,18,VAR-legacy-0.95-0.4,True,distribution,historical14
VAR-legacy-0.2-0.4-I18,VAR-legacy-0.2-0.4,18,VAR-legacy-0.2-0.4,True,distribution,historical14
VAR-legacy-0.2-0.8-I18,VAR-legacy-0.2-0.8,18,VAR-legacy-0.2-0.8,True,distribution,historical14
CML-1.85-I18,CML-1.85,18,CML-1.85,True,distribution,historical14
Kuramoto-fast-I18,Kuramoto-fast,18,Kuramoto-fast,True,distribution,historical14
Kuramoto-slow-I18,Kuramoto-slow,18,Kuramoto-slow,True,distribution,historical14
Gaussian-noise-I18,Gaussian-noise,18,Gaussian-noise,True,distribution,historical14
Cauchy-noise-I18,Cauchy-noise,18,Cauchy-noise,True,distribution,historical14
Wave-I18,Wave,18,Wave,True,distribution,historical14
VAR-legacy-0.95-0.4-I19,VAR-legacy-0.95-0.4,19,VAR-legacy-0.95-0.4,True,distribution,historical14
VAR-legacy-0.2-0.4-I19,VAR-legacy-0.2-0.4,19,VAR-legacy-0.2-0.4,True,distribution,historical14
VAR-legacy-0.2-0.8-I19,VAR-legacy-0.2-0.8,19,VAR-legacy-0.2-0.8,True,distribution,historical14
CML-1.85-I19,CML-1.85,19,CML-1.85,True,distribution,historical14
Kuramoto-fast-I19,Kuramoto-fast,19,Kuramoto-fast,True,distribution,historical14
Kuramoto-slow-I19,Kuramoto-slow,19,Kuramoto-slow,True,distribution,historical14
Gaussian-noise-I19,Gaussian-noise,19,Gaussian-noise,True,distribution,historical14
Cauchy-noise-I19,Cauchy-noise,19,Cauchy-noise,True,distribution,historical14
Wave-I19,Wave,19,Wave,True,distribution,historical14
VAR-legacy-0.95-0.4-I20,VAR-legacy-0.95-0.4,20,VAR-legacy-0.95-0.4,True,distribution,historical14
VAR-legacy-0.2-0.4-I20,VAR-legacy-0.2-0.4,20,VAR-legacy-0.2-0.4,True,distribution,historical14
VAR-legacy-0.2-0.8-I20,VAR-legacy-0.2-0.8,20,VAR-legacy-0.2-0.4,False,distribution,historical14
CML-1.85-I20,CML-1.85,20,CML-1.85,True,distribution,historical14
Kuramoto-fast-I20,Kuramoto-fast,20,Kuramoto-fast,True,distribution,historical14
Kuramoto-slow-I20,Kuramoto-slow,20,Kuramoto-slow,True,distribution,historical14
Gaussian-noise-I20,Gaussian-noise,20,Gaussian-noise,True,distribution,historical14
Cauchy-noise-I20,Cauchy-noise,20,Cauchy-noise,True,distribution,historical14
Wave-I20,Wave,20,Wave,True,distribution,historical14
VAR-legacy-0.95-0.4-I21,VAR-legacy-0.95-0.4,21,VAR-legacy-0.95-0.4,True,distribution,historical14
VAR-legacy-0.2-0.4-I21,VAR-legacy-0.2-0.4,21,VAR-legacy-0.2-0.4,True,distribution,historical14
VAR-legacy-0.2-0.8-I21,VAR-legacy-0.2-0.8,21,VAR-legacy-0.2-0.8,True,distribution,historical14
CML-1.85-I21,CML-1.85,21,CML-1.85,True,distribution,historical14
Kuramoto-fast-I21,Kuramoto-fast,21,Kuramoto-fast,True,distribution,historical14
Kuramoto-slow-I21,Kuramoto-slow,21,Kuramoto-slow,True,distribution,historical14
Gaussian-noise-I21,Gaussian-noise,21,Gaussian-noise,True,distribution,historical14
Cauchy-noise-I21,Cauchy-noise,21,Cauchy-noise,True,distribution,historical14
Wave-I21,Wave,21,Wave,True,distribution,historical14
VAR-legacy-0.95-0.4-I22,VAR-legacy-0.95-0.4,22,VAR-legacy-0.95-0.4,True,distribution,historical14
VAR-legacy-0.2-0.4-I22,VAR-legacy-0.2-0.4,22,VAR-legacy-0.2-0.4,True,distribution,historical14
VAR-legacy-0.2-0.8-I22,VAR-legacy-0.2-0.8,22,VAR-legacy-0.2-0.4,False,distribution,historical14
CML-1.85-I22,CML-1.85,22,CML-1.85,True,distribution,historical14
Kuramoto-fast-I22,Kuramoto-fast,22,Kuramoto-fast,True,distribution,historical14
Kuramoto-slow-I22,Kuramoto-slow,22,Kuramoto-slow,True,distribution,historical14
Gaussian-noise-I22,Gaussian-noise,22,Gaussian-noise,True,distribution,historical14
Cauchy-noise-I22,Cauchy-noise,22,Cauchy-noise,True,distribution,historical14
Wave-I22,Wave,22,Wave,True,distribution,historical14
VAR-legacy-0.95-0.4-I23,VAR-legacy-0.95-0.4,23,VAR-legacy-0.95-0.4,True,distribution,historical14
VAR-legacy-0.2-0.4-I23,VAR-legacy-0.2-0.4,23,VAR-legacy-0.2-0.4,True,distribution,historical14
VAR-legacy-0.2-0.8-I23,VAR-legacy-0.2-0.8,23,VAR-legacy-0.2-0.8,True,distribution,historical14
CML-1.85-I23,CML-1.85,23,CML-1.85,True,distribution,historical14
Kuramoto-fast-I23,Kuramoto-fast,23,Kuramoto-fast,True,distribution,historical14
Kuramoto-slow-I23,Kuramoto-slow,23,Kuramoto-slow,True,distribution,historical14
Gaussian-noise-I23,Gaussian-noise,23,Gaussian-noise,True,distribution,historical14
Cauchy-noise-I23,Cauchy-noise,23,Cauchy-noise,True,distribution,historical14
Wave-I23,Wave,23,Wave,True,distribution,historical14
VAR-0.2-I12,VAR-0.2,12,VAR-legacy-0.2-0.4,False,distribution,coupled14
VAR-0.7-I12,VAR-0.7,12,VAR-0.7,True,distribution,coupled14
CML-1.45-I12,CML-1.45,12,CML-1.45,True,distribution,coupled14
CML-1.69-I12,CML-1.69,12,CML-1.69,True,distribution,coupled14
CML-1.7522-I12,CML-1.7522,12,CML-1.7522,True,distribution,coupled14
CML-1.895-I12,CML-1.895,12,CML-1.895,True,distribution,coupled14
CML-2-I12,CML-2,12,CML-2,True,distribution,coupled14
VAR-0.2-I13,VAR-0.2,13,VAR-0.2,True,distribution,coupled14
VAR-0.7-I13,VAR-0.7,13,VAR-0.7,True,distribution,coupled14
CML-1.45-I13,CML-1.45,13,CML-1.45,True,distribution,coupled14
CML-1.69-I13,CML-1.69,13,CML-1.69,True,distribution,coupled14
CML-1.7522-I13,CML-1.7522,13,CML-1.7522,True,distribution,coupled14
CML-1.895-I13,CML-1.895,13,CML-1.895,True,distribution,coupled14
CML-2-I13,CML-2,13,CML-2,True,distribution,coupled14
VAR-0.2-I14,VAR-0.2,14,VAR-legacy-0.2-0.4,False,distribution,coupled14
VAR-0.7-I14,VAR-0.7,14,VAR-0.7,True,distribution,coupled14
CML-1.45-I14,CML-1.45,14,CML-1.45,True,distribution,coupled14
CML-1.69-I14,CML-1.69,14,CML-1.69,True,distribution,coupled14
CML-1.7522-I14,CML-1.7522,14,CML-1.7522,True,distribution,coupled14
CML-1.895-I14,CML-1.895,14,CML-1.895,True,distribution,coupled14
CML-2-I14,CML-2,14,CML-2,True,distribution,coupled14
VAR-0.2-I15,VAR-0.2,15,VAR-0.2,True,distribution,coupled14
VAR-0.7-I15,VAR-0.7,15,VAR-0.7,True,distribution,coupled14
CML-1.45-I15,CML-1.45,15,CML-1.45,True,distribution,coupled14
CML-1.69-I15,CML-1.69,15,CML-1.69,True,distribution,coupled14
CML-1.7522-I15,CML-1.7522,15,CML-1.7522,True,distribution,coupled14
CML-1.895-I15,CML-1.895,15,CML-1.895,True,distribution,coupled14
CML-2-I15,CML-2,15,CML-2,True,distribution,coupled14
VAR-0.2-I16,VAR-0.2,16,VAR-0.2,True,distribution,coupled14
VAR-0.7-I16,VAR-0.7,16,VAR-0.7,True,distribution,coupled14
CML-1.45-I16,CML-1.45,16,CML-1.45,True,distribution,coupled14
CML-1.69-I16,CML-1.69,16,CML-1.69,True,distribution,coupled14
CML-1.7522-I16,CML-1.7522,16,CML-1.7522,True,distribution,coupled14
CML-1.895-I16,CML-1.895,16,CML-1.895,True,distribution,coupled14
CML-2-I16,CML-2,16,CML-2,True,distribution,coupled14
VAR-0.2-I17,VAR-0.2,17,VAR-0.2,True,distribution,coupled14
VAR-0.7-I17,VAR-0.7,17,VAR-0.7,True,distribution,coupled14
CML-1.45-I17,CML-1.45,17,CML-1.45,True,distribution,coupled14
CML-1.69-I17,CML-1.69,17,CML-1.895,False,distribution,coupled14
CML-1.7522-I17,CML-1.7522,17,CML-1.7522,True,distribution,coupled14
CML-1.895-I17,CML-1.895,17,CML-1.895,True,distribution,coupled14
CML-2-I17,CML-2,17,CML-2,True,distribution,coupled14
VAR-0.2-I18,VAR-0.2,18,VAR-legacy-0.2-0.4,False,distribution,coupled14
VAR-0.7-I18,VAR-0.7,18,VAR-0.7,True,distribution,coupled14
CML-1.45-I18,CML-1.45,18,CML-1.45,True,distribution,coupled14
CML-1.69-I18,CML-1.69,18,CML-1.69,True,distribution,coupled14
CML-1.7522-I18,CML-1.7522,18,CML-1.45,False,distribution,coupled14
CML-1.895-I18,CML-1.895,18,CML-1.895,True,distribution,coupled14
CML-2-I18,CML-2,18,CML-2,True,distribution,coupled14
VAR-0.2-I19,VAR-0.2,19,VAR-0.2,True,distribution,coupled14
VAR-0.7-I19,VAR-0.7,19,VAR-0.7,True,distribution,coupled14
CML-1.45-I19,CML-1.45,19,CML-1.45,True,distribution,coupled14
CML-1.69-I19,CML-1.69,19,CML-1.69,True,distribution,coupled14
CML-1.7522-I19,CML-1.7522,19,CML-1.7522,True,distribution,coupled14
CML-1.895-I19,CML-1.895,19,CML-1.895,True,distribution,coupled14
CML-2-I19,CML-2,19,CML-2,True,distribution,coupled14
VAR-0.2-I20,VAR-0.2,20,VAR-0.2,True,distribution,coupled14
VAR-0.7-I20,VAR-0.7,20,VAR-0.7,True,distribution,coupled14
CML-1.45-I20,CML-1.45,20,CML-1.45,True,distribution,coupled14
CML-1.69-I20,CML-1.69,20,CML-1.69,True,distribution,coupled14
CML-1.7522-I20,CML-1.7522,20,CML-1.7522,True,distribution,coupled14
CML-1.895-I20,CML-1.895,20,CML-1.895,True,distribution,coupled14
CML-2-I20,CML-2,20,CML-2,True,distribution,coupled14
VAR-0.2-I21,VAR-0.2,21,VAR-0.2,True,distribution,coupled14
VAR-0.7-I21,VAR-0.7,21,VAR-0.7,True,distribution,coupled14
CML-1.45-I21,CML-1.45,21,CML-1.45,True,distribution,coupled14
CML-1.69-I21,CML-1.69,21,CML-1.69,True,distribution,coupled14
CML-1.7522-I21,CML-1.7522,21,CML-1.7522,True,distribution,coupled14
CML-1.895-I21,CML-1.895,21,CML-1.895,True,distribution,coupled14
CML-2-I21,CML-2,21,CML-2,True,distribution,coupled14
VAR-0.2-I22,VAR-0.2,22,VAR-0.2,True,distribution,coupled14
VAR-0.7-I22,VAR-0.7,22,VAR-0.7,True,distribution,coupled14
CML-1.45-I22,CML-1.45,22,CML-1.45,True,distribution,coupled14
CML-1.69-I22,CML-1.69,22,CML-1.69,True,distribution,coupled14
CML-1.7522-I22,CML-1.7522,22,CML-1.7522,True,distribution,coupled14
CML-1.895-I22,CML-1.895,22,CML-1.895,True,distribution,coupled14
CML-2-I22,CML-2,22,CML-2,True,distribution,coupled14
VAR-0.2-I23,VAR-0.2,23,VAR-legacy-0.2-0.4,False,distribution,coupled14
VAR-0.7-I23,VAR-0.7,23,VAR-0.7,True,distribution,coupled14
CML-1.45-I23,CML-1.45,23,CML-1.45,True,distribution,coupled14
CML-1.69-I23,CML-1.69,23,CML-1.69,True,distribution,coupled14
CML-1.7522-I23,CML-1.7522,23,CML-1.85,False,distribution,coupled14
CML-1.895-I23,CML-1.895,23,CML-1.895,True,distribution,coupled14
CML-2-I23,CML-2,23,CML-2,True,distribution,coupled14
VAR-legacy-0.95-0.4-I12,VAR-legacy-0.95-0.4,12,VAR-legacy-0.95-0.4,True,distribution,coupled14
VAR-legacy-0.2-0.4-I12,VAR-legacy-0.2-0.4,12,VAR-legacy-0.2-0.4,True,distribution,coupled14
VAR-legacy-0.2-0.8-I12,VAR-legacy-0.2-0.8,12,VAR-legacy-0.2-0.8,True,distribution,coupled14
CML-1.85-I12,CML-1.85,12,CML-1.85,True,distribution,coupled14
Kuramoto-fast-I12,Kuramoto-fast,12,Kuramoto-fast,True,distribution,coupled14
Kuramoto-slow-I12,Kuramoto-slow,12,Kuramoto-slow,True,distribution,coupled14
Wave-I12,Wave,12,Wave,True,distribution,coupled14
VAR-legacy-0.95-0.4-I13,VAR-legacy-0.95-0.4,13,VAR-legacy-0.95-0.4,True,distribution,coupled14
VAR-legacy-0.2-0.4-I13,VAR-legacy-0.2-0.4,13,VAR-0.2,False,distribution,coupled14
VAR-legacy-0.2-0.8-I13,VAR-legacy-0.2-0.8,13,VAR-legacy-0.2-0.4,False,distribution,coupled14
CML-1.85-I13,CML-1.85,13,CML-1.85,True,distribution,coupled14
Kuramoto-fast-I13,Kuramoto-fast,13,Kuramoto-fast,True,distribution,coupled14
Kuramoto-slow-I13,Kuramoto-slow,13,Kuramoto-slow,True,distribution,coupled14
Wave-I13,Wave,13,Wave,True,distribution,coupled14
VAR-legacy-0.95-0.4-I14,VAR-legacy-0.95-0.4,14,VAR-legacy-0.95-0.4,True,distribution,coupled14
VAR-legacy-0.2-0.4-I14,VAR-legacy-0.2-0.4,14,VAR-legacy-0.2-0.4,True,distribution,coupled14
VAR-legacy-0.2-0.8-I14,VAR-legacy-0.2-0.8,14,VAR-legacy-0.2-0.8,True,distribution,coupled14
CML-1.85-I14,CML-1.85,14,CML-1.85,True,distribution,coupled14
Kuramoto-fast-I14,Kuramoto-fast,14,Kuramoto-fast,True,distribution,coupled14
Kuramoto-slow-I14,Kuramoto-slow,14,Kuramoto-slow,True,distribution,coupled14
Wave-I14,Wave,14,Wave,True,distribution,coupled14
VAR-legacy-0.95-0.4-I15,VAR-legacy-0.95-0.4,15,VAR-legacy-0.95-0.4,True,distribution,coupled14
VAR-legacy-0.2-0.4-I15,VAR-legacy-0.2-0.4,15,VAR-0.2,False,distribution,coupled14
VAR-legacy-0.2-0.8-I15,VAR-legacy-0.2-0.8,15,VAR-legacy-0.2-0.8,True,distribution,coupled14
CML-1.85-I15,CML-1.85,15,CML-1.85,True,distribution,coupled14
Kuramoto-fast-I15,Kuramoto-fast,15,Kuramoto-fast,True,distribution,coupled14
Kuramoto-slow-I15,Kuramoto-slow,15,Kuramoto-slow,True,distribution,coupled14
Wave-I15,Wave,15,Wave,True,distribution,coupled14
VAR-legacy-0.95-0.4-I16,VAR-legacy-0.95-0.4,16,VAR-legacy-0.95-0.4,True,distribution,coupled14
VAR-legacy-0.2-0.4-I16,VAR-legacy-0.2-0.4,16,VAR-0.2,False,distribution,coupled14
VAR-legacy-0.2-0.8-I16,VAR-legacy-0.2-0.8,16,VAR-legacy-0.2-0.8,True,distribution,coupled14
CML-1.85-I16,CML-1.85,16,CML-1.85,True,distribution,coupled14
Kuramoto-fast-I16,Kuramoto-fast,16,Kuramoto-fast,True,distribution,coupled14
Kuramoto-slow-I16,Kuramoto-slow,16,Kuramoto-slow,True,distribution,coupled14
Wave-I16,Wave,16,Wave,True,distribution,coupled14
VAR-legacy-0.95-0.4-I17,VAR-legacy-0.95-0.4,17,VAR-legacy-0.95-0.4,True,distribution,coupled14
VAR-legacy-0.2-0.4-I17,VAR-legacy-0.2-0.4,17,VAR-0.2,False,distribution,coupled14
VAR-legacy-0.2-0.8-I17,VAR-legacy-0.2-0.8,17,VAR-legacy-0.2-0.8,True,distribution,coupled14
CML-1.85-I17,CML-1.85,17,CML-1.85,True,distribution,coupled14
Kuramoto-fast-I17,Kuramoto-fast,17,Kuramoto-fast,True,distribution,coupled14
Kuramoto-slow-I17,Kuramoto-slow,17,Kuramoto-slow,True,distribution,coupled14
Wave-I17,Wave,17,Wave,True,distribution,coupled14
VAR-legacy-0.95-0.4-I18,VAR-legacy-0.95-0.4,18,VAR-legacy-0.95-0.4,True,distribution,coupled14
VAR-legacy-0.2-0.4-I18,VAR-legacy-0.2-0.4,18,VAR-legacy-0.2-0.4,True,distribution,coupled14
VAR-legacy-0.2-0.8-I18,VAR-legacy-0.2-0.8,18,VAR-legacy-0.2-0.8,True,distribution,coupled14
CML-1.85-I18,CML-1.85,18,CML-1.85,True,distribution,coupled14
Kuramoto-fast-I18,Kuramoto-fast,18,Kuramoto-fast,True,distribution,coupled14
Kuramoto-slow-I18,Kuramoto-slow,18,Kuramoto-slow,True,distribution,coupled14
Wave-I18,Wave,18,Wave,True,distribution,coupled14
VAR-legacy-0.95-0.4-I19,VAR-legacy-0.95-0.4,19,VAR-legacy-0.95-0.4,True,distribution,coupled14
VAR-legacy-0.2-0.4-I19,VAR-legacy-0.2-0.4,19,VAR-0.2,False,distribution,coupled14
VAR-legacy-0.2-0.8-I19,VAR-legacy-0.2-0.8,19,VAR-legacy-0.2-0.8,True,distribution,coupled14
CML-1.85-I19,CML-1.85,19,CML-1.85,True,distribution,coupled14
Kuramoto-fast-I19,Kuramoto-fast,19,Kuramoto-fast,True,distribution,coupled14
Kuramoto-slow-I19,Kuramoto-slow,19,Kuramoto-slow,True,distribution,coupled14
Wave-I19,Wave,19,Wave,True,distribution,coupled14
VAR-legacy-0.95-0.4-I20,VAR-legacy-0.95-0.4,20,VAR-legacy-0.95-0.4,True,distribution,coupled14
VAR-legacy-0.2-0.4-I20,VAR-legacy-0.2-0.4,20,VAR-0.2,False,distribution,coupled14
VAR-legacy-0.2-0.8-I20,VAR-legacy-0.2-0.8,20,VAR-0.2,False,distribution,coupled14
CML-1.85-I20,CML-1.85,20,CML-1.85,True,distribution,coupled14
Kuramoto-fast-I20,Kuramoto-fast,20,Kuramoto-fast,True,distribution,coupled14
Kuramoto-slow-I20,Kuramoto-slow,20,Kuramoto-slow,True,distribution,coupled14
Wave-I20,Wave,20,Wave,True,distribution,coupled14
VAR-legacy-0.95-0.4-I21,VAR-legacy-0.95-0.4,21,VAR-legacy-0.95-0.4,True,distribution,coupled14
VAR-legacy-0.2-0.4-I21,VAR-legacy-0.2-0.4,21,VAR-0.2,False,distribution,coupled14
VAR-legacy-0.2-0.8-I21,VAR-legacy-0.2-0.8,21,VAR-legacy-0.2-0.8,True,distribution,coupled14
CML-1.85-I21,CML-1.85,21,CML-1.85,True,distribution,coupled14
Kuramoto-fast-I21,Kuramoto-fast,21,Kuramoto-fast,True,distribution,coupled14
Kuramoto-slow-I21,Kuramoto-slow,21,Kuramoto-slow,True,distribution,coupled14
Wave-I21,Wave,21,Wave,True,distribution,coupled14
VAR-legacy-0.95-0.4-I22,VAR-legacy-0.95-0.4,22,VAR-legacy-0.95-0.4,True,distribution,coupled14
VAR-legacy-0.2-0.4-I22,VAR-legacy-0.2-0.4,22,VAR-0.2,False,distribution,coupled14
VAR-legacy-0.2-0.8-I22,VAR-legacy-0.2-0.8,22,VAR-legacy-0.2-0.4,False,distribution,coupled14
CML-1.85-I22,CML-1.85,22,CML-1.85,True,distribution,coupled14
Kuramoto-fast-I22,Kuramoto-fast,22,Kuramoto-fast,True,distribution,coupled14
Kuramoto-slow-I22,Kuramoto-slow,22,Kuramoto-slow,True,distribution,coupled14
Wave-I22,Wave,22,Wave,True,distribution,coupled14
VAR-legacy-0.95-0.4-I23,VAR-legacy-0.95-0.4,23,VAR-legacy-0.95-0.4,True,distribution,coupled14
VAR-legacy-0.2-0.4-I23,VAR-legacy-0.2-0.4,23,VAR-legacy-0.2-0.4,True,distribution,coupled14
VAR-legacy-0.2-0.8-I23,VAR-legacy-0.2-0.8,23,VAR-legacy-0.2-0.8,True,distribution,coupled14
CML-1.85-I23,CML-1.85,23,CML-1.85,True,distribution,coupled14
Kuramoto-fast-I23,Kuramoto-fast,23,Kuramoto-fast,True,distribution,coupled14
Kuramoto-slow-I23,Kuramoto-slow,23,Kuramoto-slow,True,distribution,coupled14
Wave-I23,Wave,23,Wave,True,distribution,coupled14
VAR-0.2-I12,VAR-0.2,12,VAR-0.2,True,z,all16
VAR-0.7-I12,VAR-0.7,12,VAR-0.7,True,z,all16
CML-1.45-I12,CML-1.45,12,CML-1.45,True,z,all16
CML-1.69-I12,CML-1.69,12,CML-1.69,True,z,all16
CML-1.7522-I12,CML-1.7522,12,CML-1.7522,True,z,all16
CML-1.895-I12,CML-1.895,12,CML-1.895,True,z,all16
CML-2-I12,CML-2,12,CML-2,True,z,all16
VAR-0.2-I13,VAR-0.2,13,VAR-0.2,True,z,all16
VAR-0.7-I13,VAR-0.7,13,VAR-0.7,True,z,all16
CML-1.45-I13,CML-1.45,13,CML-1.45,True,z,all16
CML-1.69-I13,CML-1.69,13,CML-1.69,True,z,all16
CML-1.7522-I13,CML-1.7522,13,CML-1.7522,True,z,all16
CML-1.895-I13,CML-1.895,13,CML-1.895,True,z,all16
CML-2-I13,CML-2,13,CML-2,True,z,all16
VAR-0.2-I14,VAR-0.2,14,VAR-legacy-0.2-0.4,False,z,all16
VAR-0.7-I14,VAR-0.7,14,VAR-0.7,True,z,all16
CML-1.45-I14,CML-1.45,14,CML-1.45,True,z,all16
CML-1.69-I14,CML-1.69,14,CML-1.69,True,z,all16
CML-1.7522-I14,CML-1.7522,14,CML-1.7522,True,z,all16
CML-1.895-I14,CML-1.895,14,CML-1.895,True,z,all16
CML-2-I14,CML-2,14,CML-2,True,z,all16
VAR-0.2-I15,VAR-0.2,15,VAR-legacy-0.2-0.4,False,z,all16
VAR-0.7-I15,VAR-0.7,15,VAR-0.7,True,z,all16
CML-1.45-I15,CML-1.45,15,CML-1.45,True,z,all16
CML-1.69-I15,CML-1.69,15,CML-1.69,True,z,all16
CML-1.7522-I15,CML-1.7522,15,CML-1.7522,True,z,all16
CML-1.895-I15,CML-1.895,15,CML-1.895,True,z,all16
CML-2-I15,CML-2,15,CML-2,True,z,all16
VAR-0.2-I16,VAR-0.2,16,VAR-0.2,True,z,all16
VAR-0.7-I16,VAR-0.7,16,VAR-0.7,True,z,all16
CML-1.45-I16,CML-1.45,16,CML-1.45,True,z,all16
CML-1.69-I16,CML-1.69,16,CML-1.69,True,z,all16
CML-1.7522-I16,CML-1.7522,16,CML-1.7522,True,z,all16
CML-1.895-I16,CML-1.895,16,CML-1.895,True,z,all16
CML-2-I16,CML-2,16,CML-2,True,z,all16
VAR-0.2-I17,VAR-0.2,17,VAR-0.2,True,z,all16
VAR-0.7-I17,VAR-0.7,17,VAR-0.7,True,z,all16
CML-1.45-I17,CML-1.45,17,CML-1.45,True,z,all16
CML-1.69-I17,CML-1.69,17,CML-1.69,True,z,all16
CML-1.7522-I17,CML-1.7522,17,CML-1.7522,True,z,all16
CML-1.895-I17,CML-1.895,17,CML-1.85,False,z,all16
CML-2-I17,CML-2,17,CML-2,True,z,all16
VAR-0.2-I18,VAR-0.2,18,VAR-0.2,True,z,all16
VAR-0.7-I18,VAR-0.7,18,VAR-0.7,True,z,all16
CML-1.45-I18,CML-1.45,18,CML-1.45,True,z,all16
CML-1.69-I18,CML-1.69,18,CML-1.69,True,z,all16
CML-1.7522-I18,CML-1.7522,18,CML-1.7522,True,z,all16
CML-1.895-I18,CML-1.895,18,CML-1.895,True,z,all16
CML-2-I18,CML-2,18,CML-2,True,z,all16
VAR-0.2-I19,VAR-0.2,19,VAR-legacy-0.2-0.4,False,z,all16
VAR-0.7-I19,VAR-0.7,19,VAR-0.7,True,z,all16
CML-1.45-I19,CML-1.45,19,CML-1.45,True,z,all16
CML-1.69-I19,CML-1.69,19,CML-1.69,True,z,all16
CML-1.7522-I19,CML-1.7522,19,CML-1.7522,True,z,all16
CML-1.895-I19,CML-1.895,19,CML-1.895,True,z,all16
CML-2-I19,CML-2,19,CML-2,True,z,all16
VAR-0.2-I20,VAR-0.2,20,VAR-legacy-0.2-0.4,False,z,all16
VAR-0.7-I20,VAR-0.7,20,VAR-0.7,True,z,all16
CML-1.45-I20,CML-1.45,20,CML-1.45,True,z,all16
CML-1.69-I20,CML-1.69,20,CML-1.69,True,z,all16
CML-1.7522-I20,CML-1.7522,20,CML-1.7522,True,z,all16
CML-1.895-I20,CML-1.895,20,CML-1.895,True,z,all16
CML-2-I20,CML-2,20,CML-2,True,z,all16
VAR-0.2-I21,VAR-0.2,21,VAR-legacy-0.2-0.4,False,z,all16
VAR-0.7-I21,VAR-0.7,21,VAR-0.7,True,z,all16
CML-1.45-I21,CML-1.45,21,CML-1.45,True,z,all16
CML-1.69-I21,CML-1.69,21,CML-1.69,True,z,all16
CML-1.7522-I21,CML-1.7522,21,CML-1.7522,True,z,all16
CML-1.895-I21,CML-1.895,21,CML-1.895,True,z,all16
CML-2-I21,CML-2,21,CML-2,True,z,all16
VAR-0.2-I22,VAR-0.2,22,VAR-0.2,True,z,all16
VAR-0.7-I22,VAR-0.7,22,VAR-0.7,True,z,all16
CML-1.45-I22,CML-1.45,22,CML-1.45,True,z,all16
CML-1.69-I22,CML-1.69,22,CML-1.69,True,z,all16
CML-1.7522-I22,CML-1.7522,22,CML-1.7522,True,z,all16
CML-1.895-I22,CML-1.895,22,CML-1.895,True,z,all16
CML-2-I22,CML-2,22,CML-2,True,z,all16
VAR-0.2-I23,VAR-0.2,23,VAR-0.2,True,z,all16
VAR-0.7-I23,VAR-0.7,23,VAR-0.7,True,z,all16
CML-1.45-I23,CML-1.45,23,CML-1.45,True,z,all16
CML-1.69-I23,CML-1.69,23,CML-1.69,True,z,all16
CML-1.7522-I23,CML-1.7522,23,CML-1.85,False,z,all16
CML-1.895-I23,CML-1.895,23,CML-1.895,True,z,all16
CML-2-I23,CML-2,23,CML-2,True,z,all16
VAR-legacy-0.95-0.4-I12,VAR-legacy-0.95-0.4,12,VAR-legacy-0.95-0.4,True,z,all16
VAR-legacy-0.2-0.4-I12,VAR-legacy-0.2-0.4,12,VAR-0.2,False,z,all16
VAR-legacy-0.2-0.8-I12,VAR-legacy-0.2-0.8,12,VAR-legacy-0.2-0.4,False,z,all16
CML-1.85-I12,CML-1.85,12,CML-1.85,True,z,all16
Kuramoto-fast-I12,Kuramoto-fast,12,Kuramoto-fast,True,z,all16
Kuramoto-slow-I12,Kuramoto-slow,12,Kuramoto-slow,True,z,all16
Gaussian-noise-I12,Gaussian-noise,12,Gaussian-noise,True,z,all16
Cauchy-noise-I12,Cauchy-noise,12,Cauchy-noise,True,z,all16
Wave-I12,Wave,12,Wave,True,z,all16
VAR-legacy-0.95-0.4-I13,VAR-legacy-0.95-0.4,13,VAR-legacy-0.95-0.4,True,z,all16
VAR-legacy-0.2-0.4-I13,VAR-legacy-0.2-0.4,13,VAR-0.2,False,z,all16
VAR-legacy-0.2-0.8-I13,VAR-legacy-0.2-0.8,13,VAR-legacy-0.2-0.8,True,z,all16
CML-1.85-I13,CML-1.85,13,CML-1.85,True,z,all16
Kuramoto-fast-I13,Kuramoto-fast,13,Kuramoto-fast,True,z,all16
Kuramoto-slow-I13,Kuramoto-slow,13,Kuramoto-slow,True,z,all16
Gaussian-noise-I13,Gaussian-noise,13,Gaussian-noise,True,z,all16
Cauchy-noise-I13,Cauchy-noise,13,Cauchy-noise,True,z,all16
Wave-I13,Wave,13,Wave,True,z,all16
VAR-legacy-0.95-0.4-I14,VAR-legacy-0.95-0.4,14,VAR-legacy-0.95-0.4,True,z,all16
VAR-legacy-0.2-0.4-I14,VAR-legacy-0.2-0.4,14,VAR-legacy-0.2-0.4,True,z,all16
VAR-legacy-0.2-0.8-I14,VAR-legacy-0.2-0.8,14,VAR-legacy-0.2-0.8,True,z,all16
CML-1.85-I14,CML-1.85,14,CML-1.85,True,z,all16
Kuramoto-fast-I14,Kuramoto-fast,14,Kuramoto-fast,True,z,all16
Kuramoto-slow-I14,Kuramoto-slow,14,Kuramoto-slow,True,z,all16
Gaussian-noise-I14,Gaussian-noise,14,Gaussian-noise,True,z,all16
Cauchy-noise-I14,Cauchy-noise,14,Cauchy-noise,True,z,all16
Wave-I14,Wave,14,Wave,True,z,all16
VAR-legacy-0.95-0.4-I15,VAR-legacy-0.95-0.4,15,VAR-legacy-0.95-0.4,True,z,all16
VAR-legacy-0.2-0.4-I15,VAR-legacy-0.2-0.4,15,VAR-legacy-0.2-0.4,True,z,all16
VAR-legacy-0.2-0.8-I15,VAR-legacy-0.2-0.8,15,Gaussian-noise,False,z,all16
CML-1.85-I15,CML-1.85,15,CML-1.85,True,z,all16
Kuramoto-fast-I15,Kuramoto-fast,15,Kuramoto-fast,True,z,all16
Kuramoto-slow-I15,Kuramoto-slow,15,Kuramoto-slow,True,z,all16
Gaussian-noise-I15,Gaussian-noise,15,Gaussian-noise,True,z,all16
Cauchy-noise-I15,Cauchy-noise,15,Cauchy-noise,True,z,all16
Wave-I15,Wave,15,Wave,True,z,all16
VAR-legacy-0.95-0.4-I16,VAR-legacy-0.95-0.4,16,VAR-legacy-0.95-0.4,True,z,all16
VAR-legacy-0.2-0.4-I16,VAR-legacy-0.2-0.4,16,VAR-0.2,False,z,all16
VAR-legacy-0.2-0.8-I16,VAR-legacy-0.2-0.8,16,VAR-legacy-0.2-0.8,True,z,all16
CML-1.85-I16,CML-1.85,16,CML-1.85,True,z,all16
Kuramoto-fast-I16,Kuramoto-fast,16,Kuramoto-fast,True,z,all16
Kuramoto-slow-I16,Kuramoto-slow,16,Kuramoto-slow,True,z,all16
Gaussian-noise-I16,Gaussian-noise,16,Gaussian-noise,True,z,all16
Cauchy-noise-I16,Cauchy-noise,16,Cauchy-noise,True,z,all16
Wave-I16,Wave,16,Wave,True,z,all16
VAR-legacy-0.95-0.4-I17,VAR-legacy-0.95-0.4,17,VAR-legacy-0.95-0.4,True,z,all16
VAR-legacy-0.2-0.4-I17,VAR-legacy-0.2-0.4,17,VAR-0.2,False,z,all16
VAR-legacy-0.2-0.8-I17,VAR-legacy-0.2-0.8,17,VAR-0.2,False,z,all16
CML-1.85-I17,CML-1.85,17,CML-1.85,True,z,all16
Kuramoto-fast-I17,Kuramoto-fast,17,Kuramoto-fast,True,z,all16
Kuramoto-slow-I17,Kuramoto-slow,17,Kuramoto-slow,True,z,all16
Gaussian-noise-I17,Gaussian-noise,17,Gaussian-noise,True,z,all16
Cauchy-noise-I17,Cauchy-noise,17,Cauchy-noise,True,z,all16
Wave-I17,Wave,17,Wave,True,z,all16
VAR-legacy-0.95-0.4-I18,VAR-legacy-0.95-0.4,18,VAR-legacy-0.95-0.4,True,z,all16
VAR-legacy-0.2-0.4-I18,VAR-legacy-0.2-0.4,18,VAR-0.2,False,z,all16
VAR-legacy-0.2-0.8-I18,VAR-legacy-0.2-0.8,18,VAR-legacy-0.2-0.8,True,z,all16
CML-1.85-I18,CML-1.85,18,CML-1.85,True,z,all16
Kuramoto-fast-I18,Kuramoto-fast,18,Kuramoto-fast,True,z,all16
Kuramoto-slow-I18,Kuramoto-slow,18,Kuramoto-slow,True,z,all16
Gaussian-noise-I18,Gaussian-noise,18,Gaussian-noise,True,z,all16
Cauchy-noise-I18,Cauchy-noise,18,Cauchy-noise,True,z,all16
Wave-I18,Wave,18,Wave,True,z,all16
VAR-legacy-0.95-0.4-I19,VAR-legacy-0.95-0.4,19,VAR-legacy-0.95-0.4,True,z,all16
VAR-legacy-0.2-0.4-I19,VAR-legacy-0.2-0.4,19,VAR-legacy-0.2-0.4,True,z,all16
VAR-legacy-0.2-0.8-I19,VAR-legacy-0.2-0.8,19,VAR-legacy-0.2-0.8,True,z,all16
CML-1.85-I19,CML-1.85,19,CML-1.85,True,z,all16
Kuramoto-fast-I19,Kuramoto-fast,19,Kuramoto-fast,True,z,all16
Kuramoto-slow-I19,Kuramoto-slow,19,Kuramoto-slow,True,z,all16
Gaussian-noise-I19,Gaussian-noise,19,Gaussian-noise,True,z,all16
Cauchy-noise-I19,Cauchy-noise,19,Cauchy-noise,True,z,all16
Wave-I19,Wave,19,Wave,True,z,all16
VAR-legacy-0.95-0.4-I20,VAR-legacy-0.95-0.4,20,VAR-legacy-0.95-0.4,True,z,all16
VAR-legacy-0.2-0.4-I20,VAR-legacy-0.2-0.4,20,VAR-legacy-0.2-0.4,True,z,all16
VAR-legacy-0.2-0.8-I20,VAR-legacy-0.2-0.8,20,VAR-legacy-0.2-0.8,True,z,all16
CML-1.85-I20,CML-1.85,20,CML-1.85,True,z,all16
Kuramoto-fast-I20,Kuramoto-fast,20,Kuramoto-fast,True,z,all16
Kuramoto-slow-I20,Kuramoto-slow,20,Kuramoto-slow,True,z,all16
Gaussian-noise-I20,Gaussian-noise,20,Gaussian-noise,True,z,all16
Cauchy-noise-I20,Cauchy-noise,20,Cauchy-noise,True,z,all16
Wave-I20,Wave,20,Wave,True,z,all16
VAR-legacy-0.95-0.4-I21,VAR-legacy-0.95-0.4,21,VAR-legacy-0.95-0.4,True,z,all16
VAR-legacy-0.2-0.4-I21,VAR-legacy-0.2-0.4,21,VAR-legacy-0.2-0.4,True,z,all16
VAR-legacy-0.2-0.8-I21,VAR-legacy-0.2-0.8,21,Gaussian-noise,False,z,all16
CML-1.85-I21,CML-1.85,21,CML-1.895,False,z,all16
Kuramoto-fast-I21,Kuramoto-fast,21,Kuramoto-fast,True,z,all16
Kuramoto-slow-I21,Kuramoto-slow,21,Kuramoto-slow,True,z,all16
Gaussian-noise-I21,Gaussian-noise,21,Gaussian-noise,True,z,all16
Cauchy-noise-I21,Cauchy-noise,21,Cauchy-noise,True,z,all16
Wave-I21,Wave,21,Wave,True,z,all16
VAR-legacy-0.95-0.4-I22,VAR-legacy-0.95-0.4,22,VAR-legacy-0.95-0.4,True,z,all16
VAR-legacy-0.2-0.4-I22,VAR-legacy-0.2-0.4,22,VAR-legacy-0.2-0.4,True,z,all16
VAR-legacy-0.2-0.8-I22,VAR-legacy-0.2-0.8,22,VAR-legacy-0.2-0.4,False,z,all16
CML-1.85-I22,CML-1.85,22,CML-1.85,True,z,all16
Kuramoto-fast-I22,Kuramoto-fast,22,Kuramoto-fast,True,z,all16
Kuramoto-slow-I22,Kuramoto-slow,22,Kuramoto-slow,True,z,all16
Gaussian-noise-I22,Gaussian-noise,22,Gaussian-noise,True,z,all16
Cauchy-noise-I22,Cauchy-noise,22,Cauchy-noise,True,z,all16
Wave-I22,Wave,22,Wave,True,z,all16
VAR-legacy-0.95-0.4-I23,VAR-legacy-0.95-0.4,23,VAR-legacy-0.95-0.4,True,z,all16
VAR-legacy-0.2-0.4-I23,VAR-legacy-0.2-0.4,23,VAR-0.2,False,z,all16
VAR-legacy-0.2-0.8-I23,VAR-legacy-0.2-0.8,23,VAR-0.2,False,z,all16
CML-1.85-I23,CML-1.85,23,CML-1.85,True,z,all16
Kuramoto-fast-I23,Kuramoto-fast,23,Kuramoto-fast,True,z,all16
Kuramoto-slow-I23,Kuramoto-slow,23,Kuramoto-slow,True,z,all16
Gaussian-noise-I23,Gaussian-noise,23,Gaussian-noise,True,z,all16
Cauchy-noise-I23,Cauchy-noise,23,Cauchy-noise,True,z,all16
Wave-I23,Wave,23,Wave,True,z,all16
CML-1.45-I12,CML-1.45,12,CML-1.45,True,z,CML6
CML-1.69-I12,CML-1.69,12,CML-1.69,True,z,CML6
CML-1.7522-I12,CML-1.7522,12,CML-1.7522,True,z,CML6
CML-1.895-I12,CML-1.895,12,CML-1.895,True,z,CML6
CML-2-I12,CML-2,12,CML-2,True,z,CML6
CML-1.45-I13,CML-1.45,13,CML-1.45,True,z,CML6
CML-1.69-I13,CML-1.69,13,CML-1.69,True,z,CML6
CML-1.7522-I13,CML-1.7522,13,CML-1.7522,True,z,CML6
CML-1.895-I13,CML-1.895,13,CML-1.895,True,z,CML6
CML-2-I13,CML-2,13,CML-2,True,z,CML6
CML-1.45-I14,CML-1.45,14,CML-1.45,True,z,CML6
CML-1.69-I14,CML-1.69,14,CML-1.69,True,z,CML6
CML-1.7522-I14,CML-1.7522,14,CML-1.7522,True,z,CML6
CML-1.895-I14,CML-1.895,14,CML-1.895,True,z,CML6
CML-2-I14,CML-2,14,CML-2,True,z,CML6
CML-1.45-I15,CML-1.45,15,CML-1.45,True,z,CML6
CML-1.69-I15,CML-1.69,15,CML-1.69,True,z,CML6
CML-1.7522-I15,CML-1.7522,15,CML-1.7522,True,z,CML6
CML-1.895-I15,CML-1.895,15,CML-1.895,True,z,CML6
CML-2-I15,CML-2,15,CML-2,True,z,CML6
CML-1.45-I16,CML-1.45,16,CML-1.45,True,z,CML6
CML-1.69-I16,CML-1.69,16,CML-1.69,True,z,CML6
CML-1.7522-I16,CML-1.7522,16,CML-1.7522,True,z,CML6
CML-1.895-I16,CML-1.895,16,CML-1.895,True,z,CML6
CML-2-I16,CML-2,16,CML-2,True,z,CML6
CML-1.45-I17,CML-1.45,17,CML-1.45,True,z,CML6
CML-1.69-I17,CML-1.69,17,CML-1.69,True,z,CML6
CML-1.7522-I17,CML-1.7522,17,CML-1.7522,True,z,CML6
CML-1.895-I17,CML-1.895,17,CML-1.85,False,z,CML6
CML-2-I17,CML-2,17,CML-2,True,z,CML6
CML-1.45-I18,CML-1.45,18,CML-1.45,True,z,CML6
CML-1.69-I18,CML-1.69,18,CML-1.69,True,z,CML6
CML-1.7522-I18,CML-1.7522,18,CML-1.7522,True,z,CML6
CML-1.895-I18,CML-1.895,18,CML-1.895,True,z,CML6
CML-2-I18,CML-2,18,CML-2,True,z,CML6
CML-1.45-I19,CML-1.45,19,CML-1.45,True,z,CML6
CML-1.69-I19,CML-1.69,19,CML-1.69,True,z,CML6
CML-1.7522-I19,CML-1.7522,19,CML-1.7522,True,z,CML6
CML-1.895-I19,CML-1.895,19,CML-1.895,True,z,CML6
CML-2-I19,CML-2,19,CML-2,True,z,CML6
CML-1.45-I20,CML-1.45,20,CML-1.45,True,z,CML6
CML-1.69-I20,CML-1.69,20,CML-1.69,True,z,CML6
CML-1.7522-I20,CML-1.7522,20,CML-1.7522,True,z,CML6
CML-1.895-I20,CML-1.895,20,CML-1.895,True,z,CML6
CML-2-I20,CML-2,20,CML-2,True,z,CML6
CML-1.45-I21,CML-1.45,21,CML-1.45,True,z,CML6
CML-1.69-I21,CML-1.69,21,CML-1.69,True,z,CML6
CML-1.7522-I21,CML-1.7522,21,CML-1.7522,True,z,CML6
CML-1.895-I21,CML-1.895,21,CML-1.895,True,z,CML6
CML-2-I21,CML-2,21,CML-2,True,z,CML6
CML-1.45-I22,CML-1.45,22,CML-1.45,True,z,CML6
CML-1.69-I22,CML-1.69,22,CML-1.69,True,z,CML6
CML-1.7522-I22,CML-1.7522,22,CML-1.7522,True,z,CML6
CML-1.895-I22,CML-1.895,22,CML-1.895,True,z,CML6
CML-2-I22,CML-2,22,CML-2,True,z,CML6
CML-1.45-I23,CML-1.45,23,CML-1.45,True,z,CML6
CML-1.69-I23,CML-1.69,23,CML-1.69,True,z,CML6
CML-1.7522-I23,CML-1.7522,23,CML-1.85,False,z,CML6
CML-1.895-I23,CML-1.895,23,CML-1.895,True,z,CML6
CML-2-I23,CML-2,23,CML-2,True,z,CML6
CML-1.85-I12,CML-1.85,12,CML-1.85,True,z,CML6
CML-1.85-I13,CML-1.85,13,CML-1.85,True,z,CML6
CML-1.85-I14,CML-1.85,14,CML-1.85,True,z,CML6
CML-1.85-I15,CML-1.85,15,CML-1.85,True,z,CML6
CML-1.85-I16,CML-1.85,16,CML-1.85,True,z,CML6
CML-1.85-I17,CML-1.85,17,CML-1.85,True,z,CML6
CML-1.85-I18,CML-1.85,18,CML-1.85,True,z,CML6
CML-1.85-I19,CML-1.85,19,CML-1.85,True,z,CML6
CML-1.85-I20,CML-1.85,20,CML-1.85,True,z,CML6
CML-1.85-I21,CML-1.85,21,CML-1.895,False,z,CML6
CML-1.85-I22,CML-1.85,22,CML-1.85,True,z,CML6
CML-1.85-I23,CML-1.85,23,CML-1.85,True,z,CML6
CML-1.45-I12,CML-1.45,12,CML-1.45,True,z,historical14
CML-1.69-I12,CML-1.69,12,CML-1.69,True,z,historical14
CML-1.7522-I12,CML-1.7522,12,CML-1.7522,True,z,historical14
CML-1.895-I12,CML-1.895,12,CML-1.895,True,z,historical14
CML-2-I12,CML-2,12,CML-2,True,z,historical14
CML-1.45-I13,CML-1.45,13,CML-1.45,True,z,historical14
CML-1.69-I13,CML-1.69,13,CML-1.69,True,z,historical14
CML-1.7522-I13,CML-1.7522,13,CML-1.7522,True,z,historical14
CML-1.895-I13,CML-1.895,13,CML-1.895,True,z,historical14
CML-2-I13,CML-2,13,CML-2,True,z,historical14
CML-1.45-I14,CML-1.45,14,CML-1.45,True,z,historical14
CML-1.69-I14,CML-1.69,14,CML-1.69,True,z,historical14
CML-1.7522-I14,CML-1.7522,14,CML-1.7522,True,z,historical14
CML-1.895-I14,CML-1.895,14,CML-1.895,True,z,historical14
CML-2-I14,CML-2,14,CML-2,True,z,historical14
CML-1.45-I15,CML-1.45,15,CML-1.45,True,z,historical14
CML-1.69-I15,CML-1.69,15,CML-1.69,True,z,historical14
CML-1.7522-I15,CML-1.7522,15,CML-1.7522,True,z,historical14
CML-1.895-I15,CML-1.895,15,CML-1.895,True,z,historical14
CML-2-I15,CML-2,15,CML-2,True,z,historical14
CML-1.45-I16,CML-1.45,16,CML-1.45,True,z,historical14
CML-1.69-I16,CML-1.69,16,CML-1.69,True,z,historical14
CML-1.7522-I16,CML-1.7522,16,CML-1.7522,True,z,historical14
CML-1.895-I16,CML-1.895,16,CML-1.895,True,z,historical14
CML-2-I16,CML-2,16,CML-2,True,z,historical14
CML-1.45-I17,CML-1.45,17,CML-1.45,True,z,historical14
CML-1.69-I17,CML-1.69,17,CML-1.69,True,z,historical14
CML-1.7522-I17,CML-1.7522,17,CML-1.7522,True,z,historical14
CML-1.895-I17,CML-1.895,17,CML-1.85,False,z,historical14
CML-2-I17,CML-2,17,CML-2,True,z,historical14
CML-1.45-I18,CML-1.45,18,CML-1.45,True,z,historical14
CML-1.69-I18,CML-1.69,18,CML-1.69,True,z,historical14
CML-1.7522-I18,CML-1.7522,18,CML-1.7522,True,z,historical14
CML-1.895-I18,CML-1.895,18,CML-1.895,True,z,historical14
CML-2-I18,CML-2,18,CML-2,True,z,historical14
CML-1.45-I19,CML-1.45,19,CML-1.45,True,z,historical14
CML-1.69-I19,CML-1.69,19,CML-1.69,True,z,historical14
CML-1.7522-I19,CML-1.7522,19,CML-1.7522,True,z,historical14
CML-1.895-I19,CML-1.895,19,CML-1.895,True,z,historical14
CML-2-I19,CML-2,19,CML-2,True,z,historical14
CML-1.45-I20,CML-1.45,20,CML-1.45,True,z,historical14
CML-1.69-I20,CML-1.69,20,CML-1.69,True,z,historical14
CML-1.7522-I20,CML-1.7522,20,CML-1.7522,True,z,historical14
CML-1.895-I20,CML-1.895,20,CML-1.895,True,z,historical14
CML-2-I20,CML-2,20,CML-2,True,z,historical14
CML-1.45-I21,CML-1.45,21,CML-1.45,True,z,historical14
CML-1.69-I21,CML-1.69,21,CML-1.69,True,z,historical14
CML-1.7522-I21,CML-1.7522,21,CML-1.7522,True,z,historical14
CML-1.895-I21,CML-1.895,21,CML-1.895,True,z,historical14
CML-2-I21,CML-2,21,CML-2,True,z,historical14
CML-1.45-I22,CML-1.45,22,CML-1.45,True,z,historical14
CML-1.69-I22,CML-1.69,22,CML-1.69,True,z,historical14
CML-1.7522-I22,CML-1.7522,22,CML-1.7522,True,z,historical14
CML-1.895-I22,CML-1.895,22,CML-1.895,True,z,historical14
CML-2-I22,CML-2,22,CML-2,True,z,historical14
CML-1.45-I23,CML-1.45,23,CML-1.45,True,z,historical14
CML-1.69-I23,CML-1.69,23,CML-1.69,True,z,historical14
CML-1.7522-I23,CML-1.7522,23,CML-1.85,False,z,historical14
CML-1.895-I23,CML-1.895,23,CML-1.895,True,z,historical14
CML-2-I23,CML-2,23,CML-2,True,z,historical14
VAR-legacy-0.95-0.4-I12,VAR-legacy-0.95-0.4,12,VAR-legacy-0.95-0.4,True,z,historical14
VAR-legacy-0.2-0.4-I12,VAR-legacy-0.2-0.4,12,VAR-legacy-0.2-0.4,True,z,historical14
VAR-legacy-0.2-0.8-I12,VAR-legacy-0.2-0.8,12,VAR-legacy-0.2-0.4,False,z,historical14
CML-1.85-I12,CML-1.85,12,CML-1.85,True,z,historical14
Kuramoto-fast-I12,Kuramoto-fast,12,Kuramoto-fast,True,z,historical14
Kuramoto-slow-I12,Kuramoto-slow,12,Kuramoto-slow,True,z,historical14
Gaussian-noise-I12,Gaussian-noise,12,Gaussian-noise,True,z,historical14
Cauchy-noise-I12,Cauchy-noise,12,Cauchy-noise,True,z,historical14
Wave-I12,Wave,12,Wave,True,z,historical14
VAR-legacy-0.95-0.4-I13,VAR-legacy-0.95-0.4,13,VAR-legacy-0.95-0.4,True,z,historical14
VAR-legacy-0.2-0.4-I13,VAR-legacy-0.2-0.4,13,VAR-legacy-0.2-0.4,True,z,historical14
VAR-legacy-0.2-0.8-I13,VAR-legacy-0.2-0.8,13,VAR-legacy-0.2-0.8,True,z,historical14
CML-1.85-I13,CML-1.85,13,CML-1.85,True,z,historical14
Kuramoto-fast-I13,Kuramoto-fast,13,Kuramoto-fast,True,z,historical14
Kuramoto-slow-I13,Kuramoto-slow,13,Kuramoto-slow,True,z,historical14
Gaussian-noise-I13,Gaussian-noise,13,Gaussian-noise,True,z,historical14
Cauchy-noise-I13,Cauchy-noise,13,Cauchy-noise,True,z,historical14
Wave-I13,Wave,13,Wave,True,z,historical14
VAR-legacy-0.95-0.4-I14,VAR-legacy-0.95-0.4,14,VAR-legacy-0.95-0.4,True,z,historical14
VAR-legacy-0.2-0.4-I14,VAR-legacy-0.2-0.4,14,VAR-legacy-0.2-0.4,True,z,historical14
VAR-legacy-0.2-0.8-I14,VAR-legacy-0.2-0.8,14,VAR-legacy-0.2-0.8,True,z,historical14
CML-1.85-I14,CML-1.85,14,CML-1.85,True,z,historical14
Kuramoto-fast-I14,Kuramoto-fast,14,Kuramoto-fast,True,z,historical14
Kuramoto-slow-I14,Kuramoto-slow,14,Kuramoto-slow,True,z,historical14
Gaussian-noise-I14,Gaussian-noise,14,Gaussian-noise,True,z,historical14
Cauchy-noise-I14,Cauchy-noise,14,Cauchy-noise,True,z,historical14
Wave-I14,Wave,14,Wave,True,z,historical14
VAR-legacy-0.95-0.4-I15,VAR-legacy-0.95-0.4,15,VAR-legacy-0.95-0.4,True,z,historical14
VAR-legacy-0.2-0.4-I15,VAR-legacy-0.2-0.4,15,VAR-legacy-0.2-0.4,True,z,historical14
VAR-legacy-0.2-0.8-I15,VAR-legacy-0.2-0.8,15,Gaussian-noise,False,z,historical14
CML-1.85-I15,CML-1.85,15,CML-1.85,True,z,historical14
Kuramoto-fast-I15,Kuramoto-fast,15,Kuramoto-fast,True,z,historical14
Kuramoto-slow-I15,Kuramoto-slow,15,Kuramoto-slow,True,z,historical14
Gaussian-noise-I15,Gaussian-noise,15,Gaussian-noise,True,z,historical14
Cauchy-noise-I15,Cauchy-noise,15,Cauchy-noise,True,z,historical14
Wave-I15,Wave,15,Wave,True,z,historical14
VAR-legacy-0.95-0.4-I16,VAR-legacy-0.95-0.4,16,VAR-legacy-0.95-0.4,True,z,historical14
VAR-legacy-0.2-0.4-I16,VAR-legacy-0.2-0.4,16,VAR-legacy-0.2-0.4,True,z,historical14
VAR-legacy-0.2-0.8-I16,VAR-legacy-0.2-0.8,16,VAR-legacy-0.2-0.8,True,z,historical14
CML-1.85-I16,CML-1.85,16,CML-1.85,True,z,historical14
Kuramoto-fast-I16,Kuramoto-fast,16,Kuramoto-fast,True,z,historical14
Kuramoto-slow-I16,Kuramoto-slow,16,Kuramoto-slow,True,z,historical14
Gaussian-noise-I16,Gaussian-noise,16,Gaussian-noise,True,z,historical14
Cauchy-noise-I16,Cauchy-noise,16,Cauchy-noise,True,z,historical14
Wave-I16,Wave,16,Wave,True,z,historical14
VAR-legacy-0.95-0.4-I17,VAR-legacy-0.95-0.4,17,VAR-legacy-0.95-0.4,True,z,historical14
VAR-legacy-0.2-0.4-I17,VAR-legacy-0.2-0.4,17,VAR-legacy-0.2-0.4,True,z,historical14
VAR-legacy-0.2-0.8-I17,VAR-legacy-0.2-0.8,17,VAR-legacy-0.2-0.4,False,z,historical14
CML-1.85-I17,CML-1.85,17,CML-1.85,True,z,historical14
Kuramoto-fast-I17,Kuramoto-fast,17,Kuramoto-fast,True,z,historical14
Kuramoto-slow-I17,Kuramoto-slow,17,Kuramoto-slow,True,z,historical14
Gaussian-noise-I17,Gaussian-noise,17,Gaussian-noise,True,z,historical14
Cauchy-noise-I17,Cauchy-noise,17,Cauchy-noise,True,z,historical14
Wave-I17,Wave,17,Wave,True,z,historical14
VAR-legacy-0.95-0.4-I18,VAR-legacy-0.95-0.4,18,VAR-legacy-0.95-0.4,True,z,historical14
VAR-legacy-0.2-0.4-I18,VAR-legacy-0.2-0.4,18,VAR-legacy-0.2-0.4,True,z,historical14
VAR-legacy-0.2-0.8-I18,VAR-legacy-0.2-0.8,18,VAR-legacy-0.2-0.8,True,z,historical14
CML-1.85-I18,CML-1.85,18,CML-1.85,True,z,historical14
Kuramoto-fast-I18,Kuramoto-fast,18,Kuramoto-fast,True,z,historical14
Kuramoto-slow-I18,Kuramoto-slow,18,Kuramoto-slow,True,z,historical14
Gaussian-noise-I18,Gaussian-noise,18,Gaussian-noise,True,z,historical14
Cauchy-noise-I18,Cauchy-noise,18,Cauchy-noise,True,z,historical14
Wave-I18,Wave,18,Wave,True,z,historical14
VAR-legacy-0.95-0.4-I19,VAR-legacy-0.95-0.4,19,VAR-legacy-0.95-0.4,True,z,historical14
VAR-legacy-0.2-0.4-I19,VAR-legacy-0.2-0.4,19,VAR-legacy-0.2-0.4,True,z,historical14
VAR-legacy-0.2-0.8-I19,VAR-legacy-0.2-0.8,19,VAR-legacy-0.2-0.8,True,z,historical14
CML-1.85-I19,CML-1.85,19,CML-1.85,True,z,historical14
Kuramoto-fast-I19,Kuramoto-fast,19,Kuramoto-fast,True,z,historical14
Kuramoto-slow-I19,Kuramoto-slow,19,Kuramoto-slow,True,z,historical14
Gaussian-noise-I19,Gaussian-noise,19,Gaussian-noise,True,z,historical14
Cauchy-noise-I19,Cauchy-noise,19,Cauchy-noise,True,z,historical14
Wave-I19,Wave,19,Wave,True,z,historical14
VAR-legacy-0.95-0.4-I20,VAR-legacy-0.95-0.4,20,VAR-legacy-0.95-0.4,True,z,historical14
VAR-legacy-0.2-0.4-I20,VAR-legacy-0.2-0.4,20,VAR-legacy-0.2-0.4,True,z,historical14
VAR-legacy-0.2-0.8-I20,VAR-legacy-0.2-0.8,20,VAR-legacy-0.2-0.8,True,z,historical14
CML-1.85-I20,CML-1.85,20,CML-1.85,True,z,historical14
Kuramoto-fast-I20,Kuramoto-fast,20,Kuramoto-fast,True,z,historical14
Kuramoto-slow-I20,Kuramoto-slow,20,Kuramoto-slow,True,z,historical14
Gaussian-noise-I20,Gaussian-noise,20,Gaussian-noise,True,z,historical14
Cauchy-noise-I20,Cauchy-noise,20,Cauchy-noise,True,z,historical14
Wave-I20,Wave,20,Wave,True,z,historical14
VAR-legacy-0.95-0.4-I21,VAR-legacy-0.95-0.4,21,VAR-legacy-0.95-0.4,True,z,historical14
VAR-legacy-0.2-0.4-I21,VAR-legacy-0.2-0.4,21,VAR-legacy-0.2-0.4,True,z,historical14
VAR-legacy-0.2-0.8-I21,VAR-legacy-0.2-0.8,21,Gaussian-noise,False,z,historical14
CML-1.85-I21,CML-1.85,21,CML-1.895,False,z,historical14
Kuramoto-fast-I21,Kuramoto-fast,21,Kuramoto-fast,True,z,historical14
Kuramoto-slow-I21,Kuramoto-slow,21,Kuramoto-slow,True,z,historical14
Gaussian-noise-I21,Gaussian-noise,21,Gaussian-noise,True,z,historical14
Cauchy-noise-I21,Cauchy-noise,21,Cauchy-noise,True,z,historical14
Wave-I21,Wave,21,Wave,True,z,historical14
VAR-legacy-0.95-0.4-I22,VAR-legacy-0.95-0.4,22,VAR-legacy-0.95-0.4,True,z,historical14
VAR-legacy-0.2-0.4-I22,VAR-legacy-0.2-0.4,22,VAR-legacy-0.2-0.4,True,z,historical14
VAR-legacy-0.2-0.8-I22,VAR-legacy-0.2-0.8,22,VAR-legacy-0.2-0.4,False,z,historical14
CML-1.85-I22,CML-1.85,22,CML-1.85,True,z,historical14
Kuramoto-fast-I22,Kuramoto-fast,22,Kuramoto-fast,True,z,historical14
Kuramoto-slow-I22,Kuramoto-slow,22,Kuramoto-slow,True,z,historical14
Gaussian-noise-I22,Gaussian-noise,22,Gaussian-noise,True,z,historical14
Cauchy-noise-I22,Cauchy-noise,22,Cauchy-noise,True,z,historical14
Wave-I22,Wave,22,Wave,True,z,historical14
VAR-legacy-0.95-0.4-I23,VAR-legacy-0.95-0.4,23,VAR-legacy-0.95-0.4,True,z,historical14
VAR-legacy-0.2-0.4-I23,VAR-legacy-0.2-0.4,23,VAR-legacy-0.2-0.4,True,z,historical14
VAR-legacy-0.2-0.8-I23,VAR-legacy-0.2-0.8,23,VAR-legacy-0.2-0.4,False,z,historical14
CML-1.85-I23,CML-1.85,23,CML-1.85,True,z,historical14
Kuramoto-fast-I23,Kuramoto-fast,23,Kuramoto-fast,True,z,historical14
Kuramoto-slow-I23,Kuramoto-slow,23,Kuramoto-slow,True,z,historical14
Gaussian-noise-I23,Gaussian-noise,23,Gaussian-noise,True,z,historical14
Cauchy-noise-I23,Cauchy-noise,23,Cauchy-noise,True,z,historical14
Wave-I23,Wave,23,Wave,True,z,historical14
VAR-0.2-I12,VAR-0.2,12,VAR-0.2,True,z,coupled14
VAR-0.7-I12,VAR-0.7,12,VAR-0.7,True,z,coupled14
CML-1.45-I12,CML-1.45,12,CML-1.45,True,z,coupled14
CML-1.69-I12,CML-1.69,12,CML-1.69,True,z,coupled14
CML-1.7522-I12,CML-1.7522,12,CML-1.7522,True,z,coupled14
CML-1.895-I12,CML-1.895,12,CML-1.895,True,z,coupled14
CML-2-I12,CML-2,12,CML-2,True,z,coupled14
VAR-0.2-I13,VAR-0.2,13,VAR-0.2,True,z,coupled14
VAR-0.7-I13,VAR-0.7,13,VAR-0.7,True,z,coupled14
CML-1.45-I13,CML-1.45,13,CML-1.45,True,z,coupled14
CML-1.69-I13,CML-1.69,13,CML-1.69,True,z,coupled14
CML-1.7522-I13,CML-1.7522,13,CML-1.7522,True,z,coupled14
CML-1.895-I13,CML-1.895,13,CML-1.895,True,z,coupled14
CML-2-I13,CML-2,13,CML-2,True,z,coupled14
VAR-0.2-I14,VAR-0.2,14,VAR-legacy-0.2-0.4,False,z,coupled14
VAR-0.7-I14,VAR-0.7,14,VAR-0.7,True,z,coupled14
CML-1.45-I14,CML-1.45,14,CML-1.45,True,z,coupled14
CML-1.69-I14,CML-1.69,14,CML-1.69,True,z,coupled14
CML-1.7522-I14,CML-1.7522,14,CML-1.7522,True,z,coupled14
CML-1.895-I14,CML-1.895,14,CML-1.895,True,z,coupled14
CML-2-I14,CML-2,14,CML-2,True,z,coupled14
VAR-0.2-I15,VAR-0.2,15,VAR-legacy-0.2-0.4,False,z,coupled14
VAR-0.7-I15,VAR-0.7,15,VAR-0.7,True,z,coupled14
CML-1.45-I15,CML-1.45,15,CML-1.45,True,z,coupled14
CML-1.69-I15,CML-1.69,15,CML-1.69,True,z,coupled14
CML-1.7522-I15,CML-1.7522,15,CML-1.7522,True,z,coupled14
CML-1.895-I15,CML-1.895,15,CML-1.895,True,z,coupled14
CML-2-I15,CML-2,15,CML-2,True,z,coupled14
VAR-0.2-I16,VAR-0.2,16,VAR-0.2,True,z,coupled14
VAR-0.7-I16,VAR-0.7,16,VAR-0.7,True,z,coupled14
CML-1.45-I16,CML-1.45,16,CML-1.45,True,z,coupled14
CML-1.69-I16,CML-1.69,16,CML-1.69,True,z,coupled14
CML-1.7522-I16,CML-1.7522,16,CML-1.7522,True,z,coupled14
CML-1.895-I16,CML-1.895,16,CML-1.895,True,z,coupled14
CML-2-I16,CML-2,16,CML-2,True,z,coupled14
VAR-0.2-I17,VAR-0.2,17,VAR-0.2,True,z,coupled14
VAR-0.7-I17,VAR-0.7,17,VAR-0.7,True,z,coupled14
CML-1.45-I17,CML-1.45,17,CML-1.45,True,z,coupled14
CML-1.69-I17,CML-1.69,17,CML-1.69,True,z,coupled14
CML-1.7522-I17,CML-1.7522,17,CML-1.7522,True,z,coupled14
CML-1.895-I17,CML-1.895,17,CML-1.85,False,z,coupled14
CML-2-I17,CML-2,17,CML-2,True,z,coupled14
VAR-0.2-I18,VAR-0.2,18,VAR-0.2,True,z,coupled14
VAR-0.7-I18,VAR-0.7,18,VAR-0.7,True,z,coupled14
CML-1.45-I18,CML-1.45,18,CML-1.45,True,z,coupled14
CML-1.69-I18,CML-1.69,18,CML-1.69,True,z,coupled14
CML-1.7522-I18,CML-1.7522,18,CML-1.7522,True,z,coupled14
CML-1.895-I18,CML-1.895,18,CML-1.895,True,z,coupled14
CML-2-I18,CML-2,18,CML-2,True,z,coupled14
VAR-0.2-I19,VAR-0.2,19,VAR-legacy-0.2-0.4,False,z,coupled14
VAR-0.7-I19,VAR-0.7,19,VAR-0.7,True,z,coupled14
CML-1.45-I19,CML-1.45,19,CML-1.45,True,z,coupled14
CML-1.69-I19,CML-1.69,19,CML-1.69,True,z,coupled14
CML-1.7522-I19,CML-1.7522,19,CML-1.7522,True,z,coupled14
CML-1.895-I19,CML-1.895,19,CML-1.895,True,z,coupled14
CML-2-I19,CML-2,19,CML-2,True,z,coupled14
VAR-0.2-I20,VAR-0.2,20,VAR-legacy-0.2-0.4,False,z,coupled14
VAR-0.7-I20,VAR-0.7,20,VAR-0.7,True,z,coupled14
CML-1.45-I20,CML-1.45,20,CML-1.45,True,z,coupled14
CML-1.69-I20,CML-1.69,20,CML-1.69,True,z,coupled14
CML-1.7522-I20,CML-1.7522,20,CML-1.7522,True,z,coupled14
CML-1.895-I20,CML-1.895,20,CML-1.895,True,z,coupled14
CML-2-I20,CML-2,20,CML-2,True,z,coupled14
VAR-0.2-I21,VAR-0.2,21,VAR-legacy-0.2-0.4,False,z,coupled14
VAR-0.7-I21,VAR-0.7,21,VAR-0.7,True,z,coupled14
CML-1.45-I21,CML-1.45,21,CML-1.45,True,z,coupled14
CML-1.69-I21,CML-1.69,21,CML-1.69,True,z,coupled14
CML-1.7522-I21,CML-1.7522,21,CML-1.7522,True,z,coupled14
CML-1.895-I21,CML-1.895,21,CML-1.895,True,z,coupled14
CML-2-I21,CML-2,21,CML-2,True,z,coupled14
VAR-0.2-I22,VAR-0.2,22,VAR-0.2,True,z,coupled14
VAR-0.7-I22,VAR-0.7,22,VAR-0.7,True,z,coupled14
CML-1.45-I22,CML-1.45,22,CML-1.45,True,z,coupled14
CML-1.69-I22,CML-1.69,22,CML-1.69,True,z,coupled14
CML-1.7522-I22,CML-1.7522,22,CML-1.7522,True,z,coupled14
CML-1.895-I22,CML-1.895,22,CML-1.895,True,z,coupled14
CML-2-I22,CML-2,22,CML-2,True,z,coupled14
VAR-0.2-I23,VAR-0.2,23,VAR-0.2,True,z,coupled14
VAR-0.7-I23,VAR-0.7,23,VAR-0.7,True,z,coupled14
CML-1.45-I23,CML-1.45,23,CML-1.45,True,z,coupled14
CML-1.69-I23,CML-1.69,23,CML-1.69,True,z,coupled14
CML-1.7522-I23,CML-1.7522,23,CML-1.85,False,z,coupled14
CML-1.895-I23,CML-1.895,23,CML-1.895,True,z,coupled14
CML-2-I23,CML-2,23,CML-2,True,z,coupled14
VAR-legacy-0.95-0.4-I12,VAR-legacy-0.95-0.4,12,VAR-legacy-0.95-0.4,True,z,coupled14
VAR-legacy-0.2-0.4-I12,VAR-legacy-0.2-0.4,12,VAR-0.2,False,z,coupled14
VAR-legacy-0.2-0.8-I12,VAR-legacy-0.2-0.8,12,VAR-legacy-0.2-0.4,False,z,coupled14
CML-1.85-I12,CML-1.85,12,CML-1.85,True,z,coupled14
Kuramoto-fast-I12,Kuramoto-fast,12,Kuramoto-fast,True,z,coupled14
Kuramoto-slow-I12,Kuramoto-slow,12,Kuramoto-slow,True,z,coupled14
Wave-I12,Wave,12,Wave,True,z,coupled14
VAR-legacy-0.95-0.4-I13,VAR-legacy-0.95-0.4,13,VAR-legacy-0.95-0.4,True,z,coupled14
VAR-legacy-0.2-0.4-I13,VAR-legacy-0.2-0.4,13,VAR-0.2,False,z,coupled14
VAR-legacy-0.2-0.8-I13,VAR-legacy-0.2-0.8,13,VAR-legacy-0.2-0.8,True,z,coupled14
CML-1.85-I13,CML-1.85,13,CML-1.85,True,z,coupled14
Kuramoto-fast-I13,Kuramoto-fast,13,Kuramoto-fast,True,z,coupled14
Kuramoto-slow-I13,Kuramoto-slow,13,Kuramoto-slow,True,z,coupled14
Wave-I13,Wave,13,Wave,True,z,coupled14
VAR-legacy-0.95-0.4-I14,VAR-legacy-0.95-0.4,14,VAR-legacy-0.95-0.4,True,z,coupled14
VAR-legacy-0.2-0.4-I14,VAR-legacy-0.2-0.4,14,VAR-legacy-0.2-0.4,True,z,coupled14
VAR-legacy-0.2-0.8-I14,VAR-legacy-0.2-0.8,14,VAR-legacy-0.2-0.8,True,z,coupled14
CML-1.85-I14,CML-1.85,14,CML-1.85,True,z,coupled14
Kuramoto-fast-I14,Kuramoto-fast,14,Kuramoto-fast,True,z,coupled14
Kuramoto-slow-I14,Kuramoto-slow,14,Kuramoto-slow,True,z,coupled14
Wave-I14,Wave,14,Wave,True,z,coupled14
VAR-legacy-0.95-0.4-I15,VAR-legacy-0.95-0.4,15,VAR-legacy-0.95-0.4,True,z,coupled14
VAR-legacy-0.2-0.4-I15,VAR-legacy-0.2-0.4,15,VAR-legacy-0.2-0.4,True,z,coupled14
VAR-legacy-0.2-0.8-I15,VAR-legacy-0.2-0.8,15,VAR-legacy-0.2-0.8,True,z,coupled14
CML-1.85-I15,CML-1.85,15,CML-1.85,True,z,coupled14
Kuramoto-fast-I15,Kuramoto-fast,15,Kuramoto-fast,True,z,coupled14
Kuramoto-slow-I15,Kuramoto-slow,15,Kuramoto-slow,True,z,coupled14
Wave-I15,Wave,15,Wave,True,z,coupled14
VAR-legacy-0.95-0.4-I16,VAR-legacy-0.95-0.4,16,VAR-legacy-0.95-0.4,True,z,coupled14
VAR-legacy-0.2-0.4-I16,VAR-legacy-0.2-0.4,16,VAR-0.2,False,z,coupled14
VAR-legacy-0.2-0.8-I16,VAR-legacy-0.2-0.8,16,VAR-legacy-0.2-0.8,True,z,coupled14
CML-1.85-I16,CML-1.85,16,CML-1.85,True,z,coupled14
Kuramoto-fast-I16,Kuramoto-fast,16,Kuramoto-fast,True,z,coupled14
Kuramoto-slow-I16,Kuramoto-slow,16,Kuramoto-slow,True,z,coupled14
Wave-I16,Wave,16,Wave,True,z,coupled14
VAR-legacy-0.95-0.4-I17,VAR-legacy-0.95-0.4,17,VAR-legacy-0.95-0.4,True,z,coupled14
VAR-legacy-0.2-0.4-I17,VAR-legacy-0.2-0.4,17,VAR-0.2,False,z,coupled14
VAR-legacy-0.2-0.8-I17,VAR-legacy-0.2-0.8,17,VAR-0.2,False,z,coupled14
CML-1.85-I17,CML-1.85,17,CML-1.85,True,z,coupled14
Kuramoto-fast-I17,Kuramoto-fast,17,Kuramoto-fast,True,z,coupled14
Kuramoto-slow-I17,Kuramoto-slow,17,Kuramoto-slow,True,z,coupled14
Wave-I17,Wave,17,Wave,True,z,coupled14
VAR-legacy-0.95-0.4-I18,VAR-legacy-0.95-0.4,18,VAR-legacy-0.95-0.4,True,z,coupled14
VAR-legacy-0.2-0.4-I18,VAR-legacy-0.2-0.4,18,VAR-0.2,False,z,coupled14
VAR-legacy-0.2-0.8-I18,VAR-legacy-0.2-0.8,18,VAR-legacy-0.2-0.8,True,z,coupled14
CML-1.85-I18,CML-1.85,18,CML-1.85,True,z,coupled14
Kuramoto-fast-I18,Kuramoto-fast,18,Kuramoto-fast,True,z,coupled14
Kuramoto-slow-I18,Kuramoto-slow,18,Kuramoto-slow,True,z,coupled14
Wave-I18,Wave,18,Wave,True,z,coupled14
VAR-legacy-0.95-0.4-I19,VAR-legacy-0.95-0.4,19,VAR-legacy-0.95-0.4,True,z,coupled14
VAR-legacy-0.2-0.4-I19,VAR-legacy-0.2-0.4,19,VAR-legacy-0.2-0.4,True,z,coupled14
VAR-legacy-0.2-0.8-I19,VAR-legacy-0.2-0.8,19,VAR-legacy-0.2-0.8,True,z,coupled14
CML-1.85-I19,CML-1.85,19,CML-1.85,True,z,coupled14
Kuramoto-fast-I19,Kuramoto-fast,19,Kuramoto-fast,True,z,coupled14
Kuramoto-slow-I19,Kuramoto-slow,19,Kuramoto-slow,True,z,coupled14
Wave-I19,Wave,19,Wave,True,z,coupled14
VAR-legacy-0.95-0.4-I20,VAR-legacy-0.95-0.4,20,VAR-legacy-0.95-0.4,True,z,coupled14
VAR-legacy-0.2-0.4-I20,VAR-legacy-0.2-0.4,20,VAR-legacy-0.2-0.4,True,z,coupled14
VAR-legacy-0.2-0.8-I20,VAR-legacy-0.2-0.8,20,VAR-legacy-0.2-0.8,True,z,coupled14
CML-1.85-I20,CML-1.85,20,CML-1.85,True,z,coupled14
Kuramoto-fast-I20,Kuramoto-fast,20,Kuramoto-fast,True,z,coupled14
Kuramoto-slow-I20,Kuramoto-slow,20,Kuramoto-slow,True,z,coupled14
Wave-I20,Wave,20,Wave,True,z,coupled14
VAR-legacy-0.95-0.4-I21,VAR-legacy-0.95-0.4,21,VAR-legacy-0.95-0.4,True,z,coupled14
VAR-legacy-0.2-0.4-I21,VAR-legacy-0.2-0.4,21,VAR-legacy-0.2-0.4,True,z,coupled14
VAR-legacy-0.2-0.8-I21,VAR-legacy-0.2-0.8,21,VAR-legacy-0.2-0.8,True,z,coupled14
CML-1.85-I21,CML-1.85,21,CML-1.895,False,z,coupled14
Kuramoto-fast-I21,Kuramoto-fast,21,Kuramoto-fast,True,z,coupled14
Kuramoto-slow-I21,Kuramoto-slow,21,Kuramoto-slow,True,z,coupled14
Wave-I21,Wave,21,Wave,True,z,coupled14
VAR-legacy-0.95-0.4-I22,VAR-legacy-0.95-0.4,22,VAR-legacy-0.95-0.4,True,z,coupled14
VAR-legacy-0.2-0.4-I22,VAR-legacy-0.2-0.4,22,VAR-0.2,False,z,coupled14
VAR-legacy-0.2-0.8-I22,VAR-legacy-0.2-0.8,22,VAR-legacy-0.2-0.8,True,z,coupled14
CML-1.85-I22,CML-1.85,22,CML-1.85,True,z,coupled14
Kuramoto-fast-I22,Kuramoto-fast,22,Kuramoto-fast,True,z,coupled14
Kuramoto-slow-I22,Kuramoto-slow,22,Kuramoto-slow,True,z,coupled14
Wave-I22,Wave,22,Wave,True,z,coupled14
VAR-legacy-0.95-0.4-I23,VAR-legacy-0.95-0.4,23,VAR-legacy-0.95-0.4,True,z,coupled14
VAR-legacy-0.2-0.4-I23,VAR-legacy-0.2-0.4,23,VAR-0.2,False,z,coupled14
VAR-legacy-0.2-0.8-I23,VAR-legacy-0.2-0.8,23,VAR-legacy-0.2-0.4,False,z,coupled14
CML-1.85-I23,CML-1.85,23,CML-1.85,True,z,coupled14
Kuramoto-fast-I23,Kuramoto-fast,23,Kuramoto-fast,True,z,coupled14
Kuramoto-slow-I23,Kuramoto-slow,23,Kuramoto-slow,True,z,coupled14
Wave-I23,Wave,23,Wave,True,z,coupled14
VAR-0.2-I12,VAR-0.2,12,CML-2,False,validity,all16
VAR-0.7-I12,VAR-0.7,12,CML-2,False,validity,all16
CML-1.45-I12,CML-1.45,12,CML-1.69,False,validity,all16
CML-1.69-I12,CML-1.69,12,CML-1.45,False,validity,all16
CML-1.7522-I12,CML-1.7522,12,CML-1.45,False,validity,all16
CML-1.895-I12,CML-1.895,12,CML-1.85,False,validity,all16
CML-2-I12,CML-2,12,CML-2,True,validity,all16
VAR-0.2-I13,VAR-0.2,13,CML-2,False,validity,all16
VAR-0.7-I13,VAR-0.7,13,CML-2,False,validity,all16
CML-1.45-I13,CML-1.45,13,CML-1.45,True,validity,all16
CML-1.69-I13,CML-1.69,13,CML-1.7522,False,validity,all16
CML-1.7522-I13,CML-1.7522,13,CML-1.7522,True,validity,all16
CML-1.895-I13,CML-1.895,13,CML-1.895,True,validity,all16
CML-2-I13,CML-2,13,CML-2,True,validity,all16
VAR-0.2-I14,VAR-0.2,14,CML-2,False,validity,all16
VAR-0.7-I14,VAR-0.7,14,CML-2,False,validity,all16
CML-1.45-I14,CML-1.45,14,CML-1.45,True,validity,all16
CML-1.69-I14,CML-1.69,14,CML-1.45,False,validity,all16
CML-1.7522-I14,CML-1.7522,14,CML-1.69,False,validity,all16
CML-1.895-I14,CML-1.895,14,CML-1.895,True,validity,all16
CML-2-I14,CML-2,14,CML-2,True,validity,all16
VAR-0.2-I15,VAR-0.2,15,CML-2,False,validity,all16
VAR-0.7-I15,VAR-0.7,15,CML-2,False,validity,all16
CML-1.45-I15,CML-1.45,15,CML-1.85,False,validity,all16
CML-1.69-I15,CML-1.69,15,CML-1.69,True,validity,all16
CML-1.7522-I15,CML-1.7522,15,CML-1.7522,True,validity,all16
CML-1.895-I15,CML-1.895,15,CML-1.895,True,validity,all16
CML-2-I15,CML-2,15,CML-2,True,validity,all16
VAR-0.2-I16,VAR-0.2,16,CML-2,False,validity,all16
VAR-0.7-I16,VAR-0.7,16,CML-2,False,validity,all16
CML-1.45-I16,CML-1.45,16,CML-1.895,False,validity,all16
CML-1.69-I16,CML-1.69,16,CML-1.45,False,validity,all16
CML-1.7522-I16,CML-1.7522,16,CML-1.7522,True,validity,all16
CML-1.895-I16,CML-1.895,16,CML-1.895,True,validity,all16
CML-2-I16,CML-2,16,CML-2,True,validity,all16
VAR-0.2-I17,VAR-0.2,17,CML-2,False,validity,all16
VAR-0.7-I17,VAR-0.7,17,CML-2,False,validity,all16
CML-1.45-I17,CML-1.45,17,CML-1.45,True,validity,all16
CML-1.69-I17,CML-1.69,17,CML-1.45,False,validity,all16
CML-1.7522-I17,CML-1.7522,17,CML-1.45,False,validity,all16
CML-1.895-I17,CML-1.895,17,CML-1.85,False,validity,all16
CML-2-I17,CML-2,17,CML-2,True,validity,all16
VAR-0.2-I18,VAR-0.2,18,CML-2,False,validity,all16
VAR-0.7-I18,VAR-0.7,18,CML-2,False,validity,all16
CML-1.45-I18,CML-1.45,18,CML-1.69,False,validity,all16
CML-1.69-I18,CML-1.69,18,CML-1.45,False,validity,all16
CML-1.7522-I18,CML-1.7522,18,CML-1.45,False,validity,all16
CML-1.895-I18,CML-1.895,18,CML-1.895,True,validity,all16
CML-2-I18,CML-2,18,CML-2,True,validity,all16
VAR-0.2-I19,VAR-0.2,19,CML-2,False,validity,all16
VAR-0.7-I19,VAR-0.7,19,CML-2,False,validity,all16
CML-1.45-I19,CML-1.45,19,CML-1.45,True,validity,all16
CML-1.69-I19,CML-1.69,19,CML-1.69,True,validity,all16
CML-1.7522-I19,CML-1.7522,19,CML-1.7522,True,validity,all16
CML-1.895-I19,CML-1.895,19,CML-1.69,False,validity,all16
CML-2-I19,CML-2,19,CML-2,True,validity,all16
VAR-0.2-I20,VAR-0.2,20,CML-2,False,validity,all16
VAR-0.7-I20,VAR-0.7,20,CML-2,False,validity,all16
CML-1.45-I20,CML-1.45,20,CML-1.69,False,validity,all16
CML-1.69-I20,CML-1.69,20,CML-1.69,True,validity,all16
CML-1.7522-I20,CML-1.7522,20,CML-1.7522,True,validity,all16
CML-1.895-I20,CML-1.895,20,CML-1.85,False,validity,all16
CML-2-I20,CML-2,20,CML-2,True,validity,all16
VAR-0.2-I21,VAR-0.2,21,CML-2,False,validity,all16
VAR-0.7-I21,VAR-0.7,21,CML-2,False,validity,all16
CML-1.45-I21,CML-1.45,21,CML-1.45,True,validity,all16
CML-1.69-I21,CML-1.69,21,CML-1.45,False,validity,all16
CML-1.7522-I21,CML-1.7522,21,CML-1.7522,True,validity,all16
CML-1.895-I21,CML-1.895,21,CML-1.85,False,validity,all16
CML-2-I21,CML-2,21,CML-2,True,validity,all16
VAR-0.2-I22,VAR-0.2,22,CML-2,False,validity,all16
VAR-0.7-I22,VAR-0.7,22,CML-2,False,validity,all16
CML-1.45-I22,CML-1.45,22,CML-1.45,True,validity,all16
CML-1.69-I22,CML-1.69,22,CML-1.45,False,validity,all16
CML-1.7522-I22,CML-1.7522,22,CML-1.7522,True,validity,all16
CML-1.895-I22,CML-1.895,22,CML-1.85,False,validity,all16
CML-2-I22,CML-2,22,CML-2,True,validity,all16
VAR-0.2-I23,VAR-0.2,23,CML-2,False,validity,all16
VAR-0.7-I23,VAR-0.7,23,CML-2,False,validity,all16
CML-1.45-I23,CML-1.45,23,CML-1.45,True,validity,all16
CML-1.69-I23,CML-1.69,23,CML-1.45,False,validity,all16
CML-1.7522-I23,CML-1.7522,23,CML-1.69,False,validity,all16
CML-1.895-I23,CML-1.895,23,CML-1.895,True,validity,all16
CML-2-I23,CML-2,23,CML-2,True,validity,all16
VAR-legacy-0.95-0.4-I12,VAR-legacy-0.95-0.4,12,CML-2,False,validity,all16
VAR-legacy-0.2-0.4-I12,VAR-legacy-0.2-0.4,12,CML-2,False,validity,all16
VAR-legacy-0.2-0.8-I12,VAR-legacy-0.2-0.8,12,CML-2,False,validity,all16
CML-1.85-I12,CML-1.85,12,CML-1.895,False,validity,all16
Kuramoto-fast-I12,Kuramoto-fast,12,Kuramoto-fast,True,validity,all16
Kuramoto-slow-I12,Kuramoto-slow,12,Kuramoto-slow,True,validity,all16
Gaussian-noise-I12,Gaussian-noise,12,CML-2,False,validity,all16
Cauchy-noise-I12,Cauchy-noise,12,CML-2,False,validity,all16
Wave-I12,Wave,12,Wave,True,validity,all16
VAR-legacy-0.95-0.4-I13,VAR-legacy-0.95-0.4,13,CML-2,False,validity,all16
VAR-legacy-0.2-0.4-I13,VAR-legacy-0.2-0.4,13,CML-2,False,validity,all16
VAR-legacy-0.2-0.8-I13,VAR-legacy-0.2-0.8,13,CML-2,False,validity,all16
CML-1.85-I13,CML-1.85,13,CML-1.85,True,validity,all16
Kuramoto-fast-I13,Kuramoto-fast,13,Kuramoto-fast,True,validity,all16
Kuramoto-slow-I13,Kuramoto-slow,13,Kuramoto-slow,True,validity,all16
Gaussian-noise-I13,Gaussian-noise,13,CML-2,False,validity,all16
Cauchy-noise-I13,Cauchy-noise,13,CML-2,False,validity,all16
Wave-I13,Wave,13,Wave,True,validity,all16
VAR-legacy-0.95-0.4-I14,VAR-legacy-0.95-0.4,14,CML-2,False,validity,all16
VAR-legacy-0.2-0.4-I14,VAR-legacy-0.2-0.4,14,CML-2,False,validity,all16
VAR-legacy-0.2-0.8-I14,VAR-legacy-0.2-0.8,14,CML-2,False,validity,all16
CML-1.85-I14,CML-1.85,14,CML-1.85,True,validity,all16
Kuramoto-fast-I14,Kuramoto-fast,14,Kuramoto-fast,True,validity,all16
Kuramoto-slow-I14,Kuramoto-slow,14,Kuramoto-slow,True,validity,all16
Gaussian-noise-I14,Gaussian-noise,14,CML-2,False,validity,all16
Cauchy-noise-I14,Cauchy-noise,14,CML-2,False,validity,all16
Wave-I14,Wave,14,Wave,True,validity,all16
VAR-legacy-0.95-0.4-I15,VAR-legacy-0.95-0.4,15,CML-2,False,validity,all16
VAR-legacy-0.2-0.4-I15,VAR-legacy-0.2-0.4,15,CML-2,False,validity,all16
VAR-legacy-0.2-0.8-I15,VAR-legacy-0.2-0.8,15,CML-2,False,validity,all16
CML-1.85-I15,CML-1.85,15,CML-1.85,True,validity,all16
Kuramoto-fast-I15,Kuramoto-fast,15,Kuramoto-fast,True,validity,all16
Kuramoto-slow-I15,Kuramoto-slow,15,Kuramoto-slow,True,validity,all16
Gaussian-noise-I15,Gaussian-noise,15,CML-2,False,validity,all16
Cauchy-noise-I15,Cauchy-noise,15,CML-2,False,validity,all16
Wave-I15,Wave,15,Wave,True,validity,all16
VAR-legacy-0.95-0.4-I16,VAR-legacy-0.95-0.4,16,CML-2,False,validity,all16
VAR-legacy-0.2-0.4-I16,VAR-legacy-0.2-0.4,16,CML-2,False,validity,all16
VAR-legacy-0.2-0.8-I16,VAR-legacy-0.2-0.8,16,CML-2,False,validity,all16
CML-1.85-I16,CML-1.85,16,CML-1.85,True,validity,all16
Kuramoto-fast-I16,Kuramoto-fast,16,Kuramoto-fast,True,validity,all16
Kuramoto-slow-I16,Kuramoto-slow,16,Kuramoto-slow,True,validity,all16
Gaussian-noise-I16,Gaussian-noise,16,CML-2,False,validity,all16
Cauchy-noise-I16,Cauchy-noise,16,CML-2,False,validity,all16
Wave-I16,Wave,16,Wave,True,validity,all16
VAR-legacy-0.95-0.4-I17,VAR-legacy-0.95-0.4,17,CML-2,False,validity,all16
VAR-legacy-0.2-0.4-I17,VAR-legacy-0.2-0.4,17,CML-2,False,validity,all16
VAR-legacy-0.2-0.8-I17,VAR-legacy-0.2-0.8,17,CML-2,False,validity,all16
CML-1.85-I17,CML-1.85,17,CML-1.895,False,validity,all16
Kuramoto-fast-I17,Kuramoto-fast,17,Kuramoto-fast,True,validity,all16
Kuramoto-slow-I17,Kuramoto-slow,17,Kuramoto-slow,True,validity,all16
Gaussian-noise-I17,Gaussian-noise,17,CML-2,False,validity,all16
Cauchy-noise-I17,Cauchy-noise,17,CML-2,False,validity,all16
Wave-I17,Wave,17,Wave,True,validity,all16
VAR-legacy-0.95-0.4-I18,VAR-legacy-0.95-0.4,18,CML-2,False,validity,all16
VAR-legacy-0.2-0.4-I18,VAR-legacy-0.2-0.4,18,CML-2,False,validity,all16
VAR-legacy-0.2-0.8-I18,VAR-legacy-0.2-0.8,18,CML-2,False,validity,all16
CML-1.85-I18,CML-1.85,18,CML-1.85,True,validity,all16
Kuramoto-fast-I18,Kuramoto-fast,18,Kuramoto-fast,True,validity,all16
Kuramoto-slow-I18,Kuramoto-slow,18,Kuramoto-slow,True,validity,all16
Gaussian-noise-I18,Gaussian-noise,18,CML-2,False,validity,all16
Cauchy-noise-I18,Cauchy-noise,18,CML-2,False,validity,all16
Wave-I18,Wave,18,Wave,True,validity,all16
VAR-legacy-0.95-0.4-I19,VAR-legacy-0.95-0.4,19,CML-2,False,validity,all16
VAR-legacy-0.2-0.4-I19,VAR-legacy-0.2-0.4,19,CML-2,False,validity,all16
VAR-legacy-0.2-0.8-I19,VAR-legacy-0.2-0.8,19,CML-2,False,validity,all16
CML-1.85-I19,CML-1.85,19,CML-1.895,False,validity,all16
Kuramoto-fast-I19,Kuramoto-fast,19,Kuramoto-fast,True,validity,all16
Kuramoto-slow-I19,Kuramoto-slow,19,Kuramoto-slow,True,validity,all16
Gaussian-noise-I19,Gaussian-noise,19,CML-2,False,validity,all16
Cauchy-noise-I19,Cauchy-noise,19,CML-2,False,validity,all16
Wave-I19,Wave,19,Wave,True,validity,all16
VAR-legacy-0.95-0.4-I20,VAR-legacy-0.95-0.4,20,CML-2,False,validity,all16
VAR-legacy-0.2-0.4-I20,VAR-legacy-0.2-0.4,20,CML-2,False,validity,all16
VAR-legacy-0.2-0.8-I20,VAR-legacy-0.2-0.8,20,CML-2,False,validity,all16
CML-1.85-I20,CML-1.85,20,CML-1.85,True,validity,all16
Kuramoto-fast-I20,Kuramoto-fast,20,Wave,False,validity,all16
Kuramoto-slow-I20,Kuramoto-slow,20,Kuramoto-slow,True,validity,all16
Gaussian-noise-I20,Gaussian-noise,20,CML-2,False,validity,all16
Cauchy-noise-I20,Cauchy-noise,20,CML-2,False,validity,all16
Wave-I20,Wave,20,Wave,True,validity,all16
VAR-legacy-0.95-0.4-I21,VAR-legacy-0.95-0.4,21,CML-2,False,validity,all16
VAR-legacy-0.2-0.4-I21,VAR-legacy-0.2-0.4,21,CML-2,False,validity,all16
VAR-legacy-0.2-0.8-I21,VAR-legacy-0.2-0.8,21,CML-2,False,validity,all16
CML-1.85-I21,CML-1.85,21,CML-1.85,True,validity,all16
Kuramoto-fast-I21,Kuramoto-fast,21,Kuramoto-fast,True,validity,all16
Kuramoto-slow-I21,Kuramoto-slow,21,Kuramoto-slow,True,validity,all16
Gaussian-noise-I21,Gaussian-noise,21,CML-2,False,validity,all16
Cauchy-noise-I21,Cauchy-noise,21,CML-2,False,validity,all16
Wave-I21,Wave,21,Wave,True,validity,all16
VAR-legacy-0.95-0.4-I22,VAR-legacy-0.95-0.4,22,CML-2,False,validity,all16
VAR-legacy-0.2-0.4-I22,VAR-legacy-0.2-0.4,22,CML-2,False,validity,all16
VAR-legacy-0.2-0.8-I22,VAR-legacy-0.2-0.8,22,CML-2,False,validity,all16
CML-1.85-I22,CML-1.85,22,CML-1.85,True,validity,all16
Kuramoto-fast-I22,Kuramoto-fast,22,Kuramoto-fast,True,validity,all16
Kuramoto-slow-I22,Kuramoto-slow,22,Kuramoto-slow,True,validity,all16
Gaussian-noise-I22,Gaussian-noise,22,CML-2,False,validity,all16
Cauchy-noise-I22,Cauchy-noise,22,CML-2,False,validity,all16
Wave-I22,Wave,22,Wave,True,validity,all16
VAR-legacy-0.95-0.4-I23,VAR-legacy-0.95-0.4,23,CML-2,False,validity,all16
VAR-legacy-0.2-0.4-I23,VAR-legacy-0.2-0.4,23,CML-2,False,validity,all16
VAR-legacy-0.2-0.8-I23,VAR-legacy-0.2-0.8,23,CML-2,False,validity,all16
CML-1.85-I23,CML-1.85,23,CML-1.895,False,validity,all16
Kuramoto-fast-I23,Kuramoto-fast,23,Kuramoto-fast,True,validity,all16
Kuramoto-slow-I23,Kuramoto-slow,23,Kuramoto-slow,True,validity,all16
Gaussian-noise-I23,Gaussian-noise,23,CML-2,False,validity,all16
Cauchy-noise-I23,Cauchy-noise,23,CML-2,False,validity,all16
Wave-I23,Wave,23,Wave,True,validity,all16
CML-1.45-I12,CML-1.45,12,CML-1.69,False,validity,CML6
CML-1.69-I12,CML-1.69,12,CML-1.45,False,validity,CML6
CML-1.7522-I12,CML-1.7522,12,CML-1.45,False,validity,CML6
CML-1.895-I12,CML-1.895,12,CML-1.895,True,validity,CML6
CML-2-I12,CML-2,12,CML-2,True,validity,CML6
CML-1.45-I13,CML-1.45,13,CML-1.45,True,validity,CML6
CML-1.69-I13,CML-1.69,13,CML-1.7522,False,validity,CML6
CML-1.7522-I13,CML-1.7522,13,CML-1.7522,True,validity,CML6
CML-1.895-I13,CML-1.895,13,CML-1.895,True,validity,CML6
CML-2-I13,CML-2,13,CML-2,True,validity,CML6
CML-1.45-I14,CML-1.45,14,CML-1.45,True,validity,CML6
CML-1.69-I14,CML-1.69,14,CML-1.45,False,validity,CML6
CML-1.7522-I14,CML-1.7522,14,CML-1.69,False,validity,CML6
CML-1.895-I14,CML-1.895,14,CML-1.895,True,validity,CML6
CML-2-I14,CML-2,14,CML-2,True,validity,CML6
CML-1.45-I15,CML-1.45,15,CML-1.85,False,validity,CML6
CML-1.69-I15,CML-1.69,15,CML-1.69,True,validity,CML6
CML-1.7522-I15,CML-1.7522,15,CML-1.7522,True,validity,CML6
CML-1.895-I15,CML-1.895,15,CML-1.895,True,validity,CML6
CML-2-I15,CML-2,15,CML-2,True,validity,CML6
CML-1.45-I16,CML-1.45,16,CML-1.895,False,validity,CML6
CML-1.69-I16,CML-1.69,16,CML-1.45,False,validity,CML6
CML-1.7522-I16,CML-1.7522,16,CML-1.7522,True,validity,CML6
CML-1.895-I16,CML-1.895,16,CML-1.895,True,validity,CML6
CML-2-I16,CML-2,16,CML-2,True,validity,CML6
CML-1.45-I17,CML-1.45,17,CML-1.45,True,validity,CML6
CML-1.69-I17,CML-1.69,17,CML-1.45,False,validity,CML6
CML-1.7522-I17,CML-1.7522,17,CML-1.45,False,validity,CML6
CML-1.895-I17,CML-1.895,17,CML-1.895,True,validity,CML6
CML-2-I17,CML-2,17,CML-2,True,validity,CML6
CML-1.45-I18,CML-1.45,18,CML-1.69,False,validity,CML6
CML-1.69-I18,CML-1.69,18,CML-1.45,False,validity,CML6
CML-1.7522-I18,CML-1.7522,18,CML-1.45,False,validity,CML6
CML-1.895-I18,CML-1.895,18,CML-1.895,True,validity,CML6
CML-2-I18,CML-2,18,CML-2,True,validity,CML6
CML-1.45-I19,CML-1.45,19,CML-1.45,True,validity,CML6
CML-1.69-I19,CML-1.69,19,CML-1.45,False,validity,CML6
CML-1.7522-I19,CML-1.7522,19,CML-1.7522,True,validity,CML6
CML-1.895-I19,CML-1.895,19,CML-1.69,False,validity,CML6
CML-2-I19,CML-2,19,CML-2,True,validity,CML6
CML-1.45-I20,CML-1.45,20,CML-1.69,False,validity,CML6
CML-1.69-I20,CML-1.69,20,CML-1.69,True,validity,CML6
CML-1.7522-I20,CML-1.7522,20,CML-1.7522,True,validity,CML6
CML-1.895-I20,CML-1.895,20,CML-1.895,True,validity,CML6
CML-2-I20,CML-2,20,CML-2,True,validity,CML6
CML-1.45-I21,CML-1.45,21,CML-1.45,True,validity,CML6
CML-1.69-I21,CML-1.69,21,CML-1.45,False,validity,CML6
CML-1.7522-I21,CML-1.7522,21,CML-1.7522,True,validity,CML6
CML-1.895-I21,CML-1.895,21,CML-1.895,True,validity,CML6
CML-2-I21,CML-2,21,CML-2,True,validity,CML6
CML-1.45-I22,CML-1.45,22,CML-1.45,True,validity,CML6
CML-1.69-I22,CML-1.69,22,CML-1.45,False,validity,CML6
CML-1.7522-I22,CML-1.7522,22,CML-1.7522,True,validity,CML6
CML-1.895-I22,CML-1.895,22,CML-1.895,True,validity,CML6
CML-2-I22,CML-2,22,CML-2,True,validity,CML6
CML-1.45-I23,CML-1.45,23,CML-1.45,True,validity,CML6
CML-1.69-I23,CML-1.69,23,CML-1.45,False,validity,CML6
CML-1.7522-I23,CML-1.7522,23,CML-1.69,False,validity,CML6
CML-1.895-I23,CML-1.895,23,CML-1.895,True,validity,CML6
CML-2-I23,CML-2,23,CML-2,True,validity,CML6
CML-1.85-I12,CML-1.85,12,CML-1.895,False,validity,CML6
CML-1.85-I13,CML-1.85,13,CML-1.85,True,validity,CML6
CML-1.85-I14,CML-1.85,14,CML-1.85,True,validity,CML6
CML-1.85-I15,CML-1.85,15,CML-1.895,False,validity,CML6
CML-1.85-I16,CML-1.85,16,CML-1.85,True,validity,CML6
CML-1.85-I17,CML-1.85,17,CML-1.895,False,validity,CML6
CML-1.85-I18,CML-1.85,18,CML-1.85,True,validity,CML6
CML-1.85-I19,CML-1.85,19,CML-1.895,False,validity,CML6
CML-1.85-I20,CML-1.85,20,CML-1.895,False,validity,CML6
CML-1.85-I21,CML-1.85,21,CML-1.85,True,validity,CML6
CML-1.85-I22,CML-1.85,22,CML-1.85,True,validity,CML6
CML-1.85-I23,CML-1.85,23,CML-1.895,False,validity,CML6
CML-1.45-I12,CML-1.45,12,CML-1.69,False,validity,historical14
CML-1.69-I12,CML-1.69,12,CML-1.45,False,validity,historical14
CML-1.7522-I12,CML-1.7522,12,CML-1.45,False,validity,historical14
CML-1.895-I12,CML-1.895,12,CML-1.85,False,validity,historical14
CML-2-I12,CML-2,12,CML-2,True,validity,historical14
CML-1.45-I13,CML-1.45,13,CML-1.45,True,validity,historical14
CML-1.69-I13,CML-1.69,13,CML-1.7522,False,validity,historical14
CML-1.7522-I13,CML-1.7522,13,CML-1.7522,True,validity,historical14
CML-1.895-I13,CML-1.895,13,CML-1.895,True,validity,historical14
CML-2-I13,CML-2,13,CML-2,True,validity,historical14
CML-1.45-I14,CML-1.45,14,CML-1.45,True,validity,historical14
CML-1.69-I14,CML-1.69,14,CML-1.45,False,validity,historical14
CML-1.7522-I14,CML-1.7522,14,CML-1.69,False,validity,historical14
CML-1.895-I14,CML-1.895,14,CML-1.895,True,validity,historical14
CML-2-I14,CML-2,14,CML-2,True,validity,historical14
CML-1.45-I15,CML-1.45,15,CML-1.85,False,validity,historical14
CML-1.69-I15,CML-1.69,15,CML-1.69,True,validity,historical14
CML-1.7522-I15,CML-1.7522,15,CML-1.7522,True,validity,historical14
CML-1.895-I15,CML-1.895,15,CML-1.895,True,validity,historical14
CML-2-I15,CML-2,15,CML-2,True,validity,historical14
CML-1.45-I16,CML-1.45,16,CML-1.895,False,validity,historical14
CML-1.69-I16,CML-1.69,16,CML-1.45,False,validity,historical14
CML-1.7522-I16,CML-1.7522,16,CML-1.7522,True,validity,historical14
CML-1.895-I16,CML-1.895,16,CML-1.895,True,validity,historical14
CML-2-I16,CML-2,16,CML-2,True,validity,historical14
CML-1.45-I17,CML-1.45,17,CML-1.45,True,validity,historical14
CML-1.69-I17,CML-1.69,17,CML-1.45,False,validity,historical14
CML-1.7522-I17,CML-1.7522,17,CML-1.45,False,validity,historical14
CML-1.895-I17,CML-1.895,17,CML-1.85,False,validity,historical14
CML-2-I17,CML-2,17,CML-2,True,validity,historical14
CML-1.45-I18,CML-1.45,18,CML-1.69,False,validity,historical14
CML-1.69-I18,CML-1.69,18,CML-1.45,False,validity,historical14
CML-1.7522-I18,CML-1.7522,18,CML-1.45,False,validity,historical14
CML-1.895-I18,CML-1.895,18,CML-1.895,True,validity,historical14
CML-2-I18,CML-2,18,CML-2,True,validity,historical14
CML-1.45-I19,CML-1.45,19,CML-1.45,True,validity,historical14
CML-1.69-I19,CML-1.69,19,CML-1.69,True,validity,historical14
CML-1.7522-I19,CML-1.7522,19,CML-1.7522,True,validity,historical14
CML-1.895-I19,CML-1.895,19,CML-1.69,False,validity,historical14
CML-2-I19,CML-2,19,CML-2,True,validity,historical14
CML-1.45-I20,CML-1.45,20,CML-1.69,False,validity,historical14
CML-1.69-I20,CML-1.69,20,CML-1.69,True,validity,historical14
CML-1.7522-I20,CML-1.7522,20,CML-1.7522,True,validity,historical14
CML-1.895-I20,CML-1.895,20,CML-1.85,False,validity,historical14
CML-2-I20,CML-2,20,CML-2,True,validity,historical14
CML-1.45-I21,CML-1.45,21,CML-1.45,True,validity,historical14
CML-1.69-I21,CML-1.69,21,CML-1.45,False,validity,historical14
CML-1.7522-I21,CML-1.7522,21,CML-1.7522,True,validity,historical14
CML-1.895-I21,CML-1.895,21,CML-1.85,False,validity,historical14
CML-2-I21,CML-2,21,CML-2,True,validity,historical14
CML-1.45-I22,CML-1.45,22,CML-1.45,True,validity,historical14
CML-1.69-I22,CML-1.69,22,CML-1.45,False,validity,historical14
CML-1.7522-I22,CML-1.7522,22,CML-1.7522,True,validity,historical14
CML-1.895-I22,CML-1.895,22,CML-1.85,False,validity,historical14
CML-2-I22,CML-2,22,CML-2,True,validity,historical14
CML-1.45-I23,CML-1.45,23,CML-1.45,True,validity,historical14
CML-1.69-I23,CML-1.69,23,CML-1.45,False,validity,historical14
CML-1.7522-I23,CML-1.7522,23,CML-1.69,False,validity,historical14
CML-1.895-I23,CML-1.895,23,CML-1.895,True,validity,historical14
CML-2-I23,CML-2,23,CML-2,True,validity,historical14
VAR-legacy-0.95-0.4-I12,VAR-legacy-0.95-0.4,12,CML-2,False,validity,historical14
VAR-legacy-0.2-0.4-I12,VAR-legacy-0.2-0.4,12,CML-2,False,validity,historical14
VAR-legacy-0.2-0.8-I12,VAR-legacy-0.2-0.8,12,CML-2,False,validity,historical14
CML-1.85-I12,CML-1.85,12,CML-1.895,False,validity,historical14
Kuramoto-fast-I12,Kuramoto-fast,12,Kuramoto-fast,True,validity,historical14
Kuramoto-slow-I12,Kuramoto-slow,12,Kuramoto-slow,True,validity,historical14
Gaussian-noise-I12,Gaussian-noise,12,CML-2,False,validity,historical14
Cauchy-noise-I12,Cauchy-noise,12,CML-2,False,validity,historical14
Wave-I12,Wave,12,Wave,True,validity,historical14
VAR-legacy-0.95-0.4-I13,VAR-legacy-0.95-0.4,13,CML-2,False,validity,historical14
VAR-legacy-0.2-0.4-I13,VAR-legacy-0.2-0.4,13,CML-2,False,validity,historical14
VAR-legacy-0.2-0.8-I13,VAR-legacy-0.2-0.8,13,CML-2,False,validity,historical14
CML-1.85-I13,CML-1.85,13,CML-1.85,True,validity,historical14
Kuramoto-fast-I13,Kuramoto-fast,13,Kuramoto-fast,True,validity,historical14
Kuramoto-slow-I13,Kuramoto-slow,13,Kuramoto-slow,True,validity,historical14
Gaussian-noise-I13,Gaussian-noise,13,CML-2,False,validity,historical14
Cauchy-noise-I13,Cauchy-noise,13,CML-2,False,validity,historical14
Wave-I13,Wave,13,Wave,True,validity,historical14
VAR-legacy-0.95-0.4-I14,VAR-legacy-0.95-0.4,14,CML-2,False,validity,historical14
VAR-legacy-0.2-0.4-I14,VAR-legacy-0.2-0.4,14,CML-2,False,validity,historical14
VAR-legacy-0.2-0.8-I14,VAR-legacy-0.2-0.8,14,CML-2,False,validity,historical14
CML-1.85-I14,CML-1.85,14,CML-1.85,True,validity,historical14
Kuramoto-fast-I14,Kuramoto-fast,14,Kuramoto-fast,True,validity,historical14
Kuramoto-slow-I14,Kuramoto-slow,14,Kuramoto-slow,True,validity,historical14
Gaussian-noise-I14,Gaussian-noise,14,CML-2,False,validity,historical14
Cauchy-noise-I14,Cauchy-noise,14,CML-2,False,validity,historical14
Wave-I14,Wave,14,Wave,True,validity,historical14
VAR-legacy-0.95-0.4-I15,VAR-legacy-0.95-0.4,15,CML-2,False,validity,historical14
VAR-legacy-0.2-0.4-I15,VAR-legacy-0.2-0.4,15,CML-2,False,validity,historical14
VAR-legacy-0.2-0.8-I15,VAR-legacy-0.2-0.8,15,CML-2,False,validity,historical14
CML-1.85-I15,CML-1.85,15,CML-1.85,True,validity,historical14
Kuramoto-fast-I15,Kuramoto-fast,15,Kuramoto-fast,True,validity,historical14
Kuramoto-slow-I15,Kuramoto-slow,15,Kuramoto-slow,True,validity,historical14
Gaussian-noise-I15,Gaussian-noise,15,CML-2,False,validity,historical14
Cauchy-noise-I15,Cauchy-noise,15,CML-2,False,validity,historical14
Wave-I15,Wave,15,Wave,True,validity,historical14
VAR-legacy-0.95-0.4-I16,VAR-legacy-0.95-0.4,16,CML-2,False,validity,historical14
VAR-legacy-0.2-0.4-I16,VAR-legacy-0.2-0.4,16,CML-2,False,validity,historical14
VAR-legacy-0.2-0.8-I16,VAR-legacy-0.2-0.8,16,CML-2,False,validity,historical14
CML-1.85-I16,CML-1.85,16,CML-1.85,True,validity,historical14
Kuramoto-fast-I16,Kuramoto-fast,16,Kuramoto-fast,True,validity,historical14
Kuramoto-slow-I16,Kuramoto-slow,16,Kuramoto-slow,True,validity,historical14
Gaussian-noise-I16,Gaussian-noise,16,CML-2,False,validity,historical14
Cauchy-noise-I16,Cauchy-noise,16,CML-2,False,validity,historical14
Wave-I16,Wave,16,Wave,True,validity,historical14
VAR-legacy-0.95-0.4-I17,VAR-legacy-0.95-0.4,17,CML-2,False,validity,historical14
VAR-legacy-0.2-0.4-I17,VAR-legacy-0.2-0.4,17,CML-2,False,validity,historical14
VAR-legacy-0.2-0.8-I17,VAR-legacy-0.2-0.8,17,CML-2,False,validity,historical14
CML-1.85-I17,CML-1.85,17,CML-1.895,False,validity,historical14
Kuramoto-fast-I17,Kuramoto-fast,17,Kuramoto-fast,True,validity,historical14
Kuramoto-slow-I17,Kuramoto-slow,17,Kuramoto-slow,True,validity,historical14
Gaussian-noise-I17,Gaussian-noise,17,CML-2,False,validity,historical14
Cauchy-noise-I17,Cauchy-noise,17,CML-2,False,validity,historical14
Wave-I17,Wave,17,Wave,True,validity,historical14
VAR-legacy-0.95-0.4-I18,VAR-legacy-0.95-0.4,18,CML-2,False,validity,historical14
VAR-legacy-0.2-0.4-I18,VAR-legacy-0.2-0.4,18,CML-2,False,validity,historical14
VAR-legacy-0.2-0.8-I18,VAR-legacy-0.2-0.8,18,CML-2,False,validity,historical14
CML-1.85-I18,CML-1.85,18,CML-1.85,True,validity,historical14
Kuramoto-fast-I18,Kuramoto-fast,18,Kuramoto-fast,True,validity,historical14
Kuramoto-slow-I18,Kuramoto-slow,18,Kuramoto-slow,True,validity,historical14
Gaussian-noise-I18,Gaussian-noise,18,CML-2,False,validity,historical14
Cauchy-noise-I18,Cauchy-noise,18,CML-2,False,validity,historical14
Wave-I18,Wave,18,Wave,True,validity,historical14
VAR-legacy-0.95-0.4-I19,VAR-legacy-0.95-0.4,19,CML-2,False,validity,historical14
VAR-legacy-0.2-0.4-I19,VAR-legacy-0.2-0.4,19,CML-2,False,validity,historical14
VAR-legacy-0.2-0.8-I19,VAR-legacy-0.2-0.8,19,CML-2,False,validity,historical14
CML-1.85-I19,CML-1.85,19,CML-1.895,False,validity,historical14
Kuramoto-fast-I19,Kuramoto-fast,19,Kuramoto-fast,True,validity,historical14
Kuramoto-slow-I19,Kuramoto-slow,19,Kuramoto-slow,True,validity,historical14
Gaussian-noise-I19,Gaussian-noise,19,CML-2,False,validity,historical14
Cauchy-noise-I19,Cauchy-noise,19,CML-2,False,validity,historical14
Wave-I19,Wave,19,Wave,True,validity,historical14
VAR-legacy-0.95-0.4-I20,VAR-legacy-0.95-0.4,20,CML-2,False,validity,historical14
VAR-legacy-0.2-0.4-I20,VAR-legacy-0.2-0.4,20,CML-2,False,validity,historical14
VAR-legacy-0.2-0.8-I20,VAR-legacy-0.2-0.8,20,CML-2,False,validity,historical14
CML-1.85-I20,CML-1.85,20,CML-1.85,True,validity,historical14
Kuramoto-fast-I20,Kuramoto-fast,20,Wave,False,validity,historical14
Kuramoto-slow-I20,Kuramoto-slow,20,Kuramoto-slow,True,validity,historical14
Gaussian-noise-I20,Gaussian-noise,20,CML-2,False,validity,historical14
Cauchy-noise-I20,Cauchy-noise,20,CML-2,False,validity,historical14
Wave-I20,Wave,20,Wave,True,validity,historical14
VAR-legacy-0.95-0.4-I21,VAR-legacy-0.95-0.4,21,CML-2,False,validity,historical14
VAR-legacy-0.2-0.4-I21,VAR-legacy-0.2-0.4,21,CML-2,False,validity,historical14
VAR-legacy-0.2-0.8-I21,VAR-legacy-0.2-0.8,21,CML-2,False,validity,historical14
CML-1.85-I21,CML-1.85,21,CML-1.85,True,validity,historical14
Kuramoto-fast-I21,Kuramoto-fast,21,Kuramoto-fast,True,validity,historical14
Kuramoto-slow-I21,Kuramoto-slow,21,Kuramoto-slow,True,validity,historical14
Gaussian-noise-I21,Gaussian-noise,21,CML-2,False,validity,historical14
Cauchy-noise-I21,Cauchy-noise,21,CML-2,False,validity,historical14
Wave-I21,Wave,21,Wave,True,validity,historical14
VAR-legacy-0.95-0.4-I22,VAR-legacy-0.95-0.4,22,CML-2,False,validity,historical14
VAR-legacy-0.2-0.4-I22,VAR-legacy-0.2-0.4,22,CML-2,False,validity,historical14
VAR-legacy-0.2-0.8-I22,VAR-legacy-0.2-0.8,22,CML-2,False,validity,historical14
CML-1.85-I22,CML-1.85,22,CML-1.85,True,validity,historical14
Kuramoto-fast-I22,Kuramoto-fast,22,Kuramoto-fast,True,validity,historical14
Kuramoto-slow-I22,Kuramoto-slow,22,Kuramoto-slow,True,validity,historical14
Gaussian-noise-I22,Gaussian-noise,22,CML-2,False,validity,historical14
Cauchy-noise-I22,Cauchy-noise,22,CML-2,False,validity,historical14
Wave-I22,Wave,22,Wave,True,validity,historical14
VAR-legacy-0.95-0.4-I23,VAR-legacy-0.95-0.4,23,CML-2,False,validity,historical14
VAR-legacy-0.2-0.4-I23,VAR-legacy-0.2-0.4,23,CML-2,False,validity,historical14
VAR-legacy-0.2-0.8-I23,VAR-legacy-0.2-0.8,23,CML-2,False,validity,historical14
CML-1.85-I23,CML-1.85,23,CML-1.895,False,validity,historical14
Kuramoto-fast-I23,Kuramoto-fast,23,Kuramoto-fast,True,validity,historical14
Kuramoto-slow-I23,Kuramoto-slow,23,Kuramoto-slow,True,validity,historical14
Gaussian-noise-I23,Gaussian-noise,23,CML-2,False,validity,historical14
Cauchy-noise-I23,Cauchy-noise,23,CML-2,False,validity,historical14
Wave-I23,Wave,23,Wave,True,validity,historical14
VAR-0.2-I12,VAR-0.2,12,VAR-legacy-0.2-0.8,False,validity,coupled14
VAR-0.7-I12,VAR-0.7,12,VAR-legacy-0.2-0.8,False,validity,coupled14
CML-1.45-I12,CML-1.45,12,CML-1.69,False,validity,coupled14
CML-1.69-I12,CML-1.69,12,CML-1.45,False,validity,coupled14
CML-1.7522-I12,CML-1.7522,12,CML-1.45,False,validity,coupled14
CML-1.895-I12,CML-1.895,12,CML-1.85,False,validity,coupled14
CML-2-I12,CML-2,12,VAR-legacy-0.2-0.8,False,validity,coupled14
VAR-0.2-I13,VAR-0.2,13,VAR-legacy-0.2-0.8,False,validity,coupled14
VAR-0.7-I13,VAR-0.7,13,VAR-legacy-0.2-0.8,False,validity,coupled14
CML-1.45-I13,CML-1.45,13,CML-1.45,True,validity,coupled14
CML-1.69-I13,CML-1.69,13,CML-1.7522,False,validity,coupled14
CML-1.7522-I13,CML-1.7522,13,CML-1.7522,True,validity,coupled14
CML-1.895-I13,CML-1.895,13,CML-1.895,True,validity,coupled14
CML-2-I13,CML-2,13,VAR-legacy-0.2-0.8,False,validity,coupled14
VAR-0.2-I14,VAR-0.2,14,VAR-legacy-0.2-0.8,False,validity,coupled14
VAR-0.7-I14,VAR-0.7,14,VAR-legacy-0.2-0.8,False,validity,coupled14
CML-1.45-I14,CML-1.45,14,CML-1.45,True,validity,coupled14
CML-1.69-I14,CML-1.69,14,CML-1.45,False,validity,coupled14
CML-1.7522-I14,CML-1.7522,14,CML-1.69,False,validity,coupled14
CML-1.895-I14,CML-1.895,14,CML-1.895,True,validity,coupled14
CML-2-I14,CML-2,14,VAR-legacy-0.2-0.8,False,validity,coupled14
VAR-0.2-I15,VAR-0.2,15,VAR-legacy-0.2-0.8,False,validity,coupled14
VAR-0.7-I15,VAR-0.7,15,VAR-legacy-0.2-0.8,False,validity,coupled14
CML-1.45-I15,CML-1.45,15,CML-1.85,False,validity,coupled14
CML-1.69-I15,CML-1.69,15,CML-1.69,True,validity,coupled14
CML-1.7522-I15,CML-1.7522,15,CML-1.7522,True,validity,coupled14
CML-1.895-I15,CML-1.895,15,CML-1.895,True,validity,coupled14
CML-2-I15,CML-2,15,VAR-legacy-0.2-0.8,False,validity,coupled14
VAR-0.2-I16,VAR-0.2,16,VAR-legacy-0.2-0.8,False,validity,coupled14
VAR-0.7-I16,VAR-0.7,16,VAR-legacy-0.2-0.8,False,validity,coupled14
CML-1.45-I16,CML-1.45,16,CML-1.895,False,validity,coupled14
CML-1.69-I16,CML-1.69,16,CML-1.45,False,validity,coupled14
CML-1.7522-I16,CML-1.7522,16,CML-1.7522,True,validity,coupled14
CML-1.895-I16,CML-1.895,16,CML-1.895,True,validity,coupled14
CML-2-I16,CML-2,16,VAR-legacy-0.2-0.8,False,validity,coupled14
VAR-0.2-I17,VAR-0.2,17,VAR-legacy-0.2-0.8,False,validity,coupled14
VAR-0.7-I17,VAR-0.7,17,VAR-legacy-0.2-0.8,False,validity,coupled14
CML-1.45-I17,CML-1.45,17,CML-1.45,True,validity,coupled14
CML-1.69-I17,CML-1.69,17,CML-1.45,False,validity,coupled14
CML-1.7522-I17,CML-1.7522,17,CML-1.45,False,validity,coupled14
CML-1.895-I17,CML-1.895,17,CML-1.85,False,validity,coupled14
CML-2-I17,CML-2,17,VAR-legacy-0.2-0.8,False,validity,coupled14
VAR-0.2-I18,VAR-0.2,18,VAR-legacy-0.2-0.8,False,validity,coupled14
VAR-0.7-I18,VAR-0.7,18,VAR-legacy-0.2-0.8,False,validity,coupled14
CML-1.45-I18,CML-1.45,18,CML-1.69,False,validity,coupled14
CML-1.69-I18,CML-1.69,18,CML-1.45,False,validity,coupled14
CML-1.7522-I18,CML-1.7522,18,CML-1.45,False,validity,coupled14
CML-1.895-I18,CML-1.895,18,CML-1.895,True,validity,coupled14
CML-2-I18,CML-2,18,VAR-legacy-0.2-0.8,False,validity,coupled14
VAR-0.2-I19,VAR-0.2,19,VAR-legacy-0.2-0.8,False,validity,coupled14
VAR-0.7-I19,VAR-0.7,19,VAR-legacy-0.2-0.8,False,validity,coupled14
CML-1.45-I19,CML-1.45,19,CML-1.45,True,validity,coupled14
CML-1.69-I19,CML-1.69,19,CML-1.69,True,validity,coupled14
CML-1.7522-I19,CML-1.7522,19,CML-1.7522,True,validity,coupled14
CML-1.895-I19,CML-1.895,19,CML-1.69,False,validity,coupled14
CML-2-I19,CML-2,19,VAR-legacy-0.2-0.8,False,validity,coupled14
VAR-0.2-I20,VAR-0.2,20,VAR-legacy-0.2-0.8,False,validity,coupled14
VAR-0.7-I20,VAR-0.7,20,VAR-legacy-0.2-0.8,False,validity,coupled14
CML-1.45-I20,CML-1.45,20,CML-1.69,False,validity,coupled14
CML-1.69-I20,CML-1.69,20,CML-1.69,True,validity,coupled14
CML-1.7522-I20,CML-1.7522,20,CML-1.7522,True,validity,coupled14
CML-1.895-I20,CML-1.895,20,CML-1.85,False,validity,coupled14
CML-2-I20,CML-2,20,VAR-legacy-0.2-0.8,False,validity,coupled14
VAR-0.2-I21,VAR-0.2,21,VAR-legacy-0.2-0.8,False,validity,coupled14
VAR-0.7-I21,VAR-0.7,21,VAR-legacy-0.2-0.8,False,validity,coupled14
CML-1.45-I21,CML-1.45,21,CML-1.45,True,validity,coupled14
CML-1.69-I21,CML-1.69,21,CML-1.45,False,validity,coupled14
CML-1.7522-I21,CML-1.7522,21,CML-1.7522,True,validity,coupled14
CML-1.895-I21,CML-1.895,21,CML-1.85,False,validity,coupled14
CML-2-I21,CML-2,21,VAR-legacy-0.2-0.8,False,validity,coupled14
VAR-0.2-I22,VAR-0.2,22,VAR-legacy-0.2-0.8,False,validity,coupled14
VAR-0.7-I22,VAR-0.7,22,VAR-legacy-0.2-0.8,False,validity,coupled14
CML-1.45-I22,CML-1.45,22,CML-1.45,True,validity,coupled14
CML-1.69-I22,CML-1.69,22,CML-1.45,False,validity,coupled14
CML-1.7522-I22,CML-1.7522,22,CML-1.7522,True,validity,coupled14
CML-1.895-I22,CML-1.895,22,CML-1.85,False,validity,coupled14
CML-2-I22,CML-2,22,VAR-legacy-0.2-0.8,False,validity,coupled14
VAR-0.2-I23,VAR-0.2,23,VAR-legacy-0.2-0.8,False,validity,coupled14
VAR-0.7-I23,VAR-0.7,23,VAR-legacy-0.2-0.8,False,validity,coupled14
CML-1.45-I23,CML-1.45,23,CML-1.45,True,validity,coupled14
CML-1.69-I23,CML-1.69,23,CML-1.45,False,validity,coupled14
CML-1.7522-I23,CML-1.7522,23,CML-1.69,False,validity,coupled14
CML-1.895-I23,CML-1.895,23,CML-1.895,True,validity,coupled14
CML-2-I23,CML-2,23,VAR-legacy-0.2-0.8,False,validity,coupled14
VAR-legacy-0.95-0.4-I12,VAR-legacy-0.95-0.4,12,VAR-legacy-0.2-0.8,False,validity,coupled14
VAR-legacy-0.2-0.4-I12,VAR-legacy-0.2-0.4,12,VAR-legacy-0.2-0.8,False,validity,coupled14
VAR-legacy-0.2-0.8-I12,VAR-legacy-0.2-0.8,12,VAR-legacy-0.2-0.8,True,validity,coupled14
CML-1.85-I12,CML-1.85,12,CML-1.895,False,validity,coupled14
Kuramoto-fast-I12,Kuramoto-fast,12,Kuramoto-fast,True,validity,coupled14
Kuramoto-slow-I12,Kuramoto-slow,12,Kuramoto-slow,True,validity,coupled14
Wave-I12,Wave,12,Wave,True,validity,coupled14
VAR-legacy-0.95-0.4-I13,VAR-legacy-0.95-0.4,13,VAR-legacy-0.2-0.8,False,validity,coupled14
VAR-legacy-0.2-0.4-I13,VAR-legacy-0.2-0.4,13,VAR-legacy-0.2-0.8,False,validity,coupled14
VAR-legacy-0.2-0.8-I13,VAR-legacy-0.2-0.8,13,VAR-legacy-0.2-0.8,True,validity,coupled14
CML-1.85-I13,CML-1.85,13,CML-1.85,True,validity,coupled14
Kuramoto-fast-I13,Kuramoto-fast,13,Kuramoto-fast,True,validity,coupled14
Kuramoto-slow-I13,Kuramoto-slow,13,Kuramoto-slow,True,validity,coupled14
Wave-I13,Wave,13,Wave,True,validity,coupled14
VAR-legacy-0.95-0.4-I14,VAR-legacy-0.95-0.4,14,VAR-legacy-0.2-0.8,False,validity,coupled14
VAR-legacy-0.2-0.4-I14,VAR-legacy-0.2-0.4,14,VAR-legacy-0.2-0.8,False,validity,coupled14
VAR-legacy-0.2-0.8-I14,VAR-legacy-0.2-0.8,14,VAR-legacy-0.2-0.8,True,validity,coupled14
CML-1.85-I14,CML-1.85,14,CML-1.85,True,validity,coupled14
Kuramoto-fast-I14,Kuramoto-fast,14,Kuramoto-fast,True,validity,coupled14
Kuramoto-slow-I14,Kuramoto-slow,14,Kuramoto-slow,True,validity,coupled14
Wave-I14,Wave,14,Wave,True,validity,coupled14
VAR-legacy-0.95-0.4-I15,VAR-legacy-0.95-0.4,15,VAR-legacy-0.2-0.8,False,validity,coupled14
VAR-legacy-0.2-0.4-I15,VAR-legacy-0.2-0.4,15,VAR-legacy-0.2-0.8,False,validity,coupled14
VAR-legacy-0.2-0.8-I15,VAR-legacy-0.2-0.8,15,VAR-legacy-0.2-0.8,True,validity,coupled14
CML-1.85-I15,CML-1.85,15,CML-1.85,True,validity,coupled14
Kuramoto-fast-I15,Kuramoto-fast,15,Kuramoto-fast,True,validity,coupled14
Kuramoto-slow-I15,Kuramoto-slow,15,Kuramoto-slow,True,validity,coupled14
Wave-I15,Wave,15,Wave,True,validity,coupled14
VAR-legacy-0.95-0.4-I16,VAR-legacy-0.95-0.4,16,VAR-legacy-0.2-0.8,False,validity,coupled14
VAR-legacy-0.2-0.4-I16,VAR-legacy-0.2-0.4,16,VAR-legacy-0.2-0.8,False,validity,coupled14
VAR-legacy-0.2-0.8-I16,VAR-legacy-0.2-0.8,16,VAR-legacy-0.2-0.8,True,validity,coupled14
CML-1.85-I16,CML-1.85,16,CML-1.85,True,validity,coupled14
Kuramoto-fast-I16,Kuramoto-fast,16,Kuramoto-fast,True,validity,coupled14
Kuramoto-slow-I16,Kuramoto-slow,16,Kuramoto-slow,True,validity,coupled14
Wave-I16,Wave,16,Wave,True,validity,coupled14
VAR-legacy-0.95-0.4-I17,VAR-legacy-0.95-0.4,17,VAR-legacy-0.2-0.8,False,validity,coupled14
VAR-legacy-0.2-0.4-I17,VAR-legacy-0.2-0.4,17,VAR-legacy-0.2-0.8,False,validity,coupled14
VAR-legacy-0.2-0.8-I17,VAR-legacy-0.2-0.8,17,VAR-legacy-0.2-0.8,True,validity,coupled14
CML-1.85-I17,CML-1.85,17,CML-1.895,False,validity,coupled14
Kuramoto-fast-I17,Kuramoto-fast,17,Kuramoto-fast,True,validity,coupled14
Kuramoto-slow-I17,Kuramoto-slow,17,Kuramoto-slow,True,validity,coupled14
Wave-I17,Wave,17,Wave,True,validity,coupled14
VAR-legacy-0.95-0.4-I18,VAR-legacy-0.95-0.4,18,VAR-legacy-0.2-0.8,False,validity,coupled14
VAR-legacy-0.2-0.4-I18,VAR-legacy-0.2-0.4,18,VAR-legacy-0.2-0.8,False,validity,coupled14
VAR-legacy-0.2-0.8-I18,VAR-legacy-0.2-0.8,18,VAR-legacy-0.2-0.8,True,validity,coupled14
CML-1.85-I18,CML-1.85,18,CML-1.85,True,validity,coupled14
Kuramoto-fast-I18,Kuramoto-fast,18,Kuramoto-fast,True,validity,coupled14
Kuramoto-slow-I18,Kuramoto-slow,18,Kuramoto-slow,True,validity,coupled14
Wave-I18,Wave,18,Wave,True,validity,coupled14
VAR-legacy-0.95-0.4-I19,VAR-legacy-0.95-0.4,19,VAR-legacy-0.2-0.8,False,validity,coupled14
VAR-legacy-0.2-0.4-I19,VAR-legacy-0.2-0.4,19,VAR-legacy-0.2-0.8,False,validity,coupled14
VAR-legacy-0.2-0.8-I19,VAR-legacy-0.2-0.8,19,VAR-legacy-0.2-0.8,True,validity,coupled14
CML-1.85-I19,CML-1.85,19,CML-1.895,False,validity,coupled14
Kuramoto-fast-I19,Kuramoto-fast,19,Kuramoto-fast,True,validity,coupled14
Kuramoto-slow-I19,Kuramoto-slow,19,Kuramoto-slow,True,validity,coupled14
Wave-I19,Wave,19,Wave,True,validity,coupled14
VAR-legacy-0.95-0.4-I20,VAR-legacy-0.95-0.4,20,VAR-legacy-0.2-0.8,False,validity,coupled14
VAR-legacy-0.2-0.4-I20,VAR-legacy-0.2-0.4,20,VAR-legacy-0.2-0.8,False,validity,coupled14
VAR-legacy-0.2-0.8-I20,VAR-legacy-0.2-0.8,20,VAR-legacy-0.2-0.8,True,validity,coupled14
CML-1.85-I20,CML-1.85,20,CML-1.85,True,validity,coupled14
Kuramoto-fast-I20,Kuramoto-fast,20,Wave,False,validity,coupled14
Kuramoto-slow-I20,Kuramoto-slow,20,Kuramoto-slow,True,validity,coupled14
Wave-I20,Wave,20,Wave,True,validity,coupled14
VAR-legacy-0.95-0.4-I21,VAR-legacy-0.95-0.4,21,VAR-legacy-0.2-0.8,False,validity,coupled14
VAR-legacy-0.2-0.4-I21,VAR-legacy-0.2-0.4,21,VAR-legacy-0.2-0.8,False,validity,coupled14
VAR-legacy-0.2-0.8-I21,VAR-legacy-0.2-0.8,21,VAR-legacy-0.2-0.8,True,validity,coupled14
CML-1.85-I21,CML-1.85,21,CML-1.85,True,validity,coupled14
Kuramoto-fast-I21,Kuramoto-fast,21,Kuramoto-fast,True,validity,coupled14
Kuramoto-slow-I21,Kuramoto-slow,21,Kuramoto-slow,True,validity,coupled14
Wave-I21,Wave,21,Wave,True,validity,coupled14
VAR-legacy-0.95-0.4-I22,VAR-legacy-0.95-0.4,22,VAR-legacy-0.2-0.8,False,validity,coupled14
VAR-legacy-0.2-0.4-I22,VAR-legacy-0.2-0.4,22,VAR-legacy-0.2-0.8,False,validity,coupled14
VAR-legacy-0.2-0.8-I22,VAR-legacy-0.2-0.8,22,VAR-legacy-0.2-0.8,True,validity,coupled14
CML-1.85-I22,CML-1.85,22,CML-1.85,True,validity,coupled14
Kuramoto-fast-I22,Kuramoto-fast,22,Kuramoto-fast,True,validity,coupled14
Kuramoto-slow-I22,Kuramoto-slow,22,Kuramoto-slow,True,validity,coupled14
Wave-I22,Wave,22,Wave,True,validity,coupled14
VAR-legacy-0.95-0.4-I23,VAR-legacy-0.95-0.4,23,VAR-legacy-0.2-0.8,False,validity,coupled14
VAR-legacy-0.2-0.4-I23,VAR-legacy-0.2-0.4,23,VAR-legacy-0.2-0.8,False,validity,coupled14
VAR-legacy-0.2-0.8-I23,VAR-legacy-0.2-0.8,23,VAR-legacy-0.2-0.8,True,validity,coupled14
CML-1.85-I23,CML-1.85,23,CML-1.895,False,validity,coupled14
Kuramoto-fast-I23,Kuramoto-fast,23,Kuramoto-fast,True,validity,coupled14
Kuramoto-slow-I23,Kuramoto-slow,23,Kuramoto-slow,True,validity,coupled14
Wave-I23,Wave,23,Wave,True,validity,coupled14
VAR-0.2-I12,VAR-0.2,12,VAR-0.7,False,profile_validity,all16
VAR-0.7-I12,VAR-0.7,12,VAR-0.7,True,profile_validity,all16
CML-1.45-I12,CML-1.45,12,CML-1.69,False,profile_validity,all16
CML-1.69-I12,CML-1.69,12,CML-1.45,False,profile_validity,all16
CML-1.7522-I12,CML-1.7522,12,CML-1.45,False,profile_validity,all16
CML-1.895-I12,CML-1.895,12,CML-1.895,True,profile_validity,all16
CML-2-I12,CML-2,12,CML-2,True,profile_validity,all16
VAR-0.2-I13,VAR-0.2,13,CML-2,False,profile_validity,all16
VAR-0.7-I13,VAR-0.7,13,VAR-0.7,True,profile_validity,all16
CML-1.45-I13,CML-1.45,13,CML-1.45,True,profile_validity,all16
CML-1.69-I13,CML-1.69,13,CML-1.69,True,profile_validity,all16
CML-1.7522-I13,CML-1.7522,13,CML-1.7522,True,profile_validity,all16
CML-1.895-I13,CML-1.895,13,CML-1.895,True,profile_validity,all16
CML-2-I13,CML-2,13,CML-2,True,profile_validity,all16
VAR-0.2-I14,VAR-0.2,14,CML-2,False,profile_validity,all16
VAR-0.7-I14,VAR-0.7,14,CML-2,False,profile_validity,all16
CML-1.45-I14,CML-1.45,14,CML-1.45,True,profile_validity,all16
CML-1.69-I14,CML-1.69,14,CML-1.45,False,profile_validity,all16
CML-1.7522-I14,CML-1.7522,14,CML-1.69,False,profile_validity,all16
CML-1.895-I14,CML-1.895,14,CML-1.895,True,profile_validity,all16
CML-2-I14,CML-2,14,VAR-legacy-0.95-0.4,False,profile_validity,all16
VAR-0.2-I15,VAR-0.2,15,VAR-legacy-0.95-0.4,False,profile_validity,all16
VAR-0.7-I15,VAR-0.7,15,CML-2,False,profile_validity,all16
CML-1.45-I15,CML-1.45,15,CML-1.69,False,profile_validity,all16
CML-1.69-I15,CML-1.69,15,CML-1.69,True,profile_validity,all16
CML-1.7522-I15,CML-1.7522,15,CML-1.7522,True,profile_validity,all16
CML-1.895-I15,CML-1.895,15,CML-1.895,True,profile_validity,all16
CML-2-I15,CML-2,15,VAR-0.7,False,profile_validity,all16
VAR-0.2-I16,VAR-0.2,16,VAR-0.2,True,profile_validity,all16
VAR-0.7-I16,VAR-0.7,16,CML-2,False,profile_validity,all16
CML-1.45-I16,CML-1.45,16,CML-1.45,True,profile_validity,all16
CML-1.69-I16,CML-1.69,16,CML-1.45,False,profile_validity,all16
CML-1.7522-I16,CML-1.7522,16,CML-1.7522,True,profile_validity,all16
CML-1.895-I16,CML-1.895,16,CML-1.895,True,profile_validity,all16
CML-2-I16,CML-2,16,VAR-0.7,False,profile_validity,all16
VAR-0.2-I17,VAR-0.2,17,VAR-0.7,False,profile_validity,all16
VAR-0.7-I17,VAR-0.7,17,VAR-0.7,True,profile_validity,all16
CML-1.45-I17,CML-1.45,17,CML-1.45,True,profile_validity,all16
CML-1.69-I17,CML-1.69,17,CML-1.45,False,profile_validity,all16
CML-1.7522-I17,CML-1.7522,17,CML-1.45,False,profile_validity,all16
CML-1.895-I17,CML-1.895,17,CML-1.85,False,profile_validity,all16
CML-2-I17,CML-2,17,CML-2,True,profile_validity,all16
VAR-0.2-I18,VAR-0.2,18,VAR-0.2,True,profile_validity,all16
VAR-0.7-I18,VAR-0.7,18,VAR-legacy-0.95-0.4,False,profile_validity,all16
CML-1.45-I18,CML-1.45,18,CML-1.69,False,profile_validity,all16
CML-1.69-I18,CML-1.69,18,CML-1.895,False,profile_validity,all16
CML-1.7522-I18,CML-1.7522,18,CML-1.45,False,profile_validity,all16
CML-1.895-I18,CML-1.895,18,CML-1.895,True,profile_validity,all16
CML-2-I18,CML-2,18,VAR-legacy-0.95-0.4,False,profile_validity,all16
VAR-0.2-I19,VAR-0.2,19,CML-2,False,profile_validity,all16
VAR-0.7-I19,VAR-0.7,19,CML-2,False,profile_validity,all16
CML-1.45-I19,CML-1.45,19,CML-1.45,True,profile_validity,all16
CML-1.69-I19,CML-1.69,19,CML-1.69,True,profile_validity,all16
CML-1.7522-I19,CML-1.7522,19,CML-1.7522,True,profile_validity,all16
CML-1.895-I19,CML-1.895,19,CML-1.895,True,profile_validity,all16
CML-2-I19,CML-2,19,VAR-legacy-0.95-0.4,False,profile_validity,all16
VAR-0.2-I20,VAR-0.2,20,VAR-legacy-0.95-0.4,False,profile_validity,all16
VAR-0.7-I20,VAR-0.7,20,CML-2,False,profile_validity,all16
CML-1.45-I20,CML-1.45,20,CML-1.45,True,profile_validity,all16
CML-1.69-I20,CML-1.69,20,CML-1.69,True,profile_validity,all16
CML-1.7522-I20,CML-1.7522,20,CML-1.7522,True,profile_validity,all16
CML-1.895-I20,CML-1.895,20,CML-1.895,True,profile_validity,all16
CML-2-I20,CML-2,20,CML-2,True,profile_validity,all16
VAR-0.2-I21,VAR-0.2,21,VAR-0.7,False,profile_validity,all16
VAR-0.7-I21,VAR-0.7,21,VAR-0.7,True,profile_validity,all16
CML-1.45-I21,CML-1.45,21,CML-1.45,True,profile_validity,all16
CML-1.69-I21,CML-1.69,21,CML-1.45,False,profile_validity,all16
CML-1.7522-I21,CML-1.7522,21,CML-1.7522,True,profile_validity,all16
CML-1.895-I21,CML-1.895,21,CML-1.895,True,profile_validity,all16
CML-2-I21,CML-2,21,VAR-0.7,False,profile_validity,all16
VAR-0.2-I22,VAR-0.2,22,CML-2,False,profile_validity,all16
VAR-0.7-I22,VAR-0.7,22,CML-2,False,profile_validity,all16
CML-1.45-I22,CML-1.45,22,CML-1.45,True,profile_validity,all16
CML-1.69-I22,CML-1.69,22,CML-1.45,False,profile_validity,all16
CML-1.7522-I22,CML-1.7522,22,CML-1.7522,True,profile_validity,all16
CML-1.895-I22,CML-1.895,22,CML-1.895,True,profile_validity,all16
CML-2-I22,CML-2,22,CML-2,True,profile_validity,all16
VAR-0.2-I23,VAR-0.2,23,VAR-0.7,False,profile_validity,all16
VAR-0.7-I23,VAR-0.7,23,CML-2,False,profile_validity,all16
CML-1.45-I23,CML-1.45,23,CML-1.45,True,profile_validity,all16
CML-1.69-I23,CML-1.69,23,CML-1.45,False,profile_validity,all16
CML-1.7522-I23,CML-1.7522,23,CML-1.7522,True,profile_validity,all16
CML-1.895-I23,CML-1.895,23,CML-1.895,True,profile_validity,all16
CML-2-I23,CML-2,23,CML-2,True,profile_validity,all16
VAR-legacy-0.95-0.4-I12,VAR-legacy-0.95-0.4,12,VAR-legacy-0.95-0.4,True,profile_validity,all16
VAR-legacy-0.2-0.4-I12,VAR-legacy-0.2-0.4,12,VAR-0.7,False,profile_validity,all16
VAR-legacy-0.2-0.8-I12,VAR-legacy-0.2-0.8,12,VAR-0.7,False,profile_validity,all16
CML-1.85-I12,CML-1.85,12,CML-1.895,False,profile_validity,all16
Kuramoto-fast-I12,Kuramoto-fast,12,Kuramoto-fast,True,profile_validity,all16
Kuramoto-slow-I12,Kuramoto-slow,12,Kuramoto-slow,True,profile_validity,all16
Gaussian-noise-I12,Gaussian-noise,12,Gaussian-noise,True,profile_validity,all16
Cauchy-noise-I12,Cauchy-noise,12,Cauchy-noise,True,profile_validity,all16
Wave-I12,Wave,12,Wave,True,profile_validity,all16
VAR-legacy-0.95-0.4-I13,VAR-legacy-0.95-0.4,13,VAR-0.7,False,profile_validity,all16
VAR-legacy-0.2-0.4-I13,VAR-legacy-0.2-0.4,13,CML-2,False,profile_validity,all16
VAR-legacy-0.2-0.8-I13,VAR-legacy-0.2-0.8,13,CML-2,False,profile_validity,all16
CML-1.85-I13,CML-1.85,13,CML-1.85,True,profile_validity,all16
Kuramoto-fast-I13,Kuramoto-fast,13,Kuramoto-fast,True,profile_validity,all16
Kuramoto-slow-I13,Kuramoto-slow,13,Kuramoto-slow,True,profile_validity,all16
Gaussian-noise-I13,Gaussian-noise,13,Gaussian-noise,True,profile_validity,all16
Cauchy-noise-I13,Cauchy-noise,13,VAR-0.2,False,profile_validity,all16
Wave-I13,Wave,13,Wave,True,profile_validity,all16
VAR-legacy-0.95-0.4-I14,VAR-legacy-0.95-0.4,14,CML-2,False,profile_validity,all16
VAR-legacy-0.2-0.4-I14,VAR-legacy-0.2-0.4,14,CML-2,False,profile_validity,all16
VAR-legacy-0.2-0.8-I14,VAR-legacy-0.2-0.8,14,VAR-0.2,False,profile_validity,all16
CML-1.85-I14,CML-1.85,14,CML-1.85,True,profile_validity,all16
Kuramoto-fast-I14,Kuramoto-fast,14,Kuramoto-fast,True,profile_validity,all16
Kuramoto-slow-I14,Kuramoto-slow,14,Kuramoto-slow,True,profile_validity,all16
Gaussian-noise-I14,Gaussian-noise,14,Gaussian-noise,True,profile_validity,all16
Cauchy-noise-I14,Cauchy-noise,14,Kuramoto-fast,False,profile_validity,all16
Wave-I14,Wave,14,Wave,True,profile_validity,all16
VAR-legacy-0.95-0.4-I15,VAR-legacy-0.95-0.4,15,CML-2,False,profile_validity,all16
VAR-legacy-0.2-0.4-I15,VAR-legacy-0.2-0.4,15,VAR-legacy-0.95-0.4,False,profile_validity,all16
VAR-legacy-0.2-0.8-I15,VAR-legacy-0.2-0.8,15,VAR-0.2,False,profile_validity,all16
CML-1.85-I15,CML-1.85,15,CML-1.895,False,profile_validity,all16
Kuramoto-fast-I15,Kuramoto-fast,15,Kuramoto-fast,True,profile_validity,all16
Kuramoto-slow-I15,Kuramoto-slow,15,Kuramoto-slow,True,profile_validity,all16
Gaussian-noise-I15,Gaussian-noise,15,Gaussian-noise,True,profile_validity,all16
Cauchy-noise-I15,Cauchy-noise,15,Cauchy-noise,True,profile_validity,all16
Wave-I15,Wave,15,Wave,True,profile_validity,all16
VAR-legacy-0.95-0.4-I16,VAR-legacy-0.95-0.4,16,CML-2,False,profile_validity,all16
VAR-legacy-0.2-0.4-I16,VAR-legacy-0.2-0.4,16,VAR-0.2,False,profile_validity,all16
VAR-legacy-0.2-0.8-I16,VAR-legacy-0.2-0.8,16,VAR-0.2,False,profile_validity,all16
CML-1.85-I16,CML-1.85,16,CML-1.85,True,profile_validity,all16
Kuramoto-fast-I16,Kuramoto-fast,16,Kuramoto-fast,True,profile_validity,all16
Kuramoto-slow-I16,Kuramoto-slow,16,Kuramoto-slow,True,profile_validity,all16
Gaussian-noise-I16,Gaussian-noise,16,Gaussian-noise,True,profile_validity,all16
Cauchy-noise-I16,Cauchy-noise,16,Cauchy-noise,True,profile_validity,all16
Wave-I16,Wave,16,Wave,True,profile_validity,all16
VAR-legacy-0.95-0.4-I17,VAR-legacy-0.95-0.4,17,VAR-legacy-0.95-0.4,True,profile_validity,all16
VAR-legacy-0.2-0.4-I17,VAR-legacy-0.2-0.4,17,VAR-0.7,False,profile_validity,all16
VAR-legacy-0.2-0.8-I17,VAR-legacy-0.2-0.8,17,VAR-0.2,False,profile_validity,all16
CML-1.85-I17,CML-1.85,17,CML-1.85,True,profile_validity,all16
Kuramoto-fast-I17,Kuramoto-fast,17,Kuramoto-fast,True,profile_validity,all16
Kuramoto-slow-I17,Kuramoto-slow,17,Kuramoto-slow,True,profile_validity,all16
Gaussian-noise-I17,Gaussian-noise,17,Gaussian-noise,True,profile_validity,all16
Cauchy-noise-I17,Cauchy-noise,17,Cauchy-noise,True,profile_validity,all16
Wave-I17,Wave,17,Wave,True,profile_validity,all16
VAR-legacy-0.95-0.4-I18,VAR-legacy-0.95-0.4,18,VAR-legacy-0.95-0.4,True,profile_validity,all16
VAR-legacy-0.2-0.4-I18,VAR-legacy-0.2-0.4,18,VAR-legacy-0.2-0.8,False,profile_validity,all16
VAR-legacy-0.2-0.8-I18,VAR-legacy-0.2-0.8,18,VAR-legacy-0.2-0.8,True,profile_validity,all16
CML-1.85-I18,CML-1.85,18,CML-1.85,True,profile_validity,all16
Kuramoto-fast-I18,Kuramoto-fast,18,Kuramoto-fast,True,profile_validity,all16
Kuramoto-slow-I18,Kuramoto-slow,18,Kuramoto-slow,True,profile_validity,all16
Gaussian-noise-I18,Gaussian-noise,18,Gaussian-noise,True,profile_validity,all16
Cauchy-noise-I18,Cauchy-noise,18,Cauchy-noise,True,profile_validity,all16
Wave-I18,Wave,18,Wave,True,profile_validity,all16
VAR-legacy-0.95-0.4-I19,VAR-legacy-0.95-0.4,19,CML-2,False,profile_validity,all16
VAR-legacy-0.2-0.4-I19,VAR-legacy-0.2-0.4,19,CML-2,False,profile_validity,all16
VAR-legacy-0.2-0.8-I19,VAR-legacy-0.2-0.8,19,VAR-0.2,False,profile_validity,all16
CML-1.85-I19,CML-1.85,19,CML-1.69,False,profile_validity,all16
Kuramoto-fast-I19,Kuramoto-fast,19,Kuramoto-fast,True,profile_validity,all16
Kuramoto-slow-I19,Kuramoto-slow,19,Kuramoto-slow,True,profile_validity,all16
Gaussian-noise-I19,Gaussian-noise,19,Gaussian-noise,True,profile_validity,all16
Cauchy-noise-I19,Cauchy-noise,19,Cauchy-noise,True,profile_validity,all16
Wave-I19,Wave,19,Wave,True,profile_validity,all16
VAR-legacy-0.95-0.4-I20,VAR-legacy-0.95-0.4,20,CML-2,False,profile_validity,all16
VAR-legacy-0.2-0.4-I20,VAR-legacy-0.2-0.4,20,VAR-legacy-0.95-0.4,False,profile_validity,all16
VAR-legacy-0.2-0.8-I20,VAR-legacy-0.2-0.8,20,Gaussian-noise,False,profile_validity,all16
CML-1.85-I20,CML-1.85,20,CML-1.895,False,profile_validity,all16
Kuramoto-fast-I20,Kuramoto-fast,20,Kuramoto-fast,True,profile_validity,all16
Kuramoto-slow-I20,Kuramoto-slow,20,Kuramoto-slow,True,profile_validity,all16
Gaussian-noise-I20,Gaussian-noise,20,Gaussian-noise,True,profile_validity,all16
Cauchy-noise-I20,Cauchy-noise,20,Cauchy-noise,True,profile_validity,all16
Wave-I20,Wave,20,Wave,True,profile_validity,all16
VAR-legacy-0.95-0.4-I21,VAR-legacy-0.95-0.4,21,VAR-0.7,False,profile_validity,all16
VAR-legacy-0.2-0.4-I21,VAR-legacy-0.2-0.4,21,VAR-0.7,False,profile_validity,all16
VAR-legacy-0.2-0.8-I21,VAR-legacy-0.2-0.8,21,VAR-legacy-0.2-0.8,True,profile_validity,all16
CML-1.85-I21,CML-1.85,21,Kuramoto-fast,False,profile_validity,all16
Kuramoto-fast-I21,Kuramoto-fast,21,Kuramoto-fast,True,profile_validity,all16
Kuramoto-slow-I21,Kuramoto-slow,21,Kuramoto-slow,True,profile_validity,all16
Gaussian-noise-I21,Gaussian-noise,21,Gaussian-noise,True,profile_validity,all16
Cauchy-noise-I21,Cauchy-noise,21,Cauchy-noise,True,profile_validity,all16
Wave-I21,Wave,21,Wave,True,profile_validity,all16
VAR-legacy-0.95-0.4-I22,VAR-legacy-0.95-0.4,22,CML-2,False,profile_validity,all16
VAR-legacy-0.2-0.4-I22,VAR-legacy-0.2-0.4,22,CML-2,False,profile_validity,all16
VAR-legacy-0.2-0.8-I22,VAR-legacy-0.2-0.8,22,Gaussian-noise,False,profile_validity,all16
CML-1.85-I22,CML-1.85,22,CML-1.85,True,profile_validity,all16
Kuramoto-fast-I22,Kuramoto-fast,22,Kuramoto-fast,True,profile_validity,all16
Kuramoto-slow-I22,Kuramoto-slow,22,Kuramoto-slow,True,profile_validity,all16
Gaussian-noise-I22,Gaussian-noise,22,Gaussian-noise,True,profile_validity,all16
Cauchy-noise-I22,Cauchy-noise,22,Cauchy-noise,True,profile_validity,all16
Wave-I22,Wave,22,Wave,True,profile_validity,all16
VAR-legacy-0.95-0.4-I23,VAR-legacy-0.95-0.4,23,CML-2,False,profile_validity,all16
VAR-legacy-0.2-0.4-I23,VAR-legacy-0.2-0.4,23,VAR-0.7,False,profile_validity,all16
VAR-legacy-0.2-0.8-I23,VAR-legacy-0.2-0.8,23,VAR-0.7,False,profile_validity,all16
CML-1.85-I23,CML-1.85,23,CML-1.45,False,profile_validity,all16
Kuramoto-fast-I23,Kuramoto-fast,23,Kuramoto-fast,True,profile_validity,all16
Kuramoto-slow-I23,Kuramoto-slow,23,Kuramoto-slow,True,profile_validity,all16
Gaussian-noise-I23,Gaussian-noise,23,Gaussian-noise,True,profile_validity,all16
Cauchy-noise-I23,Cauchy-noise,23,Cauchy-noise,True,profile_validity,all16
Wave-I23,Wave,23,Wave,True,profile_validity,all16
CML-1.45-I12,CML-1.45,12,CML-1.69,False,profile_validity,CML6
CML-1.69-I12,CML-1.69,12,CML-1.45,False,profile_validity,CML6
CML-1.7522-I12,CML-1.7522,12,CML-1.45,False,profile_validity,CML6
CML-1.895-I12,CML-1.895,12,CML-1.895,True,profile_validity,CML6
CML-2-I12,CML-2,12,CML-2,True,profile_validity,CML6
CML-1.45-I13,CML-1.45,13,CML-1.45,True,profile_validity,CML6
CML-1.69-I13,CML-1.69,13,CML-1.69,True,profile_validity,CML6
CML-1.7522-I13,CML-1.7522,13,CML-1.7522,True,profile_validity,CML6
CML-1.895-I13,CML-1.895,13,CML-1.895,True,profile_validity,CML6
CML-2-I13,CML-2,13,CML-2,True,profile_validity,CML6
CML-1.45-I14,CML-1.45,14,CML-1.45,True,profile_validity,CML6
CML-1.69-I14,CML-1.69,14,CML-1.45,False,profile_validity,CML6
CML-1.7522-I14,CML-1.7522,14,CML-1.7522,True,profile_validity,CML6
CML-1.895-I14,CML-1.895,14,CML-1.895,True,profile_validity,CML6
CML-2-I14,CML-2,14,CML-2,True,profile_validity,CML6
CML-1.45-I15,CML-1.45,15,CML-1.69,False,profile_validity,CML6
CML-1.69-I15,CML-1.69,15,CML-1.69,True,profile_validity,CML6
CML-1.7522-I15,CML-1.7522,15,CML-1.7522,True,profile_validity,CML6
CML-1.895-I15,CML-1.895,15,CML-1.895,True,profile_validity,CML6
CML-2-I15,CML-2,15,CML-2,True,profile_validity,CML6
CML-1.45-I16,CML-1.45,16,CML-1.45,True,profile_validity,CML6
CML-1.69-I16,CML-1.69,16,CML-1.45,False,profile_validity,CML6
CML-1.7522-I16,CML-1.7522,16,CML-1.7522,True,profile_validity,CML6
CML-1.895-I16,CML-1.895,16,CML-1.895,True,profile_validity,CML6
CML-2-I16,CML-2,16,CML-2,True,profile_validity,CML6
CML-1.45-I17,CML-1.45,17,CML-1.45,True,profile_validity,CML6
CML-1.69-I17,CML-1.69,17,CML-1.45,False,profile_validity,CML6
CML-1.7522-I17,CML-1.7522,17,CML-1.45,False,profile_validity,CML6
CML-1.895-I17,CML-1.895,17,CML-1.85,False,profile_validity,CML6
CML-2-I17,CML-2,17,CML-2,True,profile_validity,CML6
CML-1.45-I18,CML-1.45,18,CML-1.69,False,profile_validity,CML6
CML-1.69-I18,CML-1.69,18,CML-1.895,False,profile_validity,CML6
CML-1.7522-I18,CML-1.7522,18,CML-1.45,False,profile_validity,CML6
CML-1.895-I18,CML-1.895,18,CML-1.895,True,profile_validity,CML6
CML-2-I18,CML-2,18,CML-2,True,profile_validity,CML6
CML-1.45-I19,CML-1.45,19,CML-1.45,True,profile_validity,CML6
CML-1.69-I19,CML-1.69,19,CML-1.69,True,profile_validity,CML6
CML-1.7522-I19,CML-1.7522,19,CML-1.7522,True,profile_validity,CML6
CML-1.895-I19,CML-1.895,19,CML-1.895,True,profile_validity,CML6
CML-2-I19,CML-2,19,CML-2,True,profile_validity,CML6
CML-1.45-I20,CML-1.45,20,CML-1.69,False,profile_validity,CML6
CML-1.69-I20,CML-1.69,20,CML-1.69,True,profile_validity,CML6
CML-1.7522-I20,CML-1.7522,20,CML-1.7522,True,profile_validity,CML6
CML-1.895-I20,CML-1.895,20,CML-1.895,True,profile_validity,CML6
CML-2-I20,CML-2,20,CML-2,True,profile_validity,CML6
CML-1.45-I21,CML-1.45,21,CML-1.45,True,profile_validity,CML6
CML-1.69-I21,CML-1.69,21,CML-1.45,False,profile_validity,CML6
CML-1.7522-I21,CML-1.7522,21,CML-1.7522,True,profile_validity,CML6
CML-1.895-I21,CML-1.895,21,CML-1.895,True,profile_validity,CML6
CML-2-I21,CML-2,21,CML-2,True,profile_validity,CML6
CML-1.45-I22,CML-1.45,22,CML-1.45,True,profile_validity,CML6
CML-1.69-I22,CML-1.69,22,CML-1.45,False,profile_validity,CML6
CML-1.7522-I22,CML-1.7522,22,CML-1.7522,True,profile_validity,CML6
CML-1.895-I22,CML-1.895,22,CML-1.895,True,profile_validity,CML6
CML-2-I22,CML-2,22,CML-2,True,profile_validity,CML6
CML-1.45-I23,CML-1.45,23,CML-1.45,True,profile_validity,CML6
CML-1.69-I23,CML-1.69,23,CML-1.45,False,profile_validity,CML6
CML-1.7522-I23,CML-1.7522,23,CML-1.7522,True,profile_validity,CML6
CML-1.895-I23,CML-1.895,23,CML-1.895,True,profile_validity,CML6
CML-2-I23,CML-2,23,CML-2,True,profile_validity,CML6
CML-1.85-I12,CML-1.85,12,CML-1.895,False,profile_validity,CML6
CML-1.85-I13,CML-1.85,13,CML-1.85,True,profile_validity,CML6
CML-1.85-I14,CML-1.85,14,CML-1.85,True,profile_validity,CML6
CML-1.85-I15,CML-1.85,15,CML-1.895,False,profile_validity,CML6
CML-1.85-I16,CML-1.85,16,CML-1.85,True,profile_validity,CML6
CML-1.85-I17,CML-1.85,17,CML-1.85,True,profile_validity,CML6
CML-1.85-I18,CML-1.85,18,CML-1.85,True,profile_validity,CML6
CML-1.85-I19,CML-1.85,19,CML-1.69,False,profile_validity,CML6
CML-1.85-I20,CML-1.85,20,CML-1.895,False,profile_validity,CML6
CML-1.85-I21,CML-1.85,21,CML-1.85,True,profile_validity,CML6
CML-1.85-I22,CML-1.85,22,CML-1.85,True,profile_validity,CML6
CML-1.85-I23,CML-1.85,23,CML-1.45,False,profile_validity,CML6
CML-1.45-I12,CML-1.45,12,CML-1.69,False,profile_validity,historical14
CML-1.69-I12,CML-1.69,12,CML-1.45,False,profile_validity,historical14
CML-1.7522-I12,CML-1.7522,12,CML-1.45,False,profile_validity,historical14
CML-1.895-I12,CML-1.895,12,CML-1.895,True,profile_validity,historical14
CML-2-I12,CML-2,12,CML-2,True,profile_validity,historical14
CML-1.45-I13,CML-1.45,13,CML-1.45,True,profile_validity,historical14
CML-1.69-I13,CML-1.69,13,CML-1.69,True,profile_validity,historical14
CML-1.7522-I13,CML-1.7522,13,CML-1.7522,True,profile_validity,historical14
CML-1.895-I13,CML-1.895,13,CML-1.895,True,profile_validity,historical14
CML-2-I13,CML-2,13,CML-2,True,profile_validity,historical14
CML-1.45-I14,CML-1.45,14,CML-1.45,True,profile_validity,historical14
CML-1.69-I14,CML-1.69,14,CML-1.45,False,profile_validity,historical14
CML-1.7522-I14,CML-1.7522,14,CML-1.69,False,profile_validity,historical14
CML-1.895-I14,CML-1.895,14,CML-1.895,True,profile_validity,historical14
CML-2-I14,CML-2,14,VAR-legacy-0.95-0.4,False,profile_validity,historical14
CML-1.45-I15,CML-1.45,15,CML-1.69,False,profile_validity,historical14
CML-1.69-I15,CML-1.69,15,CML-1.69,True,profile_validity,historical14
CML-1.7522-I15,CML-1.7522,15,CML-1.7522,True,profile_validity,historical14
CML-1.895-I15,CML-1.895,15,CML-1.895,True,profile_validity,historical14
CML-2-I15,CML-2,15,VAR-legacy-0.95-0.4,False,profile_validity,historical14
CML-1.45-I16,CML-1.45,16,CML-1.45,True,profile_validity,historical14
CML-1.69-I16,CML-1.69,16,CML-1.45,False,profile_validity,historical14
CML-1.7522-I16,CML-1.7522,16,CML-1.7522,True,profile_validity,historical14
CML-1.895-I16,CML-1.895,16,CML-1.895,True,profile_validity,historical14
CML-2-I16,CML-2,16,VAR-legacy-0.95-0.4,False,profile_validity,historical14
CML-1.45-I17,CML-1.45,17,CML-1.45,True,profile_validity,historical14
CML-1.69-I17,CML-1.69,17,CML-1.45,False,profile_validity,historical14
CML-1.7522-I17,CML-1.7522,17,CML-1.45,False,profile_validity,historical14
CML-1.895-I17,CML-1.895,17,CML-1.85,False,profile_validity,historical14
CML-2-I17,CML-2,17,CML-2,True,profile_validity,historical14
CML-1.45-I18,CML-1.45,18,CML-1.69,False,profile_validity,historical14
CML-1.69-I18,CML-1.69,18,CML-1.895,False,profile_validity,historical14
CML-1.7522-I18,CML-1.7522,18,CML-1.45,False,profile_validity,historical14
CML-1.895-I18,CML-1.895,18,CML-1.895,True,profile_validity,historical14
CML-2-I18,CML-2,18,VAR-legacy-0.95-0.4,False,profile_validity,historical14
CML-1.45-I19,CML-1.45,19,CML-1.45,True,profile_validity,historical14
CML-1.69-I19,CML-1.69,19,CML-1.69,True,profile_validity,historical14
CML-1.7522-I19,CML-1.7522,19,CML-1.7522,True,profile_validity,historical14
CML-1.895-I19,CML-1.895,19,CML-1.895,True,profile_validity,historical14
CML-2-I19,CML-2,19,VAR-legacy-0.95-0.4,False,profile_validity,historical14
CML-1.45-I20,CML-1.45,20,CML-1.45,True,profile_validity,historical14
CML-1.69-I20,CML-1.69,20,CML-1.69,True,profile_validity,historical14
CML-1.7522-I20,CML-1.7522,20,CML-1.7522,True,profile_validity,historical14
CML-1.895-I20,CML-1.895,20,CML-1.895,True,profile_validity,historical14
CML-2-I20,CML-2,20,CML-2,True,profile_validity,historical14
CML-1.45-I21,CML-1.45,21,CML-1.45,True,profile_validity,historical14
CML-1.69-I21,CML-1.69,21,CML-1.45,False,profile_validity,historical14
CML-1.7522-I21,CML-1.7522,21,CML-1.7522,True,profile_validity,historical14
CML-1.895-I21,CML-1.895,21,CML-1.895,True,profile_validity,historical14
CML-2-I21,CML-2,21,VAR-legacy-0.95-0.4,False,profile_validity,historical14
CML-1.45-I22,CML-1.45,22,CML-1.45,True,profile_validity,historical14
CML-1.69-I22,CML-1.69,22,CML-1.45,False,profile_validity,historical14
CML-1.7522-I22,CML-1.7522,22,CML-1.7522,True,profile_validity,historical14
CML-1.895-I22,CML-1.895,22,CML-1.895,True,profile_validity,historical14
CML-2-I22,CML-2,22,CML-2,True,profile_validity,historical14
CML-1.45-I23,CML-1.45,23,CML-1.45,True,profile_validity,historical14
CML-1.69-I23,CML-1.69,23,CML-1.45,False,profile_validity,historical14
CML-1.7522-I23,CML-1.7522,23,CML-1.7522,True,profile_validity,historical14
CML-1.895-I23,CML-1.895,23,CML-1.895,True,profile_validity,historical14
CML-2-I23,CML-2,23,CML-2,True,profile_validity,historical14
VAR-legacy-0.95-0.4-I12,VAR-legacy-0.95-0.4,12,VAR-legacy-0.95-0.4,True,profile_validity,historical14
VAR-legacy-0.2-0.4-I12,VAR-legacy-0.2-0.4,12,VAR-legacy-0.95-0.4,False,profile_validity,historical14
VAR-legacy-0.2-0.8-I12,VAR-legacy-0.2-0.8,12,VAR-legacy-0.95-0.4,False,profile_validity,historical14
CML-1.85-I12,CML-1.85,12,CML-1.895,False,profile_validity,historical14
Kuramoto-fast-I12,Kuramoto-fast,12,Kuramoto-fast,True,profile_validity,historical14
Kuramoto-slow-I12,Kuramoto-slow,12,Kuramoto-slow,True,profile_validity,historical14
Gaussian-noise-I12,Gaussian-noise,12,Gaussian-noise,True,profile_validity,historical14
Cauchy-noise-I12,Cauchy-noise,12,Cauchy-noise,True,profile_validity,historical14
Wave-I12,Wave,12,Wave,True,profile_validity,historical14
VAR-legacy-0.95-0.4-I13,VAR-legacy-0.95-0.4,13,VAR-legacy-0.95-0.4,True,profile_validity,historical14
VAR-legacy-0.2-0.4-I13,VAR-legacy-0.2-0.4,13,CML-2,False,profile_validity,historical14
VAR-legacy-0.2-0.8-I13,VAR-legacy-0.2-0.8,13,CML-2,False,profile_validity,historical14
CML-1.85-I13,CML-1.85,13,CML-1.85,True,profile_validity,historical14
Kuramoto-fast-I13,Kuramoto-fast,13,Kuramoto-fast,True,profile_validity,historical14
Kuramoto-slow-I13,Kuramoto-slow,13,Kuramoto-slow,True,profile_validity,historical14
Gaussian-noise-I13,Gaussian-noise,13,Gaussian-noise,True,profile_validity,historical14
Cauchy-noise-I13,Cauchy-noise,13,Cauchy-noise,True,profile_validity,historical14
Wave-I13,Wave,13,Wave,True,profile_validity,historical14
VAR-legacy-0.95-0.4-I14,VAR-legacy-0.95-0.4,14,CML-2,False,profile_validity,historical14
VAR-legacy-0.2-0.4-I14,VAR-legacy-0.2-0.4,14,CML-2,False,profile_validity,historical14
VAR-legacy-0.2-0.8-I14,VAR-legacy-0.2-0.8,14,VAR-legacy-0.2-0.4,False,profile_validity,historical14
CML-1.85-I14,CML-1.85,14,CML-1.85,True,profile_validity,historical14
Kuramoto-fast-I14,Kuramoto-fast,14,Kuramoto-fast,True,profile_validity,historical14
Kuramoto-slow-I14,Kuramoto-slow,14,Kuramoto-slow,True,profile_validity,historical14
Gaussian-noise-I14,Gaussian-noise,14,Gaussian-noise,True,profile_validity,historical14
Cauchy-noise-I14,Cauchy-noise,14,Cauchy-noise,True,profile_validity,historical14
Wave-I14,Wave,14,Wave,True,profile_validity,historical14
VAR-legacy-0.95-0.4-I15,VAR-legacy-0.95-0.4,15,CML-2,False,profile_validity,historical14
VAR-legacy-0.2-0.4-I15,VAR-legacy-0.2-0.4,15,VAR-legacy-0.95-0.4,False,profile_validity,historical14
VAR-legacy-0.2-0.8-I15,VAR-legacy-0.2-0.8,15,VAR-legacy-0.2-0.4,False,profile_validity,historical14
CML-1.85-I15,CML-1.85,15,CML-1.895,False,profile_validity,historical14
Kuramoto-fast-I15,Kuramoto-fast,15,Kuramoto-fast,True,profile_validity,historical14
Kuramoto-slow-I15,Kuramoto-slow,15,Kuramoto-slow,True,profile_validity,historical14
Gaussian-noise-I15,Gaussian-noise,15,Gaussian-noise,True,profile_validity,historical14
Cauchy-noise-I15,Cauchy-noise,15,Cauchy-noise,True,profile_validity,historical14
Wave-I15,Wave,15,Wave,True,profile_validity,historical14
VAR-legacy-0.95-0.4-I16,VAR-legacy-0.95-0.4,16,CML-2,False,profile_validity,historical14
VAR-legacy-0.2-0.4-I16,VAR-legacy-0.2-0.4,16,VAR-legacy-0.2-0.4,True,profile_validity,historical14
VAR-legacy-0.2-0.8-I16,VAR-legacy-0.2-0.8,16,VAR-legacy-0.2-0.4,False,profile_validity,historical14
CML-1.85-I16,CML-1.85,16,CML-1.85,True,profile_validity,historical14
Kuramoto-fast-I16,Kuramoto-fast,16,Kuramoto-fast,True,profile_validity,historical14
Kuramoto-slow-I16,Kuramoto-slow,16,Kuramoto-slow,True,profile_validity,historical14
Gaussian-noise-I16,Gaussian-noise,16,Gaussian-noise,True,profile_validity,historical14
Cauchy-noise-I16,Cauchy-noise,16,Cauchy-noise,True,profile_validity,historical14
Wave-I16,Wave,16,Wave,True,profile_validity,historical14
VAR-legacy-0.95-0.4-I17,VAR-legacy-0.95-0.4,17,VAR-legacy-0.95-0.4,True,profile_validity,historical14
VAR-legacy-0.2-0.4-I17,VAR-legacy-0.2-0.4,17,VAR-legacy-0.95-0.4,False,profile_validity,historical14
VAR-legacy-0.2-0.8-I17,VAR-legacy-0.2-0.8,17,VAR-legacy-0.2-0.4,False,profile_validity,historical14
CML-1.85-I17,CML-1.85,17,CML-1.85,True,profile_validity,historical14
Kuramoto-fast-I17,Kuramoto-fast,17,Kuramoto-fast,True,profile_validity,historical14
Kuramoto-slow-I17,Kuramoto-slow,17,Kuramoto-slow,True,profile_validity,historical14
Gaussian-noise-I17,Gaussian-noise,17,Gaussian-noise,True,profile_validity,historical14
Cauchy-noise-I17,Cauchy-noise,17,Cauchy-noise,True,profile_validity,historical14
Wave-I17,Wave,17,Wave,True,profile_validity,historical14
VAR-legacy-0.95-0.4-I18,VAR-legacy-0.95-0.4,18,VAR-legacy-0.95-0.4,True,profile_validity,historical14
VAR-legacy-0.2-0.4-I18,VAR-legacy-0.2-0.4,18,VAR-legacy-0.2-0.8,False,profile_validity,historical14
VAR-legacy-0.2-0.8-I18,VAR-legacy-0.2-0.8,18,VAR-legacy-0.2-0.8,True,profile_validity,historical14
CML-1.85-I18,CML-1.85,18,CML-1.85,True,profile_validity,historical14
Kuramoto-fast-I18,Kuramoto-fast,18,Kuramoto-fast,True,profile_validity,historical14
Kuramoto-slow-I18,Kuramoto-slow,18,Kuramoto-slow,True,profile_validity,historical14
Gaussian-noise-I18,Gaussian-noise,18,Gaussian-noise,True,profile_validity,historical14
Cauchy-noise-I18,Cauchy-noise,18,Cauchy-noise,True,profile_validity,historical14
Wave-I18,Wave,18,Wave,True,profile_validity,historical14
VAR-legacy-0.95-0.4-I19,VAR-legacy-0.95-0.4,19,CML-2,False,profile_validity,historical14
VAR-legacy-0.2-0.4-I19,VAR-legacy-0.2-0.4,19,CML-2,False,profile_validity,historical14
VAR-legacy-0.2-0.8-I19,VAR-legacy-0.2-0.8,19,VAR-legacy-0.2-0.4,False,profile_validity,historical14
CML-1.85-I19,CML-1.85,19,CML-1.69,False,profile_validity,historical14
Kuramoto-fast-I19,Kuramoto-fast,19,Kuramoto-fast,True,profile_validity,historical14
Kuramoto-slow-I19,Kuramoto-slow,19,Kuramoto-slow,True,profile_validity,historical14
Gaussian-noise-I19,Gaussian-noise,19,Gaussian-noise,True,profile_validity,historical14
Cauchy-noise-I19,Cauchy-noise,19,Cauchy-noise,True,profile_validity,historical14
Wave-I19,Wave,19,Wave,True,profile_validity,historical14
VAR-legacy-0.95-0.4-I20,VAR-legacy-0.95-0.4,20,CML-2,False,profile_validity,historical14
VAR-legacy-0.2-0.4-I20,VAR-legacy-0.2-0.4,20,VAR-legacy-0.95-0.4,False,profile_validity,historical14
VAR-legacy-0.2-0.8-I20,VAR-legacy-0.2-0.8,20,Gaussian-noise,False,profile_validity,historical14
CML-1.85-I20,CML-1.85,20,CML-1.895,False,profile_validity,historical14
Kuramoto-fast-I20,Kuramoto-fast,20,Kuramoto-fast,True,profile_validity,historical14
Kuramoto-slow-I20,Kuramoto-slow,20,Kuramoto-slow,True,profile_validity,historical14
Gaussian-noise-I20,Gaussian-noise,20,Gaussian-noise,True,profile_validity,historical14
Cauchy-noise-I20,Cauchy-noise,20,Cauchy-noise,True,profile_validity,historical14
Wave-I20,Wave,20,Wave,True,profile_validity,historical14
VAR-legacy-0.95-0.4-I21,VAR-legacy-0.95-0.4,21,VAR-legacy-0.95-0.4,True,profile_validity,historical14
VAR-legacy-0.2-0.4-I21,VAR-legacy-0.2-0.4,21,VAR-legacy-0.95-0.4,False,profile_validity,historical14
VAR-legacy-0.2-0.8-I21,VAR-legacy-0.2-0.8,21,VAR-legacy-0.2-0.8,True,profile_validity,historical14
CML-1.85-I21,CML-1.85,21,Kuramoto-fast,False,profile_validity,historical14
Kuramoto-fast-I21,Kuramoto-fast,21,Kuramoto-fast,True,profile_validity,historical14
Kuramoto-slow-I21,Kuramoto-slow,21,Kuramoto-slow,True,profile_validity,historical14
Gaussian-noise-I21,Gaussian-noise,21,Gaussian-noise,True,profile_validity,historical14
Cauchy-noise-I21,Cauchy-noise,21,Cauchy-noise,True,profile_validity,historical14
Wave-I21,Wave,21,Wave,True,profile_validity,historical14
VAR-legacy-0.95-0.4-I22,VAR-legacy-0.95-0.4,22,CML-2,False,profile_validity,historical14
VAR-legacy-0.2-0.4-I22,VAR-legacy-0.2-0.4,22,CML-2,False,profile_validity,historical14
VAR-legacy-0.2-0.8-I22,VAR-legacy-0.2-0.8,22,Gaussian-noise,False,profile_validity,historical14
CML-1.85-I22,CML-1.85,22,CML-1.85,True,profile_validity,historical14
Kuramoto-fast-I22,Kuramoto-fast,22,Kuramoto-fast,True,profile_validity,historical14
Kuramoto-slow-I22,Kuramoto-slow,22,Kuramoto-slow,True,profile_validity,historical14
Gaussian-noise-I22,Gaussian-noise,22,Gaussian-noise,True,profile_validity,historical14
Cauchy-noise-I22,Cauchy-noise,22,Cauchy-noise,True,profile_validity,historical14
Wave-I22,Wave,22,Wave,True,profile_validity,historical14
VAR-legacy-0.95-0.4-I23,VAR-legacy-0.95-0.4,23,CML-2,False,profile_validity,historical14
VAR-legacy-0.2-0.4-I23,VAR-legacy-0.2-0.4,23,VAR-legacy-0.95-0.4,False,profile_validity,historical14
VAR-legacy-0.2-0.8-I23,VAR-legacy-0.2-0.8,23,VAR-legacy-0.95-0.4,False,profile_validity,historical14
CML-1.85-I23,CML-1.85,23,CML-1.45,False,profile_validity,historical14
Kuramoto-fast-I23,Kuramoto-fast,23,Kuramoto-fast,True,profile_validity,historical14
Kuramoto-slow-I23,Kuramoto-slow,23,Kuramoto-slow,True,profile_validity,historical14
Gaussian-noise-I23,Gaussian-noise,23,Gaussian-noise,True,profile_validity,historical14
Cauchy-noise-I23,Cauchy-noise,23,Cauchy-noise,True,profile_validity,historical14
Wave-I23,Wave,23,Wave,True,profile_validity,historical14
VAR-0.2-I12,VAR-0.2,12,VAR-0.7,False,profile_validity,coupled14
VAR-0.7-I12,VAR-0.7,12,VAR-0.7,True,profile_validity,coupled14
CML-1.45-I12,CML-1.45,12,CML-1.69,False,profile_validity,coupled14
CML-1.69-I12,CML-1.69,12,CML-1.45,False,profile_validity,coupled14
CML-1.7522-I12,CML-1.7522,12,CML-1.45,False,profile_validity,coupled14
CML-1.895-I12,CML-1.895,12,CML-1.895,True,profile_validity,coupled14
CML-2-I12,CML-2,12,CML-2,True,profile_validity,coupled14
VAR-0.2-I13,VAR-0.2,13,CML-2,False,profile_validity,coupled14
VAR-0.7-I13,VAR-0.7,13,VAR-0.7,True,profile_validity,coupled14
CML-1.45-I13,CML-1.45,13,CML-1.45,True,profile_validity,coupled14
CML-1.69-I13,CML-1.69,13,CML-1.69,True,profile_validity,coupled14
CML-1.7522-I13,CML-1.7522,13,CML-1.7522,True,profile_validity,coupled14
CML-1.895-I13,CML-1.895,13,CML-1.895,True,profile_validity,coupled14
CML-2-I13,CML-2,13,CML-2,True,profile_validity,coupled14
VAR-0.2-I14,VAR-0.2,14,CML-2,False,profile_validity,coupled14
VAR-0.7-I14,VAR-0.7,14,CML-2,False,profile_validity,coupled14
CML-1.45-I14,CML-1.45,14,CML-1.45,True,profile_validity,coupled14
CML-1.69-I14,CML-1.69,14,CML-1.45,False,profile_validity,coupled14
CML-1.7522-I14,CML-1.7522,14,CML-1.69,False,profile_validity,coupled14
CML-1.895-I14,CML-1.895,14,CML-1.895,True,profile_validity,coupled14
CML-2-I14,CML-2,14,VAR-legacy-0.95-0.4,False,profile_validity,coupled14
VAR-0.2-I15,VAR-0.2,15,VAR-legacy-0.95-0.4,False,profile_validity,coupled14
VAR-0.7-I15,VAR-0.7,15,CML-2,False,profile_validity,coupled14
CML-1.45-I15,CML-1.45,15,CML-1.69,False,profile_validity,coupled14
CML-1.69-I15,CML-1.69,15,CML-1.69,True,profile_validity,coupled14
CML-1.7522-I15,CML-1.7522,15,CML-1.7522,True,profile_validity,coupled14
CML-1.895-I15,CML-1.895,15,CML-1.895,True,profile_validity,coupled14
CML-2-I15,CML-2,15,VAR-0.7,False,profile_validity,coupled14
VAR-0.2-I16,VAR-0.2,16,VAR-0.2,True,profile_validity,coupled14
VAR-0.7-I16,VAR-0.7,16,CML-2,False,profile_validity,coupled14
CML-1.45-I16,CML-1.45,16,CML-1.45,True,profile_validity,coupled14
CML-1.69-I16,CML-1.69,16,CML-1.45,False,profile_validity,coupled14
CML-1.7522-I16,CML-1.7522,16,CML-1.7522,True,profile_validity,coupled14
CML-1.895-I16,CML-1.895,16,CML-1.895,True,profile_validity,coupled14
CML-2-I16,CML-2,16,VAR-0.7,False,profile_validity,coupled14
VAR-0.2-I17,VAR-0.2,17,VAR-0.7,False,profile_validity,coupled14
VAR-0.7-I17,VAR-0.7,17,VAR-0.7,True,profile_validity,coupled14
CML-1.45-I17,CML-1.45,17,CML-1.45,True,profile_validity,coupled14
CML-1.69-I17,CML-1.69,17,CML-1.45,False,profile_validity,coupled14
CML-1.7522-I17,CML-1.7522,17,CML-1.45,False,profile_validity,coupled14
CML-1.895-I17,CML-1.895,17,CML-1.85,False,profile_validity,coupled14
CML-2-I17,CML-2,17,CML-2,True,profile_validity,coupled14
VAR-0.2-I18,VAR-0.2,18,VAR-0.2,True,profile_validity,coupled14
VAR-0.7-I18,VAR-0.7,18,VAR-legacy-0.95-0.4,False,profile_validity,coupled14
CML-1.45-I18,CML-1.45,18,CML-1.69,False,profile_validity,coupled14
CML-1.69-I18,CML-1.69,18,CML-1.895,False,profile_validity,coupled14
CML-1.7522-I18,CML-1.7522,18,CML-1.45,False,profile_validity,coupled14
CML-1.895-I18,CML-1.895,18,CML-1.895,True,profile_validity,coupled14
CML-2-I18,CML-2,18,VAR-legacy-0.95-0.4,False,profile_validity,coupled14
VAR-0.2-I19,VAR-0.2,19,CML-2,False,profile_validity,coupled14
VAR-0.7-I19,VAR-0.7,19,CML-2,False,profile_validity,coupled14
CML-1.45-I19,CML-1.45,19,CML-1.45,True,profile_validity,coupled14
CML-1.69-I19,CML-1.69,19,CML-1.69,True,profile_validity,coupled14
CML-1.7522-I19,CML-1.7522,19,CML-1.7522,True,profile_validity,coupled14
CML-1.895-I19,CML-1.895,19,CML-1.895,True,profile_validity,coupled14
CML-2-I19,CML-2,19,VAR-legacy-0.95-0.4,False,profile_validity,coupled14
VAR-0.2-I20,VAR-0.2,20,VAR-legacy-0.95-0.4,False,profile_validity,coupled14
VAR-0.7-I20,VAR-0.7,20,CML-2,False,profile_validity,coupled14
CML-1.45-I20,CML-1.45,20,CML-1.45,True,profile_validity,coupled14
CML-1.69-I20,CML-1.69,20,CML-1.69,True,profile_validity,coupled14
CML-1.7522-I20,CML-1.7522,20,CML-1.7522,True,profile_validity,coupled14
CML-1.895-I20,CML-1.895,20,CML-1.895,True,profile_validity,coupled14
CML-2-I20,CML-2,20,CML-2,True,profile_validity,coupled14
VAR-0.2-I21,VAR-0.2,21,VAR-0.7,False,profile_validity,coupled14
VAR-0.7-I21,VAR-0.7,21,VAR-0.7,True,profile_validity,coupled14
CML-1.45-I21,CML-1.45,21,CML-1.45,True,profile_validity,coupled14
CML-1.69-I21,CML-1.69,21,CML-1.45,False,profile_validity,coupled14
CML-1.7522-I21,CML-1.7522,21,CML-1.7522,True,profile_validity,coupled14
CML-1.895-I21,CML-1.895,21,CML-1.895,True,profile_validity,coupled14
CML-2-I21,CML-2,21,VAR-0.7,False,profile_validity,coupled14
VAR-0.2-I22,VAR-0.2,22,CML-2,False,profile_validity,coupled14
VAR-0.7-I22,VAR-0.7,22,CML-2,False,profile_validity,coupled14
CML-1.45-I22,CML-1.45,22,CML-1.45,True,profile_validity,coupled14
CML-1.69-I22,CML-1.69,22,CML-1.45,False,profile_validity,coupled14
CML-1.7522-I22,CML-1.7522,22,CML-1.7522,True,profile_validity,coupled14
CML-1.895-I22,CML-1.895,22,CML-1.895,True,profile_validity,coupled14
CML-2-I22,CML-2,22,CML-2,True,profile_validity,coupled14
VAR-0.2-I23,VAR-0.2,23,VAR-0.7,False,profile_validity,coupled14
VAR-0.7-I23,VAR-0.7,23,CML-2,False,profile_validity,coupled14
CML-1.45-I23,CML-1.45,23,CML-1.45,True,profile_validity,coupled14
CML-1.69-I23,CML-1.69,23,CML-1.45,False,profile_validity,coupled14
CML-1.7522-I23,CML-1.7522,23,CML-1.7522,True,profile_validity,coupled14
CML-1.895-I23,CML-1.895,23,CML-1.895,True,profile_validity,coupled14
CML-2-I23,CML-2,23,CML-2,True,profile_validity,coupled14
VAR-legacy-0.95-0.4-I12,VAR-legacy-0.95-0.4,12,VAR-legacy-0.95-0.4,True,profile_validity,coupled14
VAR-legacy-0.2-0.4-I12,VAR-legacy-0.2-0.4,12,VAR-0.7,False,profile_validity,coupled14
VAR-legacy-0.2-0.8-I12,VAR-legacy-0.2-0.8,12,VAR-0.7,False,profile_validity,coupled14
CML-1.85-I12,CML-1.85,12,CML-1.895,False,profile_validity,coupled14
Kuramoto-fast-I12,Kuramoto-fast,12,Kuramoto-fast,True,profile_validity,coupled14
Kuramoto-slow-I12,Kuramoto-slow,12,Kuramoto-slow,True,profile_validity,coupled14
Wave-I12,Wave,12,Wave,True,profile_validity,coupled14
VAR-legacy-0.95-0.4-I13,VAR-legacy-0.95-0.4,13,VAR-0.7,False,profile_validity,coupled14
VAR-legacy-0.2-0.4-I13,VAR-legacy-0.2-0.4,13,CML-2,False,profile_validity,coupled14
VAR-legacy-0.2-0.8-I13,VAR-legacy-0.2-0.8,13,CML-2,False,profile_validity,coupled14
CML-1.85-I13,CML-1.85,13,CML-1.85,True,profile_validity,coupled14
Kuramoto-fast-I13,Kuramoto-fast,13,Kuramoto-fast,True,profile_validity,coupled14
Kuramoto-slow-I13,Kuramoto-slow,13,Kuramoto-slow,True,profile_validity,coupled14
Wave-I13,Wave,13,Wave,True,profile_validity,coupled14
VAR-legacy-0.95-0.4-I14,VAR-legacy-0.95-0.4,14,CML-2,False,profile_validity,coupled14
VAR-legacy-0.2-0.4-I14,VAR-legacy-0.2-0.4,14,CML-2,False,profile_validity,coupled14
VAR-legacy-0.2-0.8-I14,VAR-legacy-0.2-0.8,14,VAR-0.2,False,profile_validity,coupled14
CML-1.85-I14,CML-1.85,14,CML-1.85,True,profile_validity,coupled14
Kuramoto-fast-I14,Kuramoto-fast,14,Kuramoto-fast,True,profile_validity,coupled14
Kuramoto-slow-I14,Kuramoto-slow,14,Kuramoto-slow,True,profile_validity,coupled14
Wave-I14,Wave,14,Wave,True,profile_validity,coupled14
VAR-legacy-0.95-0.4-I15,VAR-legacy-0.95-0.4,15,CML-2,False,profile_validity,coupled14
VAR-legacy-0.2-0.4-I15,VAR-legacy-0.2-0.4,15,VAR-legacy-0.95-0.4,False,profile_validity,coupled14
VAR-legacy-0.2-0.8-I15,VAR-legacy-0.2-0.8,15,VAR-0.2,False,profile_validity,coupled14
CML-1.85-I15,CML-1.85,15,CML-1.895,False,profile_validity,coupled14
Kuramoto-fast-I15,Kuramoto-fast,15,Kuramoto-fast,True,profile_validity,coupled14
Kuramoto-slow-I15,Kuramoto-slow,15,Kuramoto-slow,True,profile_validity,coupled14
Wave-I15,Wave,15,Wave,True,profile_validity,coupled14
VAR-legacy-0.95-0.4-I16,VAR-legacy-0.95-0.4,16,CML-2,False,profile_validity,coupled14
VAR-legacy-0.2-0.4-I16,VAR-legacy-0.2-0.4,16,VAR-0.2,False,profile_validity,coupled14
VAR-legacy-0.2-0.8-I16,VAR-legacy-0.2-0.8,16,VAR-0.2,False,profile_validity,coupled14
CML-1.85-I16,CML-1.85,16,CML-1.85,True,profile_validity,coupled14
Kuramoto-fast-I16,Kuramoto-fast,16,Kuramoto-fast,True,profile_validity,coupled14
Kuramoto-slow-I16,Kuramoto-slow,16,Kuramoto-slow,True,profile_validity,coupled14
Wave-I16,Wave,16,Wave,True,profile_validity,coupled14
VAR-legacy-0.95-0.4-I17,VAR-legacy-0.95-0.4,17,VAR-legacy-0.95-0.4,True,profile_validity,coupled14
VAR-legacy-0.2-0.4-I17,VAR-legacy-0.2-0.4,17,VAR-0.7,False,profile_validity,coupled14
VAR-legacy-0.2-0.8-I17,VAR-legacy-0.2-0.8,17,VAR-0.2,False,profile_validity,coupled14
CML-1.85-I17,CML-1.85,17,CML-1.85,True,profile_validity,coupled14
Kuramoto-fast-I17,Kuramoto-fast,17,Kuramoto-fast,True,profile_validity,coupled14
Kuramoto-slow-I17,Kuramoto-slow,17,Kuramoto-slow,True,profile_validity,coupled14
Wave-I17,Wave,17,Wave,True,profile_validity,coupled14
VAR-legacy-0.95-0.4-I18,VAR-legacy-0.95-0.4,18,VAR-legacy-0.95-0.4,True,profile_validity,coupled14
VAR-legacy-0.2-0.4-I18,VAR-legacy-0.2-0.4,18,VAR-0.2,False,profile_validity,coupled14
VAR-legacy-0.2-0.8-I18,VAR-legacy-0.2-0.8,18,VAR-0.2,False,profile_validity,coupled14
CML-1.85-I18,CML-1.85,18,CML-1.85,True,profile_validity,coupled14
Kuramoto-fast-I18,Kuramoto-fast,18,Kuramoto-fast,True,profile_validity,coupled14
Kuramoto-slow-I18,Kuramoto-slow,18,Kuramoto-slow,True,profile_validity,coupled14
Wave-I18,Wave,18,Wave,True,profile_validity,coupled14
VAR-legacy-0.95-0.4-I19,VAR-legacy-0.95-0.4,19,CML-2,False,profile_validity,coupled14
VAR-legacy-0.2-0.4-I19,VAR-legacy-0.2-0.4,19,CML-2,False,profile_validity,coupled14
VAR-legacy-0.2-0.8-I19,VAR-legacy-0.2-0.8,19,VAR-0.2,False,profile_validity,coupled14
CML-1.85-I19,CML-1.85,19,CML-1.69,False,profile_validity,coupled14
Kuramoto-fast-I19,Kuramoto-fast,19,Kuramoto-fast,True,profile_validity,coupled14
Kuramoto-slow-I19,Kuramoto-slow,19,Kuramoto-slow,True,profile_validity,coupled14
Wave-I19,Wave,19,Wave,True,profile_validity,coupled14
VAR-legacy-0.95-0.4-I20,VAR-legacy-0.95-0.4,20,CML-2,False,profile_validity,coupled14
VAR-legacy-0.2-0.4-I20,VAR-legacy-0.2-0.4,20,VAR-legacy-0.95-0.4,False,profile_validity,coupled14
VAR-legacy-0.2-0.8-I20,VAR-legacy-0.2-0.8,20,VAR-legacy-0.2-0.8,True,profile_validity,coupled14
CML-1.85-I20,CML-1.85,20,CML-1.895,False,profile_validity,coupled14
Kuramoto-fast-I20,Kuramoto-fast,20,Kuramoto-fast,True,profile_validity,coupled14
Kuramoto-slow-I20,Kuramoto-slow,20,Kuramoto-slow,True,profile_validity,coupled14
Wave-I20,Wave,20,Wave,True,profile_validity,coupled14
VAR-legacy-0.95-0.4-I21,VAR-legacy-0.95-0.4,21,VAR-0.7,False,profile_validity,coupled14
VAR-legacy-0.2-0.4-I21,VAR-legacy-0.2-0.4,21,VAR-0.7,False,profile_validity,coupled14
VAR-legacy-0.2-0.8-I21,VAR-legacy-0.2-0.8,21,VAR-0.2,False,profile_validity,coupled14
CML-1.85-I21,CML-1.85,21,Kuramoto-fast,False,profile_validity,coupled14
Kuramoto-fast-I21,Kuramoto-fast,21,Kuramoto-fast,True,profile_validity,coupled14
Kuramoto-slow-I21,Kuramoto-slow,21,Kuramoto-slow,True,profile_validity,coupled14
Wave-I21,Wave,21,Wave,True,profile_validity,coupled14
VAR-legacy-0.95-0.4-I22,VAR-legacy-0.95-0.4,22,CML-2,False,profile_validity,coupled14
VAR-legacy-0.2-0.4-I22,VAR-legacy-0.2-0.4,22,CML-2,False,profile_validity,coupled14
VAR-legacy-0.2-0.8-I22,VAR-legacy-0.2-0.8,22,VAR-legacy-0.2-0.8,True,profile_validity,coupled14
CML-1.85-I22,CML-1.85,22,CML-1.85,True,profile_validity,coupled14
Kuramoto-fast-I22,Kuramoto-fast,22,Kuramoto-fast,True,profile_validity,coupled14
Kuramoto-slow-I22,Kuramoto-slow,22,Kuramoto-slow,True,profile_validity,coupled14
Wave-I22,Wave,22,Wave,True,profile_validity,coupled14
VAR-legacy-0.95-0.4-I23,VAR-legacy-0.95-0.4,23,CML-2,False,profile_validity,coupled14
VAR-legacy-0.2-0.4-I23,VAR-legacy-0.2-0.4,23,VAR-0.7,False,profile_validity,coupled14
VAR-legacy-0.2-0.8-I23,VAR-legacy-0.2-0.8,23,VAR-0.7,False,profile_validity,coupled14
CML-1.85-I23,CML-1.85,23,CML-1.45,False,profile_validity,coupled14
Kuramoto-fast-I23,Kuramoto-fast,23,Kuramoto-fast,True,profile_validity,coupled14
Kuramoto-slow-I23,Kuramoto-slow,23,Kuramoto-slow,True,profile_validity,coupled14
Wave-I23,Wave,23,Wave,True,profile_validity,coupled14
VAR-0.2-I12,VAR-0.2,12,VAR-0.7,False,z_validity,all16
VAR-0.7-I12,VAR-0.7,12,VAR-0.7,True,z_validity,all16
CML-1.45-I12,CML-1.45,12,CML-1.69,False,z_validity,all16
CML-1.69-I12,CML-1.69,12,CML-1.7522,False,z_validity,all16
CML-1.7522-I12,CML-1.7522,12,CML-1.45,False,z_validity,all16
CML-1.895-I12,CML-1.895,12,CML-1.895,True,z_validity,all16
CML-2-I12,CML-2,12,CML-2,True,z_validity,all16
VAR-0.2-I13,VAR-0.2,13,CML-2,False,z_validity,all16
VAR-0.7-I13,VAR-0.7,13,VAR-0.7,True,z_validity,all16
CML-1.45-I13,CML-1.45,13,CML-1.45,True,z_validity,all16
CML-1.69-I13,CML-1.69,13,CML-1.69,True,z_validity,all16
CML-1.7522-I13,CML-1.7522,13,CML-1.7522,True,z_validity,all16
CML-1.895-I13,CML-1.895,13,CML-1.895,True,z_validity,all16
CML-2-I13,CML-2,13,CML-2,True,z_validity,all16
VAR-0.2-I14,VAR-0.2,14,CML-2,False,z_validity,all16
VAR-0.7-I14,VAR-0.7,14,CML-2,False,z_validity,all16
CML-1.45-I14,CML-1.45,14,CML-1.45,True,z_validity,all16
CML-1.69-I14,CML-1.69,14,CML-1.45,False,z_validity,all16
CML-1.7522-I14,CML-1.7522,14,CML-1.69,False,z_validity,all16
CML-1.895-I14,CML-1.895,14,CML-1.895,True,z_validity,all16
CML-2-I14,CML-2,14,VAR-legacy-0.95-0.4,False,z_validity,all16
VAR-0.2-I15,VAR-0.2,15,VAR-legacy-0.95-0.4,False,z_validity,all16
VAR-0.7-I15,VAR-0.7,15,CML-2,False,z_validity,all16
CML-1.45-I15,CML-1.45,15,Kuramoto-slow,False,z_validity,all16
CML-1.69-I15,CML-1.69,15,CML-1.7522,False,z_validity,all16
CML-1.7522-I15,CML-1.7522,15,CML-1.7522,True,z_validity,all16
CML-1.895-I15,CML-1.895,15,CML-1.895,True,z_validity,all16
CML-2-I15,CML-2,15,VAR-0.7,False,z_validity,all16
VAR-0.2-I16,VAR-0.2,16,Cauchy-noise,False,z_validity,all16
VAR-0.7-I16,VAR-0.7,16,CML-2,False,z_validity,all16
CML-1.45-I16,CML-1.45,16,CML-1.45,True,z_validity,all16
CML-1.69-I16,CML-1.69,16,CML-1.45,False,z_validity,all16
CML-1.7522-I16,CML-1.7522,16,CML-1.7522,True,z_validity,all16
CML-1.895-I16,CML-1.895,16,CML-1.895,True,z_validity,all16
CML-2-I16,CML-2,16,VAR-0.7,False,z_validity,all16
VAR-0.2-I17,VAR-0.2,17,VAR-0.7,False,z_validity,all16
VAR-0.7-I17,VAR-0.7,17,VAR-0.7,True,z_validity,all16
CML-1.45-I17,CML-1.45,17,CML-1.45,True,z_validity,all16
CML-1.69-I17,CML-1.69,17,CML-1.69,True,z_validity,all16
CML-1.7522-I17,CML-1.7522,17,CML-1.45,False,z_validity,all16
CML-1.895-I17,CML-1.895,17,CML-1.85,False,z_validity,all16
CML-2-I17,CML-2,17,CML-2,True,z_validity,all16
VAR-0.2-I18,VAR-0.2,18,Cauchy-noise,False,z_validity,all16
VAR-0.7-I18,VAR-0.7,18,VAR-legacy-0.95-0.4,False,z_validity,all16
CML-1.45-I18,CML-1.45,18,CML-1.69,False,z_validity,all16
CML-1.69-I18,CML-1.69,18,CML-1.895,False,z_validity,all16
CML-1.7522-I18,CML-1.7522,18,CML-1.7522,True,z_validity,all16
CML-1.895-I18,CML-1.895,18,CML-1.895,True,z_validity,all16
CML-2-I18,CML-2,18,VAR-legacy-0.95-0.4,False,z_validity,all16
VAR-0.2-I19,VAR-0.2,19,CML-2,False,z_validity,all16
VAR-0.7-I19,VAR-0.7,19,CML-2,False,z_validity,all16
CML-1.45-I19,CML-1.45,19,CML-1.45,True,z_validity,all16
CML-1.69-I19,CML-1.69,19,CML-1.45,False,z_validity,all16
CML-1.7522-I19,CML-1.7522,19,CML-1.7522,True,z_validity,all16
CML-1.895-I19,CML-1.895,19,CML-1.85,False,z_validity,all16
CML-2-I19,CML-2,19,VAR-legacy-0.95-0.4,False,z_validity,all16
VAR-0.2-I20,VAR-0.2,20,VAR-legacy-0.95-0.4,False,z_validity,all16
VAR-0.7-I20,VAR-0.7,20,CML-2,False,z_validity,all16
CML-1.45-I20,CML-1.45,20,CML-1.69,False,z_validity,all16
CML-1.69-I20,CML-1.69,20,CML-1.69,True,z_validity,all16
CML-1.7522-I20,CML-1.7522,20,CML-1.7522,True,z_validity,all16
CML-1.895-I20,CML-1.895,20,CML-1.895,True,z_validity,all16
CML-2-I20,CML-2,20,CML-2,True,z_validity,all16
VAR-0.2-I21,VAR-0.2,21,VAR-0.7,False,z_validity,all16
VAR-0.7-I21,VAR-0.7,21,VAR-0.7,True,z_validity,all16
CML-1.45-I21,CML-1.45,21,CML-1.69,False,z_validity,all16
CML-1.69-I21,CML-1.69,21,CML-1.69,True,z_validity,all16
CML-1.7522-I21,CML-1.7522,21,CML-1.7522,True,z_validity,all16
CML-1.895-I21,CML-1.895,21,CML-1.895,True,z_validity,all16
CML-2-I21,CML-2,21,VAR-0.7,False,z_validity,all16
VAR-0.2-I22,VAR-0.2,22,CML-2,False,z_validity,all16
VAR-0.7-I22,VAR-0.7,22,CML-2,False,z_validity,all16
CML-1.45-I22,CML-1.45,22,CML-1.45,True,z_validity,all16
CML-1.69-I22,CML-1.69,22,CML-1.7522,False,z_validity,all16
CML-1.7522-I22,CML-1.7522,22,CML-1.7522,True,z_validity,all16
CML-1.895-I22,CML-1.895,22,CML-1.895,True,z_validity,all16
CML-2-I22,CML-2,22,CML-2,True,z_validity,all16
VAR-0.2-I23,VAR-0.2,23,VAR-0.7,False,z_validity,all16
VAR-0.7-I23,VAR-0.7,23,CML-2,False,z_validity,all16
CML-1.45-I23,CML-1.45,23,CML-1.45,True,z_validity,all16
CML-1.69-I23,CML-1.69,23,CML-1.45,False,z_validity,all16
CML-1.7522-I23,CML-1.7522,23,CML-1.7522,True,z_validity,all16
CML-1.895-I23,CML-1.895,23,CML-1.895,True,z_validity,all16
CML-2-I23,CML-2,23,CML-2,True,z_validity,all16
VAR-legacy-0.95-0.4-I12,VAR-legacy-0.95-0.4,12,VAR-legacy-0.95-0.4,True,z_validity,all16
VAR-legacy-0.2-0.4-I12,VAR-legacy-0.2-0.4,12,VAR-0.7,False,z_validity,all16
VAR-legacy-0.2-0.8-I12,VAR-legacy-0.2-0.8,12,VAR-0.7,False,z_validity,all16
CML-1.85-I12,CML-1.85,12,CML-1.895,False,z_validity,all16
Kuramoto-fast-I12,Kuramoto-fast,12,Kuramoto-fast,True,z_validity,all16
Kuramoto-slow-I12,Kuramoto-slow,12,Kuramoto-slow,True,z_validity,all16
Gaussian-noise-I12,Gaussian-noise,12,Gaussian-noise,True,z_validity,all16
Cauchy-noise-I12,Cauchy-noise,12,Cauchy-noise,True,z_validity,all16
Wave-I12,Wave,12,Wave,True,z_validity,all16
VAR-legacy-0.95-0.4-I13,VAR-legacy-0.95-0.4,13,VAR-0.7,False,z_validity,all16
VAR-legacy-0.2-0.4-I13,VAR-legacy-0.2-0.4,13,CML-2,False,z_validity,all16
VAR-legacy-0.2-0.8-I13,VAR-legacy-0.2-0.8,13,CML-2,False,z_validity,all16
CML-1.85-I13,CML-1.85,13,CML-1.85,True,z_validity,all16
Kuramoto-fast-I13,Kuramoto-fast,13,Kuramoto-fast,True,z_validity,all16
Kuramoto-slow-I13,Kuramoto-slow,13,Kuramoto-slow,True,z_validity,all16
Gaussian-noise-I13,Gaussian-noise,13,Gaussian-noise,True,z_validity,all16
Cauchy-noise-I13,Cauchy-noise,13,CML-1.69,False,z_validity,all16
Wave-I13,Wave,13,CML-1.69,False,z_validity,all16
VAR-legacy-0.95-0.4-I14,VAR-legacy-0.95-0.4,14,CML-2,False,z_validity,all16
VAR-legacy-0.2-0.4-I14,VAR-legacy-0.2-0.4,14,CML-2,False,z_validity,all16
VAR-legacy-0.2-0.8-I14,VAR-legacy-0.2-0.8,14,Cauchy-noise,False,z_validity,all16
CML-1.85-I14,CML-1.85,14,CML-1.45,False,z_validity,all16
Kuramoto-fast-I14,Kuramoto-fast,14,Kuramoto-fast,True,z_validity,all16
Kuramoto-slow-I14,Kuramoto-slow,14,Kuramoto-slow,True,z_validity,all16
Gaussian-noise-I14,Gaussian-noise,14,Gaussian-noise,True,z_validity,all16
Cauchy-noise-I14,Cauchy-noise,14,Cauchy-noise,True,z_validity,all16
Wave-I14,Wave,14,Wave,True,z_validity,all16
VAR-legacy-0.95-0.4-I15,VAR-legacy-0.95-0.4,15,CML-2,False,z_validity,all16
VAR-legacy-0.2-0.4-I15,VAR-legacy-0.2-0.4,15,VAR-legacy-0.95-0.4,False,z_validity,all16
VAR-legacy-0.2-0.8-I15,VAR-legacy-0.2-0.8,15,VAR-0.2,False,z_validity,all16
CML-1.85-I15,CML-1.85,15,CML-1.895,False,z_validity,all16
Kuramoto-fast-I15,Kuramoto-fast,15,Kuramoto-fast,True,z_validity,all16
Kuramoto-slow-I15,Kuramoto-slow,15,Kuramoto-slow,True,z_validity,all16
Gaussian-noise-I15,Gaussian-noise,15,Gaussian-noise,True,z_validity,all16
Cauchy-noise-I15,Cauchy-noise,15,Cauchy-noise,True,z_validity,all16
Wave-I15,Wave,15,Wave,True,z_validity,all16
VAR-legacy-0.95-0.4-I16,VAR-legacy-0.95-0.4,16,CML-2,False,z_validity,all16
VAR-legacy-0.2-0.4-I16,VAR-legacy-0.2-0.4,16,Cauchy-noise,False,z_validity,all16
VAR-legacy-0.2-0.8-I16,VAR-legacy-0.2-0.8,16,Cauchy-noise,False,z_validity,all16
CML-1.85-I16,CML-1.85,16,CML-1.85,True,z_validity,all16
Kuramoto-fast-I16,Kuramoto-fast,16,Kuramoto-fast,True,z_validity,all16
Kuramoto-slow-I16,Kuramoto-slow,16,Kuramoto-slow,True,z_validity,all16
Gaussian-noise-I16,Gaussian-noise,16,Gaussian-noise,True,z_validity,all16
Cauchy-noise-I16,Cauchy-noise,16,Cauchy-noise,True,z_validity,all16
Wave-I16,Wave,16,Wave,True,z_validity,all16
VAR-legacy-0.95-0.4-I17,VAR-legacy-0.95-0.4,17,VAR-legacy-0.95-0.4,True,z_validity,all16
VAR-legacy-0.2-0.4-I17,VAR-legacy-0.2-0.4,17,VAR-0.7,False,z_validity,all16
VAR-legacy-0.2-0.8-I17,VAR-legacy-0.2-0.8,17,VAR-0.2,False,z_validity,all16
CML-1.85-I17,CML-1.85,17,CML-1.85,True,z_validity,all16
Kuramoto-fast-I17,Kuramoto-fast,17,Kuramoto-fast,True,z_validity,all16
Kuramoto-slow-I17,Kuramoto-slow,17,Kuramoto-slow,True,z_validity,all16
Gaussian-noise-I17,Gaussian-noise,17,Gaussian-noise,True,z_validity,all16
Cauchy-noise-I17,Cauchy-noise,17,Cauchy-noise,True,z_validity,all16
Wave-I17,Wave,17,Wave,True,z_validity,all16
VAR-legacy-0.95-0.4-I18,VAR-legacy-0.95-0.4,18,VAR-legacy-0.95-0.4,True,z_validity,all16
VAR-legacy-0.2-0.4-I18,VAR-legacy-0.2-0.4,18,VAR-legacy-0.2-0.8,False,z_validity,all16
VAR-legacy-0.2-0.8-I18,VAR-legacy-0.2-0.8,18,VAR-legacy-0.2-0.8,True,z_validity,all16
CML-1.85-I18,CML-1.85,18,CML-1.85,True,z_validity,all16
Kuramoto-fast-I18,Kuramoto-fast,18,Kuramoto-fast,True,z_validity,all16
Kuramoto-slow-I18,Kuramoto-slow,18,Kuramoto-slow,True,z_validity,all16
Gaussian-noise-I18,Gaussian-noise,18,Gaussian-noise,True,z_validity,all16
Cauchy-noise-I18,Cauchy-noise,18,Cauchy-noise,True,z_validity,all16
Wave-I18,Wave,18,Wave,True,z_validity,all16
VAR-legacy-0.95-0.4-I19,VAR-legacy-0.95-0.4,19,CML-2,False,z_validity,all16
VAR-legacy-0.2-0.4-I19,VAR-legacy-0.2-0.4,19,CML-2,False,z_validity,all16
VAR-legacy-0.2-0.8-I19,VAR-legacy-0.2-0.8,19,VAR-0.2,False,z_validity,all16
CML-1.85-I19,CML-1.85,19,CML-1.85,True,z_validity,all16
Kuramoto-fast-I19,Kuramoto-fast,19,Kuramoto-fast,True,z_validity,all16
Kuramoto-slow-I19,Kuramoto-slow,19,Kuramoto-slow,True,z_validity,all16
Gaussian-noise-I19,Gaussian-noise,19,Gaussian-noise,True,z_validity,all16
Cauchy-noise-I19,Cauchy-noise,19,Cauchy-noise,True,z_validity,all16
Wave-I19,Wave,19,CML-1.69,False,z_validity,all16
VAR-legacy-0.95-0.4-I20,VAR-legacy-0.95-0.4,20,CML-2,False,z_validity,all16
VAR-legacy-0.2-0.4-I20,VAR-legacy-0.2-0.4,20,VAR-legacy-0.95-0.4,False,z_validity,all16
VAR-legacy-0.2-0.8-I20,VAR-legacy-0.2-0.8,20,Gaussian-noise,False,z_validity,all16
CML-1.85-I20,CML-1.85,20,CML-1.895,False,z_validity,all16
Kuramoto-fast-I20,Kuramoto-fast,20,Kuramoto-fast,True,z_validity,all16
Kuramoto-slow-I20,Kuramoto-slow,20,Kuramoto-slow,True,z_validity,all16
Gaussian-noise-I20,Gaussian-noise,20,Gaussian-noise,True,z_validity,all16
Cauchy-noise-I20,Cauchy-noise,20,Cauchy-noise,True,z_validity,all16
Wave-I20,Wave,20,Wave,True,z_validity,all16
VAR-legacy-0.95-0.4-I21,VAR-legacy-0.95-0.4,21,VAR-0.7,False,z_validity,all16
VAR-legacy-0.2-0.4-I21,VAR-legacy-0.2-0.4,21,VAR-0.7,False,z_validity,all16
VAR-legacy-0.2-0.8-I21,VAR-legacy-0.2-0.8,21,VAR-legacy-0.2-0.8,True,z_validity,all16
CML-1.85-I21,CML-1.85,21,Kuramoto-fast,False,z_validity,all16
Kuramoto-fast-I21,Kuramoto-fast,21,Kuramoto-fast,True,z_validity,all16
Kuramoto-slow-I21,Kuramoto-slow,21,Kuramoto-slow,True,z_validity,all16
Gaussian-noise-I21,Gaussian-noise,21,Gaussian-noise,True,z_validity,all16
Cauchy-noise-I21,Cauchy-noise,21,Cauchy-noise,True,z_validity,all16
Wave-I21,Wave,21,Wave,True,z_validity,all16
VAR-legacy-0.95-0.4-I22,VAR-legacy-0.95-0.4,22,CML-2,False,z_validity,all16
VAR-legacy-0.2-0.4-I22,VAR-legacy-0.2-0.4,22,CML-2,False,z_validity,all16
VAR-legacy-0.2-0.8-I22,VAR-legacy-0.2-0.8,22,VAR-legacy-0.2-0.8,True,z_validity,all16
CML-1.85-I22,CML-1.85,22,CML-1.85,True,z_validity,all16
Kuramoto-fast-I22,Kuramoto-fast,22,Kuramoto-fast,True,z_validity,all16
Kuramoto-slow-I22,Kuramoto-slow,22,Kuramoto-slow,True,z_validity,all16
Gaussian-noise-I22,Gaussian-noise,22,Gaussian-noise,True,z_validity,all16
Cauchy-noise-I22,Cauchy-noise,22,Cauchy-noise,True,z_validity,all16
Wave-I22,Wave,22,CML-1.69,False,z_validity,all16
VAR-legacy-0.95-0.4-I23,VAR-legacy-0.95-0.4,23,CML-2,False,z_validity,all16
VAR-legacy-0.2-0.4-I23,VAR-legacy-0.2-0.4,23,VAR-0.7,False,z_validity,all16
VAR-legacy-0.2-0.8-I23,VAR-legacy-0.2-0.8,23,VAR-0.7,False,z_validity,all16
CML-1.85-I23,CML-1.85,23,CML-1.7522,False,z_validity,all16
Kuramoto-fast-I23,Kuramoto-fast,23,Kuramoto-fast,True,z_validity,all16
Kuramoto-slow-I23,Kuramoto-slow,23,Kuramoto-slow,True,z_validity,all16
Gaussian-noise-I23,Gaussian-noise,23,Gaussian-noise,True,z_validity,all16
Cauchy-noise-I23,Cauchy-noise,23,Cauchy-noise,True,z_validity,all16
Wave-I23,Wave,23,Wave,True,z_validity,all16
CML-1.45-I12,CML-1.45,12,CML-1.69,False,z_validity,CML6
CML-1.69-I12,CML-1.69,12,CML-1.7522,False,z_validity,CML6
CML-1.7522-I12,CML-1.7522,12,CML-1.7522,True,z_validity,CML6
CML-1.895-I12,CML-1.895,12,CML-1.895,True,z_validity,CML6
CML-2-I12,CML-2,12,CML-2,True,z_validity,CML6
CML-1.45-I13,CML-1.45,13,CML-1.45,True,z_validity,CML6
CML-1.69-I13,CML-1.69,13,CML-1.69,True,z_validity,CML6
CML-1.7522-I13,CML-1.7522,13,CML-1.7522,True,z_validity,CML6
CML-1.895-I13,CML-1.895,13,CML-1.895,True,z_validity,CML6
CML-2-I13,CML-2,13,CML-2,True,z_validity,CML6
CML-1.45-I14,CML-1.45,14,CML-1.45,True,z_validity,CML6
CML-1.69-I14,CML-1.69,14,CML-1.45,False,z_validity,CML6
CML-1.7522-I14,CML-1.7522,14,CML-1.69,False,z_validity,CML6
CML-1.895-I14,CML-1.895,14,CML-1.895,True,z_validity,CML6
CML-2-I14,CML-2,14,CML-2,True,z_validity,CML6
CML-1.45-I15,CML-1.45,15,CML-1.69,False,z_validity,CML6
CML-1.69-I15,CML-1.69,15,CML-1.7522,False,z_validity,CML6
CML-1.7522-I15,CML-1.7522,15,CML-1.7522,True,z_validity,CML6
CML-1.895-I15,CML-1.895,15,CML-1.895,True,z_validity,CML6
CML-2-I15,CML-2,15,CML-2,True,z_validity,CML6
CML-1.45-I16,CML-1.45,16,CML-1.45,True,z_validity,CML6
CML-1.69-I16,CML-1.69,16,CML-1.45,False,z_validity,CML6
CML-1.7522-I16,CML-1.7522,16,CML-1.7522,True,z_validity,CML6
CML-1.895-I16,CML-1.895,16,CML-1.895,True,z_validity,CML6
CML-2-I16,CML-2,16,CML-2,True,z_validity,CML6
CML-1.45-I17,CML-1.45,17,CML-1.45,True,z_validity,CML6
CML-1.69-I17,CML-1.69,17,CML-1.69,True,z_validity,CML6
CML-1.7522-I17,CML-1.7522,17,CML-1.45,False,z_validity,CML6
CML-1.895-I17,CML-1.895,17,CML-1.85,False,z_validity,CML6
CML-2-I17,CML-2,17,CML-2,True,z_validity,CML6
CML-1.45-I18,CML-1.45,18,CML-1.69,False,z_validity,CML6
CML-1.69-I18,CML-1.69,18,CML-1.895,False,z_validity,CML6
CML-1.7522-I18,CML-1.7522,18,CML-1.7522,True,z_validity,CML6
CML-1.895-I18,CML-1.895,18,CML-1.895,True,z_validity,CML6
CML-2-I18,CML-2,18,CML-2,True,z_validity,CML6
CML-1.45-I19,CML-1.45,19,CML-1.45,True,z_validity,CML6
CML-1.69-I19,CML-1.69,19,CML-1.45,False,z_validity,CML6
CML-1.7522-I19,CML-1.7522,19,CML-1.7522,True,z_validity,CML6
CML-1.895-I19,CML-1.895,19,CML-1.85,False,z_validity,CML6
CML-2-I19,CML-2,19,CML-2,True,z_validity,CML6
CML-1.45-I20,CML-1.45,20,CML-1.69,False,z_validity,CML6
CML-1.69-I20,CML-1.69,20,CML-1.69,True,z_validity,CML6
CML-1.7522-I20,CML-1.7522,20,CML-1.7522,True,z_validity,CML6
CML-1.895-I20,CML-1.895,20,CML-1.895,True,z_validity,CML6
CML-2-I20,CML-2,20,CML-2,True,z_validity,CML6
CML-1.45-I21,CML-1.45,21,CML-1.69,False,z_validity,CML6
CML-1.69-I21,CML-1.69,21,CML-1.69,True,z_validity,CML6
CML-1.7522-I21,CML-1.7522,21,CML-1.7522,True,z_validity,CML6
CML-1.895-I21,CML-1.895,21,CML-1.895,True,z_validity,CML6
CML-2-I21,CML-2,21,CML-2,True,z_validity,CML6
CML-1.45-I22,CML-1.45,22,CML-1.45,True,z_validity,CML6
CML-1.69-I22,CML-1.69,22,CML-1.7522,False,z_validity,CML6
CML-1.7522-I22,CML-1.7522,22,CML-1.7522,True,z_validity,CML6
CML-1.895-I22,CML-1.895,22,CML-1.895,True,z_validity,CML6
CML-2-I22,CML-2,22,CML-2,True,z_validity,CML6
CML-1.45-I23,CML-1.45,23,CML-1.45,True,z_validity,CML6
CML-1.69-I23,CML-1.69,23,CML-1.45,False,z_validity,CML6
CML-1.7522-I23,CML-1.7522,23,CML-1.7522,True,z_validity,CML6
CML-1.895-I23,CML-1.895,23,CML-1.895,True,z_validity,CML6
CML-2-I23,CML-2,23,CML-2,True,z_validity,CML6
CML-1.85-I12,CML-1.85,12,CML-1.895,False,z_validity,CML6
CML-1.85-I13,CML-1.85,13,CML-1.85,True,z_validity,CML6
CML-1.85-I14,CML-1.85,14,CML-1.45,False,z_validity,CML6
CML-1.85-I15,CML-1.85,15,CML-1.895,False,z_validity,CML6
CML-1.85-I16,CML-1.85,16,CML-1.85,True,z_validity,CML6
CML-1.85-I17,CML-1.85,17,CML-1.85,True,z_validity,CML6
CML-1.85-I18,CML-1.85,18,CML-1.85,True,z_validity,CML6
CML-1.85-I19,CML-1.85,19,CML-1.85,True,z_validity,CML6
CML-1.85-I20,CML-1.85,20,CML-1.895,False,z_validity,CML6
CML-1.85-I21,CML-1.85,21,CML-1.85,True,z_validity,CML6
CML-1.85-I22,CML-1.85,22,CML-1.85,True,z_validity,CML6
CML-1.85-I23,CML-1.85,23,CML-1.895,False,z_validity,CML6
CML-1.45-I12,CML-1.45,12,CML-1.69,False,z_validity,historical14
CML-1.69-I12,CML-1.69,12,CML-1.7522,False,z_validity,historical14
CML-1.7522-I12,CML-1.7522,12,CML-1.45,False,z_validity,historical14
CML-1.895-I12,CML-1.895,12,CML-1.895,True,z_validity,historical14
CML-2-I12,CML-2,12,CML-2,True,z_validity,historical14
CML-1.45-I13,CML-1.45,13,CML-1.45,True,z_validity,historical14
CML-1.69-I13,CML-1.69,13,CML-1.69,True,z_validity,historical14
CML-1.7522-I13,CML-1.7522,13,CML-1.7522,True,z_validity,historical14
CML-1.895-I13,CML-1.895,13,CML-1.895,True,z_validity,historical14
CML-2-I13,CML-2,13,CML-2,True,z_validity,historical14
CML-1.45-I14,CML-1.45,14,CML-1.45,True,z_validity,historical14
CML-1.69-I14,CML-1.69,14,CML-1.45,False,z_validity,historical14
CML-1.7522-I14,CML-1.7522,14,CML-1.69,False,z_validity,historical14
CML-1.895-I14,CML-1.895,14,CML-1.895,True,z_validity,historical14
CML-2-I14,CML-2,14,VAR-legacy-0.2-0.4,False,z_validity,historical14
CML-1.45-I15,CML-1.45,15,Kuramoto-slow,False,z_validity,historical14
CML-1.69-I15,CML-1.69,15,CML-1.7522,False,z_validity,historical14
CML-1.7522-I15,CML-1.7522,15,CML-1.7522,True,z_validity,historical14
CML-1.895-I15,CML-1.895,15,CML-1.895,True,z_validity,historical14
CML-2-I15,CML-2,15,VAR-legacy-0.95-0.4,False,z_validity,historical14
CML-1.45-I16,CML-1.45,16,CML-1.45,True,z_validity,historical14
CML-1.69-I16,CML-1.69,16,CML-1.45,False,z_validity,historical14
CML-1.7522-I16,CML-1.7522,16,CML-1.7522,True,z_validity,historical14
CML-1.895-I16,CML-1.895,16,CML-1.895,True,z_validity,historical14
CML-2-I16,CML-2,16,VAR-legacy-0.95-0.4,False,z_validity,historical14
CML-1.45-I17,CML-1.45,17,CML-1.45,True,z_validity,historical14
CML-1.69-I17,CML-1.69,17,CML-1.69,True,z_validity,historical14
CML-1.7522-I17,CML-1.7522,17,CML-1.45,False,z_validity,historical14
CML-1.895-I17,CML-1.895,17,CML-1.85,False,z_validity,historical14
CML-2-I17,CML-2,17,CML-2,True,z_validity,historical14
CML-1.45-I18,CML-1.45,18,CML-1.69,False,z_validity,historical14
CML-1.69-I18,CML-1.69,18,CML-1.895,False,z_validity,historical14
CML-1.7522-I18,CML-1.7522,18,CML-1.7522,True,z_validity,historical14
CML-1.895-I18,CML-1.895,18,CML-1.895,True,z_validity,historical14
CML-2-I18,CML-2,18,VAR-legacy-0.2-0.4,False,z_validity,historical14
CML-1.45-I19,CML-1.45,19,CML-1.45,True,z_validity,historical14
CML-1.69-I19,CML-1.69,19,CML-1.45,False,z_validity,historical14
CML-1.7522-I19,CML-1.7522,19,CML-1.7522,True,z_validity,historical14
CML-1.895-I19,CML-1.895,19,CML-1.85,False,z_validity,historical14
CML-2-I19,CML-2,19,VAR-legacy-0.2-0.4,False,z_validity,historical14
CML-1.45-I20,CML-1.45,20,CML-1.69,False,z_validity,historical14
CML-1.69-I20,CML-1.69,20,CML-1.69,True,z_validity,historical14
CML-1.7522-I20,CML-1.7522,20,CML-1.7522,True,z_validity,historical14
CML-1.895-I20,CML-1.895,20,CML-1.895,True,z_validity,historical14
CML-2-I20,CML-2,20,CML-2,True,z_validity,historical14
CML-1.45-I21,CML-1.45,21,CML-1.69,False,z_validity,historical14
CML-1.69-I21,CML-1.69,21,CML-1.69,True,z_validity,historical14
CML-1.7522-I21,CML-1.7522,21,CML-1.7522,True,z_validity,historical14
CML-1.895-I21,CML-1.895,21,CML-1.895,True,z_validity,historical14
CML-2-I21,CML-2,21,VAR-legacy-0.95-0.4,False,z_validity,historical14
CML-1.45-I22,CML-1.45,22,CML-1.45,True,z_validity,historical14
CML-1.69-I22,CML-1.69,22,CML-1.7522,False,z_validity,historical14
CML-1.7522-I22,CML-1.7522,22,CML-1.7522,True,z_validity,historical14
CML-1.895-I22,CML-1.895,22,CML-1.895,True,z_validity,historical14
CML-2-I22,CML-2,22,CML-2,True,z_validity,historical14
CML-1.45-I23,CML-1.45,23,CML-1.45,True,z_validity,historical14
CML-1.69-I23,CML-1.69,23,CML-1.45,False,z_validity,historical14
CML-1.7522-I23,CML-1.7522,23,CML-1.7522,True,z_validity,historical14
CML-1.895-I23,CML-1.895,23,CML-1.895,True,z_validity,historical14
CML-2-I23,CML-2,23,CML-2,True,z_validity,historical14
VAR-legacy-0.95-0.4-I12,VAR-legacy-0.95-0.4,12,VAR-legacy-0.2-0.4,False,z_validity,historical14
VAR-legacy-0.2-0.4-I12,VAR-legacy-0.2-0.4,12,VAR-legacy-0.95-0.4,False,z_validity,historical14
VAR-legacy-0.2-0.8-I12,VAR-legacy-0.2-0.8,12,VAR-legacy-0.95-0.4,False,z_validity,historical14
CML-1.85-I12,CML-1.85,12,CML-1.895,False,z_validity,historical14
Kuramoto-fast-I12,Kuramoto-fast,12,Kuramoto-fast,True,z_validity,historical14
Kuramoto-slow-I12,Kuramoto-slow,12,Kuramoto-slow,True,z_validity,historical14
Gaussian-noise-I12,Gaussian-noise,12,Gaussian-noise,True,z_validity,historical14
Cauchy-noise-I12,Cauchy-noise,12,Cauchy-noise,True,z_validity,historical14
Wave-I12,Wave,12,Wave,True,z_validity,historical14
VAR-legacy-0.95-0.4-I13,VAR-legacy-0.95-0.4,13,VAR-legacy-0.95-0.4,True,z_validity,historical14
VAR-legacy-0.2-0.4-I13,VAR-legacy-0.2-0.4,13,CML-2,False,z_validity,historical14
VAR-legacy-0.2-0.8-I13,VAR-legacy-0.2-0.8,13,CML-2,False,z_validity,historical14
CML-1.85-I13,CML-1.85,13,CML-1.85,True,z_validity,historical14
Kuramoto-fast-I13,Kuramoto-fast,13,Kuramoto-fast,True,z_validity,historical14
Kuramoto-slow-I13,Kuramoto-slow,13,Kuramoto-slow,True,z_validity,historical14
Gaussian-noise-I13,Gaussian-noise,13,Gaussian-noise,True,z_validity,historical14
Cauchy-noise-I13,Cauchy-noise,13,Cauchy-noise,True,z_validity,historical14
Wave-I13,Wave,13,CML-1.69,False,z_validity,historical14
VAR-legacy-0.95-0.4-I14,VAR-legacy-0.95-0.4,14,CML-2,False,z_validity,historical14
VAR-legacy-0.2-0.4-I14,VAR-legacy-0.2-0.4,14,CML-2,False,z_validity,historical14
VAR-legacy-0.2-0.8-I14,VAR-legacy-0.2-0.8,14,Cauchy-noise,False,z_validity,historical14
CML-1.85-I14,CML-1.85,14,CML-1.45,False,z_validity,historical14
Kuramoto-fast-I14,Kuramoto-fast,14,Kuramoto-fast,True,z_validity,historical14
Kuramoto-slow-I14,Kuramoto-slow,14,Kuramoto-slow,True,z_validity,historical14
Gaussian-noise-I14,Gaussian-noise,14,Gaussian-noise,True,z_validity,historical14
Cauchy-noise-I14,Cauchy-noise,14,Cauchy-noise,True,z_validity,historical14
Wave-I14,Wave,14,Wave,True,z_validity,historical14
VAR-legacy-0.95-0.4-I15,VAR-legacy-0.95-0.4,15,CML-2,False,z_validity,historical14
VAR-legacy-0.2-0.4-I15,VAR-legacy-0.2-0.4,15,VAR-legacy-0.2-0.4,True,z_validity,historical14
VAR-legacy-0.2-0.8-I15,VAR-legacy-0.2-0.8,15,VAR-legacy-0.2-0.4,False,z_validity,historical14
CML-1.85-I15,CML-1.85,15,CML-1.895,False,z_validity,historical14
Kuramoto-fast-I15,Kuramoto-fast,15,Kuramoto-fast,True,z_validity,historical14
Kuramoto-slow-I15,Kuramoto-slow,15,Kuramoto-slow,True,z_validity,historical14
Gaussian-noise-I15,Gaussian-noise,15,Gaussian-noise,True,z_validity,historical14
Cauchy-noise-I15,Cauchy-noise,15,Cauchy-noise,True,z_validity,historical14
Wave-I15,Wave,15,Wave,True,z_validity,historical14
VAR-legacy-0.95-0.4-I16,VAR-legacy-0.95-0.4,16,CML-2,False,z_validity,historical14
VAR-legacy-0.2-0.4-I16,VAR-legacy-0.2-0.4,16,Cauchy-noise,False,z_validity,historical14
VAR-legacy-0.2-0.8-I16,VAR-legacy-0.2-0.8,16,Cauchy-noise,False,z_validity,historical14
CML-1.85-I16,CML-1.85,16,CML-1.85,True,z_validity,historical14
Kuramoto-fast-I16,Kuramoto-fast,16,Kuramoto-fast,True,z_validity,historical14
Kuramoto-slow-I16,Kuramoto-slow,16,Kuramoto-slow,True,z_validity,historical14
Gaussian-noise-I16,Gaussian-noise,16,Gaussian-noise,True,z_validity,historical14
Cauchy-noise-I16,Cauchy-noise,16,Cauchy-noise,True,z_validity,historical14
Wave-I16,Wave,16,Wave,True,z_validity,historical14
VAR-legacy-0.95-0.4-I17,VAR-legacy-0.95-0.4,17,VAR-legacy-0.2-0.4,False,z_validity,historical14
VAR-legacy-0.2-0.4-I17,VAR-legacy-0.2-0.4,17,VAR-legacy-0.95-0.4,False,z_validity,historical14
VAR-legacy-0.2-0.8-I17,VAR-legacy-0.2-0.8,17,VAR-legacy-0.2-0.4,False,z_validity,historical14
CML-1.85-I17,CML-1.85,17,CML-1.85,True,z_validity,historical14
Kuramoto-fast-I17,Kuramoto-fast,17,Kuramoto-fast,True,z_validity,historical14
Kuramoto-slow-I17,Kuramoto-slow,17,Kuramoto-slow,True,z_validity,historical14
Gaussian-noise-I17,Gaussian-noise,17,Gaussian-noise,True,z_validity,historical14
Cauchy-noise-I17,Cauchy-noise,17,Cauchy-noise,True,z_validity,historical14
Wave-I17,Wave,17,Wave,True,z_validity,historical14
VAR-legacy-0.95-0.4-I18,VAR-legacy-0.95-0.4,18,VAR-legacy-0.2-0.4,False,z_validity,historical14
VAR-legacy-0.2-0.4-I18,VAR-legacy-0.2-0.4,18,VAR-legacy-0.2-0.8,False,z_validity,historical14
VAR-legacy-0.2-0.8-I18,VAR-legacy-0.2-0.8,18,VAR-legacy-0.2-0.8,True,z_validity,historical14
CML-1.85-I18,CML-1.85,18,CML-1.85,True,z_validity,historical14
Kuramoto-fast-I18,Kuramoto-fast,18,Kuramoto-fast,True,z_validity,historical14
Kuramoto-slow-I18,Kuramoto-slow,18,Kuramoto-slow,True,z_validity,historical14
Gaussian-noise-I18,Gaussian-noise,18,Gaussian-noise,True,z_validity,historical14
Cauchy-noise-I18,Cauchy-noise,18,Cauchy-noise,True,z_validity,historical14
Wave-I18,Wave,18,Wave,True,z_validity,historical14
VAR-legacy-0.95-0.4-I19,VAR-legacy-0.95-0.4,19,CML-2,False,z_validity,historical14
VAR-legacy-0.2-0.4-I19,VAR-legacy-0.2-0.4,19,CML-2,False,z_validity,historical14
VAR-legacy-0.2-0.8-I19,VAR-legacy-0.2-0.8,19,VAR-legacy-0.2-0.4,False,z_validity,historical14
CML-1.85-I19,CML-1.85,19,CML-1.85,True,z_validity,historical14
Kuramoto-fast-I19,Kuramoto-fast,19,Kuramoto-fast,True,z_validity,historical14
Kuramoto-slow-I19,Kuramoto-slow,19,Kuramoto-slow,True,z_validity,historical14
Gaussian-noise-I19,Gaussian-noise,19,Gaussian-noise,True,z_validity,historical14
Cauchy-noise-I19,Cauchy-noise,19,Cauchy-noise,True,z_validity,historical14
Wave-I19,Wave,19,CML-1.69,False,z_validity,historical14
VAR-legacy-0.95-0.4-I20,VAR-legacy-0.95-0.4,20,CML-2,False,z_validity,historical14
VAR-legacy-0.2-0.4-I20,VAR-legacy-0.2-0.4,20,VAR-legacy-0.2-0.4,True,z_validity,historical14
VAR-legacy-0.2-0.8-I20,VAR-legacy-0.2-0.8,20,Gaussian-noise,False,z_validity,historical14
CML-1.85-I20,CML-1.85,20,CML-1.895,False,z_validity,historical14
Kuramoto-fast-I20,Kuramoto-fast,20,Kuramoto-fast,True,z_validity,historical14
Kuramoto-slow-I20,Kuramoto-slow,20,Kuramoto-slow,True,z_validity,historical14
Gaussian-noise-I20,Gaussian-noise,20,Gaussian-noise,True,z_validity,historical14
Cauchy-noise-I20,Cauchy-noise,20,Cauchy-noise,True,z_validity,historical14
Wave-I20,Wave,20,Wave,True,z_validity,historical14
VAR-legacy-0.95-0.4-I21,VAR-legacy-0.95-0.4,21,VAR-legacy-0.95-0.4,True,z_validity,historical14
VAR-legacy-0.2-0.4-I21,VAR-legacy-0.2-0.4,21,VAR-legacy-0.95-0.4,False,z_validity,historical14
VAR-legacy-0.2-0.8-I21,VAR-legacy-0.2-0.8,21,VAR-legacy-0.2-0.8,True,z_validity,historical14
CML-1.85-I21,CML-1.85,21,Kuramoto-fast,False,z_validity,historical14
Kuramoto-fast-I21,Kuramoto-fast,21,Kuramoto-fast,True,z_validity,historical14
Kuramoto-slow-I21,Kuramoto-slow,21,Kuramoto-slow,True,z_validity,historical14
Gaussian-noise-I21,Gaussian-noise,21,Gaussian-noise,True,z_validity,historical14
Cauchy-noise-I21,Cauchy-noise,21,Cauchy-noise,True,z_validity,historical14
Wave-I21,Wave,21,Wave,True,z_validity,historical14
VAR-legacy-0.95-0.4-I22,VAR-legacy-0.95-0.4,22,CML-2,False,z_validity,historical14
VAR-legacy-0.2-0.4-I22,VAR-legacy-0.2-0.4,22,CML-2,False,z_validity,historical14
VAR-legacy-0.2-0.8-I22,VAR-legacy-0.2-0.8,22,VAR-legacy-0.2-0.8,True,z_validity,historical14
CML-1.85-I22,CML-1.85,22,CML-1.85,True,z_validity,historical14
Kuramoto-fast-I22,Kuramoto-fast,22,Kuramoto-fast,True,z_validity,historical14
Kuramoto-slow-I22,Kuramoto-slow,22,Kuramoto-slow,True,z_validity,historical14
Gaussian-noise-I22,Gaussian-noise,22,Gaussian-noise,True,z_validity,historical14
Cauchy-noise-I22,Cauchy-noise,22,Cauchy-noise,True,z_validity,historical14
Wave-I22,Wave,22,CML-1.69,False,z_validity,historical14
VAR-legacy-0.95-0.4-I23,VAR-legacy-0.95-0.4,23,CML-2,False,z_validity,historical14
VAR-legacy-0.2-0.4-I23,VAR-legacy-0.2-0.4,23,VAR-legacy-0.95-0.4,False,z_validity,historical14
VAR-legacy-0.2-0.8-I23,VAR-legacy-0.2-0.8,23,VAR-legacy-0.95-0.4,False,z_validity,historical14
CML-1.85-I23,CML-1.85,23,CML-1.7522,False,z_validity,historical14
Kuramoto-fast-I23,Kuramoto-fast,23,Kuramoto-fast,True,z_validity,historical14
Kuramoto-slow-I23,Kuramoto-slow,23,Kuramoto-slow,True,z_validity,historical14
Gaussian-noise-I23,Gaussian-noise,23,Gaussian-noise,True,z_validity,historical14
Cauchy-noise-I23,Cauchy-noise,23,Cauchy-noise,True,z_validity,historical14
Wave-I23,Wave,23,Wave,True,z_validity,historical14
VAR-0.2-I12,VAR-0.2,12,VAR-0.7,False,z_validity,coupled14
VAR-0.7-I12,VAR-0.7,12,VAR-0.7,True,z_validity,coupled14
CML-1.45-I12,CML-1.45,12,CML-1.69,False,z_validity,coupled14
CML-1.69-I12,CML-1.69,12,CML-1.7522,False,z_validity,coupled14
CML-1.7522-I12,CML-1.7522,12,CML-1.45,False,z_validity,coupled14
CML-1.895-I12,CML-1.895,12,CML-1.895,True,z_validity,coupled14
CML-2-I12,CML-2,12,CML-2,True,z_validity,coupled14
VAR-0.2-I13,VAR-0.2,13,CML-2,False,z_validity,coupled14
VAR-0.7-I13,VAR-0.7,13,VAR-0.7,True,z_validity,coupled14
CML-1.45-I13,CML-1.45,13,CML-1.45,True,z_validity,coupled14
CML-1.69-I13,CML-1.69,13,CML-1.69,True,z_validity,coupled14
CML-1.7522-I13,CML-1.7522,13,CML-1.7522,True,z_validity,coupled14
CML-1.895-I13,CML-1.895,13,CML-1.895,True,z_validity,coupled14
CML-2-I13,CML-2,13,CML-2,True,z_validity,coupled14
VAR-0.2-I14,VAR-0.2,14,CML-2,False,z_validity,coupled14
VAR-0.7-I14,VAR-0.7,14,CML-2,False,z_validity,coupled14
CML-1.45-I14,CML-1.45,14,CML-1.45,True,z_validity,coupled14
CML-1.69-I14,CML-1.69,14,CML-1.45,False,z_validity,coupled14
CML-1.7522-I14,CML-1.7522,14,CML-1.69,False,z_validity,coupled14
CML-1.895-I14,CML-1.895,14,CML-1.895,True,z_validity,coupled14
CML-2-I14,CML-2,14,VAR-legacy-0.95-0.4,False,z_validity,coupled14
VAR-0.2-I15,VAR-0.2,15,VAR-legacy-0.95-0.4,False,z_validity,coupled14
VAR-0.7-I15,VAR-0.7,15,CML-2,False,z_validity,coupled14
CML-1.45-I15,CML-1.45,15,Kuramoto-slow,False,z_validity,coupled14
CML-1.69-I15,CML-1.69,15,CML-1.7522,False,z_validity,coupled14
CML-1.7522-I15,CML-1.7522,15,CML-1.7522,True,z_validity,coupled14
CML-1.895-I15,CML-1.895,15,CML-1.895,True,z_validity,coupled14
CML-2-I15,CML-2,15,VAR-0.7,False,z_validity,coupled14
VAR-0.2-I16,VAR-0.2,16,VAR-0.2,True,z_validity,coupled14
VAR-0.7-I16,VAR-0.7,16,CML-2,False,z_validity,coupled14
CML-1.45-I16,CML-1.45,16,CML-1.45,True,z_validity,coupled14
CML-1.69-I16,CML-1.69,16,CML-1.45,False,z_validity,coupled14
CML-1.7522-I16,CML-1.7522,16,CML-1.7522,True,z_validity,coupled14
CML-1.895-I16,CML-1.895,16,CML-1.895,True,z_validity,coupled14
CML-2-I16,CML-2,16,VAR-0.7,False,z_validity,coupled14
VAR-0.2-I17,VAR-0.2,17,VAR-0.7,False,z_validity,coupled14
VAR-0.7-I17,VAR-0.7,17,VAR-0.7,True,z_validity,coupled14
CML-1.45-I17,CML-1.45,17,CML-1.45,True,z_validity,coupled14
CML-1.69-I17,CML-1.69,17,CML-1.69,True,z_validity,coupled14
CML-1.7522-I17,CML-1.7522,17,CML-1.45,False,z_validity,coupled14
CML-1.895-I17,CML-1.895,17,CML-1.85,False,z_validity,coupled14
CML-2-I17,CML-2,17,CML-2,True,z_validity,coupled14
VAR-0.2-I18,VAR-0.2,18,VAR-0.2,True,z_validity,coupled14
VAR-0.7-I18,VAR-0.7,18,VAR-legacy-0.95-0.4,False,z_validity,coupled14
CML-1.45-I18,CML-1.45,18,CML-1.69,False,z_validity,coupled14
CML-1.69-I18,CML-1.69,18,CML-1.895,False,z_validity,coupled14
CML-1.7522-I18,CML-1.7522,18,CML-1.7522,True,z_validity,coupled14
CML-1.895-I18,CML-1.895,18,CML-1.895,True,z_validity,coupled14
CML-2-I18,CML-2,18,VAR-legacy-0.95-0.4,False,z_validity,coupled14
VAR-0.2-I19,VAR-0.2,19,CML-2,False,z_validity,coupled14
VAR-0.7-I19,VAR-0.7,19,CML-2,False,z_validity,coupled14
CML-1.45-I19,CML-1.45,19,CML-1.45,True,z_validity,coupled14
CML-1.69-I19,CML-1.69,19,CML-1.45,False,z_validity,coupled14
CML-1.7522-I19,CML-1.7522,19,CML-1.7522,True,z_validity,coupled14
CML-1.895-I19,CML-1.895,19,CML-1.85,False,z_validity,coupled14
CML-2-I19,CML-2,19,VAR-legacy-0.95-0.4,False,z_validity,coupled14
VAR-0.2-I20,VAR-0.2,20,VAR-legacy-0.95-0.4,False,z_validity,coupled14
VAR-0.7-I20,VAR-0.7,20,CML-2,False,z_validity,coupled14
CML-1.45-I20,CML-1.45,20,CML-1.69,False,z_validity,coupled14
CML-1.69-I20,CML-1.69,20,CML-1.69,True,z_validity,coupled14
CML-1.7522-I20,CML-1.7522,20,CML-1.7522,True,z_validity,coupled14
CML-1.895-I20,CML-1.895,20,CML-1.895,True,z_validity,coupled14
CML-2-I20,CML-2,20,CML-2,True,z_validity,coupled14
VAR-0.2-I21,VAR-0.2,21,VAR-0.7,False,z_validity,coupled14
VAR-0.7-I21,VAR-0.7,21,VAR-0.7,True,z_validity,coupled14
CML-1.45-I21,CML-1.45,21,CML-1.69,False,z_validity,coupled14
CML-1.69-I21,CML-1.69,21,CML-1.69,True,z_validity,coupled14
CML-1.7522-I21,CML-1.7522,21,CML-1.7522,True,z_validity,coupled14
CML-1.895-I21,CML-1.895,21,CML-1.895,True,z_validity,coupled14
CML-2-I21,CML-2,21,VAR-0.7,False,z_validity,coupled14
VAR-0.2-I22,VAR-0.2,22,CML-2,False,z_validity,coupled14
VAR-0.7-I22,VAR-0.7,22,CML-2,False,z_validity,coupled14
CML-1.45-I22,CML-1.45,22,CML-1.45,True,z_validity,coupled14
CML-1.69-I22,CML-1.69,22,CML-1.7522,False,z_validity,coupled14
CML-1.7522-I22,CML-1.7522,22,CML-1.7522,True,z_validity,coupled14
CML-1.895-I22,CML-1.895,22,CML-1.895,True,z_validity,coupled14
CML-2-I22,CML-2,22,CML-2,True,z_validity,coupled14
VAR-0.2-I23,VAR-0.2,23,VAR-0.7,False,z_validity,coupled14
VAR-0.7-I23,VAR-0.7,23,CML-2,False,z_validity,coupled14
CML-1.45-I23,CML-1.45,23,CML-1.45,True,z_validity,coupled14
CML-1.69-I23,CML-1.69,23,CML-1.45,False,z_validity,coupled14
CML-1.7522-I23,CML-1.7522,23,CML-1.7522,True,z_validity,coupled14
CML-1.895-I23,CML-1.895,23,CML-1.895,True,z_validity,coupled14
CML-2-I23,CML-2,23,CML-2,True,z_validity,coupled14
VAR-legacy-0.95-0.4-I12,VAR-legacy-0.95-0.4,12,VAR-legacy-0.95-0.4,True,z_validity,coupled14
VAR-legacy-0.2-0.4-I12,VAR-legacy-0.2-0.4,12,VAR-0.7,False,z_validity,coupled14
VAR-legacy-0.2-0.8-I12,VAR-legacy-0.2-0.8,12,VAR-0.7,False,z_validity,coupled14
CML-1.85-I12,CML-1.85,12,CML-1.895,False,z_validity,coupled14
Kuramoto-fast-I12,Kuramoto-fast,12,Kuramoto-fast,True,z_validity,coupled14
Kuramoto-slow-I12,Kuramoto-slow,12,Kuramoto-slow,True,z_validity,coupled14
Wave-I12,Wave,12,Wave,True,z_validity,coupled14
VAR-legacy-0.95-0.4-I13,VAR-legacy-0.95-0.4,13,VAR-0.7,False,z_validity,coupled14
VAR-legacy-0.2-0.4-I13,VAR-legacy-0.2-0.4,13,CML-2,False,z_validity,coupled14
VAR-legacy-0.2-0.8-I13,VAR-legacy-0.2-0.8,13,CML-2,False,z_validity,coupled14
CML-1.85-I13,CML-1.85,13,CML-1.85,True,z_validity,coupled14
Kuramoto-fast-I13,Kuramoto-fast,13,Kuramoto-fast,True,z_validity,coupled14
Kuramoto-slow-I13,Kuramoto-slow,13,Kuramoto-slow,True,z_validity,coupled14
Wave-I13,Wave,13,CML-1.69,False,z_validity,coupled14
VAR-legacy-0.95-0.4-I14,VAR-legacy-0.95-0.4,14,CML-2,False,z_validity,coupled14
VAR-legacy-0.2-0.4-I14,VAR-legacy-0.2-0.4,14,CML-2,False,z_validity,coupled14
VAR-legacy-0.2-0.8-I14,VAR-legacy-0.2-0.8,14,VAR-0.2,False,z_validity,coupled14
CML-1.85-I14,CML-1.85,14,CML-1.45,False,z_validity,coupled14
Kuramoto-fast-I14,Kuramoto-fast,14,Kuramoto-fast,True,z_validity,coupled14
Kuramoto-slow-I14,Kuramoto-slow,14,Kuramoto-slow,True,z_validity,coupled14
Wave-I14,Wave,14,Wave,True,z_validity,coupled14
VAR-legacy-0.95-0.4-I15,VAR-legacy-0.95-0.4,15,CML-2,False,z_validity,coupled14
VAR-legacy-0.2-0.4-I15,VAR-legacy-0.2-0.4,15,VAR-legacy-0.95-0.4,False,z_validity,coupled14
VAR-legacy-0.2-0.8-I15,VAR-legacy-0.2-0.8,15,VAR-legacy-0.2-0.4,False,z_validity,coupled14
CML-1.85-I15,CML-1.85,15,CML-1.895,False,z_validity,coupled14
Kuramoto-fast-I15,Kuramoto-fast,15,Kuramoto-fast,True,z_validity,coupled14
Kuramoto-slow-I15,Kuramoto-slow,15,Kuramoto-slow,True,z_validity,coupled14
Wave-I15,Wave,15,Wave,True,z_validity,coupled14
VAR-legacy-0.95-0.4-I16,VAR-legacy-0.95-0.4,16,CML-2,False,z_validity,coupled14
VAR-legacy-0.2-0.4-I16,VAR-legacy-0.2-0.4,16,VAR-0.2,False,z_validity,coupled14
VAR-legacy-0.2-0.8-I16,VAR-legacy-0.2-0.8,16,VAR-0.2,False,z_validity,coupled14
CML-1.85-I16,CML-1.85,16,CML-1.85,True,z_validity,coupled14
Kuramoto-fast-I16,Kuramoto-fast,16,Kuramoto-fast,True,z_validity,coupled14
Kuramoto-slow-I16,Kuramoto-slow,16,Kuramoto-slow,True,z_validity,coupled14
Wave-I16,Wave,16,Wave,True,z_validity,coupled14
VAR-legacy-0.95-0.4-I17,VAR-legacy-0.95-0.4,17,VAR-legacy-0.95-0.4,True,z_validity,coupled14
VAR-legacy-0.2-0.4-I17,VAR-legacy-0.2-0.4,17,VAR-0.7,False,z_validity,coupled14
VAR-legacy-0.2-0.8-I17,VAR-legacy-0.2-0.8,17,VAR-legacy-0.2-0.4,False,z_validity,coupled14
CML-1.85-I17,CML-1.85,17,CML-1.85,True,z_validity,coupled14
Kuramoto-fast-I17,Kuramoto-fast,17,Kuramoto-fast,True,z_validity,coupled14
Kuramoto-slow-I17,Kuramoto-slow,17,Kuramoto-slow,True,z_validity,coupled14
Wave-I17,Wave,17,Wave,True,z_validity,coupled14
VAR-legacy-0.95-0.4-I18,VAR-legacy-0.95-0.4,18,VAR-legacy-0.95-0.4,True,z_validity,coupled14
VAR-legacy-0.2-0.4-I18,VAR-legacy-0.2-0.4,18,VAR-0.2,False,z_validity,coupled14
VAR-legacy-0.2-0.8-I18,VAR-legacy-0.2-0.8,18,VAR-0.2,False,z_validity,coupled14
CML-1.85-I18,CML-1.85,18,CML-1.85,True,z_validity,coupled14
Kuramoto-fast-I18,Kuramoto-fast,18,Kuramoto-fast,True,z_validity,coupled14
Kuramoto-slow-I18,Kuramoto-slow,18,Kuramoto-slow,True,z_validity,coupled14
Wave-I18,Wave,18,Wave,True,z_validity,coupled14
VAR-legacy-0.95-0.4-I19,VAR-legacy-0.95-0.4,19,CML-2,False,z_validity,coupled14
VAR-legacy-0.2-0.4-I19,VAR-legacy-0.2-0.4,19,CML-2,False,z_validity,coupled14
VAR-legacy-0.2-0.8-I19,VAR-legacy-0.2-0.8,19,VAR-legacy-0.2-0.4,False,z_validity,coupled14
CML-1.85-I19,CML-1.85,19,CML-1.85,True,z_validity,coupled14
Kuramoto-fast-I19,Kuramoto-fast,19,Kuramoto-fast,True,z_validity,coupled14
Kuramoto-slow-I19,Kuramoto-slow,19,Kuramoto-slow,True,z_validity,coupled14
Wave-I19,Wave,19,CML-1.69,False,z_validity,coupled14
VAR-legacy-0.95-0.4-I20,VAR-legacy-0.95-0.4,20,CML-2,False,z_validity,coupled14
VAR-legacy-0.2-0.4-I20,VAR-legacy-0.2-0.4,20,VAR-legacy-0.95-0.4,False,z_validity,coupled14
VAR-legacy-0.2-0.8-I20,VAR-legacy-0.2-0.8,20,VAR-legacy-0.2-0.8,True,z_validity,coupled14
CML-1.85-I20,CML-1.85,20,CML-1.895,False,z_validity,coupled14
Kuramoto-fast-I20,Kuramoto-fast,20,Kuramoto-fast,True,z_validity,coupled14
Kuramoto-slow-I20,Kuramoto-slow,20,Kuramoto-slow,True,z_validity,coupled14
Wave-I20,Wave,20,Wave,True,z_validity,coupled14
VAR-legacy-0.95-0.4-I21,VAR-legacy-0.95-0.4,21,VAR-0.7,False,z_validity,coupled14
VAR-legacy-0.2-0.4-I21,VAR-legacy-0.2-0.4,21,VAR-0.7,False,z_validity,coupled14
VAR-legacy-0.2-0.8-I21,VAR-legacy-0.2-0.8,21,VAR-0.2,False,z_validity,coupled14
CML-1.85-I21,CML-1.85,21,Kuramoto-fast,False,z_validity,coupled14
Kuramoto-fast-I21,Kuramoto-fast,21,Kuramoto-fast,True,z_validity,coupled14
Kuramoto-slow-I21,Kuramoto-slow,21,Kuramoto-slow,True,z_validity,coupled14
Wave-I21,Wave,21,Wave,True,z_validity,coupled14
VAR-legacy-0.95-0.4-I22,VAR-legacy-0.95-0.4,22,CML-2,False,z_validity,coupled14
VAR-legacy-0.2-0.4-I22,VAR-legacy-0.2-0.4,22,CML-2,False,z_validity,coupled14
VAR-legacy-0.2-0.8-I22,VAR-legacy-0.2-0.8,22,VAR-legacy-0.2-0.8,True,z_validity,coupled14
CML-1.85-I22,CML-1.85,22,CML-1.85,True,z_validity,coupled14
Kuramoto-fast-I22,Kuramoto-fast,22,Kuramoto-fast,True,z_validity,coupled14
Kuramoto-slow-I22,Kuramoto-slow,22,Kuramoto-slow,True,z_validity,coupled14
Wave-I22,Wave,22,CML-1.69,False,z_validity,coupled14
VAR-legacy-0.95-0.4-I23,VAR-legacy-0.95-0.4,23,CML-2,False,z_validity,coupled14
VAR-legacy-0.2-0.4-I23,VAR-legacy-0.2-0.4,23,VAR-0.7,False,z_validity,coupled14
VAR-legacy-0.2-0.8-I23,VAR-legacy-0.2-0.8,23,VAR-0.7,False,z_validity,coupled14
CML-1.85-I23,CML-1.85,23,CML-1.7522,False,z_validity,coupled14
Kuramoto-fast-I23,Kuramoto-fast,23,Kuramoto-fast,True,z_validity,coupled14
Kuramoto-slow-I23,Kuramoto-slow,23,Kuramoto-slow,True,z_validity,coupled14
Wave-I23,Wave,23,Wave,True,z_validity,coupled14
VAR-0.2-I12,VAR-0.2,12,CML-1.69,False,strength_only,all16
VAR-0.7-I12,VAR-0.7,12,CML-1.69,False,strength_only,all16
CML-1.45-I12,CML-1.45,12,CML-1.69,False,strength_only,all16
CML-1.69-I12,CML-1.69,12,CML-1.69,True,strength_only,all16
CML-1.7522-I12,CML-1.7522,12,CML-1.895,False,strength_only,all16
CML-1.895-I12,CML-1.895,12,CML-1.895,True,strength_only,all16
CML-2-I12,CML-2,12,CML-1.69,False,strength_only,all16
VAR-0.2-I13,VAR-0.2,13,CML-1.69,False,strength_only,all16
VAR-0.7-I13,VAR-0.7,13,CML-1.69,False,strength_only,all16
CML-1.45-I13,CML-1.45,13,CML-1.69,False,strength_only,all16
CML-1.69-I13,CML-1.69,13,CML-1.69,True,strength_only,all16
CML-1.7522-I13,CML-1.7522,13,CML-1.69,False,strength_only,all16
CML-1.895-I13,CML-1.895,13,CML-1.895,True,strength_only,all16
CML-2-I13,CML-2,13,CML-1.69,False,strength_only,all16
VAR-0.2-I14,VAR-0.2,14,CML-1.69,False,strength_only,all16
VAR-0.7-I14,VAR-0.7,14,CML-1.69,False,strength_only,all16
CML-1.45-I14,CML-1.45,14,CML-1.895,False,strength_only,all16
CML-1.69-I14,CML-1.69,14,CML-1.895,False,strength_only,all16
CML-1.7522-I14,CML-1.7522,14,CML-1.69,False,strength_only,all16
CML-1.895-I14,CML-1.895,14,CML-1.69,False,strength_only,all16
CML-2-I14,CML-2,14,CML-1.69,False,strength_only,all16
VAR-0.2-I15,VAR-0.2,15,CML-1.69,False,strength_only,all16
VAR-0.7-I15,VAR-0.7,15,CML-1.69,False,strength_only,all16
CML-1.45-I15,CML-1.45,15,CML-1.895,False,strength_only,all16
CML-1.69-I15,CML-1.69,15,CML-1.69,True,strength_only,all16
CML-1.7522-I15,CML-1.7522,15,CML-1.69,False,strength_only,all16
CML-1.895-I15,CML-1.895,15,CML-1.69,False,strength_only,all16
CML-2-I15,CML-2,15,CML-1.69,False,strength_only,all16
VAR-0.2-I16,VAR-0.2,16,CML-1.69,False,strength_only,all16
VAR-0.7-I16,VAR-0.7,16,CML-1.69,False,strength_only,all16
CML-1.45-I16,CML-1.45,16,CML-1.69,False,strength_only,all16
CML-1.69-I16,CML-1.69,16,CML-1.69,True,strength_only,all16
CML-1.7522-I16,CML-1.7522,16,CML-1.69,False,strength_only,all16
CML-1.895-I16,CML-1.895,16,CML-1.895,True,strength_only,all16
CML-2-I16,CML-2,16,CML-1.895,False,strength_only,all16
VAR-0.2-I17,VAR-0.2,17,CML-1.69,False,strength_only,all16
VAR-0.7-I17,VAR-0.7,17,CML-1.69,False,strength_only,all16
CML-1.45-I17,CML-1.45,17,CML-1.895,False,strength_only,all16
CML-1.69-I17,CML-1.69,17,CML-1.69,True,strength_only,all16
CML-1.7522-I17,CML-1.7522,17,CML-1.69,False,strength_only,all16
CML-1.895-I17,CML-1.895,17,CML-1.895,True,strength_only,all16
CML-2-I17,CML-2,17,CML-1.69,False,strength_only,all16
VAR-0.2-I18,VAR-0.2,18,CML-1.69,False,strength_only,all16
VAR-0.7-I18,VAR-0.7,18,CML-1.69,False,strength_only,all16
CML-1.45-I18,CML-1.45,18,CML-1.69,False,strength_only,all16
CML-1.69-I18,CML-1.69,18,CML-1.69,True,strength_only,all16
CML-1.7522-I18,CML-1.7522,18,CML-1.895,False,strength_only,all16
CML-1.895-I18,CML-1.895,18,CML-1.895,True,strength_only,all16
CML-2-I18,CML-2,18,CML-1.69,False,strength_only,all16
VAR-0.2-I19,VAR-0.2,19,CML-1.69,False,strength_only,all16
VAR-0.7-I19,VAR-0.7,19,CML-1.69,False,strength_only,all16
CML-1.45-I19,CML-1.45,19,CML-1.69,False,strength_only,all16
CML-1.69-I19,CML-1.69,19,CML-1.69,True,strength_only,all16
CML-1.7522-I19,CML-1.7522,19,CML-1.69,False,strength_only,all16
CML-1.895-I19,CML-1.895,19,CML-1.69,False,strength_only,all16
CML-2-I19,CML-2,19,CML-1.895,False,strength_only,all16
VAR-0.2-I20,VAR-0.2,20,CML-1.69,False,strength_only,all16
VAR-0.7-I20,VAR-0.7,20,CML-1.69,False,strength_only,all16
CML-1.45-I20,CML-1.45,20,CML-1.69,False,strength_only,all16
CML-1.69-I20,CML-1.69,20,CML-1.69,True,strength_only,all16
CML-1.7522-I20,CML-1.7522,20,CML-1.895,False,strength_only,all16
CML-1.895-I20,CML-1.895,20,CML-1.895,True,strength_only,all16
CML-2-I20,CML-2,20,CML-1.69,False,strength_only,all16
VAR-0.2-I21,VAR-0.2,21,CML-1.69,False,strength_only,all16
VAR-0.7-I21,VAR-0.7,21,CML-1.69,False,strength_only,all16
CML-1.45-I21,CML-1.45,21,CML-1.69,False,strength_only,all16
CML-1.69-I21,CML-1.69,21,CML-1.69,True,strength_only,all16
CML-1.7522-I21,CML-1.7522,21,CML-1.895,False,strength_only,all16
CML-1.895-I21,CML-1.895,21,CML-1.895,True,strength_only,all16
CML-2-I21,CML-2,21,CML-1.895,False,strength_only,all16
VAR-0.2-I22,VAR-0.2,22,CML-1.69,False,strength_only,all16
VAR-0.7-I22,VAR-0.7,22,CML-1.69,False,strength_only,all16
CML-1.45-I22,CML-1.45,22,CML-1.895,False,strength_only,all16
CML-1.69-I22,CML-1.69,22,CML-1.69,True,strength_only,all16
CML-1.7522-I22,CML-1.7522,22,CML-1.69,False,strength_only,all16
CML-1.895-I22,CML-1.895,22,CML-1.895,True,strength_only,all16
CML-2-I22,CML-2,22,CML-1.69,False,strength_only,all16
VAR-0.2-I23,VAR-0.2,23,CML-1.69,False,strength_only,all16
VAR-0.7-I23,VAR-0.7,23,CML-1.69,False,strength_only,all16
CML-1.45-I23,CML-1.45,23,CML-1.69,False,strength_only,all16
CML-1.69-I23,CML-1.69,23,CML-1.895,False,strength_only,all16
CML-1.7522-I23,CML-1.7522,23,CML-1.69,False,strength_only,all16
CML-1.895-I23,CML-1.895,23,CML-1.69,False,strength_only,all16
CML-2-I23,CML-2,23,CML-1.69,False,strength_only,all16
VAR-legacy-0.95-0.4-I12,VAR-legacy-0.95-0.4,12,CML-1.69,False,strength_only,all16
VAR-legacy-0.2-0.4-I12,VAR-legacy-0.2-0.4,12,CML-1.69,False,strength_only,all16
VAR-legacy-0.2-0.8-I12,VAR-legacy-0.2-0.8,12,CML-1.69,False,strength_only,all16
CML-1.85-I12,CML-1.85,12,CML-1.895,False,strength_only,all16
Kuramoto-fast-I12,Kuramoto-fast,12,CML-1.69,False,strength_only,all16
Kuramoto-slow-I12,Kuramoto-slow,12,CML-1.895,False,strength_only,all16
Gaussian-noise-I12,Gaussian-noise,12,Cauchy-noise,False,strength_only,all16
Cauchy-noise-I12,Cauchy-noise,12,Cauchy-noise,True,strength_only,all16
Wave-I12,Wave,12,CML-1.69,False,strength_only,all16
VAR-legacy-0.95-0.4-I13,VAR-legacy-0.95-0.4,13,CML-1.69,False,strength_only,all16
VAR-legacy-0.2-0.4-I13,VAR-legacy-0.2-0.4,13,CML-1.69,False,strength_only,all16
VAR-legacy-0.2-0.8-I13,VAR-legacy-0.2-0.8,13,CML-1.69,False,strength_only,all16
CML-1.85-I13,CML-1.85,13,CML-1.895,False,strength_only,all16
Kuramoto-fast-I13,Kuramoto-fast,13,CML-1.69,False,strength_only,all16
Kuramoto-slow-I13,Kuramoto-slow,13,CML-1.69,False,strength_only,all16
Gaussian-noise-I13,Gaussian-noise,13,Cauchy-noise,False,strength_only,all16
Cauchy-noise-I13,Cauchy-noise,13,Cauchy-noise,True,strength_only,all16
Wave-I13,Wave,13,CML-1.69,False,strength_only,all16
VAR-legacy-0.95-0.4-I14,VAR-legacy-0.95-0.4,14,CML-1.69,False,strength_only,all16
VAR-legacy-0.2-0.4-I14,VAR-legacy-0.2-0.4,14,CML-1.69,False,strength_only,all16
VAR-legacy-0.2-0.8-I14,VAR-legacy-0.2-0.8,14,CML-1.69,False,strength_only,all16
CML-1.85-I14,CML-1.85,14,CML-1.69,False,strength_only,all16
Kuramoto-fast-I14,Kuramoto-fast,14,CML-1.69,False,strength_only,all16
Kuramoto-slow-I14,Kuramoto-slow,14,CML-1.895,False,strength_only,all16
Gaussian-noise-I14,Gaussian-noise,14,Cauchy-noise,False,strength_only,all16
Cauchy-noise-I14,Cauchy-noise,14,Cauchy-noise,True,strength_only,all16
Wave-I14,Wave,14,CML-1.69,False,strength_only,all16
VAR-legacy-0.95-0.4-I15,VAR-legacy-0.95-0.4,15,CML-1.69,False,strength_only,all16
VAR-legacy-0.2-0.4-I15,VAR-legacy-0.2-0.4,15,CML-1.69,False,strength_only,all16
VAR-legacy-0.2-0.8-I15,VAR-legacy-0.2-0.8,15,CML-1.69,False,strength_only,all16
CML-1.85-I15,CML-1.85,15,CML-1.69,False,strength_only,all16
Kuramoto-fast-I15,Kuramoto-fast,15,CML-1.69,False,strength_only,all16
Kuramoto-slow-I15,Kuramoto-slow,15,CML-1.69,False,strength_only,all16
Gaussian-noise-I15,Gaussian-noise,15,Cauchy-noise,False,strength_only,all16
Cauchy-noise-I15,Cauchy-noise,15,Cauchy-noise,True,strength_only,all16
Wave-I15,Wave,15,CML-1.69,False,strength_only,all16
VAR-legacy-0.95-0.4-I16,VAR-legacy-0.95-0.4,16,CML-1.69,False,strength_only,all16
VAR-legacy-0.2-0.4-I16,VAR-legacy-0.2-0.4,16,CML-1.69,False,strength_only,all16
VAR-legacy-0.2-0.8-I16,VAR-legacy-0.2-0.8,16,CML-1.69,False,strength_only,all16
CML-1.85-I16,CML-1.85,16,CML-1.69,False,strength_only,all16
Kuramoto-fast-I16,Kuramoto-fast,16,CML-1.69,False,strength_only,all16
Kuramoto-slow-I16,Kuramoto-slow,16,CML-1.69,False,strength_only,all16
Gaussian-noise-I16,Gaussian-noise,16,Cauchy-noise,False,strength_only,all16
Cauchy-noise-I16,Cauchy-noise,16,Cauchy-noise,True,strength_only,all16
Wave-I16,Wave,16,CML-1.69,False,strength_only,all16
VAR-legacy-0.95-0.4-I17,VAR-legacy-0.95-0.4,17,CML-1.69,False,strength_only,all16
VAR-legacy-0.2-0.4-I17,VAR-legacy-0.2-0.4,17,CML-1.69,False,strength_only,all16
VAR-legacy-0.2-0.8-I17,VAR-legacy-0.2-0.8,17,CML-1.69,False,strength_only,all16
CML-1.85-I17,CML-1.85,17,CML-1.895,False,strength_only,all16
Kuramoto-fast-I17,Kuramoto-fast,17,CML-1.69,False,strength_only,all16
Kuramoto-slow-I17,Kuramoto-slow,17,CML-1.69,False,strength_only,all16
Gaussian-noise-I17,Gaussian-noise,17,Cauchy-noise,False,strength_only,all16
Cauchy-noise-I17,Cauchy-noise,17,Cauchy-noise,True,strength_only,all16
Wave-I17,Wave,17,CML-1.69,False,strength_only,all16
VAR-legacy-0.95-0.4-I18,VAR-legacy-0.95-0.4,18,CML-1.69,False,strength_only,all16
VAR-legacy-0.2-0.4-I18,VAR-legacy-0.2-0.4,18,CML-1.69,False,strength_only,all16
VAR-legacy-0.2-0.8-I18,VAR-legacy-0.2-0.8,18,CML-1.69,False,strength_only,all16
CML-1.85-I18,CML-1.85,18,CML-1.69,False,strength_only,all16
Kuramoto-fast-I18,Kuramoto-fast,18,CML-1.69,False,strength_only,all16
Kuramoto-slow-I18,Kuramoto-slow,18,CML-1.69,False,strength_only,all16
Gaussian-noise-I18,Gaussian-noise,18,Cauchy-noise,False,strength_only,all16
Cauchy-noise-I18,Cauchy-noise,18,Cauchy-noise,True,strength_only,all16
Wave-I18,Wave,18,CML-1.69,False,strength_only,all16
VAR-legacy-0.95-0.4-I19,VAR-legacy-0.95-0.4,19,CML-1.69,False,strength_only,all16
VAR-legacy-0.2-0.4-I19,VAR-legacy-0.2-0.4,19,CML-1.69,False,strength_only,all16
VAR-legacy-0.2-0.8-I19,VAR-legacy-0.2-0.8,19,CML-1.69,False,strength_only,all16
CML-1.85-I19,CML-1.85,19,CML-1.895,False,strength_only,all16
Kuramoto-fast-I19,Kuramoto-fast,19,CML-1.69,False,strength_only,all16
Kuramoto-slow-I19,Kuramoto-slow,19,CML-1.69,False,strength_only,all16
Gaussian-noise-I19,Gaussian-noise,19,Cauchy-noise,False,strength_only,all16
Cauchy-noise-I19,Cauchy-noise,19,Cauchy-noise,True,strength_only,all16
Wave-I19,Wave,19,CML-1.69,False,strength_only,all16
VAR-legacy-0.95-0.4-I20,VAR-legacy-0.95-0.4,20,CML-1.69,False,strength_only,all16
VAR-legacy-0.2-0.4-I20,VAR-legacy-0.2-0.4,20,CML-1.69,False,strength_only,all16
VAR-legacy-0.2-0.8-I20,VAR-legacy-0.2-0.8,20,CML-1.69,False,strength_only,all16
CML-1.85-I20,CML-1.85,20,CML-1.69,False,strength_only,all16
Kuramoto-fast-I20,Kuramoto-fast,20,CML-1.895,False,strength_only,all16
Kuramoto-slow-I20,Kuramoto-slow,20,CML-1.69,False,strength_only,all16
Gaussian-noise-I20,Gaussian-noise,20,Cauchy-noise,False,strength_only,all16
Cauchy-noise-I20,Cauchy-noise,20,Cauchy-noise,True,strength_only,all16
Wave-I20,Wave,20,CML-1.69,False,strength_only,all16
VAR-legacy-0.95-0.4-I21,VAR-legacy-0.95-0.4,21,CML-1.69,False,strength_only,all16
VAR-legacy-0.2-0.4-I21,VAR-legacy-0.2-0.4,21,CML-1.69,False,strength_only,all16
VAR-legacy-0.2-0.8-I21,VAR-legacy-0.2-0.8,21,CML-1.69,False,strength_only,all16
CML-1.85-I21,CML-1.85,21,CML-1.69,False,strength_only,all16
Kuramoto-fast-I21,Kuramoto-fast,21,CML-1.69,False,strength_only,all16
Kuramoto-slow-I21,Kuramoto-slow,21,CML-1.69,False,strength_only,all16
Gaussian-noise-I21,Gaussian-noise,21,Cauchy-noise,False,strength_only,all16
Cauchy-noise-I21,Cauchy-noise,21,Cauchy-noise,True,strength_only,all16
Wave-I21,Wave,21,CML-1.69,False,strength_only,all16
VAR-legacy-0.95-0.4-I22,VAR-legacy-0.95-0.4,22,CML-1.69,False,strength_only,all16
VAR-legacy-0.2-0.4-I22,VAR-legacy-0.2-0.4,22,CML-1.69,False,strength_only,all16
VAR-legacy-0.2-0.8-I22,VAR-legacy-0.2-0.8,22,CML-1.69,False,strength_only,all16
CML-1.85-I22,CML-1.85,22,CML-1.69,False,strength_only,all16
Kuramoto-fast-I22,Kuramoto-fast,22,CML-1.895,False,strength_only,all16
Kuramoto-slow-I22,Kuramoto-slow,22,CML-1.69,False,strength_only,all16
Gaussian-noise-I22,Gaussian-noise,22,Cauchy-noise,False,strength_only,all16
Cauchy-noise-I22,Cauchy-noise,22,Cauchy-noise,True,strength_only,all16
Wave-I22,Wave,22,CML-1.69,False,strength_only,all16
VAR-legacy-0.95-0.4-I23,VAR-legacy-0.95-0.4,23,CML-1.69,False,strength_only,all16
VAR-legacy-0.2-0.4-I23,VAR-legacy-0.2-0.4,23,CML-1.69,False,strength_only,all16
VAR-legacy-0.2-0.8-I23,VAR-legacy-0.2-0.8,23,CML-1.69,False,strength_only,all16
CML-1.85-I23,CML-1.85,23,CML-1.69,False,strength_only,all16
Kuramoto-fast-I23,Kuramoto-fast,23,CML-1.69,False,strength_only,all16
Kuramoto-slow-I23,Kuramoto-slow,23,CML-1.69,False,strength_only,all16
Gaussian-noise-I23,Gaussian-noise,23,Cauchy-noise,False,strength_only,all16
Cauchy-noise-I23,Cauchy-noise,23,Cauchy-noise,True,strength_only,all16
Wave-I23,Wave,23,CML-1.69,False,strength_only,all16
CML-1.45-I12,CML-1.45,12,CML-1.69,False,strength_only,CML6
CML-1.69-I12,CML-1.69,12,CML-1.69,True,strength_only,CML6
CML-1.7522-I12,CML-1.7522,12,CML-1.895,False,strength_only,CML6
CML-1.895-I12,CML-1.895,12,CML-1.895,True,strength_only,CML6
CML-2-I12,CML-2,12,CML-1.895,False,strength_only,CML6
CML-1.45-I13,CML-1.45,13,CML-1.69,False,strength_only,CML6
CML-1.69-I13,CML-1.69,13,CML-1.69,True,strength_only,CML6
CML-1.7522-I13,CML-1.7522,13,CML-1.895,False,strength_only,CML6
CML-1.895-I13,CML-1.895,13,CML-1.895,True,strength_only,CML6
CML-2-I13,CML-2,13,CML-1.895,False,strength_only,CML6
CML-1.45-I14,CML-1.45,14,CML-1.895,False,strength_only,CML6
CML-1.69-I14,CML-1.69,14,CML-1.895,False,strength_only,CML6
CML-1.7522-I14,CML-1.7522,14,CML-1.895,False,strength_only,CML6
CML-1.895-I14,CML-1.895,14,CML-1.69,False,strength_only,CML6
CML-2-I14,CML-2,14,CML-1.895,False,strength_only,CML6
CML-1.45-I15,CML-1.45,15,CML-1.895,False,strength_only,CML6
CML-1.69-I15,CML-1.69,15,CML-1.69,True,strength_only,CML6
CML-1.7522-I15,CML-1.7522,15,CML-1.69,False,strength_only,CML6
CML-1.895-I15,CML-1.895,15,CML-1.69,False,strength_only,CML6
CML-2-I15,CML-2,15,CML-1.895,False,strength_only,CML6
CML-1.45-I16,CML-1.45,16,CML-1.69,False,strength_only,CML6
CML-1.69-I16,CML-1.69,16,CML-1.69,True,strength_only,CML6
CML-1.7522-I16,CML-1.7522,16,CML-1.69,False,strength_only,CML6
CML-1.895-I16,CML-1.895,16,CML-1.895,True,strength_only,CML6
CML-2-I16,CML-2,16,CML-1.895,False,strength_only,CML6
CML-1.45-I17,CML-1.45,17,CML-1.895,False,strength_only,CML6
CML-1.69-I17,CML-1.69,17,CML-1.69,True,strength_only,CML6
CML-1.7522-I17,CML-1.7522,17,CML-1.895,False,strength_only,CML6
CML-1.895-I17,CML-1.895,17,CML-1.895,True,strength_only,CML6
CML-2-I17,CML-2,17,CML-1.895,False,strength_only,CML6
CML-1.45-I18,CML-1.45,18,CML-1.69,False,strength_only,CML6
CML-1.69-I18,CML-1.69,18,CML-1.69,True,strength_only,CML6
CML-1.7522-I18,CML-1.7522,18,CML-1.895,False,strength_only,CML6
CML-1.895-I18,CML-1.895,18,CML-1.895,True,strength_only,CML6
CML-2-I18,CML-2,18,CML-1.895,False,strength_only,CML6
CML-1.45-I19,CML-1.45,19,CML-1.69,False,strength_only,CML6
CML-1.69-I19,CML-1.69,19,CML-1.895,False,strength_only,CML6
CML-1.7522-I19,CML-1.7522,19,CML-1.69,False,strength_only,CML6
CML-1.895-I19,CML-1.895,19,CML-1.69,False,strength_only,CML6
CML-2-I19,CML-2,19,CML-1.895,False,strength_only,CML6
CML-1.45-I20,CML-1.45,20,CML-1.69,False,strength_only,CML6
CML-1.69-I20,CML-1.69,20,CML-1.69,True,strength_only,CML6
CML-1.7522-I20,CML-1.7522,20,CML-1.895,False,strength_only,CML6
CML-1.895-I20,CML-1.895,20,CML-1.895,True,strength_only,CML6
CML-2-I20,CML-2,20,CML-1.895,False,strength_only,CML6
CML-1.45-I21,CML-1.45,21,CML-1.69,False,strength_only,CML6
CML-1.69-I21,CML-1.69,21,CML-1.69,True,strength_only,CML6
CML-1.7522-I21,CML-1.7522,21,CML-1.895,False,strength_only,CML6
CML-1.895-I21,CML-1.895,21,CML-1.895,True,strength_only,CML6
CML-2-I21,CML-2,21,CML-1.895,False,strength_only,CML6
CML-1.45-I22,CML-1.45,22,CML-1.895,False,strength_only,CML6
CML-1.69-I22,CML-1.69,22,CML-1.69,True,strength_only,CML6
CML-1.7522-I22,CML-1.7522,22,CML-1.69,False,strength_only,CML6
CML-1.895-I22,CML-1.895,22,CML-1.895,True,strength_only,CML6
CML-2-I22,CML-2,22,CML-1.69,False,strength_only,CML6
CML-1.45-I23,CML-1.45,23,CML-1.69,False,strength_only,CML6
CML-1.69-I23,CML-1.69,23,CML-1.895,False,strength_only,CML6
CML-1.7522-I23,CML-1.7522,23,CML-1.69,False,strength_only,CML6
CML-1.895-I23,CML-1.895,23,CML-1.895,True,strength_only,CML6
CML-2-I23,CML-2,23,CML-1.69,False,strength_only,CML6
CML-1.85-I12,CML-1.85,12,CML-1.895,False,strength_only,CML6
CML-1.85-I13,CML-1.85,13,CML-1.895,False,strength_only,CML6
CML-1.85-I14,CML-1.85,14,CML-1.69,False,strength_only,CML6
CML-1.85-I15,CML-1.85,15,CML-1.69,False,strength_only,CML6
CML-1.85-I16,CML-1.85,16,CML-1.69,False,strength_only,CML6
CML-1.85-I17,CML-1.85,17,CML-1.895,False,strength_only,CML6
CML-1.85-I18,CML-1.85,18,CML-1.69,False,strength_only,CML6
CML-1.85-I19,CML-1.85,19,CML-1.895,False,strength_only,CML6
CML-1.85-I20,CML-1.85,20,CML-1.69,False,strength_only,CML6
CML-1.85-I21,CML-1.85,21,CML-1.69,False,strength_only,CML6
CML-1.85-I22,CML-1.85,22,CML-1.69,False,strength_only,CML6
CML-1.85-I23,CML-1.85,23,CML-1.69,False,strength_only,CML6
CML-1.45-I12,CML-1.45,12,CML-1.69,False,strength_only,historical14
CML-1.69-I12,CML-1.69,12,CML-1.69,True,strength_only,historical14
CML-1.7522-I12,CML-1.7522,12,CML-1.895,False,strength_only,historical14
CML-1.895-I12,CML-1.895,12,CML-1.69,False,strength_only,historical14
CML-2-I12,CML-2,12,CML-1.69,False,strength_only,historical14
CML-1.45-I13,CML-1.45,13,CML-1.69,False,strength_only,historical14
CML-1.69-I13,CML-1.69,13,CML-1.69,True,strength_only,historical14
CML-1.7522-I13,CML-1.7522,13,CML-1.69,False,strength_only,historical14
CML-1.895-I13,CML-1.895,13,CML-1.69,False,strength_only,historical14
CML-2-I13,CML-2,13,CML-1.69,False,strength_only,historical14
CML-1.45-I14,CML-1.45,14,CML-1.895,False,strength_only,historical14
CML-1.69-I14,CML-1.69,14,CML-1.85,False,strength_only,historical14
CML-1.7522-I14,CML-1.7522,14,CML-1.69,False,strength_only,historical14
CML-1.895-I14,CML-1.895,14,CML-1.69,False,strength_only,historical14
CML-2-I14,CML-2,14,CML-1.69,False,strength_only,historical14
CML-1.45-I15,CML-1.45,15,CML-2,False,strength_only,historical14
CML-1.69-I15,CML-1.69,15,CML-1.69,True,strength_only,historical14
CML-1.7522-I15,CML-1.7522,15,CML-1.69,False,strength_only,historical14
CML-1.895-I15,CML-1.895,15,CML-1.69,False,strength_only,historical14
CML-2-I15,CML-2,15,CML-1.69,False,strength_only,historical14
CML-1.45-I16,CML-1.45,16,CML-1.69,False,strength_only,historical14
CML-1.69-I16,CML-1.69,16,CML-1.69,True,strength_only,historical14
CML-1.7522-I16,CML-1.7522,16,CML-1.69,False,strength_only,historical14
CML-1.895-I16,CML-1.895,16,CML-1.69,False,strength_only,historical14
CML-2-I16,CML-2,16,CML-1.69,False,strength_only,historical14
CML-1.45-I17,CML-1.45,17,CML-1.85,False,strength_only,historical14
CML-1.69-I17,CML-1.69,17,CML-1.69,True,strength_only,historical14
CML-1.7522-I17,CML-1.7522,17,CML-1.69,False,strength_only,historical14
CML-1.895-I17,CML-1.895,17,CML-1.69,False,strength_only,historical14
CML-2-I17,CML-2,17,CML-1.69,False,strength_only,historical14
CML-1.45-I18,CML-1.45,18,CML-1.69,False,strength_only,historical14
CML-1.69-I18,CML-1.69,18,CML-1.69,True,strength_only,historical14
CML-1.7522-I18,CML-1.7522,18,CML-2,False,strength_only,historical14
CML-1.895-I18,CML-1.895,18,CML-1.69,False,strength_only,historical14
CML-2-I18,CML-2,18,CML-1.69,False,strength_only,historical14
CML-1.45-I19,CML-1.45,19,CML-1.69,False,strength_only,historical14
CML-1.69-I19,CML-1.69,19,CML-1.69,True,strength_only,historical14
CML-1.7522-I19,CML-1.7522,19,CML-1.69,False,strength_only,historical14
CML-1.895-I19,CML-1.895,19,CML-1.69,False,strength_only,historical14
CML-2-I19,CML-2,19,CML-1.69,False,strength_only,historical14
CML-1.45-I20,CML-1.45,20,CML-1.69,False,strength_only,historical14
CML-1.69-I20,CML-1.69,20,CML-1.69,True,strength_only,historical14
CML-1.7522-I20,CML-1.7522,20,CML-1.45,False,strength_only,historical14
CML-1.895-I20,CML-1.895,20,CML-1.69,False,strength_only,historical14
CML-2-I20,CML-2,20,CML-1.69,False,strength_only,historical14
CML-1.45-I21,CML-1.45,21,CML-1.69,False,strength_only,historical14
CML-1.69-I21,CML-1.69,21,CML-1.69,True,strength_only,historical14
CML-1.7522-I21,CML-1.7522,21,CML-2,False,strength_only,historical14
CML-1.895-I21,CML-1.895,21,CML-1.69,False,strength_only,historical14
CML-2-I21,CML-2,21,CML-1.69,False,strength_only,historical14
CML-1.45-I22,CML-1.45,22,Wave,False,strength_only,historical14
CML-1.69-I22,CML-1.69,22,CML-1.69,True,strength_only,historical14
CML-1.7522-I22,CML-1.7522,22,CML-1.69,False,strength_only,historical14
CML-1.895-I22,CML-1.895,22,CML-1.69,False,strength_only,historical14
CML-2-I22,CML-2,22,CML-1.69,False,strength_only,historical14
CML-1.45-I23,CML-1.45,23,CML-1.69,False,strength_only,historical14
CML-1.69-I23,CML-1.69,23,CML-1.69,True,strength_only,historical14
CML-1.7522-I23,CML-1.7522,23,CML-1.69,False,strength_only,historical14
CML-1.895-I23,CML-1.895,23,CML-1.69,False,strength_only,historical14
CML-2-I23,CML-2,23,CML-1.69,False,strength_only,historical14
VAR-legacy-0.95-0.4-I12,VAR-legacy-0.95-0.4,12,CML-1.69,False,strength_only,historical14
VAR-legacy-0.2-0.4-I12,VAR-legacy-0.2-0.4,12,CML-1.69,False,strength_only,historical14
VAR-legacy-0.2-0.8-I12,VAR-legacy-0.2-0.8,12,CML-1.69,False,strength_only,historical14
CML-1.85-I12,CML-1.85,12,CML-1.69,False,strength_only,historical14
Kuramoto-fast-I12,Kuramoto-fast,12,CML-1.69,False,strength_only,historical14
Kuramoto-slow-I12,Kuramoto-slow,12,CML-1.69,False,strength_only,historical14
Gaussian-noise-I12,Gaussian-noise,12,Cauchy-noise,False,strength_only,historical14
Cauchy-noise-I12,Cauchy-noise,12,Cauchy-noise,True,strength_only,historical14
Wave-I12,Wave,12,CML-1.69,False,strength_only,historical14
VAR-legacy-0.95-0.4-I13,VAR-legacy-0.95-0.4,13,CML-1.69,False,strength_only,historical14
VAR-legacy-0.2-0.4-I13,VAR-legacy-0.2-0.4,13,CML-1.69,False,strength_only,historical14
VAR-legacy-0.2-0.8-I13,VAR-legacy-0.2-0.8,13,CML-1.69,False,strength_only,historical14
CML-1.85-I13,CML-1.85,13,CML-1.69,False,strength_only,historical14
Kuramoto-fast-I13,Kuramoto-fast,13,CML-1.69,False,strength_only,historical14
Kuramoto-slow-I13,Kuramoto-slow,13,CML-1.69,False,strength_only,historical14
Gaussian-noise-I13,Gaussian-noise,13,Cauchy-noise,False,strength_only,historical14
Cauchy-noise-I13,Cauchy-noise,13,Cauchy-noise,True,strength_only,historical14
Wave-I13,Wave,13,CML-1.69,False,strength_only,historical14
VAR-legacy-0.95-0.4-I14,VAR-legacy-0.95-0.4,14,CML-1.69,False,strength_only,historical14
VAR-legacy-0.2-0.4-I14,VAR-legacy-0.2-0.4,14,CML-1.69,False,strength_only,historical14
VAR-legacy-0.2-0.8-I14,VAR-legacy-0.2-0.8,14,CML-1.69,False,strength_only,historical14
CML-1.85-I14,CML-1.85,14,CML-1.69,False,strength_only,historical14
Kuramoto-fast-I14,Kuramoto-fast,14,CML-1.69,False,strength_only,historical14
Kuramoto-slow-I14,Kuramoto-slow,14,CML-1.69,False,strength_only,historical14
Gaussian-noise-I14,Gaussian-noise,14,Cauchy-noise,False,strength_only,historical14
Cauchy-noise-I14,Cauchy-noise,14,Cauchy-noise,True,strength_only,historical14
Wave-I14,Wave,14,CML-1.69,False,strength_only,historical14
VAR-legacy-0.95-0.4-I15,VAR-legacy-0.95-0.4,15,CML-1.69,False,strength_only,historical14
VAR-legacy-0.2-0.4-I15,VAR-legacy-0.2-0.4,15,CML-1.69,False,strength_only,historical14
VAR-legacy-0.2-0.8-I15,VAR-legacy-0.2-0.8,15,CML-1.69,False,strength_only,historical14
CML-1.85-I15,CML-1.85,15,CML-1.69,False,strength_only,historical14
Kuramoto-fast-I15,Kuramoto-fast,15,CML-1.69,False,strength_only,historical14
Kuramoto-slow-I15,Kuramoto-slow,15,CML-1.69,False,strength_only,historical14
Gaussian-noise-I15,Gaussian-noise,15,Cauchy-noise,False,strength_only,historical14
Cauchy-noise-I15,Cauchy-noise,15,Cauchy-noise,True,strength_only,historical14
Wave-I15,Wave,15,CML-1.69,False,strength_only,historical14
VAR-legacy-0.95-0.4-I16,VAR-legacy-0.95-0.4,16,CML-1.69,False,strength_only,historical14
VAR-legacy-0.2-0.4-I16,VAR-legacy-0.2-0.4,16,CML-1.69,False,strength_only,historical14
VAR-legacy-0.2-0.8-I16,VAR-legacy-0.2-0.8,16,CML-1.69,False,strength_only,historical14
CML-1.85-I16,CML-1.85,16,CML-1.69,False,strength_only,historical14
Kuramoto-fast-I16,Kuramoto-fast,16,CML-1.69,False,strength_only,historical14
Kuramoto-slow-I16,Kuramoto-slow,16,CML-1.69,False,strength_only,historical14
Gaussian-noise-I16,Gaussian-noise,16,Cauchy-noise,False,strength_only,historical14
Cauchy-noise-I16,Cauchy-noise,16,Cauchy-noise,True,strength_only,historical14
Wave-I16,Wave,16,CML-1.69,False,strength_only,historical14
VAR-legacy-0.95-0.4-I17,VAR-legacy-0.95-0.4,17,CML-1.69,False,strength_only,historical14
VAR-legacy-0.2-0.4-I17,VAR-legacy-0.2-0.4,17,CML-1.69,False,strength_only,historical14
VAR-legacy-0.2-0.8-I17,VAR-legacy-0.2-0.8,17,CML-1.69,False,strength_only,historical14
CML-1.85-I17,CML-1.85,17,CML-1.69,False,strength_only,historical14
Kuramoto-fast-I17,Kuramoto-fast,17,CML-1.69,False,strength_only,historical14
Kuramoto-slow-I17,Kuramoto-slow,17,CML-1.69,False,strength_only,historical14
Gaussian-noise-I17,Gaussian-noise,17,Cauchy-noise,False,strength_only,historical14
Cauchy-noise-I17,Cauchy-noise,17,Cauchy-noise,True,strength_only,historical14
Wave-I17,Wave,17,CML-1.69,False,strength_only,historical14
VAR-legacy-0.95-0.4-I18,VAR-legacy-0.95-0.4,18,CML-1.69,False,strength_only,historical14
VAR-legacy-0.2-0.4-I18,VAR-legacy-0.2-0.4,18,CML-1.69,False,strength_only,historical14
VAR-legacy-0.2-0.8-I18,VAR-legacy-0.2-0.8,18,CML-1.69,False,strength_only,historical14
CML-1.85-I18,CML-1.85,18,CML-1.69,False,strength_only,historical14
Kuramoto-fast-I18,Kuramoto-fast,18,CML-1.69,False,strength_only,historical14
Kuramoto-slow-I18,Kuramoto-slow,18,CML-1.69,False,strength_only,historical14
Gaussian-noise-I18,Gaussian-noise,18,Cauchy-noise,False,strength_only,historical14
Cauchy-noise-I18,Cauchy-noise,18,Cauchy-noise,True,strength_only,historical14
Wave-I18,Wave,18,CML-1.69,False,strength_only,historical14
VAR-legacy-0.95-0.4-I19,VAR-legacy-0.95-0.4,19,CML-1.69,False,strength_only,historical14
VAR-legacy-0.2-0.4-I19,VAR-legacy-0.2-0.4,19,CML-1.69,False,strength_only,historical14
VAR-legacy-0.2-0.8-I19,VAR-legacy-0.2-0.8,19,CML-1.69,False,strength_only,historical14
CML-1.85-I19,CML-1.85,19,CML-1.69,False,strength_only,historical14
Kuramoto-fast-I19,Kuramoto-fast,19,CML-1.69,False,strength_only,historical14
Kuramoto-slow-I19,Kuramoto-slow,19,CML-1.69,False,strength_only,historical14
Gaussian-noise-I19,Gaussian-noise,19,Cauchy-noise,False,strength_only,historical14
Cauchy-noise-I19,Cauchy-noise,19,Cauchy-noise,True,strength_only,historical14
Wave-I19,Wave,19,CML-1.69,False,strength_only,historical14
VAR-legacy-0.95-0.4-I20,VAR-legacy-0.95-0.4,20,CML-1.69,False,strength_only,historical14
VAR-legacy-0.2-0.4-I20,VAR-legacy-0.2-0.4,20,CML-1.69,False,strength_only,historical14
VAR-legacy-0.2-0.8-I20,VAR-legacy-0.2-0.8,20,CML-1.69,False,strength_only,historical14
CML-1.85-I20,CML-1.85,20,CML-1.69,False,strength_only,historical14
Kuramoto-fast-I20,Kuramoto-fast,20,CML-2,False,strength_only,historical14
Kuramoto-slow-I20,Kuramoto-slow,20,CML-1.69,False,strength_only,historical14
Gaussian-noise-I20,Gaussian-noise,20,Cauchy-noise,False,strength_only,historical14
Cauchy-noise-I20,Cauchy-noise,20,Cauchy-noise,True,strength_only,historical14
Wave-I20,Wave,20,CML-1.69,False,strength_only,historical14
VAR-legacy-0.95-0.4-I21,VAR-legacy-0.95-0.4,21,CML-1.69,False,strength_only,historical14
VAR-legacy-0.2-0.4-I21,VAR-legacy-0.2-0.4,21,CML-1.69,False,strength_only,historical14
VAR-legacy-0.2-0.8-I21,VAR-legacy-0.2-0.8,21,CML-1.69,False,strength_only,historical14
CML-1.85-I21,CML-1.85,21,CML-1.69,False,strength_only,historical14
Kuramoto-fast-I21,Kuramoto-fast,21,CML-1.69,False,strength_only,historical14
Kuramoto-slow-I21,Kuramoto-slow,21,CML-1.69,False,strength_only,historical14
Gaussian-noise-I21,Gaussian-noise,21,Cauchy-noise,False,strength_only,historical14
Cauchy-noise-I21,Cauchy-noise,21,Cauchy-noise,True,strength_only,historical14
Wave-I21,Wave,21,CML-1.69,False,strength_only,historical14
VAR-legacy-0.95-0.4-I22,VAR-legacy-0.95-0.4,22,CML-1.69,False,strength_only,historical14
VAR-legacy-0.2-0.4-I22,VAR-legacy-0.2-0.4,22,CML-1.69,False,strength_only,historical14
VAR-legacy-0.2-0.8-I22,VAR-legacy-0.2-0.8,22,CML-1.69,False,strength_only,historical14
CML-1.85-I22,CML-1.85,22,CML-1.69,False,strength_only,historical14
Kuramoto-fast-I22,Kuramoto-fast,22,CML-2,False,strength_only,historical14
Kuramoto-slow-I22,Kuramoto-slow,22,CML-1.69,False,strength_only,historical14
Gaussian-noise-I22,Gaussian-noise,22,Cauchy-noise,False,strength_only,historical14
Cauchy-noise-I22,Cauchy-noise,22,Cauchy-noise,True,strength_only,historical14
Wave-I22,Wave,22,CML-1.69,False,strength_only,historical14
VAR-legacy-0.95-0.4-I23,VAR-legacy-0.95-0.4,23,CML-1.69,False,strength_only,historical14
VAR-legacy-0.2-0.4-I23,VAR-legacy-0.2-0.4,23,CML-1.69,False,strength_only,historical14
VAR-legacy-0.2-0.8-I23,VAR-legacy-0.2-0.8,23,CML-1.69,False,strength_only,historical14
CML-1.85-I23,CML-1.85,23,CML-1.69,False,strength_only,historical14
Kuramoto-fast-I23,Kuramoto-fast,23,CML-1.69,False,strength_only,historical14
Kuramoto-slow-I23,Kuramoto-slow,23,CML-1.69,False,strength_only,historical14
Gaussian-noise-I23,Gaussian-noise,23,Cauchy-noise,False,strength_only,historical14
Cauchy-noise-I23,Cauchy-noise,23,Cauchy-noise,True,strength_only,historical14
Wave-I23,Wave,23,CML-1.69,False,strength_only,historical14
VAR-0.2-I12,VAR-0.2,12,CML-1.69,False,strength_only,coupled14
VAR-0.7-I12,VAR-0.7,12,CML-1.69,False,strength_only,coupled14
CML-1.45-I12,CML-1.45,12,CML-1.69,False,strength_only,coupled14
CML-1.69-I12,CML-1.69,12,CML-1.69,True,strength_only,coupled14
CML-1.7522-I12,CML-1.7522,12,CML-1.895,False,strength_only,coupled14
CML-1.895-I12,CML-1.895,12,CML-1.895,True,strength_only,coupled14
CML-2-I12,CML-2,12,CML-1.895,False,strength_only,coupled14
VAR-0.2-I13,VAR-0.2,13,CML-1.69,False,strength_only,coupled14
VAR-0.7-I13,VAR-0.7,13,CML-1.69,False,strength_only,coupled14
CML-1.45-I13,CML-1.45,13,CML-1.69,False,strength_only,coupled14
CML-1.69-I13,CML-1.69,13,CML-1.69,True,strength_only,coupled14
CML-1.7522-I13,CML-1.7522,13,CML-1.895,False,strength_only,coupled14
CML-1.895-I13,CML-1.895,13,CML-1.895,True,strength_only,coupled14
CML-2-I13,CML-2,13,CML-1.895,False,strength_only,coupled14
VAR-0.2-I14,VAR-0.2,14,CML-1.69,False,strength_only,coupled14
VAR-0.7-I14,VAR-0.7,14,CML-1.69,False,strength_only,coupled14
CML-1.45-I14,CML-1.45,14,CML-1.895,False,strength_only,coupled14
CML-1.69-I14,CML-1.69,14,CML-1.895,False,strength_only,coupled14
CML-1.7522-I14,CML-1.7522,14,CML-1.895,False,strength_only,coupled14
CML-1.895-I14,CML-1.895,14,CML-1.69,False,strength_only,coupled14
CML-2-I14,CML-2,14,CML-1.895,False,strength_only,coupled14
VAR-0.2-I15,VAR-0.2,15,CML-1.69,False,strength_only,coupled14
VAR-0.7-I15,VAR-0.7,15,CML-1.69,False,strength_only,coupled14
CML-1.45-I15,CML-1.45,15,CML-1.895,False,strength_only,coupled14
CML-1.69-I15,CML-1.69,15,CML-1.69,True,strength_only,coupled14
CML-1.7522-I15,CML-1.7522,15,CML-1.69,False,strength_only,coupled14
CML-1.895-I15,CML-1.895,15,CML-1.69,False,strength_only,coupled14
CML-2-I15,CML-2,15,CML-1.895,False,strength_only,coupled14
VAR-0.2-I16,VAR-0.2,16,CML-1.69,False,strength_only,coupled14
VAR-0.7-I16,VAR-0.7,16,CML-1.69,False,strength_only,coupled14
CML-1.45-I16,CML-1.45,16,CML-1.69,False,strength_only,coupled14
CML-1.69-I16,CML-1.69,16,CML-1.69,True,strength_only,coupled14
CML-1.7522-I16,CML-1.7522,16,CML-1.69,False,strength_only,coupled14
CML-1.895-I16,CML-1.895,16,CML-1.895,True,strength_only,coupled14
CML-2-I16,CML-2,16,CML-1.895,False,strength_only,coupled14
VAR-0.2-I17,VAR-0.2,17,CML-1.69,False,strength_only,coupled14
VAR-0.7-I17,VAR-0.7,17,CML-1.69,False,strength_only,coupled14
CML-1.45-I17,CML-1.45,17,CML-1.895,False,strength_only,coupled14
CML-1.69-I17,CML-1.69,17,CML-1.69,True,strength_only,coupled14
CML-1.7522-I17,CML-1.7522,17,CML-1.895,False,strength_only,coupled14
CML-1.895-I17,CML-1.895,17,CML-1.895,True,strength_only,coupled14
CML-2-I17,CML-2,17,CML-1.895,False,strength_only,coupled14
VAR-0.2-I18,VAR-0.2,18,CML-1.69,False,strength_only,coupled14
VAR-0.7-I18,VAR-0.7,18,CML-1.69,False,strength_only,coupled14
CML-1.45-I18,CML-1.45,18,CML-1.69,False,strength_only,coupled14
CML-1.69-I18,CML-1.69,18,CML-1.69,True,strength_only,coupled14
CML-1.7522-I18,CML-1.7522,18,CML-1.895,False,strength_only,coupled14
CML-1.895-I18,CML-1.895,18,CML-1.895,True,strength_only,coupled14
CML-2-I18,CML-2,18,CML-1.895,False,strength_only,coupled14
VAR-0.2-I19,VAR-0.2,19,CML-1.69,False,strength_only,coupled14
VAR-0.7-I19,VAR-0.7,19,CML-1.69,False,strength_only,coupled14
CML-1.45-I19,CML-1.45,19,CML-1.69,False,strength_only,coupled14
CML-1.69-I19,CML-1.69,19,CML-1.895,False,strength_only,coupled14
CML-1.7522-I19,CML-1.7522,19,CML-1.69,False,strength_only,coupled14
CML-1.895-I19,CML-1.895,19,CML-1.895,True,strength_only,coupled14
CML-2-I19,CML-2,19,CML-1.895,False,strength_only,coupled14
VAR-0.2-I20,VAR-0.2,20,CML-1.69,False,strength_only,coupled14
VAR-0.7-I20,VAR-0.7,20,CML-1.69,False,strength_only,coupled14
CML-1.45-I20,CML-1.45,20,CML-1.69,False,strength_only,coupled14
CML-1.69-I20,CML-1.69,20,CML-1.69,True,strength_only,coupled14
CML-1.7522-I20,CML-1.7522,20,CML-1.895,False,strength_only,coupled14
CML-1.895-I20,CML-1.895,20,CML-1.895,True,strength_only,coupled14
CML-2-I20,CML-2,20,CML-1.895,False,strength_only,coupled14
VAR-0.2-I21,VAR-0.2,21,CML-1.69,False,strength_only,coupled14
VAR-0.7-I21,VAR-0.7,21,CML-1.69,False,strength_only,coupled14
CML-1.45-I21,CML-1.45,21,CML-1.895,False,strength_only,coupled14
CML-1.69-I21,CML-1.69,21,CML-1.69,True,strength_only,coupled14
CML-1.7522-I21,CML-1.7522,21,CML-1.895,False,strength_only,coupled14
CML-1.895-I21,CML-1.895,21,CML-1.895,True,strength_only,coupled14
CML-2-I21,CML-2,21,CML-1.895,False,strength_only,coupled14
VAR-0.2-I22,VAR-0.2,22,CML-1.69,False,strength_only,coupled14
VAR-0.7-I22,VAR-0.7,22,CML-1.69,False,strength_only,coupled14
CML-1.45-I22,CML-1.45,22,CML-1.895,False,strength_only,coupled14
CML-1.69-I22,CML-1.69,22,CML-1.69,True,strength_only,coupled14
CML-1.7522-I22,CML-1.7522,22,CML-1.895,False,strength_only,coupled14
CML-1.895-I22,CML-1.895,22,CML-1.895,True,strength_only,coupled14
CML-2-I22,CML-2,22,CML-1.69,False,strength_only,coupled14
VAR-0.2-I23,VAR-0.2,23,CML-1.69,False,strength_only,coupled14
VAR-0.7-I23,VAR-0.7,23,CML-1.69,False,strength_only,coupled14
CML-1.45-I23,CML-1.45,23,CML-1.69,False,strength_only,coupled14
CML-1.69-I23,CML-1.69,23,CML-1.895,False,strength_only,coupled14
CML-1.7522-I23,CML-1.7522,23,CML-1.69,False,strength_only,coupled14
CML-1.895-I23,CML-1.895,23,CML-1.895,True,strength_only,coupled14
CML-2-I23,CML-2,23,CML-1.69,False,strength_only,coupled14
VAR-legacy-0.95-0.4-I12,VAR-legacy-0.95-0.4,12,CML-1.69,False,strength_only,coupled14
VAR-legacy-0.2-0.4-I12,VAR-legacy-0.2-0.4,12,CML-1.69,False,strength_only,coupled14
VAR-legacy-0.2-0.8-I12,VAR-legacy-0.2-0.8,12,CML-1.69,False,strength_only,coupled14
CML-1.85-I12,CML-1.85,12,CML-1.895,False,strength_only,coupled14
Kuramoto-fast-I12,Kuramoto-fast,12,CML-1.69,False,strength_only,coupled14
Kuramoto-slow-I12,Kuramoto-slow,12,CML-1.895,False,strength_only,coupled14
Wave-I12,Wave,12,CML-1.69,False,strength_only,coupled14
VAR-legacy-0.95-0.4-I13,VAR-legacy-0.95-0.4,13,CML-1.69,False,strength_only,coupled14
VAR-legacy-0.2-0.4-I13,VAR-legacy-0.2-0.4,13,CML-1.69,False,strength_only,coupled14
VAR-legacy-0.2-0.8-I13,VAR-legacy-0.2-0.8,13,CML-1.69,False,strength_only,coupled14
CML-1.85-I13,CML-1.85,13,CML-1.895,False,strength_only,coupled14
Kuramoto-fast-I13,Kuramoto-fast,13,CML-1.69,False,strength_only,coupled14
Kuramoto-slow-I13,Kuramoto-slow,13,CML-1.895,False,strength_only,coupled14
Wave-I13,Wave,13,CML-1.69,False,strength_only,coupled14
VAR-legacy-0.95-0.4-I14,VAR-legacy-0.95-0.4,14,CML-1.69,False,strength_only,coupled14
VAR-legacy-0.2-0.4-I14,VAR-legacy-0.2-0.4,14,CML-1.69,False,strength_only,coupled14
VAR-legacy-0.2-0.8-I14,VAR-legacy-0.2-0.8,14,CML-1.69,False,strength_only,coupled14
CML-1.85-I14,CML-1.85,14,CML-1.69,False,strength_only,coupled14
Kuramoto-fast-I14,Kuramoto-fast,14,CML-1.69,False,strength_only,coupled14
Kuramoto-slow-I14,Kuramoto-slow,14,CML-1.895,False,strength_only,coupled14
Wave-I14,Wave,14,CML-1.69,False,strength_only,coupled14
VAR-legacy-0.95-0.4-I15,VAR-legacy-0.95-0.4,15,CML-1.69,False,strength_only,coupled14
VAR-legacy-0.2-0.4-I15,VAR-legacy-0.2-0.4,15,CML-1.69,False,strength_only,coupled14
VAR-legacy-0.2-0.8-I15,VAR-legacy-0.2-0.8,15,CML-1.69,False,strength_only,coupled14
CML-1.85-I15,CML-1.85,15,CML-1.69,False,strength_only,coupled14
Kuramoto-fast-I15,Kuramoto-fast,15,CML-1.69,False,strength_only,coupled14
Kuramoto-slow-I15,Kuramoto-slow,15,CML-1.895,False,strength_only,coupled14
Wave-I15,Wave,15,CML-1.69,False,strength_only,coupled14
VAR-legacy-0.95-0.4-I16,VAR-legacy-0.95-0.4,16,CML-1.69,False,strength_only,coupled14
VAR-legacy-0.2-0.4-I16,VAR-legacy-0.2-0.4,16,CML-1.69,False,strength_only,coupled14
VAR-legacy-0.2-0.8-I16,VAR-legacy-0.2-0.8,16,CML-1.69,False,strength_only,coupled14
CML-1.85-I16,CML-1.85,16,CML-1.69,False,strength_only,coupled14
Kuramoto-fast-I16,Kuramoto-fast,16,CML-1.69,False,strength_only,coupled14
Kuramoto-slow-I16,Kuramoto-slow,16,CML-1.69,False,strength_only,coupled14
Wave-I16,Wave,16,CML-1.69,False,strength_only,coupled14
VAR-legacy-0.95-0.4-I17,VAR-legacy-0.95-0.4,17,CML-1.69,False,strength_only,coupled14
VAR-legacy-0.2-0.4-I17,VAR-legacy-0.2-0.4,17,CML-1.69,False,strength_only,coupled14
VAR-legacy-0.2-0.8-I17,VAR-legacy-0.2-0.8,17,CML-1.69,False,strength_only,coupled14
CML-1.85-I17,CML-1.85,17,CML-1.895,False,strength_only,coupled14
Kuramoto-fast-I17,Kuramoto-fast,17,CML-1.69,False,strength_only,coupled14
Kuramoto-slow-I17,Kuramoto-slow,17,CML-1.69,False,strength_only,coupled14
Wave-I17,Wave,17,CML-1.69,False,strength_only,coupled14
VAR-legacy-0.95-0.4-I18,VAR-legacy-0.95-0.4,18,CML-1.69,False,strength_only,coupled14
VAR-legacy-0.2-0.4-I18,VAR-legacy-0.2-0.4,18,CML-1.69,False,strength_only,coupled14
VAR-legacy-0.2-0.8-I18,VAR-legacy-0.2-0.8,18,CML-1.69,False,strength_only,coupled14
CML-1.85-I18,CML-1.85,18,CML-1.69,False,strength_only,coupled14
Kuramoto-fast-I18,Kuramoto-fast,18,CML-1.69,False,strength_only,coupled14
Kuramoto-slow-I18,Kuramoto-slow,18,CML-1.69,False,strength_only,coupled14
Wave-I18,Wave,18,CML-1.69,False,strength_only,coupled14
VAR-legacy-0.95-0.4-I19,VAR-legacy-0.95-0.4,19,CML-1.69,False,strength_only,coupled14
VAR-legacy-0.2-0.4-I19,VAR-legacy-0.2-0.4,19,CML-1.69,False,strength_only,coupled14
VAR-legacy-0.2-0.8-I19,VAR-legacy-0.2-0.8,19,CML-1.69,False,strength_only,coupled14
CML-1.85-I19,CML-1.85,19,CML-1.895,False,strength_only,coupled14
Kuramoto-fast-I19,Kuramoto-fast,19,CML-1.69,False,strength_only,coupled14
Kuramoto-slow-I19,Kuramoto-slow,19,CML-1.895,False,strength_only,coupled14
Wave-I19,Wave,19,CML-1.69,False,strength_only,coupled14
VAR-legacy-0.95-0.4-I20,VAR-legacy-0.95-0.4,20,CML-1.69,False,strength_only,coupled14
VAR-legacy-0.2-0.4-I20,VAR-legacy-0.2-0.4,20,CML-1.69,False,strength_only,coupled14
VAR-legacy-0.2-0.8-I20,VAR-legacy-0.2-0.8,20,CML-1.69,False,strength_only,coupled14
CML-1.85-I20,CML-1.85,20,CML-1.69,False,strength_only,coupled14
Kuramoto-fast-I20,Kuramoto-fast,20,CML-1.895,False,strength_only,coupled14
Kuramoto-slow-I20,Kuramoto-slow,20,CML-1.69,False,strength_only,coupled14
Wave-I20,Wave,20,CML-1.69,False,strength_only,coupled14
VAR-legacy-0.95-0.4-I21,VAR-legacy-0.95-0.4,21,CML-1.69,False,strength_only,coupled14
VAR-legacy-0.2-0.4-I21,VAR-legacy-0.2-0.4,21,CML-1.69,False,strength_only,coupled14
VAR-legacy-0.2-0.8-I21,VAR-legacy-0.2-0.8,21,CML-1.69,False,strength_only,coupled14
CML-1.85-I21,CML-1.85,21,CML-1.69,False,strength_only,coupled14
Kuramoto-fast-I21,Kuramoto-fast,21,CML-1.69,False,strength_only,coupled14
Kuramoto-slow-I21,Kuramoto-slow,21,CML-1.69,False,strength_only,coupled14
Wave-I21,Wave,21,CML-1.69,False,strength_only,coupled14
VAR-legacy-0.95-0.4-I22,VAR-legacy-0.95-0.4,22,CML-1.69,False,strength_only,coupled14
VAR-legacy-0.2-0.4-I22,VAR-legacy-0.2-0.4,22,CML-1.69,False,strength_only,coupled14
VAR-legacy-0.2-0.8-I22,VAR-legacy-0.2-0.8,22,CML-1.69,False,strength_only,coupled14
CML-1.85-I22,CML-1.85,22,CML-1.69,False,strength_only,coupled14
Kuramoto-fast-I22,Kuramoto-fast,22,CML-1.895,False,strength_only,coupled14
Kuramoto-slow-I22,Kuramoto-slow,22,CML-1.69,False,strength_only,coupled14
Wave-I22,Wave,22,CML-1.69,False,strength_only,coupled14
VAR-legacy-0.95-0.4-I23,VAR-legacy-0.95-0.4,23,CML-1.69,False,strength_only,coupled14
VAR-legacy-0.2-0.4-I23,VAR-legacy-0.2-0.4,23,CML-1.69,False,strength_only,coupled14
VAR-legacy-0.2-0.8-I23,VAR-legacy-0.2-0.8,23,CML-1.69,False,strength_only,coupled14
CML-1.85-I23,CML-1.85,23,CML-1.69,False,strength_only,coupled14
Kuramoto-fast-I23,Kuramoto-fast,23,CML-1.69,False,strength_only,coupled14
Kuramoto-slow-I23,Kuramoto-slow,23,CML-1.895,False,strength_only,coupled14
Wave-I23,Wave,23,CML-1.69,False,strength_only,coupled14
VAR-0.2-I12,VAR-0.2,12,VAR-0.2,True,mean_without_PCA,all16
VAR-0.7-I12,VAR-0.7,12,VAR-0.7,True,mean_without_PCA,all16
CML-1.45-I12,CML-1.45,12,CML-1.45,True,mean_without_PCA,all16
CML-1.69-I12,CML-1.69,12,CML-1.69,True,mean_without_PCA,all16
CML-1.7522-I12,CML-1.7522,12,CML-1.7522,True,mean_without_PCA,all16
CML-1.895-I12,CML-1.895,12,CML-1.895,True,mean_without_PCA,all16
CML-2-I12,CML-2,12,CML-2,True,mean_without_PCA,all16
VAR-0.2-I13,VAR-0.2,13,VAR-0.2,True,mean_without_PCA,all16
VAR-0.7-I13,VAR-0.7,13,VAR-0.7,True,mean_without_PCA,all16
CML-1.45-I13,CML-1.45,13,CML-1.45,True,mean_without_PCA,all16
CML-1.69-I13,CML-1.69,13,CML-1.69,True,mean_without_PCA,all16
CML-1.7522-I13,CML-1.7522,13,CML-1.7522,True,mean_without_PCA,all16
CML-1.895-I13,CML-1.895,13,CML-1.895,True,mean_without_PCA,all16
CML-2-I13,CML-2,13,CML-2,True,mean_without_PCA,all16
VAR-0.2-I14,VAR-0.2,14,VAR-0.2,True,mean_without_PCA,all16
VAR-0.7-I14,VAR-0.7,14,VAR-0.7,True,mean_without_PCA,all16
CML-1.45-I14,CML-1.45,14,CML-1.45,True,mean_without_PCA,all16
CML-1.69-I14,CML-1.69,14,CML-1.69,True,mean_without_PCA,all16
CML-1.7522-I14,CML-1.7522,14,CML-1.7522,True,mean_without_PCA,all16
CML-1.895-I14,CML-1.895,14,CML-1.895,True,mean_without_PCA,all16
CML-2-I14,CML-2,14,CML-2,True,mean_without_PCA,all16
VAR-0.2-I15,VAR-0.2,15,VAR-legacy-0.2-0.4,False,mean_without_PCA,all16
VAR-0.7-I15,VAR-0.7,15,VAR-0.7,True,mean_without_PCA,all16
CML-1.45-I15,CML-1.45,15,CML-1.45,True,mean_without_PCA,all16
CML-1.69-I15,CML-1.69,15,CML-1.69,True,mean_without_PCA,all16
CML-1.7522-I15,CML-1.7522,15,CML-1.7522,True,mean_without_PCA,all16
CML-1.895-I15,CML-1.895,15,CML-1.895,True,mean_without_PCA,all16
CML-2-I15,CML-2,15,CML-2,True,mean_without_PCA,all16
VAR-0.2-I16,VAR-0.2,16,VAR-0.2,True,mean_without_PCA,all16
VAR-0.7-I16,VAR-0.7,16,VAR-0.7,True,mean_without_PCA,all16
CML-1.45-I16,CML-1.45,16,CML-1.45,True,mean_without_PCA,all16
CML-1.69-I16,CML-1.69,16,CML-1.69,True,mean_without_PCA,all16
CML-1.7522-I16,CML-1.7522,16,CML-1.7522,True,mean_without_PCA,all16
CML-1.895-I16,CML-1.895,16,CML-1.895,True,mean_without_PCA,all16
CML-2-I16,CML-2,16,CML-2,True,mean_without_PCA,all16
VAR-0.2-I17,VAR-0.2,17,VAR-0.2,True,mean_without_PCA,all16
VAR-0.7-I17,VAR-0.7,17,VAR-0.7,True,mean_without_PCA,all16
CML-1.45-I17,CML-1.45,17,CML-1.45,True,mean_without_PCA,all16
CML-1.69-I17,CML-1.69,17,CML-1.45,False,mean_without_PCA,all16
CML-1.7522-I17,CML-1.7522,17,CML-1.7522,True,mean_without_PCA,all16
CML-1.895-I17,CML-1.895,17,CML-1.895,True,mean_without_PCA,all16
CML-2-I17,CML-2,17,CML-2,True,mean_without_PCA,all16
VAR-0.2-I18,VAR-0.2,18,VAR-legacy-0.2-0.4,False,mean_without_PCA,all16
VAR-0.7-I18,VAR-0.7,18,VAR-0.7,True,mean_without_PCA,all16
CML-1.45-I18,CML-1.45,18,CML-1.45,True,mean_without_PCA,all16
CML-1.69-I18,CML-1.69,18,CML-1.69,True,mean_without_PCA,all16
CML-1.7522-I18,CML-1.7522,18,CML-1.45,False,mean_without_PCA,all16
CML-1.895-I18,CML-1.895,18,CML-1.895,True,mean_without_PCA,all16
CML-2-I18,CML-2,18,CML-2,True,mean_without_PCA,all16
VAR-0.2-I19,VAR-0.2,19,VAR-legacy-0.2-0.4,False,mean_without_PCA,all16
VAR-0.7-I19,VAR-0.7,19,VAR-0.7,True,mean_without_PCA,all16
CML-1.45-I19,CML-1.45,19,CML-1.45,True,mean_without_PCA,all16
CML-1.69-I19,CML-1.69,19,CML-1.69,True,mean_without_PCA,all16
CML-1.7522-I19,CML-1.7522,19,CML-1.7522,True,mean_without_PCA,all16
CML-1.895-I19,CML-1.895,19,CML-1.895,True,mean_without_PCA,all16
CML-2-I19,CML-2,19,CML-2,True,mean_without_PCA,all16
VAR-0.2-I20,VAR-0.2,20,VAR-0.2,True,mean_without_PCA,all16
VAR-0.7-I20,VAR-0.7,20,VAR-0.7,True,mean_without_PCA,all16
CML-1.45-I20,CML-1.45,20,CML-1.45,True,mean_without_PCA,all16
CML-1.69-I20,CML-1.69,20,CML-1.69,True,mean_without_PCA,all16
CML-1.7522-I20,CML-1.7522,20,CML-1.7522,True,mean_without_PCA,all16
CML-1.895-I20,CML-1.895,20,CML-1.895,True,mean_without_PCA,all16
CML-2-I20,CML-2,20,CML-2,True,mean_without_PCA,all16
VAR-0.2-I21,VAR-0.2,21,VAR-0.2,True,mean_without_PCA,all16
VAR-0.7-I21,VAR-0.7,21,VAR-0.7,True,mean_without_PCA,all16
CML-1.45-I21,CML-1.45,21,CML-1.45,True,mean_without_PCA,all16
CML-1.69-I21,CML-1.69,21,CML-1.69,True,mean_without_PCA,all16
CML-1.7522-I21,CML-1.7522,21,CML-1.7522,True,mean_without_PCA,all16
CML-1.895-I21,CML-1.895,21,CML-1.895,True,mean_without_PCA,all16
CML-2-I21,CML-2,21,CML-2,True,mean_without_PCA,all16
VAR-0.2-I22,VAR-0.2,22,VAR-0.2,True,mean_without_PCA,all16
VAR-0.7-I22,VAR-0.7,22,VAR-0.7,True,mean_without_PCA,all16
CML-1.45-I22,CML-1.45,22,CML-1.45,True,mean_without_PCA,all16
CML-1.69-I22,CML-1.69,22,CML-1.69,True,mean_without_PCA,all16
CML-1.7522-I22,CML-1.7522,22,CML-1.7522,True,mean_without_PCA,all16
CML-1.895-I22,CML-1.895,22,CML-1.895,True,mean_without_PCA,all16
CML-2-I22,CML-2,22,CML-2,True,mean_without_PCA,all16
VAR-0.2-I23,VAR-0.2,23,VAR-0.2,True,mean_without_PCA,all16
VAR-0.7-I23,VAR-0.7,23,VAR-0.7,True,mean_without_PCA,all16
CML-1.45-I23,CML-1.45,23,CML-1.45,True,mean_without_PCA,all16
CML-1.69-I23,CML-1.69,23,CML-1.69,True,mean_without_PCA,all16
CML-1.7522-I23,CML-1.7522,23,CML-1.85,False,mean_without_PCA,all16
CML-1.895-I23,CML-1.895,23,CML-1.895,True,mean_without_PCA,all16
CML-2-I23,CML-2,23,CML-2,True,mean_without_PCA,all16
VAR-legacy-0.95-0.4-I12,VAR-legacy-0.95-0.4,12,VAR-legacy-0.95-0.4,True,mean_without_PCA,all16
VAR-legacy-0.2-0.4-I12,VAR-legacy-0.2-0.4,12,VAR-0.2,False,mean_without_PCA,all16
VAR-legacy-0.2-0.8-I12,VAR-legacy-0.2-0.8,12,VAR-legacy-0.2-0.4,False,mean_without_PCA,all16
CML-1.85-I12,CML-1.85,12,CML-1.85,True,mean_without_PCA,all16
Kuramoto-fast-I12,Kuramoto-fast,12,Kuramoto-fast,True,mean_without_PCA,all16
Kuramoto-slow-I12,Kuramoto-slow,12,Kuramoto-slow,True,mean_without_PCA,all16
Gaussian-noise-I12,Gaussian-noise,12,Gaussian-noise,True,mean_without_PCA,all16
Cauchy-noise-I12,Cauchy-noise,12,Cauchy-noise,True,mean_without_PCA,all16
Wave-I12,Wave,12,Wave,True,mean_without_PCA,all16
VAR-legacy-0.95-0.4-I13,VAR-legacy-0.95-0.4,13,VAR-legacy-0.95-0.4,True,mean_without_PCA,all16
VAR-legacy-0.2-0.4-I13,VAR-legacy-0.2-0.4,13,VAR-0.2,False,mean_without_PCA,all16
VAR-legacy-0.2-0.8-I13,VAR-legacy-0.2-0.8,13,VAR-legacy-0.2-0.4,False,mean_without_PCA,all16
CML-1.85-I13,CML-1.85,13,CML-1.85,True,mean_without_PCA,all16
Kuramoto-fast-I13,Kuramoto-fast,13,Kuramoto-fast,True,mean_without_PCA,all16
Kuramoto-slow-I13,Kuramoto-slow,13,Kuramoto-slow,True,mean_without_PCA,all16
Gaussian-noise-I13,Gaussian-noise,13,Gaussian-noise,True,mean_without_PCA,all16
Cauchy-noise-I13,Cauchy-noise,13,Cauchy-noise,True,mean_without_PCA,all16
Wave-I13,Wave,13,Wave,True,mean_without_PCA,all16
VAR-legacy-0.95-0.4-I14,VAR-legacy-0.95-0.4,14,VAR-legacy-0.95-0.4,True,mean_without_PCA,all16
VAR-legacy-0.2-0.4-I14,VAR-legacy-0.2-0.4,14,VAR-0.2,False,mean_without_PCA,all16
VAR-legacy-0.2-0.8-I14,VAR-legacy-0.2-0.8,14,VAR-legacy-0.2-0.8,True,mean_without_PCA,all16
CML-1.85-I14,CML-1.85,14,CML-1.85,True,mean_without_PCA,all16
Kuramoto-fast-I14,Kuramoto-fast,14,Kuramoto-fast,True,mean_without_PCA,all16
Kuramoto-slow-I14,Kuramoto-slow,14,Kuramoto-slow,True,mean_without_PCA,all16
Gaussian-noise-I14,Gaussian-noise,14,Gaussian-noise,True,mean_without_PCA,all16
Cauchy-noise-I14,Cauchy-noise,14,Cauchy-noise,True,mean_without_PCA,all16
Wave-I14,Wave,14,Wave,True,mean_without_PCA,all16
VAR-legacy-0.95-0.4-I15,VAR-legacy-0.95-0.4,15,VAR-legacy-0.95-0.4,True,mean_without_PCA,all16
VAR-legacy-0.2-0.4-I15,VAR-legacy-0.2-0.4,15,VAR-legacy-0.2-0.4,True,mean_without_PCA,all16
VAR-legacy-0.2-0.8-I15,VAR-legacy-0.2-0.8,15,VAR-legacy-0.2-0.8,True,mean_without_PCA,all16
CML-1.85-I15,CML-1.85,15,CML-1.85,True,mean_without_PCA,all16
Kuramoto-fast-I15,Kuramoto-fast,15,Kuramoto-fast,True,mean_without_PCA,all16
Kuramoto-slow-I15,Kuramoto-slow,15,Kuramoto-slow,True,mean_without_PCA,all16
Gaussian-noise-I15,Gaussian-noise,15,Gaussian-noise,True,mean_without_PCA,all16
Cauchy-noise-I15,Cauchy-noise,15,Cauchy-noise,True,mean_without_PCA,all16
Wave-I15,Wave,15,Wave,True,mean_without_PCA,all16
VAR-legacy-0.95-0.4-I16,VAR-legacy-0.95-0.4,16,VAR-legacy-0.95-0.4,True,mean_without_PCA,all16
VAR-legacy-0.2-0.4-I16,VAR-legacy-0.2-0.4,16,VAR-0.2,False,mean_without_PCA,all16
VAR-legacy-0.2-0.8-I16,VAR-legacy-0.2-0.8,16,VAR-legacy-0.2-0.8,True,mean_without_PCA,all16
CML-1.85-I16,CML-1.85,16,CML-1.85,True,mean_without_PCA,all16
Kuramoto-fast-I16,Kuramoto-fast,16,Kuramoto-fast,True,mean_without_PCA,all16
Kuramoto-slow-I16,Kuramoto-slow,16,Kuramoto-slow,True,mean_without_PCA,all16
Gaussian-noise-I16,Gaussian-noise,16,Gaussian-noise,True,mean_without_PCA,all16
Cauchy-noise-I16,Cauchy-noise,16,Cauchy-noise,True,mean_without_PCA,all16
Wave-I16,Wave,16,Wave,True,mean_without_PCA,all16
VAR-legacy-0.95-0.4-I17,VAR-legacy-0.95-0.4,17,VAR-legacy-0.95-0.4,True,mean_without_PCA,all16
VAR-legacy-0.2-0.4-I17,VAR-legacy-0.2-0.4,17,VAR-0.2,False,mean_without_PCA,all16
VAR-legacy-0.2-0.8-I17,VAR-legacy-0.2-0.8,17,VAR-legacy-0.2-0.8,True,mean_without_PCA,all16
CML-1.85-I17,CML-1.85,17,CML-1.85,True,mean_without_PCA,all16
Kuramoto-fast-I17,Kuramoto-fast,17,Kuramoto-fast,True,mean_without_PCA,all16
Kuramoto-slow-I17,Kuramoto-slow,17,Kuramoto-slow,True,mean_without_PCA,all16
Gaussian-noise-I17,Gaussian-noise,17,Gaussian-noise,True,mean_without_PCA,all16
Cauchy-noise-I17,Cauchy-noise,17,Cauchy-noise,True,mean_without_PCA,all16
Wave-I17,Wave,17,Wave,True,mean_without_PCA,all16
VAR-legacy-0.95-0.4-I18,VAR-legacy-0.95-0.4,18,VAR-legacy-0.95-0.4,True,mean_without_PCA,all16
VAR-legacy-0.2-0.4-I18,VAR-legacy-0.2-0.4,18,VAR-legacy-0.2-0.4,True,mean_without_PCA,all16
VAR-legacy-0.2-0.8-I18,VAR-legacy-0.2-0.8,18,VAR-legacy-0.2-0.8,True,mean_without_PCA,all16
CML-1.85-I18,CML-1.85,18,CML-1.85,True,mean_without_PCA,all16
Kuramoto-fast-I18,Kuramoto-fast,18,Kuramoto-fast,True,mean_without_PCA,all16
Kuramoto-slow-I18,Kuramoto-slow,18,Kuramoto-slow,True,mean_without_PCA,all16
Gaussian-noise-I18,Gaussian-noise,18,Gaussian-noise,True,mean_without_PCA,all16
Cauchy-noise-I18,Cauchy-noise,18,Cauchy-noise,True,mean_without_PCA,all16
Wave-I18,Wave,18,Wave,True,mean_without_PCA,all16
VAR-legacy-0.95-0.4-I19,VAR-legacy-0.95-0.4,19,VAR-legacy-0.95-0.4,True,mean_without_PCA,all16
VAR-legacy-0.2-0.4-I19,VAR-legacy-0.2-0.4,19,VAR-legacy-0.2-0.4,True,mean_without_PCA,all16
VAR-legacy-0.2-0.8-I19,VAR-legacy-0.2-0.8,19,VAR-legacy-0.2-0.8,True,mean_without_PCA,all16
CML-1.85-I19,CML-1.85,19,CML-1.85,True,mean_without_PCA,all16
Kuramoto-fast-I19,Kuramoto-fast,19,Kuramoto-fast,True,mean_without_PCA,all16
Kuramoto-slow-I19,Kuramoto-slow,19,Kuramoto-slow,True,mean_without_PCA,all16
Gaussian-noise-I19,Gaussian-noise,19,Gaussian-noise,True,mean_without_PCA,all16
Cauchy-noise-I19,Cauchy-noise,19,Cauchy-noise,True,mean_without_PCA,all16
Wave-I19,Wave,19,Wave,True,mean_without_PCA,all16
VAR-legacy-0.95-0.4-I20,VAR-legacy-0.95-0.4,20,VAR-legacy-0.95-0.4,True,mean_without_PCA,all16
VAR-legacy-0.2-0.4-I20,VAR-legacy-0.2-0.4,20,VAR-0.2,False,mean_without_PCA,all16
VAR-legacy-0.2-0.8-I20,VAR-legacy-0.2-0.8,20,VAR-legacy-0.2-0.8,True,mean_without_PCA,all16
CML-1.85-I20,CML-1.85,20,CML-1.85,True,mean_without_PCA,all16
Kuramoto-fast-I20,Kuramoto-fast,20,Kuramoto-fast,True,mean_without_PCA,all16
Kuramoto-slow-I20,Kuramoto-slow,20,Kuramoto-slow,True,mean_without_PCA,all16
Gaussian-noise-I20,Gaussian-noise,20,Gaussian-noise,True,mean_without_PCA,all16
Cauchy-noise-I20,Cauchy-noise,20,Cauchy-noise,True,mean_without_PCA,all16
Wave-I20,Wave,20,Wave,True,mean_without_PCA,all16
VAR-legacy-0.95-0.4-I21,VAR-legacy-0.95-0.4,21,VAR-legacy-0.95-0.4,True,mean_without_PCA,all16
VAR-legacy-0.2-0.4-I21,VAR-legacy-0.2-0.4,21,VAR-0.2,False,mean_without_PCA,all16
VAR-legacy-0.2-0.8-I21,VAR-legacy-0.2-0.8,21,VAR-legacy-0.2-0.8,True,mean_without_PCA,all16
CML-1.85-I21,CML-1.85,21,CML-1.895,False,mean_without_PCA,all16
Kuramoto-fast-I21,Kuramoto-fast,21,Kuramoto-fast,True,mean_without_PCA,all16
Kuramoto-slow-I21,Kuramoto-slow,21,Kuramoto-slow,True,mean_without_PCA,all16
Gaussian-noise-I21,Gaussian-noise,21,Gaussian-noise,True,mean_without_PCA,all16
Cauchy-noise-I21,Cauchy-noise,21,Cauchy-noise,True,mean_without_PCA,all16
Wave-I21,Wave,21,Wave,True,mean_without_PCA,all16
VAR-legacy-0.95-0.4-I22,VAR-legacy-0.95-0.4,22,VAR-legacy-0.95-0.4,True,mean_without_PCA,all16
VAR-legacy-0.2-0.4-I22,VAR-legacy-0.2-0.4,22,VAR-0.2,False,mean_without_PCA,all16
VAR-legacy-0.2-0.8-I22,VAR-legacy-0.2-0.8,22,VAR-legacy-0.2-0.8,True,mean_without_PCA,all16
CML-1.85-I22,CML-1.85,22,CML-1.85,True,mean_without_PCA,all16
Kuramoto-fast-I22,Kuramoto-fast,22,Kuramoto-fast,True,mean_without_PCA,all16
Kuramoto-slow-I22,Kuramoto-slow,22,Kuramoto-slow,True,mean_without_PCA,all16
Gaussian-noise-I22,Gaussian-noise,22,Gaussian-noise,True,mean_without_PCA,all16
Cauchy-noise-I22,Cauchy-noise,22,Cauchy-noise,True,mean_without_PCA,all16
Wave-I22,Wave,22,Wave,True,mean_without_PCA,all16
VAR-legacy-0.95-0.4-I23,VAR-legacy-0.95-0.4,23,VAR-legacy-0.95-0.4,True,mean_without_PCA,all16
VAR-legacy-0.2-0.4-I23,VAR-legacy-0.2-0.4,23,VAR-0.2,False,mean_without_PCA,all16
VAR-legacy-0.2-0.8-I23,VAR-legacy-0.2-0.8,23,VAR-legacy-0.2-0.8,True,mean_without_PCA,all16
CML-1.85-I23,CML-1.85,23,CML-1.85,True,mean_without_PCA,all16
Kuramoto-fast-I23,Kuramoto-fast,23,Kuramoto-fast,True,mean_without_PCA,all16
Kuramoto-slow-I23,Kuramoto-slow,23,Kuramoto-slow,True,mean_without_PCA,all16
Gaussian-noise-I23,Gaussian-noise,23,Gaussian-noise,True,mean_without_PCA,all16
Cauchy-noise-I23,Cauchy-noise,23,Cauchy-noise,True,mean_without_PCA,all16
Wave-I23,Wave,23,Wave,True,mean_without_PCA,all16
CML-1.45-I12,CML-1.45,12,CML-1.45,True,mean_without_PCA,CML6
CML-1.69-I12,CML-1.69,12,CML-1.69,True,mean_without_PCA,CML6
CML-1.7522-I12,CML-1.7522,12,CML-1.7522,True,mean_without_PCA,CML6
CML-1.895-I12,CML-1.895,12,CML-1.895,True,mean_without_PCA,CML6
CML-2-I12,CML-2,12,CML-2,True,mean_without_PCA,CML6
CML-1.45-I13,CML-1.45,13,CML-1.45,True,mean_without_PCA,CML6
CML-1.69-I13,CML-1.69,13,CML-1.69,True,mean_without_PCA,CML6
CML-1.7522-I13,CML-1.7522,13,CML-1.7522,True,mean_without_PCA,CML6
CML-1.895-I13,CML-1.895,13,CML-1.895,True,mean_without_PCA,CML6
CML-2-I13,CML-2,13,CML-2,True,mean_without_PCA,CML6
CML-1.45-I14,CML-1.45,14,CML-1.45,True,mean_without_PCA,CML6
CML-1.69-I14,CML-1.69,14,CML-1.69,True,mean_without_PCA,CML6
CML-1.7522-I14,CML-1.7522,14,CML-1.7522,True,mean_without_PCA,CML6
CML-1.895-I14,CML-1.895,14,CML-1.895,True,mean_without_PCA,CML6
CML-2-I14,CML-2,14,CML-2,True,mean_without_PCA,CML6
CML-1.45-I15,CML-1.45,15,CML-1.45,True,mean_without_PCA,CML6
CML-1.69-I15,CML-1.69,15,CML-1.69,True,mean_without_PCA,CML6
CML-1.7522-I15,CML-1.7522,15,CML-1.7522,True,mean_without_PCA,CML6
CML-1.895-I15,CML-1.895,15,CML-1.895,True,mean_without_PCA,CML6
CML-2-I15,CML-2,15,CML-2,True,mean_without_PCA,CML6
CML-1.45-I16,CML-1.45,16,CML-1.45,True,mean_without_PCA,CML6
CML-1.69-I16,CML-1.69,16,CML-1.69,True,mean_without_PCA,CML6
CML-1.7522-I16,CML-1.7522,16,CML-1.7522,True,mean_without_PCA,CML6
CML-1.895-I16,CML-1.895,16,CML-1.895,True,mean_without_PCA,CML6
CML-2-I16,CML-2,16,CML-2,True,mean_without_PCA,CML6
CML-1.45-I17,CML-1.45,17,CML-1.45,True,mean_without_PCA,CML6
CML-1.69-I17,CML-1.69,17,CML-1.45,False,mean_without_PCA,CML6
CML-1.7522-I17,CML-1.7522,17,CML-1.7522,True,mean_without_PCA,CML6
CML-1.895-I17,CML-1.895,17,CML-1.895,True,mean_without_PCA,CML6
CML-2-I17,CML-2,17,CML-2,True,mean_without_PCA,CML6
CML-1.45-I18,CML-1.45,18,CML-1.45,True,mean_without_PCA,CML6
CML-1.69-I18,CML-1.69,18,CML-1.69,True,mean_without_PCA,CML6
CML-1.7522-I18,CML-1.7522,18,CML-1.45,False,mean_without_PCA,CML6
CML-1.895-I18,CML-1.895,18,CML-1.895,True,mean_without_PCA,CML6
CML-2-I18,CML-2,18,CML-2,True,mean_without_PCA,CML6
CML-1.45-I19,CML-1.45,19,CML-1.45,True,mean_without_PCA,CML6
CML-1.69-I19,CML-1.69,19,CML-1.69,True,mean_without_PCA,CML6
CML-1.7522-I19,CML-1.7522,19,CML-1.7522,True,mean_without_PCA,CML6
CML-1.895-I19,CML-1.895,19,CML-1.895,True,mean_without_PCA,CML6
CML-2-I19,CML-2,19,CML-2,True,mean_without_PCA,CML6
CML-1.45-I20,CML-1.45,20,CML-1.45,True,mean_without_PCA,CML6
CML-1.69-I20,CML-1.69,20,CML-1.69,True,mean_without_PCA,CML6
CML-1.7522-I20,CML-1.7522,20,CML-1.7522,True,mean_without_PCA,CML6
CML-1.895-I20,CML-1.895,20,CML-1.895,True,mean_without_PCA,CML6
CML-2-I20,CML-2,20,CML-2,True,mean_without_PCA,CML6
CML-1.45-I21,CML-1.45,21,CML-1.45,True,mean_without_PCA,CML6
CML-1.69-I21,CML-1.69,21,CML-1.69,True,mean_without_PCA,CML6
CML-1.7522-I21,CML-1.7522,21,CML-1.7522,True,mean_without_PCA,CML6
CML-1.895-I21,CML-1.895,21,CML-1.895,True,mean_without_PCA,CML6
CML-2-I21,CML-2,21,CML-2,True,mean_without_PCA,CML6
CML-1.45-I22,CML-1.45,22,CML-1.45,True,mean_without_PCA,CML6
CML-1.69-I22,CML-1.69,22,CML-1.69,True,mean_without_PCA,CML6
CML-1.7522-I22,CML-1.7522,22,CML-1.7522,True,mean_without_PCA,CML6
CML-1.895-I22,CML-1.895,22,CML-1.895,True,mean_without_PCA,CML6
CML-2-I22,CML-2,22,CML-2,True,mean_without_PCA,CML6
CML-1.45-I23,CML-1.45,23,CML-1.45,True,mean_without_PCA,CML6
CML-1.69-I23,CML-1.69,23,CML-1.69,True,mean_without_PCA,CML6
CML-1.7522-I23,CML-1.7522,23,CML-1.85,False,mean_without_PCA,CML6
CML-1.895-I23,CML-1.895,23,CML-1.895,True,mean_without_PCA,CML6
CML-2-I23,CML-2,23,CML-2,True,mean_without_PCA,CML6
CML-1.85-I12,CML-1.85,12,CML-1.85,True,mean_without_PCA,CML6
CML-1.85-I13,CML-1.85,13,CML-1.85,True,mean_without_PCA,CML6
CML-1.85-I14,CML-1.85,14,CML-1.85,True,mean_without_PCA,CML6
CML-1.85-I15,CML-1.85,15,CML-1.85,True,mean_without_PCA,CML6
CML-1.85-I16,CML-1.85,16,CML-1.85,True,mean_without_PCA,CML6
CML-1.85-I17,CML-1.85,17,CML-1.85,True,mean_without_PCA,CML6
CML-1.85-I18,CML-1.85,18,CML-1.85,True,mean_without_PCA,CML6
CML-1.85-I19,CML-1.85,19,CML-1.85,True,mean_without_PCA,CML6
CML-1.85-I20,CML-1.85,20,CML-1.85,True,mean_without_PCA,CML6
CML-1.85-I21,CML-1.85,21,CML-1.85,True,mean_without_PCA,CML6
CML-1.85-I22,CML-1.85,22,CML-1.85,True,mean_without_PCA,CML6
CML-1.85-I23,CML-1.85,23,CML-1.85,True,mean_without_PCA,CML6
CML-1.45-I12,CML-1.45,12,CML-1.45,True,mean_without_PCA,historical14
CML-1.69-I12,CML-1.69,12,CML-1.69,True,mean_without_PCA,historical14
CML-1.7522-I12,CML-1.7522,12,CML-1.7522,True,mean_without_PCA,historical14
CML-1.895-I12,CML-1.895,12,CML-1.895,True,mean_without_PCA,historical14
CML-2-I12,CML-2,12,CML-2,True,mean_without_PCA,historical14
CML-1.45-I13,CML-1.45,13,CML-1.45,True,mean_without_PCA,historical14
CML-1.69-I13,CML-1.69,13,CML-1.69,True,mean_without_PCA,historical14
CML-1.7522-I13,CML-1.7522,13,CML-1.7522,True,mean_without_PCA,historical14
CML-1.895-I13,CML-1.895,13,CML-1.895,True,mean_without_PCA,historical14
CML-2-I13,CML-2,13,CML-2,True,mean_without_PCA,historical14
CML-1.45-I14,CML-1.45,14,CML-1.45,True,mean_without_PCA,historical14
CML-1.69-I14,CML-1.69,14,CML-1.69,True,mean_without_PCA,historical14
CML-1.7522-I14,CML-1.7522,14,CML-1.7522,True,mean_without_PCA,historical14
CML-1.895-I14,CML-1.895,14,CML-1.895,True,mean_without_PCA,historical14
CML-2-I14,CML-2,14,CML-2,True,mean_without_PCA,historical14
CML-1.45-I15,CML-1.45,15,CML-1.45,True,mean_without_PCA,historical14
CML-1.69-I15,CML-1.69,15,CML-1.69,True,mean_without_PCA,historical14
CML-1.7522-I15,CML-1.7522,15,CML-1.7522,True,mean_without_PCA,historical14
CML-1.895-I15,CML-1.895,15,CML-1.895,True,mean_without_PCA,historical14
CML-2-I15,CML-2,15,CML-2,True,mean_without_PCA,historical14
CML-1.45-I16,CML-1.45,16,CML-1.45,True,mean_without_PCA,historical14
CML-1.69-I16,CML-1.69,16,CML-1.69,True,mean_without_PCA,historical14
CML-1.7522-I16,CML-1.7522,16,CML-1.7522,True,mean_without_PCA,historical14
CML-1.895-I16,CML-1.895,16,CML-1.895,True,mean_without_PCA,historical14
CML-2-I16,CML-2,16,CML-2,True,mean_without_PCA,historical14
CML-1.45-I17,CML-1.45,17,CML-1.45,True,mean_without_PCA,historical14
CML-1.69-I17,CML-1.69,17,CML-1.45,False,mean_without_PCA,historical14
CML-1.7522-I17,CML-1.7522,17,CML-1.7522,True,mean_without_PCA,historical14
CML-1.895-I17,CML-1.895,17,CML-1.895,True,mean_without_PCA,historical14
CML-2-I17,CML-2,17,CML-2,True,mean_without_PCA,historical14
CML-1.45-I18,CML-1.45,18,CML-1.45,True,mean_without_PCA,historical14
CML-1.69-I18,CML-1.69,18,CML-1.69,True,mean_without_PCA,historical14
CML-1.7522-I18,CML-1.7522,18,CML-1.45,False,mean_without_PCA,historical14
CML-1.895-I18,CML-1.895,18,CML-1.895,True,mean_without_PCA,historical14
CML-2-I18,CML-2,18,CML-2,True,mean_without_PCA,historical14
CML-1.45-I19,CML-1.45,19,CML-1.45,True,mean_without_PCA,historical14
CML-1.69-I19,CML-1.69,19,CML-1.69,True,mean_without_PCA,historical14
CML-1.7522-I19,CML-1.7522,19,CML-1.7522,True,mean_without_PCA,historical14
CML-1.895-I19,CML-1.895,19,CML-1.895,True,mean_without_PCA,historical14
CML-2-I19,CML-2,19,CML-2,True,mean_without_PCA,historical14
CML-1.45-I20,CML-1.45,20,CML-1.45,True,mean_without_PCA,historical14
CML-1.69-I20,CML-1.69,20,CML-1.69,True,mean_without_PCA,historical14
CML-1.7522-I20,CML-1.7522,20,CML-1.7522,True,mean_without_PCA,historical14
CML-1.895-I20,CML-1.895,20,CML-1.895,True,mean_without_PCA,historical14
CML-2-I20,CML-2,20,CML-2,True,mean_without_PCA,historical14
CML-1.45-I21,CML-1.45,21,CML-1.45,True,mean_without_PCA,historical14
CML-1.69-I21,CML-1.69,21,CML-1.69,True,mean_without_PCA,historical14
CML-1.7522-I21,CML-1.7522,21,CML-1.7522,True,mean_without_PCA,historical14
CML-1.895-I21,CML-1.895,21,CML-1.895,True,mean_without_PCA,historical14
CML-2-I21,CML-2,21,CML-2,True,mean_without_PCA,historical14
CML-1.45-I22,CML-1.45,22,CML-1.45,True,mean_without_PCA,historical14
CML-1.69-I22,CML-1.69,22,CML-1.69,True,mean_without_PCA,historical14
CML-1.7522-I22,CML-1.7522,22,CML-1.7522,True,mean_without_PCA,historical14
CML-1.895-I22,CML-1.895,22,CML-1.895,True,mean_without_PCA,historical14
CML-2-I22,CML-2,22,CML-2,True,mean_without_PCA,historical14
CML-1.45-I23,CML-1.45,23,CML-1.45,True,mean_without_PCA,historical14
CML-1.69-I23,CML-1.69,23,CML-1.69,True,mean_without_PCA,historical14
CML-1.7522-I23,CML-1.7522,23,CML-1.85,False,mean_without_PCA,historical14
CML-1.895-I23,CML-1.895,23,CML-1.895,True,mean_without_PCA,historical14
CML-2-I23,CML-2,23,CML-2,True,mean_without_PCA,historical14
VAR-legacy-0.95-0.4-I12,VAR-legacy-0.95-0.4,12,VAR-legacy-0.95-0.4,True,mean_without_PCA,historical14
VAR-legacy-0.2-0.4-I12,VAR-legacy-0.2-0.4,12,VAR-legacy-0.2-0.4,True,mean_without_PCA,historical14
VAR-legacy-0.2-0.8-I12,VAR-legacy-0.2-0.8,12,VAR-legacy-0.2-0.4,False,mean_without_PCA,historical14
CML-1.85-I12,CML-1.85,12,CML-1.85,True,mean_without_PCA,historical14
Kuramoto-fast-I12,Kuramoto-fast,12,Kuramoto-fast,True,mean_without_PCA,historical14
Kuramoto-slow-I12,Kuramoto-slow,12,Kuramoto-slow,True,mean_without_PCA,historical14
Gaussian-noise-I12,Gaussian-noise,12,Gaussian-noise,True,mean_without_PCA,historical14
Cauchy-noise-I12,Cauchy-noise,12,Cauchy-noise,True,mean_without_PCA,historical14
Wave-I12,Wave,12,Wave,True,mean_without_PCA,historical14
VAR-legacy-0.95-0.4-I13,VAR-legacy-0.95-0.4,13,VAR-legacy-0.95-0.4,True,mean_without_PCA,historical14
VAR-legacy-0.2-0.4-I13,VAR-legacy-0.2-0.4,13,VAR-legacy-0.2-0.4,True,mean_without_PCA,historical14
VAR-legacy-0.2-0.8-I13,VAR-legacy-0.2-0.8,13,VAR-legacy-0.2-0.4,False,mean_without_PCA,historical14
CML-1.85-I13,CML-1.85,13,CML-1.85,True,mean_without_PCA,historical14
Kuramoto-fast-I13,Kuramoto-fast,13,Kuramoto-fast,True,mean_without_PCA,historical14
Kuramoto-slow-I13,Kuramoto-slow,13,Kuramoto-slow,True,mean_without_PCA,historical14
Gaussian-noise-I13,Gaussian-noise,13,Gaussian-noise,True,mean_without_PCA,historical14
Cauchy-noise-I13,Cauchy-noise,13,Cauchy-noise,True,mean_without_PCA,historical14
Wave-I13,Wave,13,Wave,True,mean_without_PCA,historical14
VAR-legacy-0.95-0.4-I14,VAR-legacy-0.95-0.4,14,VAR-legacy-0.95-0.4,True,mean_without_PCA,historical14
VAR-legacy-0.2-0.4-I14,VAR-legacy-0.2-0.4,14,VAR-legacy-0.2-0.4,True,mean_without_PCA,historical14
VAR-legacy-0.2-0.8-I14,VAR-legacy-0.2-0.8,14,VAR-legacy-0.2-0.8,True,mean_without_PCA,historical14
CML-1.85-I14,CML-1.85,14,CML-1.85,True,mean_without_PCA,historical14
Kuramoto-fast-I14,Kuramoto-fast,14,Kuramoto-fast,True,mean_without_PCA,historical14
Kuramoto-slow-I14,Kuramoto-slow,14,Kuramoto-slow,True,mean_without_PCA,historical14
Gaussian-noise-I14,Gaussian-noise,14,Gaussian-noise,True,mean_without_PCA,historical14
Cauchy-noise-I14,Cauchy-noise,14,Cauchy-noise,True,mean_without_PCA,historical14
Wave-I14,Wave,14,Wave,True,mean_without_PCA,historical14
VAR-legacy-0.95-0.4-I15,VAR-legacy-0.95-0.4,15,VAR-legacy-0.95-0.4,True,mean_without_PCA,historical14
VAR-legacy-0.2-0.4-I15,VAR-legacy-0.2-0.4,15,VAR-legacy-0.2-0.4,True,mean_without_PCA,historical14
VAR-legacy-0.2-0.8-I15,VAR-legacy-0.2-0.8,15,VAR-legacy-0.2-0.4,False,mean_without_PCA,historical14
CML-1.85-I15,CML-1.85,15,CML-1.85,True,mean_without_PCA,historical14
Kuramoto-fast-I15,Kuramoto-fast,15,Kuramoto-fast,True,mean_without_PCA,historical14
Kuramoto-slow-I15,Kuramoto-slow,15,Kuramoto-slow,True,mean_without_PCA,historical14
Gaussian-noise-I15,Gaussian-noise,15,Gaussian-noise,True,mean_without_PCA,historical14
Cauchy-noise-I15,Cauchy-noise,15,Cauchy-noise,True,mean_without_PCA,historical14
Wave-I15,Wave,15,Wave,True,mean_without_PCA,historical14
VAR-legacy-0.95-0.4-I16,VAR-legacy-0.95-0.4,16,VAR-legacy-0.95-0.4,True,mean_without_PCA,historical14
VAR-legacy-0.2-0.4-I16,VAR-legacy-0.2-0.4,16,VAR-legacy-0.2-0.4,True,mean_without_PCA,historical14
VAR-legacy-0.2-0.8-I16,VAR-legacy-0.2-0.8,16,VAR-legacy-0.2-0.8,True,mean_without_PCA,historical14
CML-1.85-I16,CML-1.85,16,CML-1.85,True,mean_without_PCA,historical14
Kuramoto-fast-I16,Kuramoto-fast,16,Kuramoto-fast,True,mean_without_PCA,historical14
Kuramoto-slow-I16,Kuramoto-slow,16,Kuramoto-slow,True,mean_without_PCA,historical14
Gaussian-noise-I16,Gaussian-noise,16,Gaussian-noise,True,mean_without_PCA,historical14
Cauchy-noise-I16,Cauchy-noise,16,Cauchy-noise,True,mean_without_PCA,historical14
Wave-I16,Wave,16,Wave,True,mean_without_PCA,historical14
VAR-legacy-0.95-0.4-I17,VAR-legacy-0.95-0.4,17,VAR-legacy-0.95-0.4,True,mean_without_PCA,historical14
VAR-legacy-0.2-0.4-I17,VAR-legacy-0.2-0.4,17,VAR-legacy-0.2-0.4,True,mean_without_PCA,historical14
VAR-legacy-0.2-0.8-I17,VAR-legacy-0.2-0.8,17,VAR-legacy-0.2-0.8,True,mean_without_PCA,historical14
CML-1.85-I17,CML-1.85,17,CML-1.85,True,mean_without_PCA,historical14
Kuramoto-fast-I17,Kuramoto-fast,17,Kuramoto-fast,True,mean_without_PCA,historical14
Kuramoto-slow-I17,Kuramoto-slow,17,Kuramoto-slow,True,mean_without_PCA,historical14
Gaussian-noise-I17,Gaussian-noise,17,Gaussian-noise,True,mean_without_PCA,historical14
Cauchy-noise-I17,Cauchy-noise,17,Cauchy-noise,True,mean_without_PCA,historical14
Wave-I17,Wave,17,Wave,True,mean_without_PCA,historical14
VAR-legacy-0.95-0.4-I18,VAR-legacy-0.95-0.4,18,VAR-legacy-0.95-0.4,True,mean_without_PCA,historical14
VAR-legacy-0.2-0.4-I18,VAR-legacy-0.2-0.4,18,VAR-legacy-0.2-0.4,True,mean_without_PCA,historical14
VAR-legacy-0.2-0.8-I18,VAR-legacy-0.2-0.8,18,VAR-legacy-0.2-0.8,True,mean_without_PCA,historical14
CML-1.85-I18,CML-1.85,18,CML-1.85,True,mean_without_PCA,historical14
Kuramoto-fast-I18,Kuramoto-fast,18,Kuramoto-fast,True,mean_without_PCA,historical14
Kuramoto-slow-I18,Kuramoto-slow,18,Kuramoto-slow,True,mean_without_PCA,historical14
Gaussian-noise-I18,Gaussian-noise,18,Gaussian-noise,True,mean_without_PCA,historical14
Cauchy-noise-I18,Cauchy-noise,18,Cauchy-noise,True,mean_without_PCA,historical14
Wave-I18,Wave,18,Wave,True,mean_without_PCA,historical14
VAR-legacy-0.95-0.4-I19,VAR-legacy-0.95-0.4,19,VAR-legacy-0.95-0.4,True,mean_without_PCA,historical14
VAR-legacy-0.2-0.4-I19,VAR-legacy-0.2-0.4,19,VAR-legacy-0.2-0.4,True,mean_without_PCA,historical14
VAR-legacy-0.2-0.8-I19,VAR-legacy-0.2-0.8,19,VAR-legacy-0.2-0.4,False,mean_without_PCA,historical14
CML-1.85-I19,CML-1.85,19,CML-1.85,True,mean_without_PCA,historical14
Kuramoto-fast-I19,Kuramoto-fast,19,Kuramoto-fast,True,mean_without_PCA,historical14
Kuramoto-slow-I19,Kuramoto-slow,19,Kuramoto-slow,True,mean_without_PCA,historical14
Gaussian-noise-I19,Gaussian-noise,19,Gaussian-noise,True,mean_without_PCA,historical14
Cauchy-noise-I19,Cauchy-noise,19,Cauchy-noise,True,mean_without_PCA,historical14
Wave-I19,Wave,19,Wave,True,mean_without_PCA,historical14
VAR-legacy-0.95-0.4-I20,VAR-legacy-0.95-0.4,20,VAR-legacy-0.95-0.4,True,mean_without_PCA,historical14
VAR-legacy-0.2-0.4-I20,VAR-legacy-0.2-0.4,20,VAR-legacy-0.2-0.4,True,mean_without_PCA,historical14
VAR-legacy-0.2-0.8-I20,VAR-legacy-0.2-0.8,20,VAR-legacy-0.2-0.8,True,mean_without_PCA,historical14
CML-1.85-I20,CML-1.85,20,CML-1.85,True,mean_without_PCA,historical14
Kuramoto-fast-I20,Kuramoto-fast,20,Kuramoto-fast,True,mean_without_PCA,historical14
Kuramoto-slow-I20,Kuramoto-slow,20,Kuramoto-slow,True,mean_without_PCA,historical14
Gaussian-noise-I20,Gaussian-noise,20,Gaussian-noise,True,mean_without_PCA,historical14
Cauchy-noise-I20,Cauchy-noise,20,Cauchy-noise,True,mean_without_PCA,historical14
Wave-I20,Wave,20,Wave,True,mean_without_PCA,historical14
VAR-legacy-0.95-0.4-I21,VAR-legacy-0.95-0.4,21,VAR-legacy-0.95-0.4,True,mean_without_PCA,historical14
VAR-legacy-0.2-0.4-I21,VAR-legacy-0.2-0.4,21,VAR-legacy-0.2-0.4,True,mean_without_PCA,historical14
VAR-legacy-0.2-0.8-I21,VAR-legacy-0.2-0.8,21,VAR-legacy-0.2-0.8,True,mean_without_PCA,historical14
CML-1.85-I21,CML-1.85,21,CML-1.895,False,mean_without_PCA,historical14
Kuramoto-fast-I21,Kuramoto-fast,21,Kuramoto-fast,True,mean_without_PCA,historical14
Kuramoto-slow-I21,Kuramoto-slow,21,Kuramoto-slow,True,mean_without_PCA,historical14
Gaussian-noise-I21,Gaussian-noise,21,Gaussian-noise,True,mean_without_PCA,historical14
Cauchy-noise-I21,Cauchy-noise,21,Cauchy-noise,True,mean_without_PCA,historical14
Wave-I21,Wave,21,Wave,True,mean_without_PCA,historical14
VAR-legacy-0.95-0.4-I22,VAR-legacy-0.95-0.4,22,VAR-legacy-0.95-0.4,True,mean_without_PCA,historical14
VAR-legacy-0.2-0.4-I22,VAR-legacy-0.2-0.4,22,VAR-legacy-0.2-0.4,True,mean_without_PCA,historical14
VAR-legacy-0.2-0.8-I22,VAR-legacy-0.2-0.8,22,VAR-legacy-0.2-0.4,False,mean_without_PCA,historical14
CML-1.85-I22,CML-1.85,22,CML-1.85,True,mean_without_PCA,historical14
Kuramoto-fast-I22,Kuramoto-fast,22,Kuramoto-fast,True,mean_without_PCA,historical14
Kuramoto-slow-I22,Kuramoto-slow,22,Kuramoto-slow,True,mean_without_PCA,historical14
Gaussian-noise-I22,Gaussian-noise,22,Gaussian-noise,True,mean_without_PCA,historical14
Cauchy-noise-I22,Cauchy-noise,22,Cauchy-noise,True,mean_without_PCA,historical14
Wave-I22,Wave,22,Wave,True,mean_without_PCA,historical14
VAR-legacy-0.95-0.4-I23,VAR-legacy-0.95-0.4,23,VAR-legacy-0.95-0.4,True,mean_without_PCA,historical14
VAR-legacy-0.2-0.4-I23,VAR-legacy-0.2-0.4,23,VAR-legacy-0.2-0.4,True,mean_without_PCA,historical14
VAR-legacy-0.2-0.8-I23,VAR-legacy-0.2-0.8,23,VAR-legacy-0.2-0.8,True,mean_without_PCA,historical14
CML-1.85-I23,CML-1.85,23,CML-1.85,True,mean_without_PCA,historical14
Kuramoto-fast-I23,Kuramoto-fast,23,Kuramoto-fast,True,mean_without_PCA,historical14
Kuramoto-slow-I23,Kuramoto-slow,23,Kuramoto-slow,True,mean_without_PCA,historical14
Gaussian-noise-I23,Gaussian-noise,23,Gaussian-noise,True,mean_without_PCA,historical14
Cauchy-noise-I23,Cauchy-noise,23,Cauchy-noise,True,mean_without_PCA,historical14
Wave-I23,Wave,23,Wave,True,mean_without_PCA,historical14
VAR-0.2-I12,VAR-0.2,12,VAR-0.2,True,mean_without_PCA,coupled14
VAR-0.7-I12,VAR-0.7,12,VAR-0.7,True,mean_without_PCA,coupled14
CML-1.45-I12,CML-1.45,12,CML-1.45,True,mean_without_PCA,coupled14
CML-1.69-I12,CML-1.69,12,CML-1.69,True,mean_without_PCA,coupled14
CML-1.7522-I12,CML-1.7522,12,CML-1.7522,True,mean_without_PCA,coupled14
CML-1.895-I12,CML-1.895,12,CML-1.895,True,mean_without_PCA,coupled14
CML-2-I12,CML-2,12,CML-2,True,mean_without_PCA,coupled14
VAR-0.2-I13,VAR-0.2,13,VAR-0.2,True,mean_without_PCA,coupled14
VAR-0.7-I13,VAR-0.7,13,VAR-0.7,True,mean_without_PCA,coupled14
CML-1.45-I13,CML-1.45,13,CML-1.45,True,mean_without_PCA,coupled14
CML-1.69-I13,CML-1.69,13,CML-1.69,True,mean_without_PCA,coupled14
CML-1.7522-I13,CML-1.7522,13,CML-1.7522,True,mean_without_PCA,coupled14
CML-1.895-I13,CML-1.895,13,CML-1.895,True,mean_without_PCA,coupled14
CML-2-I13,CML-2,13,CML-2,True,mean_without_PCA,coupled14
VAR-0.2-I14,VAR-0.2,14,VAR-0.2,True,mean_without_PCA,coupled14
VAR-0.7-I14,VAR-0.7,14,VAR-0.7,True,mean_without_PCA,coupled14
CML-1.45-I14,CML-1.45,14,CML-1.45,True,mean_without_PCA,coupled14
CML-1.69-I14,CML-1.69,14,CML-1.69,True,mean_without_PCA,coupled14
CML-1.7522-I14,CML-1.7522,14,CML-1.7522,True,mean_without_PCA,coupled14
CML-1.895-I14,CML-1.895,14,CML-1.895,True,mean_without_PCA,coupled14
CML-2-I14,CML-2,14,CML-2,True,mean_without_PCA,coupled14
VAR-0.2-I15,VAR-0.2,15,VAR-legacy-0.2-0.4,False,mean_without_PCA,coupled14
VAR-0.7-I15,VAR-0.7,15,VAR-0.7,True,mean_without_PCA,coupled14
CML-1.45-I15,CML-1.45,15,CML-1.45,True,mean_without_PCA,coupled14
CML-1.69-I15,CML-1.69,15,CML-1.69,True,mean_without_PCA,coupled14
CML-1.7522-I15,CML-1.7522,15,CML-1.7522,True,mean_without_PCA,coupled14
CML-1.895-I15,CML-1.895,15,CML-1.895,True,mean_without_PCA,coupled14
CML-2-I15,CML-2,15,CML-2,True,mean_without_PCA,coupled14
VAR-0.2-I16,VAR-0.2,16,VAR-0.2,True,mean_without_PCA,coupled14
VAR-0.7-I16,VAR-0.7,16,VAR-0.7,True,mean_without_PCA,coupled14
CML-1.45-I16,CML-1.45,16,CML-1.45,True,mean_without_PCA,coupled14
CML-1.69-I16,CML-1.69,16,CML-1.69,True,mean_without_PCA,coupled14
CML-1.7522-I16,CML-1.7522,16,CML-1.7522,True,mean_without_PCA,coupled14
CML-1.895-I16,CML-1.895,16,CML-1.895,True,mean_without_PCA,coupled14
CML-2-I16,CML-2,16,CML-2,True,mean_without_PCA,coupled14
VAR-0.2-I17,VAR-0.2,17,VAR-0.2,True,mean_without_PCA,coupled14
VAR-0.7-I17,VAR-0.7,17,VAR-0.7,True,mean_without_PCA,coupled14
CML-1.45-I17,CML-1.45,17,CML-1.45,True,mean_without_PCA,coupled14
CML-1.69-I17,CML-1.69,17,CML-1.45,False,mean_without_PCA,coupled14
CML-1.7522-I17,CML-1.7522,17,CML-1.7522,True,mean_without_PCA,coupled14
CML-1.895-I17,CML-1.895,17,CML-1.895,True,mean_without_PCA,coupled14
CML-2-I17,CML-2,17,CML-2,True,mean_without_PCA,coupled14
VAR-0.2-I18,VAR-0.2,18,VAR-legacy-0.2-0.4,False,mean_without_PCA,coupled14
VAR-0.7-I18,VAR-0.7,18,VAR-0.7,True,mean_without_PCA,coupled14
CML-1.45-I18,CML-1.45,18,CML-1.45,True,mean_without_PCA,coupled14
CML-1.69-I18,CML-1.69,18,CML-1.69,True,mean_without_PCA,coupled14
CML-1.7522-I18,CML-1.7522,18,CML-1.45,False,mean_without_PCA,coupled14
CML-1.895-I18,CML-1.895,18,CML-1.895,True,mean_without_PCA,coupled14
CML-2-I18,CML-2,18,CML-2,True,mean_without_PCA,coupled14
VAR-0.2-I19,VAR-0.2,19,VAR-legacy-0.2-0.4,False,mean_without_PCA,coupled14
VAR-0.7-I19,VAR-0.7,19,VAR-0.7,True,mean_without_PCA,coupled14
CML-1.45-I19,CML-1.45,19,CML-1.45,True,mean_without_PCA,coupled14
CML-1.69-I19,CML-1.69,19,CML-1.69,True,mean_without_PCA,coupled14
CML-1.7522-I19,CML-1.7522,19,CML-1.7522,True,mean_without_PCA,coupled14
CML-1.895-I19,CML-1.895,19,CML-1.895,True,mean_without_PCA,coupled14
CML-2-I19,CML-2,19,CML-2,True,mean_without_PCA,coupled14
VAR-0.2-I20,VAR-0.2,20,VAR-0.2,True,mean_without_PCA,coupled14
VAR-0.7-I20,VAR-0.7,20,VAR-0.7,True,mean_without_PCA,coupled14
CML-1.45-I20,CML-1.45,20,CML-1.45,True,mean_without_PCA,coupled14
CML-1.69-I20,CML-1.69,20,CML-1.69,True,mean_without_PCA,coupled14
CML-1.7522-I20,CML-1.7522,20,CML-1.7522,True,mean_without_PCA,coupled14
CML-1.895-I20,CML-1.895,20,CML-1.895,True,mean_without_PCA,coupled14
CML-2-I20,CML-2,20,CML-2,True,mean_without_PCA,coupled14
VAR-0.2-I21,VAR-0.2,21,VAR-0.2,True,mean_without_PCA,coupled14
VAR-0.7-I21,VAR-0.7,21,VAR-0.7,True,mean_without_PCA,coupled14
CML-1.45-I21,CML-1.45,21,CML-1.45,True,mean_without_PCA,coupled14
CML-1.69-I21,CML-1.69,21,CML-1.69,True,mean_without_PCA,coupled14
CML-1.7522-I21,CML-1.7522,21,CML-1.7522,True,mean_without_PCA,coupled14
CML-1.895-I21,CML-1.895,21,CML-1.895,True,mean_without_PCA,coupled14
CML-2-I21,CML-2,21,CML-2,True,mean_without_PCA,coupled14
VAR-0.2-I22,VAR-0.2,22,VAR-0.2,True,mean_without_PCA,coupled14
VAR-0.7-I22,VAR-0.7,22,VAR-0.7,True,mean_without_PCA,coupled14
CML-1.45-I22,CML-1.45,22,CML-1.45,True,mean_without_PCA,coupled14
CML-1.69-I22,CML-1.69,22,CML-1.69,True,mean_without_PCA,coupled14
CML-1.7522-I22,CML-1.7522,22,CML-1.7522,True,mean_without_PCA,coupled14
CML-1.895-I22,CML-1.895,22,CML-1.895,True,mean_without_PCA,coupled14
CML-2-I22,CML-2,22,CML-2,True,mean_without_PCA,coupled14
VAR-0.2-I23,VAR-0.2,23,VAR-0.2,True,mean_without_PCA,coupled14
VAR-0.7-I23,VAR-0.7,23,VAR-0.7,True,mean_without_PCA,coupled14
CML-1.45-I23,CML-1.45,23,CML-1.45,True,mean_without_PCA,coupled14
CML-1.69-I23,CML-1.69,23,CML-1.69,True,mean_without_PCA,coupled14
CML-1.7522-I23,CML-1.7522,23,CML-1.85,False,mean_without_PCA,coupled14
CML-1.895-I23,CML-1.895,23,CML-1.895,True,mean_without_PCA,coupled14
CML-2-I23,CML-2,23,CML-2,True,mean_without_PCA,coupled14
VAR-legacy-0.95-0.4-I12,VAR-legacy-0.95-0.4,12,VAR-legacy-0.95-0.4,True,mean_without_PCA,coupled14
VAR-legacy-0.2-0.4-I12,VAR-legacy-0.2-0.4,12,VAR-0.2,False,mean_without_PCA,coupled14
VAR-legacy-0.2-0.8-I12,VAR-legacy-0.2-0.8,12,VAR-legacy-0.2-0.4,False,mean_without_PCA,coupled14
CML-1.85-I12,CML-1.85,12,CML-1.85,True,mean_without_PCA,coupled14
Kuramoto-fast-I12,Kuramoto-fast,12,Kuramoto-fast,True,mean_without_PCA,coupled14
Kuramoto-slow-I12,Kuramoto-slow,12,Kuramoto-slow,True,mean_without_PCA,coupled14
Wave-I12,Wave,12,Wave,True,mean_without_PCA,coupled14
VAR-legacy-0.95-0.4-I13,VAR-legacy-0.95-0.4,13,VAR-legacy-0.95-0.4,True,mean_without_PCA,coupled14
VAR-legacy-0.2-0.4-I13,VAR-legacy-0.2-0.4,13,VAR-0.2,False,mean_without_PCA,coupled14
VAR-legacy-0.2-0.8-I13,VAR-legacy-0.2-0.8,13,VAR-legacy-0.2-0.4,False,mean_without_PCA,coupled14
CML-1.85-I13,CML-1.85,13,CML-1.85,True,mean_without_PCA,coupled14
Kuramoto-fast-I13,Kuramoto-fast,13,Kuramoto-fast,True,mean_without_PCA,coupled14
Kuramoto-slow-I13,Kuramoto-slow,13,Kuramoto-slow,True,mean_without_PCA,coupled14
Wave-I13,Wave,13,Wave,True,mean_without_PCA,coupled14
VAR-legacy-0.95-0.4-I14,VAR-legacy-0.95-0.4,14,VAR-legacy-0.95-0.4,True,mean_without_PCA,coupled14
VAR-legacy-0.2-0.4-I14,VAR-legacy-0.2-0.4,14,VAR-0.2,False,mean_without_PCA,coupled14
VAR-legacy-0.2-0.8-I14,VAR-legacy-0.2-0.8,14,VAR-legacy-0.2-0.8,True,mean_without_PCA,coupled14
CML-1.85-I14,CML-1.85,14,CML-1.85,True,mean_without_PCA,coupled14
Kuramoto-fast-I14,Kuramoto-fast,14,Kuramoto-fast,True,mean_without_PCA,coupled14
Kuramoto-slow-I14,Kuramoto-slow,14,Kuramoto-slow,True,mean_without_PCA,coupled14
Wave-I14,Wave,14,Wave,True,mean_without_PCA,coupled14
VAR-legacy-0.95-0.4-I15,VAR-legacy-0.95-0.4,15,VAR-legacy-0.95-0.4,True,mean_without_PCA,coupled14
VAR-legacy-0.2-0.4-I15,VAR-legacy-0.2-0.4,15,VAR-legacy-0.2-0.4,True,mean_without_PCA,coupled14
VAR-legacy-0.2-0.8-I15,VAR-legacy-0.2-0.8,15,VAR-legacy-0.2-0.8,True,mean_without_PCA,coupled14
CML-1.85-I15,CML-1.85,15,CML-1.85,True,mean_without_PCA,coupled14
Kuramoto-fast-I15,Kuramoto-fast,15,Kuramoto-fast,True,mean_without_PCA,coupled14
Kuramoto-slow-I15,Kuramoto-slow,15,Kuramoto-slow,True,mean_without_PCA,coupled14
Wave-I15,Wave,15,Wave,True,mean_without_PCA,coupled14
VAR-legacy-0.95-0.4-I16,VAR-legacy-0.95-0.4,16,VAR-legacy-0.95-0.4,True,mean_without_PCA,coupled14
VAR-legacy-0.2-0.4-I16,VAR-legacy-0.2-0.4,16,VAR-0.2,False,mean_without_PCA,coupled14
VAR-legacy-0.2-0.8-I16,VAR-legacy-0.2-0.8,16,VAR-legacy-0.2-0.8,True,mean_without_PCA,coupled14
CML-1.85-I16,CML-1.85,16,CML-1.85,True,mean_without_PCA,coupled14
Kuramoto-fast-I16,Kuramoto-fast,16,Kuramoto-fast,True,mean_without_PCA,coupled14
Kuramoto-slow-I16,Kuramoto-slow,16,Kuramoto-slow,True,mean_without_PCA,coupled14
Wave-I16,Wave,16,Wave,True,mean_without_PCA,coupled14
VAR-legacy-0.95-0.4-I17,VAR-legacy-0.95-0.4,17,VAR-legacy-0.95-0.4,True,mean_without_PCA,coupled14
VAR-legacy-0.2-0.4-I17,VAR-legacy-0.2-0.4,17,VAR-0.2,False,mean_without_PCA,coupled14
VAR-legacy-0.2-0.8-I17,VAR-legacy-0.2-0.8,17,VAR-legacy-0.2-0.8,True,mean_without_PCA,coupled14
CML-1.85-I17,CML-1.85,17,CML-1.85,True,mean_without_PCA,coupled14
Kuramoto-fast-I17,Kuramoto-fast,17,Kuramoto-fast,True,mean_without_PCA,coupled14
Kuramoto-slow-I17,Kuramoto-slow,17,Kuramoto-slow,True,mean_without_PCA,coupled14
Wave-I17,Wave,17,Wave,True,mean_without_PCA,coupled14
VAR-legacy-0.95-0.4-I18,VAR-legacy-0.95-0.4,18,VAR-legacy-0.95-0.4,True,mean_without_PCA,coupled14
VAR-legacy-0.2-0.4-I18,VAR-legacy-0.2-0.4,18,VAR-legacy-0.2-0.4,True,mean_without_PCA,coupled14
VAR-legacy-0.2-0.8-I18,VAR-legacy-0.2-0.8,18,VAR-legacy-0.2-0.8,True,mean_without_PCA,coupled14
CML-1.85-I18,CML-1.85,18,CML-1.85,True,mean_without_PCA,coupled14
Kuramoto-fast-I18,Kuramoto-fast,18,Kuramoto-fast,True,mean_without_PCA,coupled14
Kuramoto-slow-I18,Kuramoto-slow,18,Kuramoto-slow,True,mean_without_PCA,coupled14
Wave-I18,Wave,18,Wave,True,mean_without_PCA,coupled14
VAR-legacy-0.95-0.4-I19,VAR-legacy-0.95-0.4,19,VAR-legacy-0.95-0.4,True,mean_without_PCA,coupled14
VAR-legacy-0.2-0.4-I19,VAR-legacy-0.2-0.4,19,VAR-legacy-0.2-0.4,True,mean_without_PCA,coupled14
VAR-legacy-0.2-0.8-I19,VAR-legacy-0.2-0.8,19,VAR-legacy-0.2-0.8,True,mean_without_PCA,coupled14
CML-1.85-I19,CML-1.85,19,CML-1.85,True,mean_without_PCA,coupled14
Kuramoto-fast-I19,Kuramoto-fast,19,Kuramoto-fast,True,mean_without_PCA,coupled14
Kuramoto-slow-I19,Kuramoto-slow,19,Kuramoto-slow,True,mean_without_PCA,coupled14
Wave-I19,Wave,19,Wave,True,mean_without_PCA,coupled14
VAR-legacy-0.95-0.4-I20,VAR-legacy-0.95-0.4,20,VAR-legacy-0.95-0.4,True,mean_without_PCA,coupled14
VAR-legacy-0.2-0.4-I20,VAR-legacy-0.2-0.4,20,VAR-0.2,False,mean_without_PCA,coupled14
VAR-legacy-0.2-0.8-I20,VAR-legacy-0.2-0.8,20,VAR-legacy-0.2-0.8,True,mean_without_PCA,coupled14
CML-1.85-I20,CML-1.85,20,CML-1.85,True,mean_without_PCA,coupled14
Kuramoto-fast-I20,Kuramoto-fast,20,Kuramoto-fast,True,mean_without_PCA,coupled14
Kuramoto-slow-I20,Kuramoto-slow,20,Kuramoto-slow,True,mean_without_PCA,coupled14
Wave-I20,Wave,20,Wave,True,mean_without_PCA,coupled14
VAR-legacy-0.95-0.4-I21,VAR-legacy-0.95-0.4,21,VAR-legacy-0.95-0.4,True,mean_without_PCA,coupled14
VAR-legacy-0.2-0.4-I21,VAR-legacy-0.2-0.4,21,VAR-0.2,False,mean_without_PCA,coupled14
VAR-legacy-0.2-0.8-I21,VAR-legacy-0.2-0.8,21,VAR-legacy-0.2-0.8,True,mean_without_PCA,coupled14
CML-1.85-I21,CML-1.85,21,CML-1.895,False,mean_without_PCA,coupled14
Kuramoto-fast-I21,Kuramoto-fast,21,Kuramoto-fast,True,mean_without_PCA,coupled14
Kuramoto-slow-I21,Kuramoto-slow,21,Kuramoto-slow,True,mean_without_PCA,coupled14
Wave-I21,Wave,21,Wave,True,mean_without_PCA,coupled14
VAR-legacy-0.95-0.4-I22,VAR-legacy-0.95-0.4,22,VAR-legacy-0.95-0.4,True,mean_without_PCA,coupled14
VAR-legacy-0.2-0.4-I22,VAR-legacy-0.2-0.4,22,VAR-0.2,False,mean_without_PCA,coupled14
VAR-legacy-0.2-0.8-I22,VAR-legacy-0.2-0.8,22,VAR-legacy-0.2-0.8,True,mean_without_PCA,coupled14
CML-1.85-I22,CML-1.85,22,CML-1.85,True,mean_without_PCA,coupled14
Kuramoto-fast-I22,Kuramoto-fast,22,Kuramoto-fast,True,mean_without_PCA,coupled14
Kuramoto-slow-I22,Kuramoto-slow,22,Kuramoto-slow,True,mean_without_PCA,coupled14
Wave-I22,Wave,22,Wave,True,mean_without_PCA,coupled14
VAR-legacy-0.95-0.4-I23,VAR-legacy-0.95-0.4,23,VAR-legacy-0.95-0.4,True,mean_without_PCA,coupled14
VAR-legacy-0.2-0.4-I23,VAR-legacy-0.2-0.4,23,VAR-0.2,False,mean_without_PCA,coupled14
VAR-legacy-0.2-0.8-I23,VAR-legacy-0.2-0.8,23,VAR-legacy-0.2-0.8,True,mean_without_PCA,coupled14
CML-1.85-I23,CML-1.85,23,CML-1.85,True,mean_without_PCA,coupled14
Kuramoto-fast-I23,Kuramoto-fast,23,Kuramoto-fast,True,mean_without_PCA,coupled14
Kuramoto-slow-I23,Kuramoto-slow,23,Kuramoto-slow,True,mean_without_PCA,coupled14
Wave-I23,Wave,23,Wave,True,mean_without_PCA,coupled14
