feature_index,SPI-1,SPI-2,ks_statistic,n_GaussianNoise,n_CauchyNoise
0,cov_EmpiricalCovariance,cov_EllipticEnvelope,0.9969390770898943,96,96
1,cov_EmpiricalCovariance,cov_GraphicalLasso,0.997165614021021,96,96
2,cov_EmpiricalCovariance,cov_GraphicalLassoCV,0.03932621182191576,96,96
3,cov_EmpiricalCovariance,cov_LedoitWolf,0.019556312205534554,96,96
4,cov_EmpiricalCovariance,cov_MinCovDet,0.9966206047854563,96,96
5,cov_EmpiricalCovariance,cov_OAS,0.875,96,96
6,cov_EmpiricalCovariance,cov_ShrunkCovariance,0.09375,96,96
7,cov_EmpiricalCovariance,cov-sq_EmpiricalCovariance,0.08959220226350018,96,96
8,cov_EmpiricalCovariance,cov-sq_EllipticEnvelope,0.08403049550473995,96,96
9,cov_EmpiricalCovariance,cov-sq_GraphicalLasso,0.0885325193852079,96,96
10,cov_EmpiricalCovariance,cov-sq_GraphicalLassoCV,0.0851925826501505,96,96
11,cov_EmpiricalCovariance,cov-sq_LedoitWolf,0.021926528184076033,96,96
12,cov_EmpiricalCovariance,cov-sq_MinCovDet,0.09760992998436374,96,96
13,cov_EmpiricalCovariance,cov-sq_OAS,0.27678965940460676,96,96
14,cov_EmpiricalCovariance,cov-sq_ShrunkCovariance,0.08959220226350018,96,96
15,cov_EmpiricalCovariance,prec_EmpiricalCovariance,0.9785300976292417,96,96
16,cov_EmpiricalCovariance,prec_EllipticEnvelope,0.9972333443678347,96,96
17,cov_EmpiricalCovariance,prec_GraphicalLasso,0.9535999562919878,96,96
18,cov_EmpiricalCovariance,prec_GraphicalLassoCV,0.05587713884195045,96,96
19,cov_EmpiricalCovariance,prec_LedoitWolf,0.016644112179612314,96,96
20,cov_EmpiricalCovariance,prec_MinCovDet,0.9964849664335618,96,96
21,cov_EmpiricalCovariance,prec_OAS,0.7847736215551341,96,96
22,cov_EmpiricalCovariance,prec_ShrunkCovariance,0.9441506079034664,96,96
23,cov_EmpiricalCovariance,prec-sq_EmpiricalCovariance,0.044898481202350515,96,96
24,cov_EmpiricalCovariance,prec-sq_EllipticEnvelope,0.07244895097331433,96,96
25,cov_EmpiricalCovariance,prec-sq_GraphicalLasso,0.04758849821444866,96,96
26,cov_EmpiricalCovariance,prec-sq_GraphicalLassoCV,0.14211278935021304,96,96
27,cov_EmpiricalCovariance,prec-sq_LedoitWolf,0.34698745552015225,96,96
28,cov_EmpiricalCovariance,prec-sq_MinCovDet,0.07718596168459635,96,96
29,cov_EmpiricalCovariance,prec-sq_OAS,0.20329212977302752,96,96
30,cov_EmpiricalCovariance,prec-sq_ShrunkCovariance,0.07840110712960988,96,96
31,cov_EmpiricalCovariance,spearmanr-sq,0.062017519244322916,96,96
32,cov_EmpiricalCovariance,spearmanr,0.9994687543424658,96,96
33,cov_EmpiricalCovariance,kendalltau-sq,0.0654254553552355,96,96
34,cov_EmpiricalCovariance,kendalltau,0.9994143425737323,96,96
35,cov_EmpiricalCovariance,xcorr_max_sig-True,0.19182430817836804,96,96
36,cov_EmpiricalCovariance,xcorr-sq_max_sig-True,0.0179498525198446,96,96
37,cov_EmpiricalCovariance,xcorr_mean_sig-True,0.2291540362526735,96,96
38,cov_EmpiricalCovariance,xcorr-sq_mean_sig-True,0.0212051514122924,96,96
39,cov_EmpiricalCovariance,xcorr_mean_sig-False,0.3030625194049926,96,96
40,cov_EmpiricalCovariance,xcorr-sq_mean_sig-False,0.023086275941367806,96,96
41,cov_EmpiricalCovariance,pdist_euclidean,1.0,96,96
42,cov_EmpiricalCovariance,pdist_cityblock,0.9854864921056898,96,96
43,cov_EmpiricalCovariance,pdist_cosine,1.0,96,96
44,cov_EmpiricalCovariance,pdist_chebyshev,0.24224671655852004,96,96
45,cov_EmpiricalCovariance,pdist_canberra,0.9310891431784798,96,96
46,cov_EmpiricalCovariance,pdist_braycurtis,0.9635630417445172,96,96
47,cov_EmpiricalCovariance,di_gaussian,0.04348357184377882,96,96
48,cov_EmpiricalCovariance,di_kozachenko,0.04250475693989031,96,96
49,cov_EmpiricalCovariance,di_kernel_W-0.5,0.07493106958099652,96,96
50,cov_EmpiricalCovariance,mi_gaussian,0.0549408460889364,96,96
51,cov_EmpiricalCovariance,mi_kraskov_NN-4,0.04367323640776455,96,96
52,cov_EmpiricalCovariance,mi_kraskov_NN-4_DCE,0.03643046641416503,96,96
53,cov_EmpiricalCovariance,mi_kernel_W-0.25,0.06666843215176108,96,96
54,cov_EmpiricalCovariance,tlmi_gaussian,0.030040483926919465,96,96
55,cov_EmpiricalCovariance,tlmi_kraskov_NN-4,0.0189445390516763,96,96
56,cov_EmpiricalCovariance,tlmi_kraskov_NN-4_DCE,0.011925683181959745,96,96
57,cov_EmpiricalCovariance,tlmi_kernel_W-0.25,0.07802585971512402,96,96
58,cov_EmpiricalCovariance,te_kraskov_NN-4_k-max-10_tau-max-4,0.05139417905046351,96,96
59,cov_EmpiricalCovariance,te_kraskov_NN-4_DCE_k-max-10_tau-max-4,0.08342649564390636,96,96
60,cov_EmpiricalCovariance,te_kraskov_NN-4_DCE_k-2_kt-1_l-1_lt-1,0.05809783193415019,96,96
61,cov_EmpiricalCovariance,te_kraskov_NN-4_DCE_k-1_kt-1_l-1_lt-1,0.05447205858123483,96,96
62,cov_EmpiricalCovariance,te_kraskov_NN-4_k-1_kt-1_l-1_lt-1,0.0571317535385264,96,96
63,cov_EmpiricalCovariance,te_kernel_W-0.25_k-1,0.09343597889174154,96,96
64,cov_EmpiricalCovariance,gc_gaussian_k-max-10_tau-max-2,0.09792927037653598,96,96
65,cov_EmpiricalCovariance,gc_gaussian_k-1_kt-1_l-1_lt-1,0.03172313060749418,96,96
66,cov_EmpiricalCovariance,te_symbolic_k-1_kt-1_l-1_lt-1,0.03172313060749418,96,96
67,cov_EmpiricalCovariance,te_symbolic_k-10_kt-1_l-1_lt-1,0.03469487223021692,96,96
68,cov_EmpiricalCovariance,phase_multitaper_mean_fs-1_fmin-0_fmax-0-5,0.03261590866004721,96,96
69,cov_EmpiricalCovariance,phase_multitaper_mean_fs-1_fmin-0_fmax-0-25,0.03972763215349728,96,96
70,cov_EmpiricalCovariance,phase_multitaper_mean_fs-1_fmin-0-25_fmax-0-5,0.021017753455747634,96,96
71,cov_EmpiricalCovariance,phase_multitaper_max_fs-1_fmin-0_fmax-0-5,0.05227863561841711,96,96
72,cov_EmpiricalCovariance,phase_multitaper_max_fs-1_fmin-0_fmax-0-25,0.06345920343260514,96,96
73,cov_EmpiricalCovariance,phase_multitaper_max_fs-1_fmin-0-25_fmax-0-5,0.055459139611650055,96,96
74,cov_EmpiricalCovariance,cohmag_multitaper_mean_fs-1_fmin-0_fmax-0-5,0.06881329656081014,96,96
75,cov_EmpiricalCovariance,cohmag_multitaper_mean_fs-1_fmin-0_fmax-0-25,0.08526728307563797,96,96
76,cov_EmpiricalCovariance,cohmag_multitaper_mean_fs-1_fmin-0-25_fmax-0-5,0.08740847192180157,96,96
77,cov_EmpiricalCovariance,cohmag_multitaper_max_fs-1_fmin-0_fmax-0-5,0.08952437307800898,96,96
78,cov_EmpiricalCovariance,cohmag_multitaper_max_fs-1_fmin-0_fmax-0-25,0.0818469648497786,96,96
79,cov_EmpiricalCovariance,cohmag_multitaper_max_fs-1_fmin-0-25_fmax-0-5,0.05956801835135378,96,96
80,cov_EmpiricalCovariance,psi_multitaper_mean_fs-1_fmin-0_fmax-0-5,0.09375,96,96
81,cov_EmpiricalCovariance,psi_multitaper_mean_fs-1_fmin-0_fmax-0-25,0.125,96,96
82,cov_EmpiricalCovariance,psi_multitaper_mean_fs-1_fmin-0-25_fmax-0-5,0.09375,96,96
83,cov_EllipticEnvelope,cov_GraphicalLasso,0.9941117540531508,96,96
84,cov_EllipticEnvelope,cov_GraphicalLassoCV,0.20524356853876946,96,96
85,cov_EllipticEnvelope,cov_LedoitWolf,0.34377208861656317,96,96
86,cov_EllipticEnvelope,cov_MinCovDet,0.4461549692497792,96,96
87,cov_EllipticEnvelope,cov_OAS,0.11044897254277486,96,96
88,cov_EllipticEnvelope,cov_ShrunkCovariance,0.9969390770898943,96,96
89,cov_EllipticEnvelope,cov-sq_EmpiricalCovariance,0.09660863175230477,96,96
90,cov_EllipticEnvelope,cov-sq_EllipticEnvelope,0.08333562588071959,96,96
91,cov_EllipticEnvelope,cov-sq_GraphicalLasso,0.09441085697674373,96,96
92,cov_EllipticEnvelope,cov-sq_GraphicalLassoCV,0.011813257324000126,96,96
93,cov_EllipticEnvelope,cov-sq_LedoitWolf,0.10665632938740481,96,96
94,cov_EllipticEnvelope,cov-sq_MinCovDet,0.07151294983288184,96,96
95,cov_EllipticEnvelope,cov-sq_OAS,0.2219203779237311,96,96
96,cov_EllipticEnvelope,cov-sq_ShrunkCovariance,0.09660863175230477,96,96
97,cov_EllipticEnvelope,prec_EmpiricalCovariance,0.9977746482471641,96,96
98,cov_EllipticEnvelope,prec_EllipticEnvelope,0.5501672747942079,96,96
99,cov_EllipticEnvelope,prec_GraphicalLasso,0.9968216602587038,96,96
100,cov_EllipticEnvelope,prec_GraphicalLassoCV,0.30629540505205977,96,96
101,cov_EllipticEnvelope,prec_LedoitWolf,0.3485699540996472,96,96
102,cov_EllipticEnvelope,prec_MinCovDet,0.4973488772534781,96,96
103,cov_EllipticEnvelope,prec_OAS,0.13085353392929983,96,96
104,cov_EllipticEnvelope,prec_ShrunkCovariance,0.997437402862884,96,96
105,cov_EllipticEnvelope,prec-sq_EmpiricalCovariance,0.09780958996932232,96,96
106,cov_EllipticEnvelope,prec-sq_EllipticEnvelope,0.10848780331670872,96,96
107,cov_EllipticEnvelope,prec-sq_GraphicalLasso,0.10474236879511817,96,96
108,cov_EllipticEnvelope,prec-sq_GraphicalLassoCV,0.19738235878733063,96,96
109,cov_EllipticEnvelope,prec-sq_LedoitWolf,0.3843816862588014,96,96
110,cov_EllipticEnvelope,prec-sq_MinCovDet,0.08720086400677757,96,96
111,cov_EllipticEnvelope,prec-sq_OAS,0.1679470761630042,96,96
112,cov_EllipticEnvelope,prec-sq_ShrunkCovariance,0.17826345542695485,96,96
113,cov_EllipticEnvelope,spearmanr-sq,0.0688697138841996,96,96
114,cov_EllipticEnvelope,spearmanr,0.9472042088692464,96,96
115,cov_EllipticEnvelope,kendalltau-sq,0.06444189657221508,96,96
116,cov_EllipticEnvelope,kendalltau,0.9460006604479511,96,96
117,cov_EllipticEnvelope,xcorr_max_sig-True,0.034901994651316715,96,96
118,cov_EllipticEnvelope,xcorr-sq_max_sig-True,0.02619570909227953,96,96
119,cov_EllipticEnvelope,xcorr_mean_sig-True,0.1074653652994037,96,96
120,cov_EllipticEnvelope,xcorr-sq_mean_sig-True,0.01753150656996416,96,96
121,cov_EllipticEnvelope,xcorr_mean_sig-False,0.1115233942149092,96,96
122,cov_EllipticEnvelope,xcorr-sq_mean_sig-False,0.017089965036981652,96,96
123,cov_EllipticEnvelope,pdist_euclidean,0.9994866977207341,96,96
124,cov_EllipticEnvelope,pdist_cityblock,0.9942803675897905,96,96
125,cov_EllipticEnvelope,pdist_cosine,0.9985950641619789,96,96
126,cov_EllipticEnvelope,pdist_chebyshev,0.1228670063906433,96,96
127,cov_EllipticEnvelope,pdist_canberra,0.7121015119281103,96,96
128,cov_EllipticEnvelope,pdist_braycurtis,0.9851373765001571,96,96
129,cov_EllipticEnvelope,di_gaussian,0.07979351511999,96,96
130,cov_EllipticEnvelope,di_kozachenko,0.0663915343696384,96,96
131,cov_EllipticEnvelope,di_kernel_W-0.5,0.009363399088946955,96,96
132,cov_EllipticEnvelope,mi_gaussian,0.10720831467584421,96,96
133,cov_EllipticEnvelope,mi_kraskov_NN-4,0.013217390282759922,96,96
134,cov_EllipticEnvelope,mi_kraskov_NN-4_DCE,0.0073488001710021456,96,96
135,cov_EllipticEnvelope,mi_kernel_W-0.25,0.05182753301090859,96,96
136,cov_EllipticEnvelope,tlmi_gaussian,0.056013395001880295,96,96
137,cov_EllipticEnvelope,tlmi_kraskov_NN-4,0.035739565027017806,96,96
138,cov_EllipticEnvelope,tlmi_kraskov_NN-4_DCE,0.026505695721730005,96,96
139,cov_EllipticEnvelope,tlmi_kernel_W-0.25,0.028189923832234398,96,96
140,cov_EllipticEnvelope,te_kraskov_NN-4_k-max-10_tau-max-4,0.028915969498191862,96,96
141,cov_EllipticEnvelope,te_kraskov_NN-4_DCE_k-max-10_tau-max-4,0.05325253429163401,96,96
142,cov_EllipticEnvelope,te_kraskov_NN-4_DCE_k-2_kt-1_l-1_lt-1,0.02040880523366051,96,96
143,cov_EllipticEnvelope,te_kraskov_NN-4_DCE_k-1_kt-1_l-1_lt-1,0.028736674840316723,96,96
144,cov_EllipticEnvelope,te_kraskov_NN-4_k-1_kt-1_l-1_lt-1,0.023948606633621528,96,96
145,cov_EllipticEnvelope,te_kernel_W-0.25_k-1,0.05292772312957872,96,96
146,cov_EllipticEnvelope,gc_gaussian_k-max-10_tau-max-2,0.01997128766205225,96,96
147,cov_EllipticEnvelope,gc_gaussian_k-1_kt-1_l-1_lt-1,0.054671845653409656,96,96
148,cov_EllipticEnvelope,te_symbolic_k-1_kt-1_l-1_lt-1,0.054671845653409656,96,96
149,cov_EllipticEnvelope,te_symbolic_k-10_kt-1_l-1_lt-1,0.04767221367060959,96,96
150,cov_EllipticEnvelope,phase_multitaper_mean_fs-1_fmin-0_fmax-0-5,0.10231343206702315,96,96
151,cov_EllipticEnvelope,phase_multitaper_mean_fs-1_fmin-0_fmax-0-25,0.08696540596608482,96,96
152,cov_EllipticEnvelope,phase_multitaper_mean_fs-1_fmin-0-25_fmax-0-5,0.10757479012632704,96,96
153,cov_EllipticEnvelope,phase_multitaper_max_fs-1_fmin-0_fmax-0-5,0.13863414685126796,96,96
154,cov_EllipticEnvelope,phase_multitaper_max_fs-1_fmin-0_fmax-0-25,0.16050242179258906,96,96
155,cov_EllipticEnvelope,phase_multitaper_max_fs-1_fmin-0-25_fmax-0-5,0.10766103940353716,96,96
156,cov_EllipticEnvelope,cohmag_multitaper_mean_fs-1_fmin-0_fmax-0-5,0.00990169351380675,96,96
157,cov_EllipticEnvelope,cohmag_multitaper_mean_fs-1_fmin-0_fmax-0-25,0.02761027400979471,96,96
158,cov_EllipticEnvelope,cohmag_multitaper_mean_fs-1_fmin-0-25_fmax-0-5,0.022514336451247757,96,96
159,cov_EllipticEnvelope,cohmag_multitaper_max_fs-1_fmin-0_fmax-0-5,0.0901077690623775,96,96
160,cov_EllipticEnvelope,cohmag_multitaper_max_fs-1_fmin-0_fmax-0-25,0.0312682633636201,96,96
161,cov_EllipticEnvelope,cohmag_multitaper_max_fs-1_fmin-0-25_fmax-0-5,0.0525017417734257,96,96
162,cov_EllipticEnvelope,psi_multitaper_mean_fs-1_fmin-0_fmax-0-5,0.10416666666666667,96,96
163,cov_EllipticEnvelope,psi_multitaper_mean_fs-1_fmin-0_fmax-0-25,0.125,96,96
164,cov_EllipticEnvelope,psi_multitaper_mean_fs-1_fmin-0-25_fmax-0-5,0.10416666666666667,96,96
165,cov_GraphicalLasso,cov_GraphicalLassoCV,0.04904238738927913,96,96
166,cov_GraphicalLasso,cov_LedoitWolf,0.0253521882248543,96,96
167,cov_GraphicalLasso,cov_MinCovDet,0.9933946090716188,96,96
168,cov_GraphicalLasso,cov_OAS,0.9993696645064162,96,96
169,cov_GraphicalLasso,cov_ShrunkCovariance,0.997165614021021,96,96
170,cov_GraphicalLasso,cov-sq_EmpiricalCovariance,0.0868668221840202,96,96
171,cov_GraphicalLasso,cov-sq_EllipticEnvelope,0.07972687055508657,96,96
172,cov_GraphicalLasso,cov-sq_GraphicalLasso,0.09000822831311961,96,96
173,cov_GraphicalLasso,cov-sq_GraphicalLassoCV,0.08312581533762209,96,96
174,cov_GraphicalLasso,cov-sq_LedoitWolf,0.019507900863741767,96,96
175,cov_GraphicalLasso,cov-sq_MinCovDet,0.09101936934597293,96,96
176,cov_GraphicalLasso,cov-sq_OAS,0.27385593800631214,96,96
177,cov_GraphicalLasso,cov-sq_ShrunkCovariance,0.0868668221840202,96,96
178,cov_GraphicalLasso,prec_EmpiricalCovariance,0.857098806799937,96,96
179,cov_GraphicalLasso,prec_EllipticEnvelope,0.9945070166385974,96,96
180,cov_GraphicalLasso,prec_GraphicalLasso,0.9400517477575033,96,96
181,cov_GraphicalLasso,prec_GraphicalLassoCV,0.05587713884195045,96,96
182,cov_GraphicalLasso,prec_LedoitWolf,0.0223887140498521,96,96
183,cov_GraphicalLasso,prec_MinCovDet,0.9929502281408763,96,96
184,cov_GraphicalLasso,prec_OAS,0.7871162127510646,96,96
185,cov_GraphicalLasso,prec_ShrunkCovariance,0.6876816203552222,96,96
186,cov_GraphicalLasso,prec-sq_EmpiricalCovariance,0.04712565281606318,96,96
187,cov_GraphicalLasso,prec-sq_EllipticEnvelope,0.06531068871660947,96,96
188,cov_GraphicalLasso,prec-sq_GraphicalLasso,0.047865498923426286,96,96
189,cov_GraphicalLasso,prec-sq_GraphicalLassoCV,0.14211278935021304,96,96
190,cov_GraphicalLasso,prec-sq_LedoitWolf,0.34816790896380917,96,96
191,cov_GraphicalLasso,prec-sq_MinCovDet,0.06750063486196561,96,96
192,cov_GraphicalLasso,prec-sq_OAS,0.20029671206710542,96,96
193,cov_GraphicalLasso,prec-sq_ShrunkCovariance,0.07788670152927735,96,96
194,cov_GraphicalLasso,spearmanr-sq,0.061985004568442054,96,96
195,cov_GraphicalLasso,spearmanr,0.9959686057064299,96,96
196,cov_GraphicalLasso,kendalltau-sq,0.06298021206014864,96,96
197,cov_GraphicalLasso,kendalltau,0.9955330709129028,96,96
198,cov_GraphicalLasso,xcorr_max_sig-True,0.18881676153871685,96,96
199,cov_GraphicalLasso,xcorr-sq_max_sig-True,0.017770689752141966,96,96
200,cov_GraphicalLasso,xcorr_mean_sig-True,0.22601762845951906,96,96
201,cov_GraphicalLasso,xcorr-sq_mean_sig-True,0.021701007234947167,96,96
202,cov_GraphicalLasso,xcorr_mean_sig-False,0.3028280090529064,96,96
203,cov_GraphicalLasso,xcorr-sq_mean_sig-False,0.029316114240434343,96,96
204,cov_GraphicalLasso,pdist_euclidean,0.99982589830599,96,96
205,cov_GraphicalLasso,pdist_cityblock,0.9812481479934703,96,96
206,cov_GraphicalLasso,pdist_cosine,0.7579961993294942,96,96
207,cov_GraphicalLasso,pdist_chebyshev,0.25787274139618804,96,96
208,cov_GraphicalLasso,pdist_canberra,0.9266260289261611,96,96
209,cov_GraphicalLasso,pdist_braycurtis,0.9295633212262834,96,96
210,cov_GraphicalLasso,di_gaussian,0.05527013995445862,96,96
211,cov_GraphicalLasso,di_kozachenko,0.04653008344812429,96,96
212,cov_GraphicalLasso,di_kernel_W-0.5,0.07143738358078539,96,96
213,cov_GraphicalLasso,mi_gaussian,0.052941841859988015,96,96
214,cov_GraphicalLasso,mi_kraskov_NN-4,0.03179429152510849,96,96
215,cov_GraphicalLasso,mi_kraskov_NN-4_DCE,0.025332901637429295,96,96
216,cov_GraphicalLasso,mi_kernel_W-0.25,0.07284132927245504,96,96
217,cov_GraphicalLasso,tlmi_gaussian,0.04259388970511052,96,96
218,cov_GraphicalLasso,tlmi_kraskov_NN-4,0.016440843473212383,96,96
219,cov_GraphicalLasso,tlmi_kraskov_NN-4_DCE,0.01670194282111659,96,96
220,cov_GraphicalLasso,tlmi_kernel_W-0.25,0.09408708301376201,96,96
221,cov_GraphicalLasso,te_kraskov_NN-4_k-max-10_tau-max-4,0.03837195934296367,96,96
222,cov_GraphicalLasso,te_kraskov_NN-4_DCE_k-max-10_tau-max-4,0.0719769749901431,96,96
223,cov_GraphicalLasso,te_kraskov_NN-4_DCE_k-2_kt-1_l-1_lt-1,0.04663940718801096,96,96
224,cov_GraphicalLasso,te_kraskov_NN-4_DCE_k-1_kt-1_l-1_lt-1,0.05776949310917623,96,96
225,cov_GraphicalLasso,te_kraskov_NN-4_k-1_kt-1_l-1_lt-1,0.06169326298785316,96,96
226,cov_GraphicalLasso,te_kernel_W-0.25_k-1,0.08708359460247889,96,96
227,cov_GraphicalLasso,gc_gaussian_k-max-10_tau-max-2,0.11096688862863383,96,96
228,cov_GraphicalLasso,gc_gaussian_k-1_kt-1_l-1_lt-1,0.04523838456504664,96,96
229,cov_GraphicalLasso,te_symbolic_k-1_kt-1_l-1_lt-1,0.04523838456504664,96,96
230,cov_GraphicalLasso,te_symbolic_k-10_kt-1_l-1_lt-1,0.0535780836806963,96,96
231,cov_GraphicalLasso,phase_multitaper_mean_fs-1_fmin-0_fmax-0-5,0.039303865212835576,96,96
232,cov_GraphicalLasso,phase_multitaper_mean_fs-1_fmin-0_fmax-0-25,0.046805958668241776,96,96
233,cov_GraphicalLasso,phase_multitaper_mean_fs-1_fmin-0-25_fmax-0-5,0.027290905822398348,96,96
234,cov_GraphicalLasso,phase_multitaper_max_fs-1_fmin-0_fmax-0-5,0.053167417539225104,96,96
235,cov_GraphicalLasso,phase_multitaper_max_fs-1_fmin-0_fmax-0-25,0.0609859675993174,96,96
236,cov_GraphicalLasso,phase_multitaper_max_fs-1_fmin-0-25_fmax-0-5,0.04800357081813067,96,96
237,cov_GraphicalLasso,cohmag_multitaper_mean_fs-1_fmin-0_fmax-0-5,0.06843809512182114,96,96
238,cov_GraphicalLasso,cohmag_multitaper_mean_fs-1_fmin-0_fmax-0-25,0.08473426436739587,96,96
239,cov_GraphicalLasso,cohmag_multitaper_mean_fs-1_fmin-0-25_fmax-0-5,0.07921527794321509,96,96
240,cov_GraphicalLasso,cohmag_multitaper_max_fs-1_fmin-0_fmax-0-5,0.08504259172897277,96,96
241,cov_GraphicalLasso,cohmag_multitaper_max_fs-1_fmin-0_fmax-0-25,0.08890859373035101,96,96
242,cov_GraphicalLasso,cohmag_multitaper_max_fs-1_fmin-0-25_fmax-0-5,0.054097796736436776,96,96
243,cov_GraphicalLasso,psi_multitaper_mean_fs-1_fmin-0_fmax-0-5,0.10416666666666667,96,96
244,cov_GraphicalLasso,psi_multitaper_mean_fs-1_fmin-0_fmax-0-25,0.10416666666666667,96,96
245,cov_GraphicalLasso,psi_multitaper_mean_fs-1_fmin-0-25_fmax-0-5,0.125,96,96
246,cov_GraphicalLassoCV,cov_LedoitWolf,0.38197774858781613,96,96
247,cov_GraphicalLassoCV,cov_MinCovDet,0.18709613260120372,96,96
248,cov_GraphicalLassoCV,cov_OAS,0.20258655330832415,96,96
249,cov_GraphicalLassoCV,cov_ShrunkCovariance,0.03932621182191576,96,96
250,cov_GraphicalLassoCV,cov-sq_EmpiricalCovariance,0.09383638463173727,96,96
251,cov_GraphicalLassoCV,cov-sq_EllipticEnvelope,0.05026008051903616,96,96
252,cov_GraphicalLassoCV,cov-sq_GraphicalLasso,0.08408187579954263,96,96
253,cov_GraphicalLassoCV,cov-sq_GraphicalLassoCV,0.09649895464497615,96,96
254,cov_GraphicalLassoCV,cov-sq_LedoitWolf,0.06208983474994079,96,96
255,cov_GraphicalLassoCV,cov-sq_MinCovDet,0.058696769209375,96,96
256,cov_GraphicalLassoCV,cov-sq_OAS,0.21168127879943,96,96
257,cov_GraphicalLassoCV,cov-sq_ShrunkCovariance,0.09383638463173727,96,96
258,cov_GraphicalLassoCV,prec_EmpiricalCovariance,0.18319059301922055,96,96
259,cov_GraphicalLassoCV,prec_EllipticEnvelope,0.17895695043385265,96,96
260,cov_GraphicalLassoCV,prec_GraphicalLasso,0.19100694727308892,96,96
261,cov_GraphicalLassoCV,prec_GraphicalLassoCV,0.06702974537734568,96,96
262,cov_GraphicalLassoCV,prec_LedoitWolf,0.3926117483151102,96,96
263,cov_GraphicalLassoCV,prec_MinCovDet,0.1677846387331613,96,96
264,cov_GraphicalLassoCV,prec_OAS,0.06137564035198051,96,96
265,cov_GraphicalLassoCV,prec_ShrunkCovariance,0.11098688264935608,96,96
266,cov_GraphicalLassoCV,prec-sq_EmpiricalCovariance,0.028495404004184932,96,96
267,cov_GraphicalLassoCV,prec-sq_EllipticEnvelope,0.019497024624503867,96,96
268,cov_GraphicalLassoCV,prec-sq_GraphicalLasso,0.023689813957203265,96,96
269,cov_GraphicalLassoCV,prec-sq_GraphicalLassoCV,0.05842976803432767,96,96
270,cov_GraphicalLassoCV,prec-sq_LedoitWolf,0.45110945024840543,96,96
271,cov_GraphicalLassoCV,prec-sq_MinCovDet,0.021890890817126724,96,96
272,cov_GraphicalLassoCV,prec-sq_OAS,0.12327253185466636,96,96
273,cov_GraphicalLassoCV,prec-sq_ShrunkCovariance,0.06888483990840136,96,96
274,cov_GraphicalLassoCV,spearmanr-sq,0.03993672959201047,96,96
275,cov_GraphicalLassoCV,spearmanr,0.19282327274053013,96,96
276,cov_GraphicalLassoCV,kendalltau-sq,0.04131063162454751,96,96
277,cov_GraphicalLassoCV,kendalltau,0.18974205714585768,96,96
278,cov_GraphicalLassoCV,xcorr_max_sig-True,0.07848431086656141,96,96
279,cov_GraphicalLassoCV,xcorr-sq_max_sig-True,0.07491516582466062,96,96
280,cov_GraphicalLassoCV,xcorr_mean_sig-True,0.020474722187440952,96,96
281,cov_GraphicalLassoCV,xcorr-sq_mean_sig-True,0.11042744329044973,96,96
282,cov_GraphicalLassoCV,xcorr_mean_sig-False,0.06158503430427442,96,96
283,cov_GraphicalLassoCV,xcorr-sq_mean_sig-False,0.08545565735993776,96,96
284,cov_GraphicalLassoCV,pdist_euclidean,0.18933144470692045,96,96
285,cov_GraphicalLassoCV,pdist_cityblock,0.17425684648419393,96,96
286,cov_GraphicalLassoCV,pdist_cosine,0.12953417472832912,96,96
287,cov_GraphicalLassoCV,pdist_chebyshev,0.04951958288577596,96,96
288,cov_GraphicalLassoCV,pdist_canberra,0.17546913361753794,96,96
289,cov_GraphicalLassoCV,pdist_braycurtis,0.20181004858000287,96,96
290,cov_GraphicalLassoCV,di_gaussian,0.03914639038410969,96,96
291,cov_GraphicalLassoCV,di_kozachenko,0.11733329089019436,96,96
292,cov_GraphicalLassoCV,di_kernel_W-0.5,0.16092118040107595,96,96
293,cov_GraphicalLassoCV,mi_gaussian,0.01763190196433928,96,96
294,cov_GraphicalLassoCV,mi_kraskov_NN-4,0.10140533348557856,96,96
295,cov_GraphicalLassoCV,mi_kraskov_NN-4_DCE,0.09819548200712702,96,96
296,cov_GraphicalLassoCV,mi_kernel_W-0.25,0.05677682790084296,96,96
297,cov_GraphicalLassoCV,tlmi_gaussian,0.11310263869971338,96,96
298,cov_GraphicalLassoCV,tlmi_kraskov_NN-4,0.03943403786527758,96,96
299,cov_GraphicalLassoCV,tlmi_kraskov_NN-4_DCE,0.04801569665443858,96,96
300,cov_GraphicalLassoCV,tlmi_kernel_W-0.25,0.19451515543802228,96,96
301,cov_GraphicalLassoCV,te_kraskov_NN-4_k-max-10_tau-max-4,0.14272002095177297,96,96
302,cov_GraphicalLassoCV,te_kraskov_NN-4_DCE_k-max-10_tau-max-4,0.10413882678275677,96,96
303,cov_GraphicalLassoCV,te_kraskov_NN-4_DCE_k-2_kt-1_l-1_lt-1,0.1264163393736797,96,96
304,cov_GraphicalLassoCV,te_kraskov_NN-4_DCE_k-1_kt-1_l-1_lt-1,0.025567984634225605,96,96
305,cov_GraphicalLassoCV,te_kraskov_NN-4_k-1_kt-1_l-1_lt-1,0.02229801058496439,96,96
306,cov_GraphicalLassoCV,te_kernel_W-0.25_k-1,0.0993807766508743,96,96
307,cov_GraphicalLassoCV,gc_gaussian_k-max-10_tau-max-2,0.16303607628839079,96,96
308,cov_GraphicalLassoCV,gc_gaussian_k-1_kt-1_l-1_lt-1,0.09799725671419579,96,96
309,cov_GraphicalLassoCV,te_symbolic_k-1_kt-1_l-1_lt-1,0.09799725671419579,96,96
310,cov_GraphicalLassoCV,te_symbolic_k-10_kt-1_l-1_lt-1,0.09359894482216526,96,96
311,cov_GraphicalLassoCV,phase_multitaper_mean_fs-1_fmin-0_fmax-0-5,0.026383030400199597,96,96
312,cov_GraphicalLassoCV,phase_multitaper_mean_fs-1_fmin-0_fmax-0-25,0.11802560916449134,96,96
313,cov_GraphicalLassoCV,phase_multitaper_mean_fs-1_fmin-0-25_fmax-0-5,0.039590824201993,96,96
314,cov_GraphicalLassoCV,phase_multitaper_max_fs-1_fmin-0_fmax-0-5,0.05213015319947639,96,96
315,cov_GraphicalLassoCV,phase_multitaper_max_fs-1_fmin-0_fmax-0-25,0.10927002243702766,96,96
316,cov_GraphicalLassoCV,phase_multitaper_max_fs-1_fmin-0-25_fmax-0-5,0.06140782091046604,96,96
317,cov_GraphicalLassoCV,cohmag_multitaper_mean_fs-1_fmin-0_fmax-0-5,0.10957020719658428,96,96
318,cov_GraphicalLassoCV,cohmag_multitaper_mean_fs-1_fmin-0_fmax-0-25,0.12086853235981256,96,96
319,cov_GraphicalLassoCV,cohmag_multitaper_mean_fs-1_fmin-0-25_fmax-0-5,0.11056480514804257,96,96
320,cov_GraphicalLassoCV,cohmag_multitaper_max_fs-1_fmin-0_fmax-0-5,0.12352457379004966,96,96
321,cov_GraphicalLassoCV,cohmag_multitaper_max_fs-1_fmin-0_fmax-0-25,0.11624852445251233,96,96
322,cov_GraphicalLassoCV,cohmag_multitaper_max_fs-1_fmin-0-25_fmax-0-5,0.12254812981733021,96,96
323,cov_GraphicalLassoCV,psi_multitaper_mean_fs-1_fmin-0_fmax-0-5,0.0625,96,96
324,cov_GraphicalLassoCV,psi_multitaper_mean_fs-1_fmin-0_fmax-0-25,0.14583333333333334,96,96
325,cov_GraphicalLassoCV,psi_multitaper_mean_fs-1_fmin-0-25_fmax-0-5,0.09375,96,96
326,cov_LedoitWolf,cov_MinCovDet,0.3407110001338972,96,96
327,cov_LedoitWolf,cov_OAS,0.019556312205534554,96,96
328,cov_LedoitWolf,cov_ShrunkCovariance,0.019556312205534554,96,96
329,cov_LedoitWolf,cov-sq_EmpiricalCovariance,0.021926528184076033,96,96
330,cov_LedoitWolf,cov-sq_EllipticEnvelope,0.024326260470469638,96,96
331,cov_LedoitWolf,cov-sq_GraphicalLasso,0.02105985949315775,96,96
332,cov_LedoitWolf,cov-sq_GraphicalLassoCV,0.05558122520482256,96,96
333,cov_LedoitWolf,cov-sq_LedoitWolf,0.021926528184076033,96,96
334,cov_LedoitWolf,cov-sq_MinCovDet,0.039764502171632965,96,96
335,cov_LedoitWolf,cov-sq_OAS,0.021926528184076033,96,96
336,cov_LedoitWolf,cov-sq_ShrunkCovariance,0.021926528184076033,96,96
337,cov_LedoitWolf,prec_EmpiricalCovariance,0.04108062539439489,96,96
338,cov_LedoitWolf,prec_EllipticEnvelope,0.339248689363525,96,96
339,cov_LedoitWolf,prec_GraphicalLasso,0.04037780382340439,96,96
340,cov_LedoitWolf,prec_GraphicalLassoCV,0.4680568474417633,96,96
341,cov_LedoitWolf,prec_LedoitWolf,0.016644112179612314,96,96
342,cov_LedoitWolf,prec_MinCovDet,0.339736323004529,96,96
343,cov_LedoitWolf,prec_OAS,0.04214453799215179,96,96
344,cov_LedoitWolf,prec_ShrunkCovariance,0.02136397069441287,96,96
345,cov_LedoitWolf,prec-sq_EmpiricalCovariance,0.06945328873104573,96,96
346,cov_LedoitWolf,prec-sq_EllipticEnvelope,0.037216494946609446,96,96
347,cov_LedoitWolf,prec-sq_GraphicalLasso,0.07058386543059511,96,96
348,cov_LedoitWolf,prec-sq_GraphicalLassoCV,0.1449588318199149,96,96
349,cov_LedoitWolf,prec-sq_LedoitWolf,0.34698745552015225,96,96
350,cov_LedoitWolf,prec-sq_MinCovDet,0.027919551685266997,96,96
351,cov_LedoitWolf,prec-sq_OAS,0.0689114951088145,96,96
352,cov_LedoitWolf,prec-sq_ShrunkCovariance,0.05326370770848676,96,96
353,cov_LedoitWolf,spearmanr-sq,0.16995941617299642,96,96
354,cov_LedoitWolf,spearmanr,0.4143999872040243,96,96
355,cov_LedoitWolf,kendalltau-sq,0.1671001700944062,96,96
356,cov_LedoitWolf,kendalltau,0.40432127100493875,96,96
357,cov_LedoitWolf,xcorr_max_sig-True,0.1343265333813622,96,96
358,cov_LedoitWolf,xcorr-sq_max_sig-True,0.08761575741650812,96,96
359,cov_LedoitWolf,xcorr_mean_sig-True,0.04723575145521344,96,96
360,cov_LedoitWolf,xcorr-sq_mean_sig-True,0.0753397841581609,96,96
361,cov_LedoitWolf,xcorr_mean_sig-False,0.05546013024022438,96,96
362,cov_LedoitWolf,xcorr-sq_mean_sig-False,0.10786751064777211,96,96
363,cov_LedoitWolf,pdist_euclidean,0.3788289133378514,96,96
364,cov_LedoitWolf,pdist_cityblock,0.3150774207433604,96,96
365,cov_LedoitWolf,pdist_cosine,0.019756366947736526,96,96
366,cov_LedoitWolf,pdist_chebyshev,0.0617875088224647,96,96
367,cov_LedoitWolf,pdist_canberra,0.5269737959941228,96,96
368,cov_LedoitWolf,pdist_braycurtis,0.21112014855249162,96,96
369,cov_LedoitWolf,di_gaussian,0.08520799582216118,96,96
370,cov_LedoitWolf,di_kozachenko,0.038705901850145,96,96
371,cov_LedoitWolf,di_kernel_W-0.5,0.03830986222035693,96,96
372,cov_LedoitWolf,mi_gaussian,0.021987334989636523,96,96
373,cov_LedoitWolf,mi_kraskov_NN-4,0.036782986772406545,96,96
374,cov_LedoitWolf,mi_kraskov_NN-4_DCE,0.020189817702058094,96,96
375,cov_LedoitWolf,mi_kernel_W-0.25,0.08731782556846499,96,96
376,cov_LedoitWolf,tlmi_gaussian,0.05106930903156906,96,96
377,cov_LedoitWolf,tlmi_kraskov_NN-4,0.03607141498067434,96,96
378,cov_LedoitWolf,tlmi_kraskov_NN-4_DCE,0.05763296290911524,96,96
379,cov_LedoitWolf,tlmi_kernel_W-0.25,0.06586287764276144,96,96
380,cov_LedoitWolf,te_kraskov_NN-4_k-max-10_tau-max-4,0.2052899722978461,96,96
381,cov_LedoitWolf,te_kraskov_NN-4_DCE_k-max-10_tau-max-4,0.13763523765842667,96,96
382,cov_LedoitWolf,te_kraskov_NN-4_DCE_k-2_kt-1_l-1_lt-1,0.08272987458431848,96,96
383,cov_LedoitWolf,te_kraskov_NN-4_DCE_k-1_kt-1_l-1_lt-1,0.046870521681666055,96,96
384,cov_LedoitWolf,te_kraskov_NN-4_k-1_kt-1_l-1_lt-1,0.033272729468249995,96,96
385,cov_LedoitWolf,te_kernel_W-0.25_k-1,0.023842354789685105,96,96
386,cov_LedoitWolf,gc_gaussian_k-max-10_tau-max-2,0.028678062005360938,96,96
387,cov_LedoitWolf,gc_gaussian_k-1_kt-1_l-1_lt-1,0.05170811987950233,96,96
388,cov_LedoitWolf,te_symbolic_k-1_kt-1_l-1_lt-1,0.05170811987950233,96,96
389,cov_LedoitWolf,te_symbolic_k-10_kt-1_l-1_lt-1,0.059242844550069396,96,96
390,cov_LedoitWolf,phase_multitaper_mean_fs-1_fmin-0_fmax-0-5,0.019709400784586273,96,96
391,cov_LedoitWolf,phase_multitaper_mean_fs-1_fmin-0_fmax-0-25,0.008593316184425936,96,96
392,cov_LedoitWolf,phase_multitaper_mean_fs-1_fmin-0-25_fmax-0-5,0.07087594611449213,96,96
393,cov_LedoitWolf,phase_multitaper_max_fs-1_fmin-0_fmax-0-5,0.02415077087043005,96,96
394,cov_LedoitWolf,phase_multitaper_max_fs-1_fmin-0_fmax-0-25,0.02146818565289893,96,96
395,cov_LedoitWolf,phase_multitaper_max_fs-1_fmin-0-25_fmax-0-5,0.05026840671269325,96,96
396,cov_LedoitWolf,cohmag_multitaper_mean_fs-1_fmin-0_fmax-0-5,0.032835780106605456,96,96
397,cov_LedoitWolf,cohmag_multitaper_mean_fs-1_fmin-0_fmax-0-25,0.022554882612724175,96,96
398,cov_LedoitWolf,cohmag_multitaper_mean_fs-1_fmin-0-25_fmax-0-5,0.010433827424796704,96,96
399,cov_LedoitWolf,cohmag_multitaper_max_fs-1_fmin-0_fmax-0-5,0.05093390675955234,96,96
400,cov_LedoitWolf,cohmag_multitaper_max_fs-1_fmin-0_fmax-0-25,0.08729777098958091,96,96
401,cov_LedoitWolf,cohmag_multitaper_max_fs-1_fmin-0-25_fmax-0-5,0.08591771817813243,96,96
402,cov_LedoitWolf,psi_multitaper_mean_fs-1_fmin-0_fmax-0-5,0.11458333333333333,96,96
403,cov_LedoitWolf,psi_multitaper_mean_fs-1_fmin-0_fmax-0-25,0.16666666666666666,96,96
404,cov_LedoitWolf,psi_multitaper_mean_fs-1_fmin-0-25_fmax-0-5,0.09375,96,96
405,cov_MinCovDet,cov_OAS,0.1125016301427545,96,96
406,cov_MinCovDet,cov_ShrunkCovariance,0.9966206047854563,96,96
407,cov_MinCovDet,cov-sq_EmpiricalCovariance,0.0895114296472374,96,96
408,cov_MinCovDet,cov-sq_EllipticEnvelope,0.07883594844838518,96,96
409,cov_MinCovDet,cov-sq_GraphicalLasso,0.08705166827964356,96,96
410,cov_MinCovDet,cov-sq_GraphicalLassoCV,0.013584992467048584,96,96
411,cov_MinCovDet,cov-sq_LedoitWolf,0.1088575550453727,96,96
412,cov_MinCovDet,cov-sq_MinCovDet,0.08033800107961508,96,96
413,cov_MinCovDet,cov-sq_OAS,0.2373038833428327,96,96
414,cov_MinCovDet,cov-sq_ShrunkCovariance,0.0895114296472374,96,96
415,cov_MinCovDet,prec_EmpiricalCovariance,0.9966720275776813,96,96
416,cov_MinCovDet,prec_EllipticEnvelope,0.5195782164763967,96,96
417,cov_MinCovDet,prec_GraphicalLasso,0.9953264347501056,96,96
418,cov_MinCovDet,prec_GraphicalLassoCV,0.2918914291743573,96,96
419,cov_MinCovDet,prec_LedoitWolf,0.3442107713535665,96,96
420,cov_MinCovDet,prec_MinCovDet,0.5377024791774463,96,96
421,cov_MinCovDet,prec_OAS,0.12830159217261156,96,96
422,cov_MinCovDet,prec_ShrunkCovariance,0.996952549104873,96,96
423,cov_MinCovDet,prec-sq_EmpiricalCovariance,0.092201911167689,96,96
424,cov_MinCovDet,prec-sq_EllipticEnvelope,0.10518668770649023,96,96
425,cov_MinCovDet,prec-sq_GraphicalLasso,0.09499795726305582,96,96
426,cov_MinCovDet,prec-sq_GraphicalLassoCV,0.19101445318200266,96,96
427,cov_MinCovDet,prec-sq_LedoitWolf,0.3907384108948285,96,96
428,cov_MinCovDet,prec-sq_MinCovDet,0.09136689912358198,96,96
429,cov_MinCovDet,prec-sq_OAS,0.1651978406661394,96,96
430,cov_MinCovDet,prec-sq_ShrunkCovariance,0.17962324002072133,96,96
431,cov_MinCovDet,spearmanr-sq,0.080353073508621,96,96
432,cov_MinCovDet,spearmanr,0.9539081353631903,96,96
433,cov_MinCovDet,kendalltau-sq,0.07694564291884415,96,96
434,cov_MinCovDet,kendalltau,0.9518674567891733,96,96
435,cov_MinCovDet,xcorr_max_sig-True,0.04689810279202722,96,96
436,cov_MinCovDet,xcorr-sq_max_sig-True,0.024015879216639724,96,96
437,cov_MinCovDet,xcorr_mean_sig-True,0.10849940123894936,96,96
438,cov_MinCovDet,xcorr-sq_mean_sig-True,0.015310934348019112,96,96
439,cov_MinCovDet,xcorr_mean_sig-False,0.10594419029480434,96,96
440,cov_MinCovDet,xcorr-sq_mean_sig-False,0.014311141872308919,96,96
441,cov_MinCovDet,pdist_euclidean,0.9993585852477458,96,96
442,cov_MinCovDet,pdist_cityblock,0.9949869185078705,96,96
443,cov_MinCovDet,pdist_cosine,0.9980677232444481,96,96
444,cov_MinCovDet,pdist_chebyshev,0.11416995773872707,96,96
445,cov_MinCovDet,pdist_canberra,0.7176766636201107,96,96
446,cov_MinCovDet,pdist_braycurtis,0.9869704905529626,96,96
447,cov_MinCovDet,di_gaussian,0.06306128512266262,96,96
448,cov_MinCovDet,di_kozachenko,0.06623105985563538,96,96
449,cov_MinCovDet,di_kernel_W-0.5,0.04201579385014298,96,96
450,cov_MinCovDet,mi_gaussian,0.10892894583705279,96,96
451,cov_MinCovDet,mi_kraskov_NN-4,0.010563618265836516,96,96
452,cov_MinCovDet,mi_kraskov_NN-4_DCE,0.005372445248794766,96,96
453,cov_MinCovDet,mi_kernel_W-0.25,0.05357757154162224,96,96
454,cov_MinCovDet,tlmi_gaussian,0.057370893040543436,96,96
455,cov_MinCovDet,tlmi_kraskov_NN-4,0.053752583399484855,96,96
456,cov_MinCovDet,tlmi_kraskov_NN-4_DCE,0.04631146674862818,96,96
457,cov_MinCovDet,tlmi_kernel_W-0.25,0.03658086905228661,96,96
458,cov_MinCovDet,te_kraskov_NN-4_k-max-10_tau-max-4,0.01632825466713228,96,96
459,cov_MinCovDet,te_kraskov_NN-4_DCE_k-max-10_tau-max-4,0.03840780490463247,96,96
460,cov_MinCovDet,te_kraskov_NN-4_DCE_k-2_kt-1_l-1_lt-1,0.02252966804791917,96,96
461,cov_MinCovDet,te_kraskov_NN-4_DCE_k-1_kt-1_l-1_lt-1,0.04534569446047154,96,96
462,cov_MinCovDet,te_kraskov_NN-4_k-1_kt-1_l-1_lt-1,0.03831802567657805,96,96
463,cov_MinCovDet,te_kernel_W-0.25_k-1,0.06974686285517076,96,96
464,cov_MinCovDet,gc_gaussian_k-max-10_tau-max-2,0.019678262563506577,96,96
465,cov_MinCovDet,gc_gaussian_k-1_kt-1_l-1_lt-1,0.05674985301253843,96,96
466,cov_MinCovDet,te_symbolic_k-1_kt-1_l-1_lt-1,0.05674985301253843,96,96
467,cov_MinCovDet,te_symbolic_k-10_kt-1_l-1_lt-1,0.05039843451440873,96,96
468,cov_MinCovDet,phase_multitaper_mean_fs-1_fmin-0_fmax-0-5,0.09422764539016981,96,96
469,cov_MinCovDet,phase_multitaper_mean_fs-1_fmin-0_fmax-0-25,0.07414108735539465,96,96
470,cov_MinCovDet,phase_multitaper_mean_fs-1_fmin-0-25_fmax-0-5,0.09148722910680113,96,96
471,cov_MinCovDet,phase_multitaper_max_fs-1_fmin-0_fmax-0-5,0.141176550162245,96,96
472,cov_MinCovDet,phase_multitaper_max_fs-1_fmin-0_fmax-0-25,0.1592034177430235,96,96
473,cov_MinCovDet,phase_multitaper_max_fs-1_fmin-0-25_fmax-0-5,0.10723479602940855,96,96
474,cov_MinCovDet,cohmag_multitaper_mean_fs-1_fmin-0_fmax-0-5,0.013932037276629311,96,96
475,cov_MinCovDet,cohmag_multitaper_mean_fs-1_fmin-0_fmax-0-25,0.03854612424399678,96,96
476,cov_MinCovDet,cohmag_multitaper_mean_fs-1_fmin-0-25_fmax-0-5,0.020293729451288295,96,96
477,cov_MinCovDet,cohmag_multitaper_max_fs-1_fmin-0_fmax-0-5,0.09399770451390388,96,96
478,cov_MinCovDet,cohmag_multitaper_max_fs-1_fmin-0_fmax-0-25,0.03380860761437343,96,96
479,cov_MinCovDet,cohmag_multitaper_max_fs-1_fmin-0-25_fmax-0-5,0.05416010590471387,96,96
480,cov_MinCovDet,psi_multitaper_mean_fs-1_fmin-0_fmax-0-5,0.10416666666666667,96,96
481,cov_MinCovDet,psi_multitaper_mean_fs-1_fmin-0_fmax-0-25,0.13541666666666666,96,96
482,cov_MinCovDet,psi_multitaper_mean_fs-1_fmin-0-25_fmax-0-5,0.10416666666666667,96,96
483,cov_OAS,cov_ShrunkCovariance,0.875,96,96
484,cov_OAS,cov-sq_EmpiricalCovariance,0.27678965940460676,96,96
485,cov_OAS,cov-sq_EllipticEnvelope,0.21675507914432868,96,96
486,cov_OAS,cov-sq_GraphicalLasso,0.2754242107372753,96,96
487,cov_OAS,cov-sq_GraphicalLassoCV,0.2360203049721301,96,96
488,cov_OAS,cov-sq_LedoitWolf,0.021926528184076033,96,96
489,cov_OAS,cov-sq_MinCovDet,0.21744959709424805,96,96
490,cov_OAS,cov-sq_OAS,0.27678965940460676,96,96
491,cov_OAS,cov-sq_ShrunkCovariance,0.27678965940460676,96,96
492,cov_OAS,prec_EmpiricalCovariance,0.7448284849296702,96,96
493,cov_OAS,prec_EllipticEnvelope,0.1184310225182671,96,96
494,cov_OAS,prec_GraphicalLasso,0.7463020271229386,96,96
495,cov_OAS,prec_GraphicalLassoCV,0.15578260227526697,96,96
496,cov_OAS,prec_LedoitWolf,0.016644112179612314,96,96
497,cov_OAS,prec_MinCovDet,0.11742754922905585,96,96
498,cov_OAS,prec_OAS,0.7847736215551341,96,96
499,cov_OAS,prec_ShrunkCovariance,0.8123917107403495,96,96
500,cov_OAS,prec-sq_EmpiricalCovariance,0.2188398028762536,96,96
501,cov_OAS,prec-sq_EllipticEnvelope,0.25020097279945874,96,96
502,cov_OAS,prec-sq_GraphicalLasso,0.21647000338569894,96,96
503,cov_OAS,prec-sq_GraphicalLassoCV,0.04721081509000524,96,96
504,cov_OAS,prec-sq_LedoitWolf,0.34698745552015225,96,96
505,cov_OAS,prec-sq_MinCovDet,0.2546585069713362,96,96
506,cov_OAS,prec-sq_OAS,0.20329212977302752,96,96
507,cov_OAS,prec-sq_ShrunkCovariance,0.15753606865936526,96,96
508,cov_OAS,spearmanr-sq,0.18387049562554414,96,96
509,cov_OAS,spearmanr,0.13971332706997508,96,96
510,cov_OAS,kendalltau-sq,0.18868516553391027,96,96
511,cov_OAS,kendalltau,0.14494012790445066,96,96
512,cov_OAS,xcorr_max_sig-True,0.47476535405101583,96,96
513,cov_OAS,xcorr-sq_max_sig-True,0.32095691790762054,96,96
514,cov_OAS,xcorr_mean_sig-True,0.3928230241641167,96,96
515,cov_OAS,xcorr-sq_mean_sig-True,0.30022564555135256,96,96
516,cov_OAS,xcorr_mean_sig-False,0.5241112794891916,96,96
517,cov_OAS,xcorr-sq_mean_sig-False,0.30546512361697437,96,96
518,cov_OAS,pdist_euclidean,0.17735667094686122,96,96
519,cov_OAS,pdist_cityblock,0.12756064461420769,96,96
520,cov_OAS,pdist_cosine,0.7908247803823545,96,96
521,cov_OAS,pdist_chebyshev,0.21849730921102506,96,96
522,cov_OAS,pdist_canberra,0.13613832105501877,96,96
523,cov_OAS,pdist_braycurtis,0.35137577582385704,96,96
524,cov_OAS,di_gaussian,0.2120484574827854,96,96
525,cov_OAS,di_kozachenko,0.32221903990365997,96,96
526,cov_OAS,di_kernel_W-0.5,0.3298349397556313,96,96
527,cov_OAS,mi_gaussian,0.21952677706643364,96,96
528,cov_OAS,mi_kraskov_NN-4,0.24034483066004714,96,96
529,cov_OAS,mi_kraskov_NN-4_DCE,0.2508302046085247,96,96
530,cov_OAS,mi_kernel_W-0.25,0.2752777602674369,96,96
531,cov_OAS,tlmi_gaussian,0.2599143676026823,96,96
532,cov_OAS,tlmi_kraskov_NN-4,0.24214074443085853,96,96
533,cov_OAS,tlmi_kraskov_NN-4_DCE,0.2682442356299721,96,96
534,cov_OAS,tlmi_kernel_W-0.25,0.3415227059104968,96,96
535,cov_OAS,te_kraskov_NN-4_k-max-10_tau-max-4,0.3446753942823656,96,96
536,cov_OAS,te_kraskov_NN-4_DCE_k-max-10_tau-max-4,0.32382882205449315,96,96
537,cov_OAS,te_kraskov_NN-4_DCE_k-2_kt-1_l-1_lt-1,0.29831689128834754,96,96
538,cov_OAS,te_kraskov_NN-4_DCE_k-1_kt-1_l-1_lt-1,0.25976695741022826,96,96
539,cov_OAS,te_kraskov_NN-4_k-1_kt-1_l-1_lt-1,0.2727354516882594,96,96
540,cov_OAS,te_kernel_W-0.25_k-1,0.3811786368953551,96,96
541,cov_OAS,gc_gaussian_k-max-10_tau-max-2,0.37475333555304885,96,96
542,cov_OAS,gc_gaussian_k-1_kt-1_l-1_lt-1,0.2592399435958042,96,96
543,cov_OAS,te_symbolic_k-1_kt-1_l-1_lt-1,0.2592399435958042,96,96
544,cov_OAS,te_symbolic_k-10_kt-1_l-1_lt-1,0.27269723206945473,96,96
545,cov_OAS,phase_multitaper_mean_fs-1_fmin-0_fmax-0-5,0.3151215584844014,96,96
546,cov_OAS,phase_multitaper_mean_fs-1_fmin-0_fmax-0-25,0.3607233948199576,96,96
547,cov_OAS,phase_multitaper_mean_fs-1_fmin-0-25_fmax-0-5,0.24993229834492126,96,96
548,cov_OAS,phase_multitaper_max_fs-1_fmin-0_fmax-0-5,0.2879876968346061,96,96
549,cov_OAS,phase_multitaper_max_fs-1_fmin-0_fmax-0-25,0.36786815287689395,96,96
550,cov_OAS,phase_multitaper_max_fs-1_fmin-0-25_fmax-0-5,0.28489326118268654,96,96
551,cov_OAS,cohmag_multitaper_mean_fs-1_fmin-0_fmax-0-5,0.38730296453264224,96,96
552,cov_OAS,cohmag_multitaper_mean_fs-1_fmin-0_fmax-0-25,0.33855142851118286,96,96
553,cov_OAS,cohmag_multitaper_mean_fs-1_fmin-0-25_fmax-0-5,0.3677583357510189,96,96
554,cov_OAS,cohmag_multitaper_max_fs-1_fmin-0_fmax-0-5,0.3697808051992037,96,96
555,cov_OAS,cohmag_multitaper_max_fs-1_fmin-0_fmax-0-25,0.41043293301012185,96,96
556,cov_OAS,cohmag_multitaper_max_fs-1_fmin-0-25_fmax-0-5,0.3429331846899376,96,96
557,cov_OAS,psi_multitaper_mean_fs-1_fmin-0_fmax-0-5,0.14583333333333334,96,96
558,cov_OAS,psi_multitaper_mean_fs-1_fmin-0_fmax-0-25,0.11458333333333333,96,96
559,cov_OAS,psi_multitaper_mean_fs-1_fmin-0-25_fmax-0-5,0.09375,96,96
560,cov_ShrunkCovariance,cov-sq_EmpiricalCovariance,0.08959220226350018,96,96
561,cov_ShrunkCovariance,cov-sq_EllipticEnvelope,0.08403049550473995,96,96
562,cov_ShrunkCovariance,cov-sq_GraphicalLasso,0.0885325193852079,96,96
563,cov_ShrunkCovariance,cov-sq_GraphicalLassoCV,0.0851925826501505,96,96
564,cov_ShrunkCovariance,cov-sq_LedoitWolf,0.021926528184076033,96,96
565,cov_ShrunkCovariance,cov-sq_MinCovDet,0.09760992998436374,96,96
566,cov_ShrunkCovariance,cov-sq_OAS,0.27678965940460676,96,96
567,cov_ShrunkCovariance,cov-sq_ShrunkCovariance,0.08959220226350018,96,96
568,cov_ShrunkCovariance,prec_EmpiricalCovariance,0.9785300976292417,96,96
569,cov_ShrunkCovariance,prec_EllipticEnvelope,0.9972333443678347,96,96
570,cov_ShrunkCovariance,prec_GraphicalLasso,0.9535999562919878,96,96
571,cov_ShrunkCovariance,prec_GraphicalLassoCV,0.05587713884195045,96,96
572,cov_ShrunkCovariance,prec_LedoitWolf,0.016644112179612314,96,96
573,cov_ShrunkCovariance,prec_MinCovDet,0.9964849664335618,96,96
574,cov_ShrunkCovariance,prec_OAS,0.7847736215551341,96,96
575,cov_ShrunkCovariance,prec_ShrunkCovariance,0.9441506079034664,96,96
576,cov_ShrunkCovariance,prec-sq_EmpiricalCovariance,0.044898481202350515,96,96
577,cov_ShrunkCovariance,prec-sq_EllipticEnvelope,0.07244895097331433,96,96
578,cov_ShrunkCovariance,prec-sq_GraphicalLasso,0.04758849821444866,96,96
579,cov_ShrunkCovariance,prec-sq_GraphicalLassoCV,0.14211278935021304,96,96
580,cov_ShrunkCovariance,prec-sq_LedoitWolf,0.34698745552015225,96,96
581,cov_ShrunkCovariance,prec-sq_MinCovDet,0.07718596168459635,96,96
582,cov_ShrunkCovariance,prec-sq_OAS,0.20329212977302752,96,96
583,cov_ShrunkCovariance,prec-sq_ShrunkCovariance,0.07840110712960988,96,96
584,cov_ShrunkCovariance,spearmanr-sq,0.062017519244322916,96,96
585,cov_ShrunkCovariance,spearmanr,0.9994687543424658,96,96
586,cov_ShrunkCovariance,kendalltau-sq,0.0654254553552355,96,96
587,cov_ShrunkCovariance,kendalltau,0.9994143425737323,96,96
588,cov_ShrunkCovariance,xcorr_max_sig-True,0.19182430817836804,96,96
589,cov_ShrunkCovariance,xcorr-sq_max_sig-True,0.0179498525198446,96,96
590,cov_ShrunkCovariance,xcorr_mean_sig-True,0.2291540362526735,96,96
591,cov_ShrunkCovariance,xcorr-sq_mean_sig-True,0.0212051514122924,96,96
592,cov_ShrunkCovariance,xcorr_mean_sig-False,0.3030625194049926,96,96
593,cov_ShrunkCovariance,xcorr-sq_mean_sig-False,0.023086275941367806,96,96
594,cov_ShrunkCovariance,pdist_euclidean,1.0,96,96
595,cov_ShrunkCovariance,pdist_cityblock,0.9854864921056898,96,96
596,cov_ShrunkCovariance,pdist_cosine,1.0,96,96
597,cov_ShrunkCovariance,pdist_chebyshev,0.24224671655852004,96,96
598,cov_ShrunkCovariance,pdist_canberra,0.9310891431784798,96,96
599,cov_ShrunkCovariance,pdist_braycurtis,0.9635630417445172,96,96
600,cov_ShrunkCovariance,di_gaussian,0.04348357184377882,96,96
601,cov_ShrunkCovariance,di_kozachenko,0.04250475693989031,96,96
602,cov_ShrunkCovariance,di_kernel_W-0.5,0.07493106958099652,96,96
603,cov_ShrunkCovariance,mi_gaussian,0.0549408460889364,96,96
604,cov_ShrunkCovariance,mi_kraskov_NN-4,0.04367323640776455,96,96
605,cov_ShrunkCovariance,mi_kraskov_NN-4_DCE,0.03643046641416503,96,96
606,cov_ShrunkCovariance,mi_kernel_W-0.25,0.06666843215176108,96,96
607,cov_ShrunkCovariance,tlmi_gaussian,0.030040483926919465,96,96
608,cov_ShrunkCovariance,tlmi_kraskov_NN-4,0.0189445390516763,96,96
609,cov_ShrunkCovariance,tlmi_kraskov_NN-4_DCE,0.011925683181959745,96,96
610,cov_ShrunkCovariance,tlmi_kernel_W-0.25,0.07802585971512402,96,96
611,cov_ShrunkCovariance,te_kraskov_NN-4_k-max-10_tau-max-4,0.05139417905046351,96,96
612,cov_ShrunkCovariance,te_kraskov_NN-4_DCE_k-max-10_tau-max-4,0.08342649564390636,96,96
613,cov_ShrunkCovariance,te_kraskov_NN-4_DCE_k-2_kt-1_l-1_lt-1,0.05809783193415019,96,96
614,cov_ShrunkCovariance,te_kraskov_NN-4_DCE_k-1_kt-1_l-1_lt-1,0.05447205858123483,96,96
615,cov_ShrunkCovariance,te_kraskov_NN-4_k-1_kt-1_l-1_lt-1,0.0571317535385264,96,96
616,cov_ShrunkCovariance,te_kernel_W-0.25_k-1,0.09343597889174154,96,96
617,cov_ShrunkCovariance,gc_gaussian_k-max-10_tau-max-2,0.09792927037653598,96,96
618,cov_ShrunkCovariance,gc_gaussian_k-1_kt-1_l-1_lt-1,0.03172313060749418,96,96
619,cov_ShrunkCovariance,te_symbolic_k-1_kt-1_l-1_lt-1,0.03172313060749418,96,96
620,cov_ShrunkCovariance,te_symbolic_k-10_kt-1_l-1_lt-1,0.03469487223021692,96,96
621,cov_ShrunkCovariance,phase_multitaper_mean_fs-1_fmin-0_fmax-0-5,0.03261590866004721,96,96
622,cov_ShrunkCovariance,phase_multitaper_mean_fs-1_fmin-0_fmax-0-25,0.03972763215349728,96,96
623,cov_ShrunkCovariance,phase_multitaper_mean_fs-1_fmin-0-25_fmax-0-5,0.021017753455747634,96,96
624,cov_ShrunkCovariance,phase_multitaper_max_fs-1_fmin-0_fmax-0-5,0.05227863561841711,96,96
625,cov_ShrunkCovariance,phase_multitaper_max_fs-1_fmin-0_fmax-0-25,0.06345920343260514,96,96
626,cov_ShrunkCovariance,phase_multitaper_max_fs-1_fmin-0-25_fmax-0-5,0.055459139611650055,96,96
627,cov_ShrunkCovariance,cohmag_multitaper_mean_fs-1_fmin-0_fmax-0-5,0.06881329656081014,96,96
628,cov_ShrunkCovariance,cohmag_multitaper_mean_fs-1_fmin-0_fmax-0-25,0.08526728307563797,96,96
629,cov_ShrunkCovariance,cohmag_multitaper_mean_fs-1_fmin-0-25_fmax-0-5,0.08740847192180157,96,96
630,cov_ShrunkCovariance,cohmag_multitaper_max_fs-1_fmin-0_fmax-0-5,0.08952437307800898,96,96
631,cov_ShrunkCovariance,cohmag_multitaper_max_fs-1_fmin-0_fmax-0-25,0.0818469648497786,96,96
632,cov_ShrunkCovariance,cohmag_multitaper_max_fs-1_fmin-0-25_fmax-0-5,0.05956801835135378,96,96
633,cov_ShrunkCovariance,psi_multitaper_mean_fs-1_fmin-0_fmax-0-5,0.10416666666666667,96,96
634,cov_ShrunkCovariance,psi_multitaper_mean_fs-1_fmin-0_fmax-0-25,0.10416666666666667,96,96
635,cov_ShrunkCovariance,psi_multitaper_mean_fs-1_fmin-0-25_fmax-0-5,0.125,96,96
636,cov-sq_EmpiricalCovariance,cov-sq_EllipticEnvelope,0.9442103651805537,96,96
637,cov-sq_EmpiricalCovariance,cov-sq_GraphicalLasso,0.9973499158269993,96,96
638,cov-sq_EmpiricalCovariance,cov-sq_GraphicalLassoCV,0.03020646500876578,96,96
639,cov-sq_EmpiricalCovariance,cov-sq_LedoitWolf,0.019556312205534554,96,96
640,cov-sq_EmpiricalCovariance,cov-sq_MinCovDet,0.9441573097089773,96,96
641,cov-sq_EmpiricalCovariance,cov-sq_OAS,0.875,96,96
642,cov-sq_EmpiricalCovariance,cov-sq_ShrunkCovariance,0.08333333333333333,96,96
643,cov-sq_EmpiricalCovariance,prec_EmpiricalCovariance,0.14398560916781333,96,96
644,cov-sq_EmpiricalCovariance,prec_EllipticEnvelope,0.09605873182287405,96,96
645,cov-sq_EmpiricalCovariance,prec_GraphicalLasso,0.14915161089385665,96,96
646,cov-sq_EmpiricalCovariance,prec_GraphicalLassoCV,0.05049995148635769,96,96
647,cov-sq_EmpiricalCovariance,prec_LedoitWolf,0.01723030649617019,96,96
648,cov-sq_EmpiricalCovariance,prec_MinCovDet,0.08275023970182538,96,96
649,cov-sq_EmpiricalCovariance,prec_OAS,0.19692476271410925,96,96
650,cov-sq_EmpiricalCovariance,prec_ShrunkCovariance,0.10265416143281947,96,96
651,cov-sq_EmpiricalCovariance,prec-sq_EmpiricalCovariance,0.9849847291409503,96,96
652,cov-sq_EmpiricalCovariance,prec-sq_EllipticEnvelope,0.935254012025996,96,96
653,cov-sq_EmpiricalCovariance,prec-sq_GraphicalLasso,0.9903593217827086,96,96
654,cov-sq_EmpiricalCovariance,prec-sq_GraphicalLassoCV,0.3020304868129836,96,96
655,cov-sq_EmpiricalCovariance,prec-sq_LedoitWolf,0.4293861376731052,96,96
656,cov-sq_EmpiricalCovariance,prec-sq_MinCovDet,0.9403726153041987,96,96
657,cov-sq_EmpiricalCovariance,prec-sq_OAS,0.08567497670762647,96,96
658,cov-sq_EmpiricalCovariance,prec-sq_ShrunkCovariance,0.9792440328835507,96,96
659,cov-sq_EmpiricalCovariance,spearmanr-sq,0.9878229844967761,96,96
660,cov-sq_EmpiricalCovariance,spearmanr,0.09954258250201423,96,96
661,cov-sq_EmpiricalCovariance,kendalltau-sq,0.9894224077676227,96,96
662,cov-sq_EmpiricalCovariance,kendalltau,0.10400426343762278,96,96
663,cov-sq_EmpiricalCovariance,xcorr_max_sig-True,0.21626495018586994,96,96
664,cov-sq_EmpiricalCovariance,xcorr-sq_max_sig-True,0.08024332558820618,96,96
665,cov-sq_EmpiricalCovariance,xcorr_mean_sig-True,0.06378470867061703,96,96
666,cov-sq_EmpiricalCovariance,xcorr-sq_mean_sig-True,0.2429344784959867,96,96
667,cov-sq_EmpiricalCovariance,xcorr_mean_sig-False,0.008847273360600982,96,96
668,cov-sq_EmpiricalCovariance,xcorr-sq_mean_sig-False,0.10658584381960334,96,96
669,cov-sq_EmpiricalCovariance,pdist_euclidean,0.5050525563622597,96,96
670,cov-sq_EmpiricalCovariance,pdist_cityblock,0.548399330690637,96,96
671,cov-sq_EmpiricalCovariance,pdist_cosine,0.09161136164616357,96,96
672,cov-sq_EmpiricalCovariance,pdist_chebyshev,0.5636108439598819,96,96
673,cov-sq_EmpiricalCovariance,pdist_canberra,0.008940996163336212,96,96
674,cov-sq_EmpiricalCovariance,pdist_braycurtis,0.09935874684158885,96,96
675,cov-sq_EmpiricalCovariance,di_gaussian,0.7697515436412132,96,96
676,cov-sq_EmpiricalCovariance,di_kozachenko,0.5962850432054869,96,96
677,cov-sq_EmpiricalCovariance,di_kernel_W-0.5,0.42527920205894076,96,96
678,cov-sq_EmpiricalCovariance,mi_gaussian,1.0,96,96
679,cov-sq_EmpiricalCovariance,mi_kraskov_NN-4,0.02166159181802922,96,96
680,cov-sq_EmpiricalCovariance,mi_kraskov_NN-4_DCE,0.029270509727844368,96,96
681,cov-sq_EmpiricalCovariance,mi_kernel_W-0.25,0.34801408345919616,96,96
682,cov-sq_EmpiricalCovariance,tlmi_gaussian,0.2883381510808461,96,96
683,cov-sq_EmpiricalCovariance,tlmi_kraskov_NN-4,0.057387525994968935,96,96
684,cov-sq_EmpiricalCovariance,tlmi_kraskov_NN-4_DCE,0.08320975688932264,96,96
685,cov-sq_EmpiricalCovariance,tlmi_kernel_W-0.25,0.5318370138511472,96,96
686,cov-sq_EmpiricalCovariance,te_kraskov_NN-4_k-max-10_tau-max-4,0.06559710919905071,96,96
687,cov-sq_EmpiricalCovariance,te_kraskov_NN-4_DCE_k-max-10_tau-max-4,0.06200647928244163,96,96
688,cov-sq_EmpiricalCovariance,te_kraskov_NN-4_DCE_k-2_kt-1_l-1_lt-1,0.035389418445583964,96,96
689,cov-sq_EmpiricalCovariance,te_kraskov_NN-4_DCE_k-1_kt-1_l-1_lt-1,0.03936862331809432,96,96
690,cov-sq_EmpiricalCovariance,te_kraskov_NN-4_k-1_kt-1_l-1_lt-1,0.03829646280237181,96,96
691,cov-sq_EmpiricalCovariance,te_kernel_W-0.25_k-1,0.5665879506674095,96,96
692,cov-sq_EmpiricalCovariance,gc_gaussian_k-max-10_tau-max-2,0.2936660886278593,96,96
693,cov-sq_EmpiricalCovariance,gc_gaussian_k-1_kt-1_l-1_lt-1,0.28246566475011153,96,96
694,cov-sq_EmpiricalCovariance,te_symbolic_k-1_kt-1_l-1_lt-1,0.28246566475011153,96,96
695,cov-sq_EmpiricalCovariance,te_symbolic_k-10_kt-1_l-1_lt-1,0.2864569166171049,96,96
696,cov-sq_EmpiricalCovariance,phase_multitaper_mean_fs-1_fmin-0_fmax-0-5,0.015378212218751797,96,96
697,cov-sq_EmpiricalCovariance,phase_multitaper_mean_fs-1_fmin-0_fmax-0-25,0.03162217874983808,96,96
698,cov-sq_EmpiricalCovariance,phase_multitaper_mean_fs-1_fmin-0-25_fmax-0-5,0.06462118532222894,96,96
699,cov-sq_EmpiricalCovariance,phase_multitaper_max_fs-1_fmin-0_fmax-0-5,0.038224201879427766,96,96
700,cov-sq_EmpiricalCovariance,phase_multitaper_max_fs-1_fmin-0_fmax-0-25,0.027763958805811284,96,96
701,cov-sq_EmpiricalCovariance,phase_multitaper_max_fs-1_fmin-0-25_fmax-0-5,0.014828981490456083,96,96
702,cov-sq_EmpiricalCovariance,cohmag_multitaper_mean_fs-1_fmin-0_fmax-0-5,0.27802754757729936,96,96
703,cov-sq_EmpiricalCovariance,cohmag_multitaper_mean_fs-1_fmin-0_fmax-0-25,0.1902932928613067,96,96
704,cov-sq_EmpiricalCovariance,cohmag_multitaper_mean_fs-1_fmin-0-25_fmax-0-5,0.28967299241956546,96,96
705,cov-sq_EmpiricalCovariance,cohmag_multitaper_max_fs-1_fmin-0_fmax-0-5,0.28584476881065307,96,96
706,cov-sq_EmpiricalCovariance,cohmag_multitaper_max_fs-1_fmin-0_fmax-0-25,0.28609416544822336,96,96
707,cov-sq_EmpiricalCovariance,cohmag_multitaper_max_fs-1_fmin-0-25_fmax-0-5,0.3139137875852386,96,96
708,cov-sq_EmpiricalCovariance,psi_multitaper_mean_fs-1_fmin-0_fmax-0-5,0.10416666666666667,96,96
709,cov-sq_EmpiricalCovariance,psi_multitaper_mean_fs-1_fmin-0_fmax-0-25,0.07291666666666667,96,96
710,cov-sq_EmpiricalCovariance,psi_multitaper_mean_fs-1_fmin-0-25_fmax-0-5,0.0625,96,96
711,cov-sq_EllipticEnvelope,cov-sq_GraphicalLasso,0.9377004470567918,96,96
712,cov-sq_EllipticEnvelope,cov-sq_GraphicalLassoCV,0.23741319662869775,96,96
713,cov-sq_EllipticEnvelope,cov-sq_LedoitWolf,0.5559519125672279,96,96
714,cov-sq_EllipticEnvelope,cov-sq_MinCovDet,0.3877038640187228,96,96
715,cov-sq_EllipticEnvelope,cov-sq_OAS,0.10616071703871166,96,96
716,cov-sq_EllipticEnvelope,cov-sq_ShrunkCovariance,0.9442103651805537,96,96
717,cov-sq_EllipticEnvelope,prec_EmpiricalCovariance,0.07372967517832785,96,96
718,cov-sq_EllipticEnvelope,prec_EllipticEnvelope,0.09668300165458077,96,96
719,cov-sq_EllipticEnvelope,prec_GraphicalLasso,0.07415936895011177,96,96
720,cov-sq_EllipticEnvelope,prec_GraphicalLassoCV,0.03598976474179183,96,96
721,cov-sq_EllipticEnvelope,prec_LedoitWolf,0.02239435086728736,96,96
722,cov-sq_EllipticEnvelope,prec_MinCovDet,0.09284288277856778,96,96
723,cov-sq_EllipticEnvelope,prec_OAS,0.22468124972762027,96,96
724,cov-sq_EllipticEnvelope,prec_ShrunkCovariance,0.08320447632201533,96,96
725,cov-sq_EllipticEnvelope,prec-sq_EmpiricalCovariance,0.9671139350003901,96,96
726,cov-sq_EllipticEnvelope,prec-sq_EllipticEnvelope,0.5794716242607232,96,96
727,cov-sq_EllipticEnvelope,prec-sq_GraphicalLasso,0.9635970402175145,96,96
728,cov-sq_EllipticEnvelope,prec-sq_GraphicalLassoCV,0.40237606389556246,96,96
729,cov-sq_EllipticEnvelope,prec-sq_LedoitWolf,0.7339216697638906,96,96
730,cov-sq_EllipticEnvelope,prec-sq_MinCovDet,0.5231347997491161,96,96
731,cov-sq_EllipticEnvelope,prec-sq_OAS,0.15463106002615223,96,96
732,cov-sq_EllipticEnvelope,prec-sq_ShrunkCovariance,0.9782067098340628,96,96
733,cov-sq_EllipticEnvelope,spearmanr-sq,0.933865778405849,96,96
734,cov-sq_EllipticEnvelope,spearmanr,0.08388893413986176,96,96
735,cov-sq_EllipticEnvelope,kendalltau-sq,0.9325357005909901,96,96
736,cov-sq_EllipticEnvelope,kendalltau,0.08270983862218609,96,96
737,cov-sq_EllipticEnvelope,xcorr_max_sig-True,0.11178607787602046,96,96
738,cov-sq_EllipticEnvelope,xcorr-sq_max_sig-True,0.025604597019023373,96,96
739,cov-sq_EllipticEnvelope,xcorr_mean_sig-True,0.07178195394819797,96,96
740,cov-sq_EllipticEnvelope,xcorr-sq_mean_sig-True,0.16346987112774464,96,96
741,cov-sq_EllipticEnvelope,xcorr_mean_sig-False,0.029336264321388028,96,96
742,cov-sq_EllipticEnvelope,xcorr-sq_mean_sig-False,0.08934872196593613,96,96
743,cov-sq_EllipticEnvelope,pdist_euclidean,0.09235543574838279,96,96
744,cov-sq_EllipticEnvelope,pdist_cityblock,0.0711111395320872,96,96
745,cov-sq_EllipticEnvelope,pdist_cosine,0.08424422589978986,96,96
746,cov-sq_EllipticEnvelope,pdist_chebyshev,0.017720792331033797,96,96
747,cov-sq_EllipticEnvelope,pdist_canberra,0.014291414431202076,96,96
748,cov-sq_EllipticEnvelope,pdist_braycurtis,0.09825430686216508,96,96
749,cov-sq_EllipticEnvelope,di_gaussian,0.697901430566257,96,96
750,cov-sq_EllipticEnvelope,di_kozachenko,0.39855016531095433,96,96
751,cov-sq_EllipticEnvelope,di_kernel_W-0.5,0.06667189222021919,96,96
752,cov-sq_EllipticEnvelope,mi_gaussian,0.959554097424198,96,96
753,cov-sq_EllipticEnvelope,mi_kraskov_NN-4,0.03203079846704593,96,96
754,cov-sq_EllipticEnvelope,mi_kraskov_NN-4_DCE,0.03212279371876792,96,96
755,cov-sq_EllipticEnvelope,mi_kernel_W-0.25,0.04067237915798311,96,96
756,cov-sq_EllipticEnvelope,tlmi_gaussian,0.007718902932197014,96,96
757,cov-sq_EllipticEnvelope,tlmi_kraskov_NN-4,0.053501506922501774,96,96
758,cov-sq_EllipticEnvelope,tlmi_kraskov_NN-4_DCE,0.04561815247706957,96,96
759,cov-sq_EllipticEnvelope,tlmi_kernel_W-0.25,0.025904256322037966,96,96
760,cov-sq_EllipticEnvelope,te_kraskov_NN-4_k-max-10_tau-max-4,0.06633792456649629,96,96
761,cov-sq_EllipticEnvelope,te_kraskov_NN-4_DCE_k-max-10_tau-max-4,0.06130419865057418,96,96
762,cov-sq_EllipticEnvelope,te_kraskov_NN-4_DCE_k-2_kt-1_l-1_lt-1,0.017012739183021486,96,96
763,cov-sq_EllipticEnvelope,te_kraskov_NN-4_DCE_k-1_kt-1_l-1_lt-1,0.050104022733885034,96,96
764,cov-sq_EllipticEnvelope,te_kraskov_NN-4_k-1_kt-1_l-1_lt-1,0.06374462490864552,96,96
765,cov-sq_EllipticEnvelope,te_kernel_W-0.25_k-1,0.018065528871544695,96,96
766,cov-sq_EllipticEnvelope,gc_gaussian_k-max-10_tau-max-2,0.02801644175225959,96,96
767,cov-sq_EllipticEnvelope,gc_gaussian_k-1_kt-1_l-1_lt-1,0.010389541958015669,96,96
768,cov-sq_EllipticEnvelope,te_symbolic_k-1_kt-1_l-1_lt-1,0.010389541958015669,96,96
769,cov-sq_EllipticEnvelope,te_symbolic_k-10_kt-1_l-1_lt-1,0.003121959690300047,96,96
770,cov-sq_EllipticEnvelope,phase_multitaper_mean_fs-1_fmin-0_fmax-0-5,0.05175011064620061,96,96
771,cov-sq_EllipticEnvelope,phase_multitaper_mean_fs-1_fmin-0_fmax-0-25,0.03186235156496475,96,96
772,cov-sq_EllipticEnvelope,phase_multitaper_mean_fs-1_fmin-0-25_fmax-0-5,0.030284903820556083,96,96
773,cov-sq_EllipticEnvelope,phase_multitaper_max_fs-1_fmin-0_fmax-0-5,0.014723163733550204,96,96
774,cov-sq_EllipticEnvelope,phase_multitaper_max_fs-1_fmin-0_fmax-0-25,0.08088707145758134,96,96
775,cov-sq_EllipticEnvelope,phase_multitaper_max_fs-1_fmin-0-25_fmax-0-5,0.027326356523114326,96,96
776,cov-sq_EllipticEnvelope,cohmag_multitaper_mean_fs-1_fmin-0_fmax-0-5,0.11547383600555694,96,96
777,cov-sq_EllipticEnvelope,cohmag_multitaper_mean_fs-1_fmin-0_fmax-0-25,0.06900043464463923,96,96
778,cov-sq_EllipticEnvelope,cohmag_multitaper_mean_fs-1_fmin-0-25_fmax-0-5,0.12316538310562475,96,96
779,cov-sq_EllipticEnvelope,cohmag_multitaper_max_fs-1_fmin-0_fmax-0-5,0.06890020657763221,96,96
780,cov-sq_EllipticEnvelope,cohmag_multitaper_max_fs-1_fmin-0_fmax-0-25,0.05208614132664646,96,96
781,cov-sq_EllipticEnvelope,cohmag_multitaper_max_fs-1_fmin-0-25_fmax-0-5,0.04555652955229489,96,96
782,cov-sq_EllipticEnvelope,psi_multitaper_mean_fs-1_fmin-0_fmax-0-5,0.08333333333333333,96,96
783,cov-sq_EllipticEnvelope,psi_multitaper_mean_fs-1_fmin-0_fmax-0-25,0.11458333333333333,96,96
784,cov-sq_EllipticEnvelope,psi_multitaper_mean_fs-1_fmin-0-25_fmax-0-5,0.14583333333333334,96,96
785,cov-sq_GraphicalLasso,cov-sq_GraphicalLassoCV,0.04317136018558976,96,96
786,cov-sq_GraphicalLasso,cov-sq_LedoitWolf,0.028423330705173444,96,96
787,cov-sq_GraphicalLasso,cov-sq_MinCovDet,0.9387670201205381,96,96
788,cov-sq_GraphicalLasso,cov-sq_OAS,0.9993720309748397,96,96
789,cov-sq_GraphicalLasso,cov-sq_ShrunkCovariance,0.9973499158269993,96,96
790,cov-sq_GraphicalLasso,prec_EmpiricalCovariance,0.1461483381313755,96,96
791,cov-sq_GraphicalLasso,prec_EllipticEnvelope,0.09212711024013431,96,96
792,cov-sq_GraphicalLasso,prec_GraphicalLasso,0.14784708084926224,96,96
793,cov-sq_GraphicalLasso,prec_GraphicalLassoCV,0.05049995148635769,96,96
794,cov-sq_GraphicalLasso,prec_LedoitWolf,0.01626222544986977,96,96
795,cov-sq_GraphicalLasso,prec_MinCovDet,0.0819304715066318,96,96
796,cov-sq_GraphicalLasso,prec_OAS,0.19524020036851547,96,96
797,cov-sq_GraphicalLasso,prec_ShrunkCovariance,0.10431276145479007,96,96
798,cov-sq_GraphicalLasso,prec-sq_EmpiricalCovariance,0.9768891104463905,96,96
799,cov-sq_GraphicalLasso,prec-sq_EllipticEnvelope,0.9323635553101223,96,96
800,cov-sq_GraphicalLasso,prec-sq_GraphicalLasso,0.9871302992122977,96,96
801,cov-sq_GraphicalLasso,prec-sq_GraphicalLassoCV,0.3020304868129836,96,96
802,cov-sq_GraphicalLasso,prec-sq_LedoitWolf,0.4210212112407793,96,96
803,cov-sq_GraphicalLasso,prec-sq_MinCovDet,0.937322721647295,96,96
804,cov-sq_GraphicalLasso,prec-sq_OAS,0.08833291407886912,96,96
805,cov-sq_GraphicalLasso,prec-sq_ShrunkCovariance,0.9585370759474257,96,96
806,cov-sq_GraphicalLasso,spearmanr-sq,0.9870812852821511,96,96
807,cov-sq_GraphicalLasso,spearmanr,0.10140621778426806,96,96
808,cov-sq_GraphicalLasso,kendalltau-sq,0.9885902825927231,96,96
809,cov-sq_GraphicalLasso,kendalltau,0.1038154995376592,96,96
810,cov-sq_GraphicalLasso,xcorr_max_sig-True,0.2136105103479196,96,96
811,cov-sq_GraphicalLasso,xcorr-sq_max_sig-True,0.06690314198573422,96,96
812,cov-sq_GraphicalLasso,xcorr_mean_sig-True,0.06238227401552532,96,96
813,cov-sq_GraphicalLasso,xcorr-sq_mean_sig-True,0.24540511651756242,96,96
814,cov-sq_GraphicalLasso,xcorr_mean_sig-False,0.0076549452463683665,96,96
815,cov-sq_GraphicalLasso,xcorr-sq_mean_sig-False,0.10692385685106265,96,96
816,cov-sq_GraphicalLasso,pdist_euclidean,0.5035035662022397,96,96
817,cov-sq_GraphicalLasso,pdist_cityblock,0.5526173674019778,96,96
818,cov-sq_GraphicalLasso,pdist_cosine,0.0934781101892147,96,96
819,cov-sq_GraphicalLasso,pdist_chebyshev,0.5628456789019527,96,96
820,cov-sq_GraphicalLasso,pdist_canberra,0.011647426645194525,96,96
821,cov-sq_GraphicalLasso,pdist_braycurtis,0.0979867248427505,96,96
822,cov-sq_GraphicalLasso,di_gaussian,0.7644419139368732,96,96
823,cov-sq_GraphicalLasso,di_kozachenko,0.6067533164840782,96,96
824,cov-sq_GraphicalLasso,di_kernel_W-0.5,0.42177359461053265,96,96
825,cov-sq_GraphicalLasso,mi_gaussian,0.9042788953272771,96,96
826,cov-sq_GraphicalLasso,mi_kraskov_NN-4,0.0191249040571303,96,96
827,cov-sq_GraphicalLasso,mi_kraskov_NN-4_DCE,0.01974897263007991,96,96
828,cov-sq_GraphicalLasso,mi_kernel_W-0.25,0.34182856959404107,96,96
829,cov-sq_GraphicalLasso,tlmi_gaussian,0.293309027547835,96,96
830,cov-sq_GraphicalLasso,tlmi_kraskov_NN-4,0.06496326658102053,96,96
831,cov-sq_GraphicalLasso,tlmi_kraskov_NN-4_DCE,0.09013922708367517,96,96
832,cov-sq_GraphicalLasso,tlmi_kernel_W-0.25,0.5261263189546123,96,96
833,cov-sq_GraphicalLasso,te_kraskov_NN-4_k-max-10_tau-max-4,0.07621479782969659,96,96
834,cov-sq_GraphicalLasso,te_kraskov_NN-4_DCE_k-max-10_tau-max-4,0.07306200488380765,96,96
835,cov-sq_GraphicalLasso,te_kraskov_NN-4_DCE_k-2_kt-1_l-1_lt-1,0.03990325168755193,96,96
836,cov-sq_GraphicalLasso,te_kraskov_NN-4_DCE_k-1_kt-1_l-1_lt-1,0.038912021038154,96,96
837,cov-sq_GraphicalLasso,te_kraskov_NN-4_k-1_kt-1_l-1_lt-1,0.03895491051759681,96,96
838,cov-sq_GraphicalLasso,te_kernel_W-0.25_k-1,0.5649975462152311,96,96
839,cov-sq_GraphicalLasso,gc_gaussian_k-max-10_tau-max-2,0.2864234149070165,96,96
840,cov-sq_GraphicalLasso,gc_gaussian_k-1_kt-1_l-1_lt-1,0.2876812271763555,96,96
841,cov-sq_GraphicalLasso,te_symbolic_k-1_kt-1_l-1_lt-1,0.2876812271763555,96,96
842,cov-sq_GraphicalLasso,te_symbolic_k-10_kt-1_l-1_lt-1,0.2889482020884102,96,96
843,cov-sq_GraphicalLasso,phase_multitaper_mean_fs-1_fmin-0_fmax-0-5,0.014897075111807712,96,96
844,cov-sq_GraphicalLasso,phase_multitaper_mean_fs-1_fmin-0_fmax-0-25,0.019284375888970917,96,96
845,cov-sq_GraphicalLasso,phase_multitaper_mean_fs-1_fmin-0-25_fmax-0-5,0.053896053167125535,96,96
846,cov-sq_GraphicalLasso,phase_multitaper_max_fs-1_fmin-0_fmax-0-5,0.046198460687758236,96,96
847,cov-sq_GraphicalLasso,phase_multitaper_max_fs-1_fmin-0_fmax-0-25,0.021771089866065574,96,96
848,cov-sq_GraphicalLasso,phase_multitaper_max_fs-1_fmin-0-25_fmax-0-5,0.014835234313052281,96,96
849,cov-sq_GraphicalLasso,cohmag_multitaper_mean_fs-1_fmin-0_fmax-0-5,0.2743024654265509,96,96
850,cov-sq_GraphicalLasso,cohmag_multitaper_mean_fs-1_fmin-0_fmax-0-25,0.1965790145010623,96,96
851,cov-sq_GraphicalLasso,cohmag_multitaper_mean_fs-1_fmin-0-25_fmax-0-5,0.2808153250218569,96,96
852,cov-sq_GraphicalLasso,cohmag_multitaper_max_fs-1_fmin-0_fmax-0-5,0.28835082358880526,96,96
853,cov-sq_GraphicalLasso,cohmag_multitaper_max_fs-1_fmin-0_fmax-0-25,0.2778579289496066,96,96
854,cov-sq_GraphicalLasso,cohmag_multitaper_max_fs-1_fmin-0-25_fmax-0-5,0.3225459816769337,96,96
855,cov-sq_GraphicalLasso,psi_multitaper_mean_fs-1_fmin-0_fmax-0-5,0.125,96,96
856,cov-sq_GraphicalLasso,psi_multitaper_mean_fs-1_fmin-0_fmax-0-25,0.10416666666666667,96,96
857,cov-sq_GraphicalLasso,psi_multitaper_mean_fs-1_fmin-0-25_fmax-0-5,0.09375,96,96
858,cov-sq_GraphicalLassoCV,cov-sq_LedoitWolf,0.39584965432591895,96,96
859,cov-sq_GraphicalLassoCV,cov-sq_MinCovDet,0.24344235521731383,96,96
860,cov-sq_GraphicalLassoCV,cov-sq_OAS,0.215241727905083,96,96
861,cov-sq_GraphicalLassoCV,cov-sq_ShrunkCovariance,0.03020646500876578,96,96
862,cov-sq_GraphicalLassoCV,prec_EmpiricalCovariance,0.07298336742958655,96,96
863,cov-sq_GraphicalLassoCV,prec_EllipticEnvelope,0.0175347765879644,96,96
864,cov-sq_GraphicalLassoCV,prec_GraphicalLasso,0.07609826494994953,96,96
865,cov-sq_GraphicalLassoCV,prec_GraphicalLassoCV,0.08478944357519497,96,96
866,cov-sq_GraphicalLassoCV,prec_LedoitWolf,0.061576183484209346,96,96
867,cov-sq_GraphicalLassoCV,prec_MinCovDet,0.01818009390576275,96,96
868,cov-sq_GraphicalLassoCV,prec_OAS,0.12483606163181506,96,96
869,cov-sq_GraphicalLassoCV,prec_ShrunkCovariance,0.029978734275887653,96,96
870,cov-sq_GraphicalLassoCV,prec-sq_EmpiricalCovariance,0.16079629752218894,96,96
871,cov-sq_GraphicalLassoCV,prec-sq_EllipticEnvelope,0.2255833541810376,96,96
872,cov-sq_GraphicalLassoCV,prec-sq_GraphicalLasso,0.16297181930966842,96,96
873,cov-sq_GraphicalLassoCV,prec-sq_GraphicalLassoCV,0.16592158731651685,96,96
874,cov-sq_GraphicalLassoCV,prec-sq_LedoitWolf,0.7715247181938932,96,96
875,cov-sq_GraphicalLassoCV,prec-sq_MinCovDet,0.22488648561760927,96,96
876,cov-sq_GraphicalLassoCV,prec-sq_OAS,0.0470228009652921,96,96
877,cov-sq_GraphicalLassoCV,prec-sq_ShrunkCovariance,0.2194788856267429,96,96
878,cov-sq_GraphicalLassoCV,spearmanr-sq,0.23342399419281024,96,96
879,cov-sq_GraphicalLassoCV,spearmanr,0.06042382190678419,96,96
880,cov-sq_GraphicalLassoCV,kendalltau-sq,0.22868949043819642,96,96
881,cov-sq_GraphicalLassoCV,kendalltau,0.0625023679676927,96,96
882,cov-sq_GraphicalLassoCV,xcorr_max_sig-True,0.10528943217817638,96,96
883,cov-sq_GraphicalLassoCV,xcorr-sq_max_sig-True,0.10870490275008987,96,96
884,cov-sq_GraphicalLassoCV,xcorr_mean_sig-True,0.07066401988085719,96,96
885,cov-sq_GraphicalLassoCV,xcorr-sq_mean_sig-True,0.14512164543286726,96,96
886,cov-sq_GraphicalLassoCV,xcorr_mean_sig-False,0.06274866081644367,96,96
887,cov-sq_GraphicalLassoCV,xcorr-sq_mean_sig-False,0.15328378371366091,96,96
888,cov-sq_GraphicalLassoCV,pdist_euclidean,0.14135651371219293,96,96
889,cov-sq_GraphicalLassoCV,pdist_cityblock,0.14949084918507982,96,96
890,cov-sq_GraphicalLassoCV,pdist_cosine,0.007315720153324309,96,96
891,cov-sq_GraphicalLassoCV,pdist_chebyshev,0.1994462638948542,96,96
892,cov-sq_GraphicalLassoCV,pdist_canberra,0.017012846981063368,96,96
893,cov-sq_GraphicalLassoCV,pdist_braycurtis,0.06494106021264245,96,96
894,cov-sq_GraphicalLassoCV,di_gaussian,0.2379025911146896,96,96
895,cov-sq_GraphicalLassoCV,di_kozachenko,0.15242765614390355,96,96
896,cov-sq_GraphicalLassoCV,di_kernel_W-0.5,0.09609006158679295,96,96
897,cov-sq_GraphicalLassoCV,mi_gaussian,0.177932357698815,96,96
898,cov-sq_GraphicalLassoCV,mi_kraskov_NN-4,0.06389591186694099,96,96
899,cov-sq_GraphicalLassoCV,mi_kraskov_NN-4_DCE,0.06468221283096154,96,96
900,cov-sq_GraphicalLassoCV,mi_kernel_W-0.25,0.18126148300290984,96,96
901,cov-sq_GraphicalLassoCV,tlmi_gaussian,0.15479417402469453,96,96
902,cov-sq_GraphicalLassoCV,tlmi_kraskov_NN-4,0.015353399996796968,96,96
903,cov-sq_GraphicalLassoCV,tlmi_kraskov_NN-4_DCE,0.033201698674550584,96,96
904,cov-sq_GraphicalLassoCV,tlmi_kernel_W-0.25,0.2303694197434499,96,96
905,cov-sq_GraphicalLassoCV,te_kraskov_NN-4_k-max-10_tau-max-4,0.09790927662622757,96,96
906,cov-sq_GraphicalLassoCV,te_kraskov_NN-4_DCE_k-max-10_tau-max-4,0.09250031938549728,96,96
907,cov-sq_GraphicalLassoCV,te_kraskov_NN-4_DCE_k-2_kt-1_l-1_lt-1,0.13091616793696886,96,96
908,cov-sq_GraphicalLassoCV,te_kraskov_NN-4_DCE_k-1_kt-1_l-1_lt-1,0.11461302208583286,96,96
909,cov-sq_GraphicalLassoCV,te_kraskov_NN-4_k-1_kt-1_l-1_lt-1,0.11170075509832322,96,96
910,cov-sq_GraphicalLassoCV,te_kernel_W-0.25_k-1,0.19932800829667083,96,96
911,cov-sq_GraphicalLassoCV,gc_gaussian_k-max-10_tau-max-2,0.10062913313643729,96,96
912,cov-sq_GraphicalLassoCV,gc_gaussian_k-1_kt-1_l-1_lt-1,0.14499505903482324,96,96
913,cov-sq_GraphicalLassoCV,te_symbolic_k-1_kt-1_l-1_lt-1,0.14499505903482324,96,96
914,cov-sq_GraphicalLassoCV,te_symbolic_k-10_kt-1_l-1_lt-1,0.12403352124369538,96,96
915,cov-sq_GraphicalLassoCV,phase_multitaper_mean_fs-1_fmin-0_fmax-0-5,0.07959954384843937,96,96
916,cov-sq_GraphicalLassoCV,phase_multitaper_mean_fs-1_fmin-0_fmax-0-25,0.05887395450421806,96,96
917,cov-sq_GraphicalLassoCV,phase_multitaper_mean_fs-1_fmin-0-25_fmax-0-5,0.06989572632943686,96,96
918,cov-sq_GraphicalLassoCV,phase_multitaper_max_fs-1_fmin-0_fmax-0-5,0.11343885165860668,96,96
919,cov-sq_GraphicalLassoCV,phase_multitaper_max_fs-1_fmin-0_fmax-0-25,0.0812218778494169,96,96
920,cov-sq_GraphicalLassoCV,phase_multitaper_max_fs-1_fmin-0-25_fmax-0-5,0.12381915273090927,96,96
921,cov-sq_GraphicalLassoCV,cohmag_multitaper_mean_fs-1_fmin-0_fmax-0-5,0.07524512113968335,96,96
922,cov-sq_GraphicalLassoCV,cohmag_multitaper_mean_fs-1_fmin-0_fmax-0-25,0.04323359220787151,96,96
923,cov-sq_GraphicalLassoCV,cohmag_multitaper_mean_fs-1_fmin-0-25_fmax-0-5,0.09037637701064274,96,96
924,cov-sq_GraphicalLassoCV,cohmag_multitaper_max_fs-1_fmin-0_fmax-0-5,0.06543494221930449,96,96
925,cov-sq_GraphicalLassoCV,cohmag_multitaper_max_fs-1_fmin-0_fmax-0-25,0.055591815189257404,96,96
926,cov-sq_GraphicalLassoCV,cohmag_multitaper_max_fs-1_fmin-0-25_fmax-0-5,0.06589981110769205,96,96
927,cov-sq_GraphicalLassoCV,psi_multitaper_mean_fs-1_fmin-0_fmax-0-5,0.11458333333333333,96,96
928,cov-sq_GraphicalLassoCV,psi_multitaper_mean_fs-1_fmin-0_fmax-0-25,0.07291666666666667,96,96
929,cov-sq_GraphicalLassoCV,psi_multitaper_mean_fs-1_fmin-0-25_fmax-0-5,0.1875,96,96
930,cov-sq_LedoitWolf,cov-sq_MinCovDet,0.4518380063938193,96,96
931,cov-sq_LedoitWolf,cov-sq_OAS,0.019556312205534554,96,96
932,cov-sq_LedoitWolf,cov-sq_ShrunkCovariance,0.019556312205534554,96,96
933,cov-sq_LedoitWolf,prec_EmpiricalCovariance,0.09037453721064881,96,96
934,cov-sq_LedoitWolf,prec_EllipticEnvelope,0.07102011973176303,96,96
935,cov-sq_LedoitWolf,prec_GraphicalLasso,0.09618618220899344,96,96
936,cov-sq_LedoitWolf,prec_GraphicalLassoCV,0.05105344830142755,96,96
937,cov-sq_LedoitWolf,prec_LedoitWolf,0.01723030649617019,96,96
938,cov-sq_LedoitWolf,prec_MinCovDet,0.08488172385364046,96,96
939,cov-sq_LedoitWolf,prec_OAS,0.09361075166113775,96,96
940,cov-sq_LedoitWolf,prec_ShrunkCovariance,0.05365821405230731,96,96
941,cov-sq_LedoitWolf,prec-sq_EmpiricalCovariance,0.2618784208719592,96,96
942,cov-sq_LedoitWolf,prec-sq_EllipticEnvelope,0.40885428736509255,96,96
943,cov-sq_LedoitWolf,prec-sq_GraphicalLasso,0.2631386956065136,96,96
944,cov-sq_LedoitWolf,prec-sq_GraphicalLassoCV,0.6011704809202305,96,96
945,cov-sq_LedoitWolf,prec-sq_LedoitWolf,0.4293861376731052,96,96
946,cov-sq_LedoitWolf,prec-sq_MinCovDet,0.3615119708537844,96,96
947,cov-sq_LedoitWolf,prec-sq_OAS,0.2675495155623804,96,96
948,cov-sq_LedoitWolf,prec-sq_ShrunkCovariance,0.23575556759082733,96,96
949,cov-sq_LedoitWolf,spearmanr-sq,0.4179979795523231,96,96
950,cov-sq_LedoitWolf,spearmanr,0.18727082331592299,96,96
951,cov-sq_LedoitWolf,kendalltau-sq,0.42405734142336143,96,96
952,cov-sq_LedoitWolf,kendalltau,0.19227260784701783,96,96
953,cov-sq_LedoitWolf,xcorr_max_sig-True,0.055143749224805694,96,96
954,cov-sq_LedoitWolf,xcorr-sq_max_sig-True,0.0731088167670797,96,96
955,cov-sq_LedoitWolf,xcorr_mean_sig-True,0.0905463848262813,96,96
956,cov-sq_LedoitWolf,xcorr-sq_mean_sig-True,0.13953398310660137,96,96
957,cov-sq_LedoitWolf,xcorr_mean_sig-False,0.12487559870494214,96,96
958,cov-sq_LedoitWolf,xcorr-sq_mean_sig-False,0.023012947113748017,96,96
959,cov-sq_LedoitWolf,pdist_euclidean,0.1545754990629281,96,96
960,cov-sq_LedoitWolf,pdist_cityblock,0.1895722166612489,96,96
961,cov-sq_LedoitWolf,pdist_cosine,0.03490373640335884,96,96
962,cov-sq_LedoitWolf,pdist_chebyshev,0.23541714758728538,96,96
963,cov-sq_LedoitWolf,pdist_canberra,0.03001116546153909,96,96
964,cov-sq_LedoitWolf,pdist_braycurtis,0.13430032608852138,96,96
965,cov-sq_LedoitWolf,di_gaussian,0.2835096792245215,96,96
966,cov-sq_LedoitWolf,di_kozachenko,0.3277025332814982,96,96
967,cov-sq_LedoitWolf,di_kernel_W-0.5,0.12418492643797441,96,96
968,cov-sq_LedoitWolf,mi_gaussian,0.11144890466663354,96,96
969,cov-sq_LedoitWolf,mi_kraskov_NN-4,0.040248043503320535,96,96
970,cov-sq_LedoitWolf,mi_kraskov_NN-4_DCE,0.031641551642306864,96,96
971,cov-sq_LedoitWolf,mi_kernel_W-0.25,0.2640866356049772,96,96
972,cov-sq_LedoitWolf,tlmi_gaussian,0.12957392404237966,96,96
973,cov-sq_LedoitWolf,tlmi_kraskov_NN-4,0.020069970260557457,96,96
974,cov-sq_LedoitWolf,tlmi_kraskov_NN-4_DCE,0.029564845623372138,96,96
975,cov-sq_LedoitWolf,tlmi_kernel_W-0.25,0.13475663921196857,96,96
976,cov-sq_LedoitWolf,te_kraskov_NN-4_k-max-10_tau-max-4,0.044175528670049174,96,96
977,cov-sq_LedoitWolf,te_kraskov_NN-4_DCE_k-max-10_tau-max-4,0.027787914014056003,96,96
978,cov-sq_LedoitWolf,te_kraskov_NN-4_DCE_k-2_kt-1_l-1_lt-1,0.09847373430801987,96,96
979,cov-sq_LedoitWolf,te_kraskov_NN-4_DCE_k-1_kt-1_l-1_lt-1,0.0871104536678349,96,96
980,cov-sq_LedoitWolf,te_kraskov_NN-4_k-1_kt-1_l-1_lt-1,0.08513838424903761,96,96
981,cov-sq_LedoitWolf,te_kernel_W-0.25_k-1,0.10493919162610621,96,96
982,cov-sq_LedoitWolf,gc_gaussian_k-max-10_tau-max-2,0.09429413821354438,96,96
983,cov-sq_LedoitWolf,gc_gaussian_k-1_kt-1_l-1_lt-1,0.1333770859153075,96,96
984,cov-sq_LedoitWolf,te_symbolic_k-1_kt-1_l-1_lt-1,0.1333770859153075,96,96
985,cov-sq_LedoitWolf,te_symbolic_k-10_kt-1_l-1_lt-1,0.13531595141621944,96,96
986,cov-sq_LedoitWolf,phase_multitaper_mean_fs-1_fmin-0_fmax-0-5,0.07917002122820285,96,96
987,cov-sq_LedoitWolf,phase_multitaper_mean_fs-1_fmin-0_fmax-0-25,0.016213995076165277,96,96
988,cov-sq_LedoitWolf,phase_multitaper_mean_fs-1_fmin-0-25_fmax-0-5,0.09138126493486404,96,96
989,cov-sq_LedoitWolf,phase_multitaper_max_fs-1_fmin-0_fmax-0-5,0.13028854179908744,96,96
990,cov-sq_LedoitWolf,phase_multitaper_max_fs-1_fmin-0_fmax-0-25,0.0366534483116549,96,96
991,cov-sq_LedoitWolf,phase_multitaper_max_fs-1_fmin-0-25_fmax-0-5,0.08112608475875438,96,96
992,cov-sq_LedoitWolf,cohmag_multitaper_mean_fs-1_fmin-0_fmax-0-5,0.10042049966629618,96,96
993,cov-sq_LedoitWolf,cohmag_multitaper_mean_fs-1_fmin-0_fmax-0-25,0.061634641797970624,96,96
994,cov-sq_LedoitWolf,cohmag_multitaper_mean_fs-1_fmin-0-25_fmax-0-5,0.13753877840036344,96,96
995,cov-sq_LedoitWolf,cohmag_multitaper_max_fs-1_fmin-0_fmax-0-5,0.07723684534858832,96,96
996,cov-sq_LedoitWolf,cohmag_multitaper_max_fs-1_fmin-0_fmax-0-25,0.06147496211750339,96,96
997,cov-sq_LedoitWolf,cohmag_multitaper_max_fs-1_fmin-0-25_fmax-0-5,0.12310048927913168,96,96
998,cov-sq_LedoitWolf,psi_multitaper_mean_fs-1_fmin-0_fmax-0-5,0.13541666666666666,96,96
999,cov-sq_LedoitWolf,psi_multitaper_mean_fs-1_fmin-0_fmax-0-25,0.08333333333333333,96,96
1000,cov-sq_LedoitWolf,psi_multitaper_mean_fs-1_fmin-0-25_fmax-0-5,0.16666666666666666,96,96
1001,cov-sq_MinCovDet,cov-sq_OAS,0.10506758381843317,96,96
1002,cov-sq_MinCovDet,cov-sq_ShrunkCovariance,0.9441573097089773,96,96
1003,cov-sq_MinCovDet,prec_EmpiricalCovariance,0.07871901686676264,96,96
1004,cov-sq_MinCovDet,prec_EllipticEnvelope,0.08084270410077876,96,96
1005,cov-sq_MinCovDet,prec_GraphicalLasso,0.07860845578629438,96,96
1006,cov-sq_MinCovDet,prec_GraphicalLassoCV,0.04797733908990581,96,96
1007,cov-sq_MinCovDet,prec_LedoitWolf,0.03760000710465872,96,96
1008,cov-sq_MinCovDet,prec_MinCovDet,0.09371276919261662,96,96
1009,cov-sq_MinCovDet,prec_OAS,0.22872605246424654,96,96
1010,cov-sq_MinCovDet,prec_ShrunkCovariance,0.0928910186828027,96,96
1011,cov-sq_MinCovDet,prec-sq_EmpiricalCovariance,0.9629575705008443,96,96
1012,cov-sq_MinCovDet,prec-sq_EllipticEnvelope,0.5194362681041499,96,96
1013,cov-sq_MinCovDet,prec-sq_GraphicalLasso,0.9605976157237621,96,96
1014,cov-sq_MinCovDet,prec-sq_GraphicalLassoCV,0.40853712953234356,96,96
1015,cov-sq_MinCovDet,prec-sq_LedoitWolf,0.6154300767104484,96,96
1016,cov-sq_MinCovDet,prec-sq_MinCovDet,0.5809481443621657,96,96
1017,cov-sq_MinCovDet,prec-sq_OAS,0.13809533297790333,96,96
1018,cov-sq_MinCovDet,prec-sq_ShrunkCovariance,0.9752152501006716,96,96
1019,cov-sq_MinCovDet,spearmanr-sq,0.9443703302680471,96,96
1020,cov-sq_MinCovDet,spearmanr,0.0772077042410631,96,96
1021,cov-sq_MinCovDet,kendalltau-sq,0.9443863170012693,96,96
1022,cov-sq_MinCovDet,kendalltau,0.07810447874854695,96,96
1023,cov-sq_MinCovDet,xcorr_max_sig-True,0.09526219811390252,96,96
1024,cov-sq_MinCovDet,xcorr-sq_max_sig-True,0.03797668350848374,96,96
1025,cov-sq_MinCovDet,xcorr_mean_sig-True,0.06723754667800386,96,96
1026,cov-sq_MinCovDet,xcorr-sq_mean_sig-True,0.14131174553600112,96,96
1027,cov-sq_MinCovDet,xcorr_mean_sig-False,0.03131707271637629,96,96
1028,cov-sq_MinCovDet,xcorr-sq_mean_sig-False,0.09020232827840696,96,96
1029,cov-sq_MinCovDet,pdist_euclidean,0.08005990168034971,96,96
1030,cov-sq_MinCovDet,pdist_cityblock,0.0747081469729976,96,96
1031,cov-sq_MinCovDet,pdist_cosine,0.09795692719945115,96,96
1032,cov-sq_MinCovDet,pdist_chebyshev,0.013437544651143468,96,96
1033,cov-sq_MinCovDet,pdist_canberra,0.013901215545741197,96,96
1034,cov-sq_MinCovDet,pdist_braycurtis,0.1066830286902074,96,96
1035,cov-sq_MinCovDet,di_gaussian,0.6959004637436585,96,96
1036,cov-sq_MinCovDet,di_kozachenko,0.41020467573320213,96,96
1037,cov-sq_MinCovDet,di_kernel_W-0.5,0.061131478584497856,96,96
1038,cov-sq_MinCovDet,mi_gaussian,0.9594288594951481,96,96
1039,cov-sq_MinCovDet,mi_kraskov_NN-4,0.034266341974737546,96,96
1040,cov-sq_MinCovDet,mi_kraskov_NN-4_DCE,0.03445055996955293,96,96
1041,cov-sq_MinCovDet,mi_kernel_W-0.25,0.03165687701575476,96,96
1042,cov-sq_MinCovDet,tlmi_gaussian,0.009658259255645785,96,96
1043,cov-sq_MinCovDet,tlmi_kraskov_NN-4,0.0395610442989206,96,96
1044,cov-sq_MinCovDet,tlmi_kraskov_NN-4_DCE,0.030154690097708325,96,96
1045,cov-sq_MinCovDet,tlmi_kernel_W-0.25,0.02005003196459415,96,96
1046,cov-sq_MinCovDet,te_kraskov_NN-4_k-max-10_tau-max-4,0.06549542576334824,96,96
1047,cov-sq_MinCovDet,te_kraskov_NN-4_DCE_k-max-10_tau-max-4,0.05437661156566265,96,96
1048,cov-sq_MinCovDet,te_kraskov_NN-4_DCE_k-2_kt-1_l-1_lt-1,0.021272554014882566,96,96
1049,cov-sq_MinCovDet,te_kraskov_NN-4_DCE_k-1_kt-1_l-1_lt-1,0.028463035719088703,96,96
1050,cov-sq_MinCovDet,te_kraskov_NN-4_k-1_kt-1_l-1_lt-1,0.03958722237867229,96,96
1051,cov-sq_MinCovDet,te_kernel_W-0.25_k-1,0.015663584929687002,96,96
1052,cov-sq_MinCovDet,gc_gaussian_k-max-10_tau-max-2,0.030427465027810352,96,96
1053,cov-sq_MinCovDet,gc_gaussian_k-1_kt-1_l-1_lt-1,0.01156901287392087,96,96
1054,cov-sq_MinCovDet,te_symbolic_k-1_kt-1_l-1_lt-1,0.01156901287392087,96,96
1055,cov-sq_MinCovDet,te_symbolic_k-10_kt-1_l-1_lt-1,0.009854392355173436,96,96
1056,cov-sq_MinCovDet,phase_multitaper_mean_fs-1_fmin-0_fmax-0-5,0.05980140209520368,96,96
1057,cov-sq_MinCovDet,phase_multitaper_mean_fs-1_fmin-0_fmax-0-25,0.03578619845909836,96,96
1058,cov-sq_MinCovDet,phase_multitaper_mean_fs-1_fmin-0-25_fmax-0-5,0.026616598735348274,96,96
1059,cov-sq_MinCovDet,phase_multitaper_max_fs-1_fmin-0_fmax-0-5,0.01437095241523978,96,96
1060,cov-sq_MinCovDet,phase_multitaper_max_fs-1_fmin-0_fmax-0-25,0.07330905138535526,96,96
1061,cov-sq_MinCovDet,phase_multitaper_max_fs-1_fmin-0-25_fmax-0-5,0.038234175930592085,96,96
1062,cov-sq_MinCovDet,cohmag_multitaper_mean_fs-1_fmin-0_fmax-0-5,0.10447093748684633,96,96
1063,cov-sq_MinCovDet,cohmag_multitaper_mean_fs-1_fmin-0_fmax-0-25,0.060544136106823854,96,96
1064,cov-sq_MinCovDet,cohmag_multitaper_mean_fs-1_fmin-0-25_fmax-0-5,0.11092195392890802,96,96
1065,cov-sq_MinCovDet,cohmag_multitaper_max_fs-1_fmin-0_fmax-0-5,0.045303810738470784,96,96
1066,cov-sq_MinCovDet,cohmag_multitaper_max_fs-1_fmin-0_fmax-0-25,0.033030421091365225,96,96
1067,cov-sq_MinCovDet,cohmag_multitaper_max_fs-1_fmin-0-25_fmax-0-5,0.032101426682325185,96,96
1068,cov-sq_MinCovDet,psi_multitaper_mean_fs-1_fmin-0_fmax-0-5,0.08333333333333333,96,96
1069,cov-sq_MinCovDet,psi_multitaper_mean_fs-1_fmin-0_fmax-0-25,0.15625,96,96
1070,cov-sq_MinCovDet,psi_multitaper_mean_fs-1_fmin-0-25_fmax-0-5,0.08333333333333333,96,96
1071,cov-sq_OAS,cov-sq_ShrunkCovariance,0.875,96,96
1072,cov-sq_OAS,prec_EmpiricalCovariance,0.20062646247457697,96,96
1073,cov-sq_OAS,prec_EllipticEnvelope,0.23260282403339383,96,96
1074,cov-sq_OAS,prec_GraphicalLasso,0.19447000946349177,96,96
1075,cov-sq_OAS,prec_GraphicalLassoCV,0.19462804261796723,96,96
1076,cov-sq_OAS,prec_LedoitWolf,0.01723030649617019,96,96
1077,cov-sq_OAS,prec_MinCovDet,0.2517618300943897,96,96
1078,cov-sq_OAS,prec_OAS,0.19692476271410925,96,96
1079,cov-sq_OAS,prec_ShrunkCovariance,0.2260625217097384,96,96
1080,cov-sq_OAS,prec-sq_EmpiricalCovariance,0.0612422458242583,96,96
1081,cov-sq_OAS,prec-sq_EllipticEnvelope,0.10842264320830164,96,96
1082,cov-sq_OAS,prec-sq_GraphicalLasso,0.062225342967949016,96,96
1083,cov-sq_OAS,prec-sq_GraphicalLassoCV,0.10279186935918394,96,96
1084,cov-sq_OAS,prec-sq_LedoitWolf,0.4293861376731052,96,96
1085,cov-sq_OAS,prec-sq_MinCovDet,0.10930602672261247,96,96
1086,cov-sq_OAS,prec-sq_OAS,0.08567497670762647,96,96
1087,cov-sq_OAS,prec-sq_ShrunkCovariance,0.1877076543111577,96,96
1088,cov-sq_OAS,spearmanr-sq,0.1287705000555487,96,96
1089,cov-sq_OAS,spearmanr,0.14280363960247675,96,96
1090,cov-sq_OAS,kendalltau-sq,0.13262849892652984,96,96
1091,cov-sq_OAS,kendalltau,0.14268522978602963,96,96
1092,cov-sq_OAS,xcorr_max_sig-True,0.53356862924373,96,96
1093,cov-sq_OAS,xcorr-sq_max_sig-True,0.32950467283939133,96,96
1094,cov-sq_OAS,xcorr_mean_sig-True,0.27779828818630664,96,96
1095,cov-sq_OAS,xcorr-sq_mean_sig-True,0.4420892355053643,96,96
1096,cov-sq_OAS,xcorr_mean_sig-False,0.31612084124106465,96,96
1097,cov-sq_OAS,xcorr-sq_mean_sig-False,0.28532623219662473,96,96
1098,cov-sq_OAS,pdist_euclidean,0.7532818337592178,96,96
1099,cov-sq_OAS,pdist_cityblock,0.788145921350349,96,96
1100,cov-sq_OAS,pdist_cosine,0.2414530000632682,96,96
1101,cov-sq_OAS,pdist_chebyshev,0.7838711906283191,96,96
1102,cov-sq_OAS,pdist_canberra,0.24663930797336164,96,96
1103,cov-sq_OAS,pdist_braycurtis,0.20946412440290382,96,96
1104,cov-sq_OAS,di_gaussian,0.22705145756668876,96,96
1105,cov-sq_OAS,di_kozachenko,0.882492446029267,96,96
1106,cov-sq_OAS,di_kernel_W-0.5,0.16313626845862872,96,96
1107,cov-sq_OAS,mi_gaussian,0.4533764432880558,96,96
1108,cov-sq_OAS,mi_kraskov_NN-4,0.29910844826401184,96,96
1109,cov-sq_OAS,mi_kraskov_NN-4_DCE,0.3018671698213432,96,96
1110,cov-sq_OAS,mi_kernel_W-0.25,0.6053123916586755,96,96
1111,cov-sq_OAS,tlmi_gaussian,0.32082692008550023,96,96
1112,cov-sq_OAS,tlmi_kraskov_NN-4,0.26004073419453533,96,96
1113,cov-sq_OAS,tlmi_kraskov_NN-4_DCE,0.3550475820458937,96,96
1114,cov-sq_OAS,tlmi_kernel_W-0.25,0.2755229663906497,96,96
1115,cov-sq_OAS,te_kraskov_NN-4_k-max-10_tau-max-4,0.25967027268708875,96,96
1116,cov-sq_OAS,te_kraskov_NN-4_DCE_k-max-10_tau-max-4,0.23686936067541153,96,96
1117,cov-sq_OAS,te_kraskov_NN-4_DCE_k-2_kt-1_l-1_lt-1,0.19694374232854683,96,96
1118,cov-sq_OAS,te_kraskov_NN-4_DCE_k-1_kt-1_l-1_lt-1,0.3003016111703015,96,96
1119,cov-sq_OAS,te_kraskov_NN-4_k-1_kt-1_l-1_lt-1,0.29792801666235097,96,96
1120,cov-sq_OAS,te_kernel_W-0.25_k-1,0.3209291610935793,96,96
1121,cov-sq_OAS,gc_gaussian_k-max-10_tau-max-2,0.3015369618873617,96,96
1122,cov-sq_OAS,gc_gaussian_k-1_kt-1_l-1_lt-1,0.3247908964284502,96,96
1123,cov-sq_OAS,te_symbolic_k-1_kt-1_l-1_lt-1,0.3247908964284502,96,96
1124,cov-sq_OAS,te_symbolic_k-10_kt-1_l-1_lt-1,0.3177661441903134,96,96
1125,cov-sq_OAS,phase_multitaper_mean_fs-1_fmin-0_fmax-0-5,0.2102722004465235,96,96
1126,cov-sq_OAS,phase_multitaper_mean_fs-1_fmin-0_fmax-0-25,0.25981257888823994,96,96
1127,cov-sq_OAS,phase_multitaper_mean_fs-1_fmin-0-25_fmax-0-5,0.2080774324810215,96,96
1128,cov-sq_OAS,phase_multitaper_max_fs-1_fmin-0_fmax-0-5,0.23159359130344803,96,96
1129,cov-sq_OAS,phase_multitaper_max_fs-1_fmin-0_fmax-0-25,0.29072630156077506,96,96
1130,cov-sq_OAS,phase_multitaper_max_fs-1_fmin-0-25_fmax-0-5,0.2157580632937256,96,96
1131,cov-sq_OAS,cohmag_multitaper_mean_fs-1_fmin-0_fmax-0-5,0.3861954187913528,96,96
1132,cov-sq_OAS,cohmag_multitaper_mean_fs-1_fmin-0_fmax-0-25,0.370718606257201,96,96
1133,cov-sq_OAS,cohmag_multitaper_mean_fs-1_fmin-0-25_fmax-0-5,0.33225180326307197,96,96
1134,cov-sq_OAS,cohmag_multitaper_max_fs-1_fmin-0_fmax-0-5,0.5572129887100662,96,96
1135,cov-sq_OAS,cohmag_multitaper_max_fs-1_fmin-0_fmax-0-25,0.5346031598375501,96,96
1136,cov-sq_OAS,cohmag_multitaper_max_fs-1_fmin-0-25_fmax-0-5,0.6057006014170687,96,96
1137,cov-sq_OAS,psi_multitaper_mean_fs-1_fmin-0_fmax-0-5,0.125,96,96
1138,cov-sq_OAS,psi_multitaper_mean_fs-1_fmin-0_fmax-0-25,0.11458333333333333,96,96
1139,cov-sq_OAS,psi_multitaper_mean_fs-1_fmin-0-25_fmax-0-5,0.09375,96,96
1140,cov-sq_ShrunkCovariance,prec_EmpiricalCovariance,0.14398560916781333,96,96
1141,cov-sq_ShrunkCovariance,prec_EllipticEnvelope,0.09605873182287405,96,96
1142,cov-sq_ShrunkCovariance,prec_GraphicalLasso,0.14915161089385665,96,96
1143,cov-sq_ShrunkCovariance,prec_GraphicalLassoCV,0.05049995148635769,96,96
1144,cov-sq_ShrunkCovariance,prec_LedoitWolf,0.01723030649617019,96,96
1145,cov-sq_ShrunkCovariance,prec_MinCovDet,0.08275023970182538,96,96
1146,cov-sq_ShrunkCovariance,prec_OAS,0.19692476271410925,96,96
1147,cov-sq_ShrunkCovariance,prec_ShrunkCovariance,0.10265416143281947,96,96
1148,cov-sq_ShrunkCovariance,prec-sq_EmpiricalCovariance,0.9849847291409503,96,96
1149,cov-sq_ShrunkCovariance,prec-sq_EllipticEnvelope,0.935254012025996,96,96
1150,cov-sq_ShrunkCovariance,prec-sq_GraphicalLasso,0.9903593217827086,96,96
1151,cov-sq_ShrunkCovariance,prec-sq_GraphicalLassoCV,0.3020304868129836,96,96
1152,cov-sq_ShrunkCovariance,prec-sq_LedoitWolf,0.4293861376731052,96,96
1153,cov-sq_ShrunkCovariance,prec-sq_MinCovDet,0.9403726153041987,96,96
1154,cov-sq_ShrunkCovariance,prec-sq_OAS,0.08567497670762647,96,96
1155,cov-sq_ShrunkCovariance,prec-sq_ShrunkCovariance,0.9792440328835507,96,96
1156,cov-sq_ShrunkCovariance,spearmanr-sq,0.9878229844967761,96,96
1157,cov-sq_ShrunkCovariance,spearmanr,0.09954258250201423,96,96
1158,cov-sq_ShrunkCovariance,kendalltau-sq,0.9894224077676227,96,96
1159,cov-sq_ShrunkCovariance,kendalltau,0.10400426343762278,96,96
1160,cov-sq_ShrunkCovariance,xcorr_max_sig-True,0.21626495018586994,96,96
1161,cov-sq_ShrunkCovariance,xcorr-sq_max_sig-True,0.08024332558820618,96,96
1162,cov-sq_ShrunkCovariance,xcorr_mean_sig-True,0.06378470867061703,96,96
1163,cov-sq_ShrunkCovariance,xcorr-sq_mean_sig-True,0.2429344784959867,96,96
1164,cov-sq_ShrunkCovariance,xcorr_mean_sig-False,0.008847273360600982,96,96
1165,cov-sq_ShrunkCovariance,xcorr-sq_mean_sig-False,0.10658584381960334,96,96
1166,cov-sq_ShrunkCovariance,pdist_euclidean,0.5050525563622597,96,96
1167,cov-sq_ShrunkCovariance,pdist_cityblock,0.548399330690637,96,96
1168,cov-sq_ShrunkCovariance,pdist_cosine,0.09161136164616357,96,96
1169,cov-sq_ShrunkCovariance,pdist_chebyshev,0.5636108439598819,96,96
1170,cov-sq_ShrunkCovariance,pdist_canberra,0.008940996163336212,96,96
1171,cov-sq_ShrunkCovariance,pdist_braycurtis,0.09935874684158885,96,96
1172,cov-sq_ShrunkCovariance,di_gaussian,0.7697515436412132,96,96
1173,cov-sq_ShrunkCovariance,di_kozachenko,0.5962850432054869,96,96
1174,cov-sq_ShrunkCovariance,di_kernel_W-0.5,0.42527920205894076,96,96
1175,cov-sq_ShrunkCovariance,mi_gaussian,1.0,96,96
1176,cov-sq_ShrunkCovariance,mi_kraskov_NN-4,0.02166159181802922,96,96
1177,cov-sq_ShrunkCovariance,mi_kraskov_NN-4_DCE,0.029270509727844368,96,96
1178,cov-sq_ShrunkCovariance,mi_kernel_W-0.25,0.34801408345919616,96,96
1179,cov-sq_ShrunkCovariance,tlmi_gaussian,0.2883381510808461,96,96
1180,cov-sq_ShrunkCovariance,tlmi_kraskov_NN-4,0.057387525994968935,96,96
1181,cov-sq_ShrunkCovariance,tlmi_kraskov_NN-4_DCE,0.08320975688932264,96,96
1182,cov-sq_ShrunkCovariance,tlmi_kernel_W-0.25,0.5318370138511472,96,96
1183,cov-sq_ShrunkCovariance,te_kraskov_NN-4_k-max-10_tau-max-4,0.06559710919905071,96,96
1184,cov-sq_ShrunkCovariance,te_kraskov_NN-4_DCE_k-max-10_tau-max-4,0.06200647928244163,96,96
1185,cov-sq_ShrunkCovariance,te_kraskov_NN-4_DCE_k-2_kt-1_l-1_lt-1,0.035389418445583964,96,96
1186,cov-sq_ShrunkCovariance,te_kraskov_NN-4_DCE_k-1_kt-1_l-1_lt-1,0.03936862331809432,96,96
1187,cov-sq_ShrunkCovariance,te_kraskov_NN-4_k-1_kt-1_l-1_lt-1,0.03829646280237181,96,96
1188,cov-sq_ShrunkCovariance,te_kernel_W-0.25_k-1,0.5665879506674095,96,96
1189,cov-sq_ShrunkCovariance,gc_gaussian_k-max-10_tau-max-2,0.2936660886278593,96,96
1190,cov-sq_ShrunkCovariance,gc_gaussian_k-1_kt-1_l-1_lt-1,0.28246566475011153,96,96
1191,cov-sq_ShrunkCovariance,te_symbolic_k-1_kt-1_l-1_lt-1,0.28246566475011153,96,96
1192,cov-sq_ShrunkCovariance,te_symbolic_k-10_kt-1_l-1_lt-1,0.2864569166171049,96,96
1193,cov-sq_ShrunkCovariance,phase_multitaper_mean_fs-1_fmin-0_fmax-0-5,0.015378212218751797,96,96
1194,cov-sq_ShrunkCovariance,phase_multitaper_mean_fs-1_fmin-0_fmax-0-25,0.03162217874983808,96,96
1195,cov-sq_ShrunkCovariance,phase_multitaper_mean_fs-1_fmin-0-25_fmax-0-5,0.06462118532222894,96,96
1196,cov-sq_ShrunkCovariance,phase_multitaper_max_fs-1_fmin-0_fmax-0-5,0.038224201879427766,96,96
1197,cov-sq_ShrunkCovariance,phase_multitaper_max_fs-1_fmin-0_fmax-0-25,0.027763958805811284,96,96
1198,cov-sq_ShrunkCovariance,phase_multitaper_max_fs-1_fmin-0-25_fmax-0-5,0.014828981490456083,96,96
1199,cov-sq_ShrunkCovariance,cohmag_multitaper_mean_fs-1_fmin-0_fmax-0-5,0.27802754757729936,96,96
1200,cov-sq_ShrunkCovariance,cohmag_multitaper_mean_fs-1_fmin-0_fmax-0-25,0.1902932928613067,96,96
1201,cov-sq_ShrunkCovariance,cohmag_multitaper_mean_fs-1_fmin-0-25_fmax-0-5,0.28967299241956546,96,96
1202,cov-sq_ShrunkCovariance,cohmag_multitaper_max_fs-1_fmin-0_fmax-0-5,0.28584476881065307,96,96
1203,cov-sq_ShrunkCovariance,cohmag_multitaper_max_fs-1_fmin-0_fmax-0-25,0.28609416544822336,96,96
1204,cov-sq_ShrunkCovariance,cohmag_multitaper_max_fs-1_fmin-0-25_fmax-0-5,0.3139137875852386,96,96
1205,cov-sq_ShrunkCovariance,psi_multitaper_mean_fs-1_fmin-0_fmax-0-5,0.15625,96,96
1206,cov-sq_ShrunkCovariance,psi_multitaper_mean_fs-1_fmin-0_fmax-0-25,0.08333333333333333,96,96
1207,cov-sq_ShrunkCovariance,psi_multitaper_mean_fs-1_fmin-0-25_fmax-0-5,0.125,96,96
1208,prec_EmpiricalCovariance,prec_EllipticEnvelope,0.9980549336210125,96,96
1209,prec_EmpiricalCovariance,prec_GraphicalLasso,0.9773236821389878,96,96
1210,prec_EmpiricalCovariance,prec_GraphicalLassoCV,0.2509967235185344,96,96
1211,prec_EmpiricalCovariance,prec_LedoitWolf,0.027517713097478413,96,96
1212,prec_EmpiricalCovariance,prec_MinCovDet,0.9965639296044885,96,96
1213,prec_EmpiricalCovariance,prec_OAS,0.905823977396909,96,96
1214,prec_EmpiricalCovariance,prec_ShrunkCovariance,0.9843724766740738,96,96
1215,prec_EmpiricalCovariance,prec-sq_EmpiricalCovariance,0.02123738872609604,96,96
1216,prec_EmpiricalCovariance,prec-sq_EllipticEnvelope,0.0667942246676334,96,96
1217,prec_EmpiricalCovariance,prec-sq_GraphicalLasso,0.026568865922353635,96,96
1218,prec_EmpiricalCovariance,prec-sq_GraphicalLassoCV,0.167335105341189,96,96
1219,prec_EmpiricalCovariance,prec-sq_LedoitWolf,0.35185623594452164,96,96
1220,prec_EmpiricalCovariance,prec-sq_MinCovDet,0.06763260483738476,96,96
1221,prec_EmpiricalCovariance,prec-sq_OAS,0.22981047075678063,96,96
1222,prec_EmpiricalCovariance,prec-sq_ShrunkCovariance,0.06981084400963111,96,96
1223,prec_EmpiricalCovariance,spearmanr-sq,0.08363851396380195,96,96
1224,prec_EmpiricalCovariance,spearmanr,0.9992730681669513,96,96
1225,prec_EmpiricalCovariance,kendalltau-sq,0.07865970491906704,96,96
1226,prec_EmpiricalCovariance,kendalltau,0.9993381675728829,96,96
1227,prec_EmpiricalCovariance,xcorr_max_sig-True,0.0832035020636816,96,96
1228,prec_EmpiricalCovariance,xcorr-sq_max_sig-True,0.037578210998893385,96,96
1229,prec_EmpiricalCovariance,xcorr_mean_sig-True,0.20339826829540458,96,96
1230,prec_EmpiricalCovariance,xcorr-sq_mean_sig-True,0.02031609891670938,96,96
1231,prec_EmpiricalCovariance,xcorr_mean_sig-False,0.1994354064826901,96,96
1232,prec_EmpiricalCovariance,xcorr-sq_mean_sig-False,0.05505702147530678,96,96
1233,prec_EmpiricalCovariance,pdist_euclidean,0.9999852592426481,96,96
1234,prec_EmpiricalCovariance,pdist_cityblock,0.9868755098726832,96,96
1235,prec_EmpiricalCovariance,pdist_cosine,0.863562063477383,96,96
1236,prec_EmpiricalCovariance,pdist_chebyshev,0.25915280057155005,96,96
1237,prec_EmpiricalCovariance,pdist_canberra,0.9129406864891748,96,96
1238,prec_EmpiricalCovariance,pdist_braycurtis,0.9565112521453392,96,96
1239,prec_EmpiricalCovariance,di_gaussian,0.005397651248768391,96,96
1240,prec_EmpiricalCovariance,di_kozachenko,0.026705996198392645,96,96
1241,prec_EmpiricalCovariance,di_kernel_W-0.5,0.1264867262776751,96,96
1242,prec_EmpiricalCovariance,mi_gaussian,0.0632283821932329,96,96
1243,prec_EmpiricalCovariance,mi_kraskov_NN-4,0.043514058185501026,96,96
1244,prec_EmpiricalCovariance,mi_kraskov_NN-4_DCE,0.05061155145634205,96,96
1245,prec_EmpiricalCovariance,mi_kernel_W-0.25,0.08689203462220718,96,96
1246,prec_EmpiricalCovariance,tlmi_gaussian,0.08677489934040117,96,96
1247,prec_EmpiricalCovariance,tlmi_kraskov_NN-4,0.0209504803168426,96,96
1248,prec_EmpiricalCovariance,tlmi_kraskov_NN-4_DCE,0.026524122456067778,96,96
1249,prec_EmpiricalCovariance,tlmi_kernel_W-0.25,0.12143274739986532,96,96
1250,prec_EmpiricalCovariance,te_kraskov_NN-4_k-max-10_tau-max-4,0.06893836872895737,96,96
1251,prec_EmpiricalCovariance,te_kraskov_NN-4_DCE_k-max-10_tau-max-4,0.10465022548494043,96,96
1252,prec_EmpiricalCovariance,te_kraskov_NN-4_DCE_k-2_kt-1_l-1_lt-1,0.05214132225062457,96,96
1253,prec_EmpiricalCovariance,te_kraskov_NN-4_DCE_k-1_kt-1_l-1_lt-1,0.07337723990968176,96,96
1254,prec_EmpiricalCovariance,te_kraskov_NN-4_k-1_kt-1_l-1_lt-1,0.07641412463485364,96,96
1255,prec_EmpiricalCovariance,te_kernel_W-0.25_k-1,0.1338131413651692,96,96
1256,prec_EmpiricalCovariance,gc_gaussian_k-max-10_tau-max-2,0.1159021003046391,96,96
1257,prec_EmpiricalCovariance,gc_gaussian_k-1_kt-1_l-1_lt-1,0.09177389663438518,96,96
1258,prec_EmpiricalCovariance,te_symbolic_k-1_kt-1_l-1_lt-1,0.09177389663438518,96,96
1259,prec_EmpiricalCovariance,te_symbolic_k-10_kt-1_l-1_lt-1,0.085743425822845,96,96
1260,prec_EmpiricalCovariance,phase_multitaper_mean_fs-1_fmin-0_fmax-0-5,0.052441950096739076,96,96
1261,prec_EmpiricalCovariance,phase_multitaper_mean_fs-1_fmin-0_fmax-0-25,0.06878731684699524,96,96
1262,prec_EmpiricalCovariance,phase_multitaper_mean_fs-1_fmin-0-25_fmax-0-5,0.02993028451597332,96,96
1263,prec_EmpiricalCovariance,phase_multitaper_max_fs-1_fmin-0_fmax-0-5,0.07595774546304512,96,96
1264,prec_EmpiricalCovariance,phase_multitaper_max_fs-1_fmin-0_fmax-0-25,0.09081631771186927,96,96
1265,prec_EmpiricalCovariance,phase_multitaper_max_fs-1_fmin-0-25_fmax-0-5,0.058999893670972914,96,96
1266,prec_EmpiricalCovariance,cohmag_multitaper_mean_fs-1_fmin-0_fmax-0-5,0.024448516772919676,96,96
1267,prec_EmpiricalCovariance,cohmag_multitaper_mean_fs-1_fmin-0_fmax-0-25,0.014358410246389064,96,96
1268,prec_EmpiricalCovariance,cohmag_multitaper_mean_fs-1_fmin-0-25_fmax-0-5,0.027625236415866672,96,96
1269,prec_EmpiricalCovariance,cohmag_multitaper_max_fs-1_fmin-0_fmax-0-5,0.03200563678751109,96,96
1270,prec_EmpiricalCovariance,cohmag_multitaper_max_fs-1_fmin-0_fmax-0-25,0.015046083034943883,96,96
1271,prec_EmpiricalCovariance,cohmag_multitaper_max_fs-1_fmin-0-25_fmax-0-5,0.03521045410200219,96,96
1272,prec_EmpiricalCovariance,psi_multitaper_mean_fs-1_fmin-0_fmax-0-5,0.11458333333333333,96,96
1273,prec_EmpiricalCovariance,psi_multitaper_mean_fs-1_fmin-0_fmax-0-25,0.21875,96,96
1274,prec_EmpiricalCovariance,psi_multitaper_mean_fs-1_fmin-0-25_fmax-0-5,0.14583333333333334,96,96
1275,prec_EllipticEnvelope,prec_GraphicalLasso,0.9971249330880857,96,96
1276,prec_EllipticEnvelope,prec_GraphicalLassoCV,0.30406597141107394,96,96
1277,prec_EllipticEnvelope,prec_LedoitWolf,0.3426482642578389,96,96
1278,prec_EllipticEnvelope,prec_MinCovDet,0.4658077053232697,96,96
1279,prec_EllipticEnvelope,prec_OAS,0.13001918036993232,96,96
1280,prec_EllipticEnvelope,prec_ShrunkCovariance,0.9982421599760491,96,96
1281,prec_EllipticEnvelope,prec-sq_EmpiricalCovariance,0.08370321817792514,96,96
1282,prec_EllipticEnvelope,prec-sq_EllipticEnvelope,0.09312946541603462,96,96
1283,prec_EllipticEnvelope,prec-sq_GraphicalLasso,0.09214789518786448,96,96
1284,prec_EllipticEnvelope,prec-sq_GraphicalLassoCV,0.183997388714224,96,96
1285,prec_EllipticEnvelope,prec-sq_LedoitWolf,0.3443017114597189,96,96
1286,prec_EllipticEnvelope,prec-sq_MinCovDet,0.07328175728986897,96,96
1287,prec_EllipticEnvelope,prec-sq_OAS,0.16875659956629321,96,96
1288,prec_EllipticEnvelope,prec-sq_ShrunkCovariance,0.17320669097669794,96,96
1289,prec_EllipticEnvelope,spearmanr-sq,0.06596047553153006,96,96
1290,prec_EllipticEnvelope,spearmanr,0.9341842892530691,96,96
1291,prec_EllipticEnvelope,kendalltau-sq,0.06567092877329861,96,96
1292,prec_EllipticEnvelope,kendalltau,0.9337685690520592,96,96
1293,prec_EllipticEnvelope,xcorr_max_sig-True,0.04800701341416369,96,96
1294,prec_EllipticEnvelope,xcorr-sq_max_sig-True,0.03193693928662969,96,96
1295,prec_EllipticEnvelope,xcorr_mean_sig-True,0.1022785611916473,96,96
1296,prec_EllipticEnvelope,xcorr-sq_mean_sig-True,0.029703253381000327,96,96
1297,prec_EllipticEnvelope,xcorr_mean_sig-False,0.10435844102872527,96,96
1298,prec_EllipticEnvelope,xcorr-sq_mean_sig-False,0.011901075054238874,96,96
1299,prec_EllipticEnvelope,pdist_euclidean,0.9992987472352687,96,96
1300,prec_EllipticEnvelope,pdist_cityblock,0.9937310624412229,96,96
1301,prec_EllipticEnvelope,pdist_cosine,0.9987581431159173,96,96
1302,prec_EllipticEnvelope,pdist_chebyshev,0.12822552738128912,96,96
1303,prec_EllipticEnvelope,pdist_canberra,0.7011692319085986,96,96
1304,prec_EllipticEnvelope,pdist_braycurtis,0.9806723847152907,96,96
1305,prec_EllipticEnvelope,di_gaussian,0.07614560070922372,96,96
1306,prec_EllipticEnvelope,di_kozachenko,0.07064442241208568,96,96
1307,prec_EllipticEnvelope,di_kernel_W-0.5,0.025740048164212603,96,96
1308,prec_EllipticEnvelope,mi_gaussian,0.09518811516280734,96,96
1309,prec_EllipticEnvelope,mi_kraskov_NN-4,0.009021510744120498,96,96
1310,prec_EllipticEnvelope,mi_kraskov_NN-4_DCE,0.006667237632422163,96,96
1311,prec_EllipticEnvelope,mi_kernel_W-0.25,0.04904947858245995,96,96
1312,prec_EllipticEnvelope,tlmi_gaussian,0.05921452146517808,96,96
1313,prec_EllipticEnvelope,tlmi_kraskov_NN-4,0.02618889687451692,96,96
1314,prec_EllipticEnvelope,tlmi_kraskov_NN-4_DCE,0.02104085561646718,96,96
1315,prec_EllipticEnvelope,tlmi_kernel_W-0.25,0.03749513978982166,96,96
1316,prec_EllipticEnvelope,te_kraskov_NN-4_k-max-10_tau-max-4,0.02169953971308697,96,96
1317,prec_EllipticEnvelope,te_kraskov_NN-4_DCE_k-max-10_tau-max-4,0.03850484317439923,96,96
1318,prec_EllipticEnvelope,te_kraskov_NN-4_DCE_k-2_kt-1_l-1_lt-1,0.013362484053436291,96,96
1319,prec_EllipticEnvelope,te_kraskov_NN-4_DCE_k-1_kt-1_l-1_lt-1,0.016772606356936226,96,96
1320,prec_EllipticEnvelope,te_kraskov_NN-4_k-1_kt-1_l-1_lt-1,0.008332532790352065,96,96
1321,prec_EllipticEnvelope,te_kernel_W-0.25_k-1,0.06679512204430116,96,96
1322,prec_EllipticEnvelope,gc_gaussian_k-max-10_tau-max-2,0.028007159689522027,96,96
1323,prec_EllipticEnvelope,gc_gaussian_k-1_kt-1_l-1_lt-1,0.05836250354489486,96,96
1324,prec_EllipticEnvelope,te_symbolic_k-1_kt-1_l-1_lt-1,0.05836250354489486,96,96
1325,prec_EllipticEnvelope,te_symbolic_k-10_kt-1_l-1_lt-1,0.05094431922203363,96,96
1326,prec_EllipticEnvelope,phase_multitaper_mean_fs-1_fmin-0_fmax-0-5,0.09865389707419725,96,96
1327,prec_EllipticEnvelope,phase_multitaper_mean_fs-1_fmin-0_fmax-0-25,0.07914521773963823,96,96
1328,prec_EllipticEnvelope,phase_multitaper_mean_fs-1_fmin-0-25_fmax-0-5,0.09199328105333437,96,96
1329,prec_EllipticEnvelope,phase_multitaper_max_fs-1_fmin-0_fmax-0-5,0.12727607726969214,96,96
1330,prec_EllipticEnvelope,phase_multitaper_max_fs-1_fmin-0_fmax-0-25,0.15553823282670226,96,96
1331,prec_EllipticEnvelope,phase_multitaper_max_fs-1_fmin-0-25_fmax-0-5,0.10628068259697254,96,96
1332,prec_EllipticEnvelope,cohmag_multitaper_mean_fs-1_fmin-0_fmax-0-5,0.015685311464955887,96,96
1333,prec_EllipticEnvelope,cohmag_multitaper_mean_fs-1_fmin-0_fmax-0-25,0.03749981265412339,96,96
1334,prec_EllipticEnvelope,cohmag_multitaper_mean_fs-1_fmin-0-25_fmax-0-5,0.025592292997485222,96,96
1335,prec_EllipticEnvelope,cohmag_multitaper_max_fs-1_fmin-0_fmax-0-5,0.07870982810045135,96,96
1336,prec_EllipticEnvelope,cohmag_multitaper_max_fs-1_fmin-0_fmax-0-25,0.02383565899546758,96,96
1337,prec_EllipticEnvelope,cohmag_multitaper_max_fs-1_fmin-0-25_fmax-0-5,0.04729223650058939,96,96
1338,prec_EllipticEnvelope,psi_multitaper_mean_fs-1_fmin-0_fmax-0-5,0.08333333333333333,96,96
1339,prec_EllipticEnvelope,psi_multitaper_mean_fs-1_fmin-0_fmax-0-25,0.08333333333333333,96,96
1340,prec_EllipticEnvelope,psi_multitaper_mean_fs-1_fmin-0-25_fmax-0-5,0.07291666666666667,96,96
1341,prec_GraphicalLasso,prec_GraphicalLassoCV,0.25535597222947326,96,96
1342,prec_GraphicalLasso,prec_LedoitWolf,0.026766893105908074,96,96
1343,prec_GraphicalLasso,prec_MinCovDet,0.9952568378336104,96,96
1344,prec_GraphicalLasso,prec_OAS,0.9058007073003386,96,96
1345,prec_GraphicalLasso,prec_ShrunkCovariance,0.7712882804577686,96,96
1346,prec_GraphicalLasso,prec-sq_EmpiricalCovariance,0.02184230835729495,96,96
1347,prec_GraphicalLasso,prec-sq_EllipticEnvelope,0.06700840577171596,96,96
1348,prec_GraphicalLasso,prec-sq_GraphicalLasso,0.02852920440557216,96,96
1349,prec_GraphicalLasso,prec-sq_GraphicalLassoCV,0.16845154575677335,96,96
1350,prec_GraphicalLasso,prec-sq_LedoitWolf,0.355321437414582,96,96
1351,prec_GraphicalLasso,prec-sq_MinCovDet,0.06584301840436502,96,96
1352,prec_GraphicalLasso,prec-sq_OAS,0.22601411067836508,96,96
1353,prec_GraphicalLasso,prec-sq_ShrunkCovariance,0.07165501306730782,96,96
1354,prec_GraphicalLasso,spearmanr-sq,0.08471653198643558,96,96
1355,prec_GraphicalLasso,spearmanr,0.9986271296198174,96,96
1356,prec_GraphicalLasso,kendalltau-sq,0.08001787027264995,96,96
1357,prec_GraphicalLasso,kendalltau,0.9987020686606504,96,96
1358,prec_GraphicalLasso,xcorr_max_sig-True,0.07846019343318839,96,96
1359,prec_GraphicalLasso,xcorr-sq_max_sig-True,0.03304446512139381,96,96
1360,prec_GraphicalLasso,xcorr_mean_sig-True,0.20485617155655345,96,96
1361,prec_GraphicalLasso,xcorr-sq_mean_sig-True,0.019647549631152006,96,96
1362,prec_GraphicalLasso,xcorr_mean_sig-False,0.19956246869958238,96,96
1363,prec_GraphicalLasso,xcorr-sq_mean_sig-False,0.050390517089315745,96,96
1364,prec_GraphicalLasso,pdist_euclidean,0.9999580700161791,96,96
1365,prec_GraphicalLasso,pdist_cityblock,0.9878711743968088,96,96
1366,prec_GraphicalLasso,pdist_cosine,0.7739684248015879,96,96
1367,prec_GraphicalLasso,pdist_chebyshev,0.25986990616305455,96,96
1368,prec_GraphicalLasso,pdist_canberra,0.9161192698978121,96,96
1369,prec_GraphicalLasso,pdist_braycurtis,0.9478709337664397,96,96
1370,prec_GraphicalLasso,di_gaussian,0.00859792695837816,96,96
1371,prec_GraphicalLasso,di_kozachenko,0.024311002252096037,96,96
1372,prec_GraphicalLasso,di_kernel_W-0.5,0.11608396140964283,96,96
1373,prec_GraphicalLasso,mi_gaussian,0.06326528558552558,96,96
1374,prec_GraphicalLasso,mi_kraskov_NN-4,0.04554788307341928,96,96
1375,prec_GraphicalLasso,mi_kraskov_NN-4_DCE,0.05168333065105818,96,96
1376,prec_GraphicalLasso,mi_kernel_W-0.25,0.08608553105053118,96,96
1377,prec_GraphicalLasso,tlmi_gaussian,0.08500594292490549,96,96
1378,prec_GraphicalLasso,tlmi_kraskov_NN-4,0.02167824215206471,96,96
1379,prec_GraphicalLasso,tlmi_kraskov_NN-4_DCE,0.027068709738237606,96,96
1380,prec_GraphicalLasso,tlmi_kernel_W-0.25,0.12698262232925117,96,96
1381,prec_GraphicalLasso,te_kraskov_NN-4_k-max-10_tau-max-4,0.06689753648447277,96,96
1382,prec_GraphicalLasso,te_kraskov_NN-4_DCE_k-max-10_tau-max-4,0.10512614411806415,96,96
1383,prec_GraphicalLasso,te_kraskov_NN-4_DCE_k-2_kt-1_l-1_lt-1,0.050103457932299256,96,96
1384,prec_GraphicalLasso,te_kraskov_NN-4_DCE_k-1_kt-1_l-1_lt-1,0.07265628218777767,96,96
1385,prec_GraphicalLasso,te_kraskov_NN-4_k-1_kt-1_l-1_lt-1,0.0757939909418841,96,96
1386,prec_GraphicalLasso,te_kernel_W-0.25_k-1,0.12793180972514606,96,96
1387,prec_GraphicalLasso,gc_gaussian_k-max-10_tau-max-2,0.11345359750114437,96,96
1388,prec_GraphicalLasso,gc_gaussian_k-1_kt-1_l-1_lt-1,0.09167667443722949,96,96
1389,prec_GraphicalLasso,te_symbolic_k-1_kt-1_l-1_lt-1,0.09167667443722949,96,96
1390,prec_GraphicalLasso,te_symbolic_k-10_kt-1_l-1_lt-1,0.08914998453615453,96,96
1391,prec_GraphicalLasso,phase_multitaper_mean_fs-1_fmin-0_fmax-0-5,0.05826141807289259,96,96
1392,prec_GraphicalLasso,phase_multitaper_mean_fs-1_fmin-0_fmax-0-25,0.0774138449306167,96,96
1393,prec_GraphicalLasso,phase_multitaper_mean_fs-1_fmin-0-25_fmax-0-5,0.026137011242018476,96,96
1394,prec_GraphicalLasso,phase_multitaper_max_fs-1_fmin-0_fmax-0-5,0.07691688669772079,96,96
1395,prec_GraphicalLasso,phase_multitaper_max_fs-1_fmin-0_fmax-0-25,0.08956250925861958,96,96
1396,prec_GraphicalLasso,phase_multitaper_max_fs-1_fmin-0-25_fmax-0-5,0.053285659767658144,96,96
1397,prec_GraphicalLasso,cohmag_multitaper_mean_fs-1_fmin-0_fmax-0-5,0.023470458010917322,96,96
1398,prec_GraphicalLasso,cohmag_multitaper_mean_fs-1_fmin-0_fmax-0-25,0.010396483395926803,96,96
1399,prec_GraphicalLasso,cohmag_multitaper_mean_fs-1_fmin-0-25_fmax-0-5,0.02921648163732471,96,96
1400,prec_GraphicalLasso,cohmag_multitaper_max_fs-1_fmin-0_fmax-0-5,0.03126506940163962,96,96
1401,prec_GraphicalLasso,cohmag_multitaper_max_fs-1_fmin-0_fmax-0-25,0.016698332446940828,96,96
1402,prec_GraphicalLasso,cohmag_multitaper_max_fs-1_fmin-0-25_fmax-0-5,0.038149744147646436,96,96
1403,prec_GraphicalLasso,psi_multitaper_mean_fs-1_fmin-0_fmax-0-5,0.11458333333333333,96,96
1404,prec_GraphicalLasso,psi_multitaper_mean_fs-1_fmin-0_fmax-0-25,0.19791666666666666,96,96
1405,prec_GraphicalLasso,psi_multitaper_mean_fs-1_fmin-0-25_fmax-0-5,0.16666666666666666,96,96
1406,prec_GraphicalLassoCV,prec_LedoitWolf,0.47852769430191283,96,96
1407,prec_GraphicalLassoCV,prec_MinCovDet,0.2947688501314206,96,96
1408,prec_GraphicalLassoCV,prec_OAS,0.04622883018821777,96,96
1409,prec_GraphicalLassoCV,prec_ShrunkCovariance,0.13483154345279036,96,96
1410,prec_GraphicalLassoCV,prec-sq_EmpiricalCovariance,0.04320149575434096,96,96
1411,prec_GraphicalLassoCV,prec-sq_EllipticEnvelope,0.024404313020005675,96,96
1412,prec_GraphicalLassoCV,prec-sq_GraphicalLasso,0.044008289812054846,96,96
1413,prec_GraphicalLassoCV,prec-sq_GraphicalLassoCV,0.07164480729764489,96,96
1414,prec_GraphicalLassoCV,prec-sq_LedoitWolf,0.3157698161186022,96,96
1415,prec_GraphicalLassoCV,prec-sq_MinCovDet,0.02677088230385838,96,96
1416,prec_GraphicalLassoCV,prec-sq_OAS,0.12144421795447241,96,96
1417,prec_GraphicalLassoCV,prec-sq_ShrunkCovariance,0.13082799132034473,96,96
1418,prec_GraphicalLassoCV,spearmanr-sq,0.029194454429697703,96,96
1419,prec_GraphicalLassoCV,spearmanr,0.24289287784599742,96,96
1420,prec_GraphicalLassoCV,kendalltau-sq,0.026043258423745774,96,96
1421,prec_GraphicalLassoCV,kendalltau,0.23970722932083122,96,96
1422,prec_GraphicalLassoCV,xcorr_max_sig-True,0.0850789371526246,96,96
1423,prec_GraphicalLassoCV,xcorr-sq_max_sig-True,0.061356086153805695,96,96
1424,prec_GraphicalLassoCV,xcorr_mean_sig-True,0.03304252025338417,96,96
1425,prec_GraphicalLassoCV,xcorr-sq_mean_sig-True,0.09673767271039094,96,96
1426,prec_GraphicalLassoCV,xcorr_mean_sig-False,0.04436490188424144,96,96
1427,prec_GraphicalLassoCV,xcorr-sq_mean_sig-False,0.09790644328691223,96,96
1428,prec_GraphicalLassoCV,pdist_euclidean,0.2776628895519375,96,96
1429,prec_GraphicalLassoCV,pdist_cityblock,0.27098626960158767,96,96
1430,prec_GraphicalLassoCV,pdist_cosine,0.17387299799314504,96,96
1431,prec_GraphicalLassoCV,pdist_chebyshev,0.05278361833966652,96,96
1432,prec_GraphicalLassoCV,pdist_canberra,0.21751289826506826,96,96
1433,prec_GraphicalLassoCV,pdist_braycurtis,0.22483844430422262,96,96
1434,prec_GraphicalLassoCV,di_gaussian,0.061429856560243135,96,96
1435,prec_GraphicalLassoCV,di_kozachenko,0.06275324786494338,96,96
1436,prec_GraphicalLassoCV,di_kernel_W-0.5,0.0377797431296375,96,96
1437,prec_GraphicalLassoCV,mi_gaussian,0.015180512161911464,96,96
1438,prec_GraphicalLassoCV,mi_kraskov_NN-4,0.05983742705863854,96,96
1439,prec_GraphicalLassoCV,mi_kraskov_NN-4_DCE,0.06613219077698812,96,96
1440,prec_GraphicalLassoCV,mi_kernel_W-0.25,0.10049089859817173,96,96
1441,prec_GraphicalLassoCV,tlmi_gaussian,0.09160131407295458,96,96
1442,prec_GraphicalLassoCV,tlmi_kraskov_NN-4,0.007475631921159173,96,96
1443,prec_GraphicalLassoCV,tlmi_kraskov_NN-4_DCE,0.012636267380696634,96,96
1444,prec_GraphicalLassoCV,tlmi_kernel_W-0.25,0.14666280842543522,96,96
1445,prec_GraphicalLassoCV,te_kraskov_NN-4_k-max-10_tau-max-4,0.09409457884302153,96,96
1446,prec_GraphicalLassoCV,te_kraskov_NN-4_DCE_k-max-10_tau-max-4,0.046881759937972944,96,96
1447,prec_GraphicalLassoCV,te_kraskov_NN-4_DCE_k-2_kt-1_l-1_lt-1,0.07955931529609195,96,96
1448,prec_GraphicalLassoCV,te_kraskov_NN-4_DCE_k-1_kt-1_l-1_lt-1,0.05316100701791937,96,96
1449,prec_GraphicalLassoCV,te_kraskov_NN-4_k-1_kt-1_l-1_lt-1,0.05360139374851086,96,96
1450,prec_GraphicalLassoCV,te_kernel_W-0.25_k-1,0.0911446744183565,96,96
1451,prec_GraphicalLassoCV,gc_gaussian_k-max-10_tau-max-2,0.07532214921363745,96,96
1452,prec_GraphicalLassoCV,gc_gaussian_k-1_kt-1_l-1_lt-1,0.07987552300484924,96,96
1453,prec_GraphicalLassoCV,te_symbolic_k-1_kt-1_l-1_lt-1,0.07987552300484924,96,96
1454,prec_GraphicalLassoCV,te_symbolic_k-10_kt-1_l-1_lt-1,0.0849560905133151,96,96
1455,prec_GraphicalLassoCV,phase_multitaper_mean_fs-1_fmin-0_fmax-0-5,0.04256393597871588,96,96
1456,prec_GraphicalLassoCV,phase_multitaper_mean_fs-1_fmin-0_fmax-0-25,0.11400541972420652,96,96
1457,prec_GraphicalLassoCV,phase_multitaper_mean_fs-1_fmin-0-25_fmax-0-5,0.049441584265288,96,96
1458,prec_GraphicalLassoCV,phase_multitaper_max_fs-1_fmin-0_fmax-0-5,0.023677738729301956,96,96
1459,prec_GraphicalLassoCV,phase_multitaper_max_fs-1_fmin-0_fmax-0-25,0.08428690288335516,96,96
1460,prec_GraphicalLassoCV,phase_multitaper_max_fs-1_fmin-0-25_fmax-0-5,0.06546400710576047,96,96
1461,prec_GraphicalLassoCV,cohmag_multitaper_mean_fs-1_fmin-0_fmax-0-5,0.11820049310666855,96,96
1462,prec_GraphicalLassoCV,cohmag_multitaper_mean_fs-1_fmin-0_fmax-0-25,0.12370729268433323,96,96
1463,prec_GraphicalLassoCV,cohmag_multitaper_mean_fs-1_fmin-0-25_fmax-0-5,0.1085910657996201,96,96
1464,prec_GraphicalLassoCV,cohmag_multitaper_max_fs-1_fmin-0_fmax-0-5,0.08412775923725627,96,96
1465,prec_GraphicalLassoCV,cohmag_multitaper_max_fs-1_fmin-0_fmax-0-25,0.08803845259526832,96,96
1466,prec_GraphicalLassoCV,cohmag_multitaper_max_fs-1_fmin-0-25_fmax-0-5,0.09680444242993783,96,96
1467,prec_GraphicalLassoCV,psi_multitaper_mean_fs-1_fmin-0_fmax-0-5,0.08333333333333333,96,96
1468,prec_GraphicalLassoCV,psi_multitaper_mean_fs-1_fmin-0_fmax-0-25,0.13541666666666666,96,96
1469,prec_GraphicalLassoCV,psi_multitaper_mean_fs-1_fmin-0-25_fmax-0-5,0.11458333333333333,96,96
1470,prec_LedoitWolf,prec_MinCovDet,0.3432250907909281,96,96
1471,prec_LedoitWolf,prec_OAS,0.028475410306378235,96,96
1472,prec_LedoitWolf,prec_ShrunkCovariance,0.009595927144366412,96,96
1473,prec_LedoitWolf,prec-sq_EmpiricalCovariance,0.06401695984305322,96,96
1474,prec_LedoitWolf,prec-sq_EllipticEnvelope,0.03738783974182569,96,96
1475,prec_LedoitWolf,prec-sq_GraphicalLasso,0.06487507748200527,96,96
1476,prec_LedoitWolf,prec-sq_GraphicalLassoCV,0.14495883181991465,96,96
1477,prec_LedoitWolf,prec-sq_LedoitWolf,0.3418221449100066,96,96
1478,prec_LedoitWolf,prec-sq_MinCovDet,0.030097756939513443,96,96
1479,prec_LedoitWolf,prec-sq_OAS,0.06182596358711345,96,96
1480,prec_LedoitWolf,prec-sq_ShrunkCovariance,0.04344243320895777,96,96
1481,prec_LedoitWolf,spearmanr-sq,0.18364355401998,96,96
1482,prec_LedoitWolf,spearmanr,0.4350190898013172,96,96
1483,prec_LedoitWolf,kendalltau-sq,0.1824141027790981,96,96
1484,prec_LedoitWolf,kendalltau,0.4241625156404814,96,96
1485,prec_LedoitWolf,xcorr_max_sig-True,0.100038391518256,96,96
1486,prec_LedoitWolf,xcorr-sq_max_sig-True,0.07072700542682464,96,96
1487,prec_LedoitWolf,xcorr_mean_sig-True,0.04722405561795995,96,96
1488,prec_LedoitWolf,xcorr-sq_mean_sig-True,0.06920641857190879,96,96
1489,prec_LedoitWolf,xcorr_mean_sig-False,0.04113341236290524,96,96
1490,prec_LedoitWolf,xcorr-sq_mean_sig-False,0.09276866743952322,96,96
1491,prec_LedoitWolf,pdist_euclidean,0.4092355910123332,96,96
1492,prec_LedoitWolf,pdist_cityblock,0.33318445300208777,96,96
1493,prec_LedoitWolf,pdist_cosine,0.010925872826756944,96,96
1494,prec_LedoitWolf,pdist_chebyshev,0.08469684291105506,96,96
1495,prec_LedoitWolf,pdist_canberra,0.5115899785233481,96,96
1496,prec_LedoitWolf,pdist_braycurtis,0.19775464563219797,96,96
1497,prec_LedoitWolf,di_gaussian,0.07198442480138367,96,96
1498,prec_LedoitWolf,di_kozachenko,0.023724657358536877,96,96
1499,prec_LedoitWolf,di_kernel_W-0.5,0.03933840712486936,96,96
1500,prec_LedoitWolf,mi_gaussian,0.017891483224560467,96,96
1501,prec_LedoitWolf,mi_kraskov_NN-4,0.03529929390097608,96,96
1502,prec_LedoitWolf,mi_kraskov_NN-4_DCE,0.021010928539854312,96,96
1503,prec_LedoitWolf,mi_kernel_W-0.25,0.08736283595341765,96,96
1504,prec_LedoitWolf,tlmi_gaussian,0.04776219107883095,96,96
1505,prec_LedoitWolf,tlmi_kraskov_NN-4,0.039791655651423063,96,96
1506,prec_LedoitWolf,tlmi_kraskov_NN-4_DCE,0.06146975891118922,96,96
1507,prec_LedoitWolf,tlmi_kernel_W-0.25,0.07045924123226704,96,96
1508,prec_LedoitWolf,te_kraskov_NN-4_k-max-10_tau-max-4,0.20566202735123262,96,96
1509,prec_LedoitWolf,te_kraskov_NN-4_DCE_k-max-10_tau-max-4,0.13429308273648538,96,96
1510,prec_LedoitWolf,te_kraskov_NN-4_DCE_k-2_kt-1_l-1_lt-1,0.09417128904300331,96,96
1511,prec_LedoitWolf,te_kraskov_NN-4_DCE_k-1_kt-1_l-1_lt-1,0.05677013597151814,96,96
1512,prec_LedoitWolf,te_kraskov_NN-4_k-1_kt-1_l-1_lt-1,0.045292670306388866,96,96
1513,prec_LedoitWolf,te_kernel_W-0.25_k-1,0.02595520642764887,96,96
1514,prec_LedoitWolf,gc_gaussian_k-max-10_tau-max-2,0.02262951210948727,96,96
1515,prec_LedoitWolf,gc_gaussian_k-1_kt-1_l-1_lt-1,0.04813464632046016,96,96
1516,prec_LedoitWolf,te_symbolic_k-1_kt-1_l-1_lt-1,0.04813464632046016,96,96
1517,prec_LedoitWolf,te_symbolic_k-10_kt-1_l-1_lt-1,0.057765703258974344,96,96
1518,prec_LedoitWolf,phase_multitaper_mean_fs-1_fmin-0_fmax-0-5,0.022781547871771002,96,96
1519,prec_LedoitWolf,phase_multitaper_mean_fs-1_fmin-0_fmax-0-25,0.004208356511611548,96,96
1520,prec_LedoitWolf,phase_multitaper_mean_fs-1_fmin-0-25_fmax-0-5,0.06466394166469291,96,96
1521,prec_LedoitWolf,phase_multitaper_max_fs-1_fmin-0_fmax-0-5,0.022284844318544772,96,96
1522,prec_LedoitWolf,phase_multitaper_max_fs-1_fmin-0_fmax-0-25,0.03611334714959835,96,96
1523,prec_LedoitWolf,phase_multitaper_max_fs-1_fmin-0-25_fmax-0-5,0.049326312677179796,96,96
1524,prec_LedoitWolf,cohmag_multitaper_mean_fs-1_fmin-0_fmax-0-5,0.027347586024209725,96,96
1525,prec_LedoitWolf,cohmag_multitaper_mean_fs-1_fmin-0_fmax-0-25,0.026539947826356047,96,96
1526,prec_LedoitWolf,cohmag_multitaper_mean_fs-1_fmin-0-25_fmax-0-5,0.005831140854817063,96,96
1527,prec_LedoitWolf,cohmag_multitaper_max_fs-1_fmin-0_fmax-0-5,0.051628617894199536,96,96
1528,prec_LedoitWolf,cohmag_multitaper_max_fs-1_fmin-0_fmax-0-25,0.0877429871270815,96,96
1529,prec_LedoitWolf,cohmag_multitaper_max_fs-1_fmin-0-25_fmax-0-5,0.07872151829378457,96,96
1530,prec_LedoitWolf,psi_multitaper_mean_fs-1_fmin-0_fmax-0-5,0.13541666666666666,96,96
1531,prec_LedoitWolf,psi_multitaper_mean_fs-1_fmin-0_fmax-0-25,0.11458333333333333,96,96
1532,prec_LedoitWolf,psi_multitaper_mean_fs-1_fmin-0-25_fmax-0-5,0.14583333333333334,96,96
1533,prec_MinCovDet,prec_OAS,0.12483269465237157,96,96
1534,prec_MinCovDet,prec_ShrunkCovariance,0.9975876886587585,96,96
1535,prec_MinCovDet,prec-sq_EmpiricalCovariance,0.0812692727332236,96,96
1536,prec_MinCovDet,prec-sq_EllipticEnvelope,0.09133813131078172,96,96
1537,prec_MinCovDet,prec-sq_GraphicalLasso,0.08336900718965945,96,96
1538,prec_MinCovDet,prec-sq_GraphicalLassoCV,0.18546754613628502,96,96
1539,prec_MinCovDet,prec-sq_LedoitWolf,0.3798579497510579,96,96
1540,prec_MinCovDet,prec-sq_MinCovDet,0.07609614778608653,96,96
1541,prec_MinCovDet,prec-sq_OAS,0.1662096284778952,96,96
1542,prec_MinCovDet,prec-sq_ShrunkCovariance,0.16706823568678986,96,96
1543,prec_MinCovDet,spearmanr-sq,0.06997799587575937,96,96
1544,prec_MinCovDet,spearmanr,0.9339805031501442,96,96
1545,prec_MinCovDet,kendalltau-sq,0.07247327105925983,96,96
1546,prec_MinCovDet,kendalltau,0.9326500250682943,96,96
1547,prec_MinCovDet,xcorr_max_sig-True,0.05785182183073512,96,96
1548,prec_MinCovDet,xcorr-sq_max_sig-True,0.028176975849680208,96,96
1549,prec_MinCovDet,xcorr_mean_sig-True,0.09960401394821611,96,96
1550,prec_MinCovDet,xcorr-sq_mean_sig-True,0.027234053069016495,96,96
1551,prec_MinCovDet,xcorr_mean_sig-False,0.10570083193497626,96,96
1552,prec_MinCovDet,xcorr-sq_mean_sig-False,0.013301674581572664,96,96
1553,prec_MinCovDet,pdist_euclidean,0.9993582524768132,96,96
1554,prec_MinCovDet,pdist_cityblock,0.9964387663594575,96,96
1555,prec_MinCovDet,pdist_cosine,0.9981577829648974,96,96
1556,prec_MinCovDet,pdist_chebyshev,0.11819519365366893,96,96
1557,prec_MinCovDet,pdist_canberra,0.7130668095760672,96,96
1558,prec_MinCovDet,pdist_braycurtis,0.9785813757898963,96,96
1559,prec_MinCovDet,di_gaussian,0.07025329476732256,96,96
1560,prec_MinCovDet,di_kozachenko,0.06473748251117226,96,96
1561,prec_MinCovDet,di_kernel_W-0.5,0.04150696601031256,96,96
1562,prec_MinCovDet,mi_gaussian,0.09006689788913613,96,96
1563,prec_MinCovDet,mi_kraskov_NN-4,0.012139559912619946,96,96
1564,prec_MinCovDet,mi_kraskov_NN-4_DCE,0.006635603575747329,96,96
1565,prec_MinCovDet,mi_kernel_W-0.25,0.05243358295924194,96,96
1566,prec_MinCovDet,tlmi_gaussian,0.06176460066623657,96,96
1567,prec_MinCovDet,tlmi_kraskov_NN-4,0.04684817101326161,96,96
1568,prec_MinCovDet,tlmi_kraskov_NN-4_DCE,0.03803317047336602,96,96
1569,prec_MinCovDet,tlmi_kernel_W-0.25,0.03505869640514592,96,96
1570,prec_MinCovDet,te_kraskov_NN-4_k-max-10_tau-max-4,0.01818121732423239,96,96
1571,prec_MinCovDet,te_kraskov_NN-4_DCE_k-max-10_tau-max-4,0.019942901088970788,96,96
1572,prec_MinCovDet,te_kraskov_NN-4_DCE_k-2_kt-1_l-1_lt-1,0.020471402915851145,96,96
1573,prec_MinCovDet,te_kraskov_NN-4_DCE_k-1_kt-1_l-1_lt-1,0.030284591947250916,96,96
1574,prec_MinCovDet,te_kraskov_NN-4_k-1_kt-1_l-1_lt-1,0.0218446262596938,96,96
1575,prec_MinCovDet,te_kernel_W-0.25_k-1,0.06599094976766906,96,96
1576,prec_MinCovDet,gc_gaussian_k-max-10_tau-max-2,0.030144276222811683,96,96
1577,prec_MinCovDet,gc_gaussian_k-1_kt-1_l-1_lt-1,0.06118329020569979,96,96
1578,prec_MinCovDet,te_symbolic_k-1_kt-1_l-1_lt-1,0.06118329020569979,96,96
1579,prec_MinCovDet,te_symbolic_k-10_kt-1_l-1_lt-1,0.0590504238473023,96,96
1580,prec_MinCovDet,phase_multitaper_mean_fs-1_fmin-0_fmax-0-5,0.09576470626313416,96,96
1581,prec_MinCovDet,phase_multitaper_mean_fs-1_fmin-0_fmax-0-25,0.07220441928226118,96,96
1582,prec_MinCovDet,phase_multitaper_mean_fs-1_fmin-0-25_fmax-0-5,0.09004965239052964,96,96
1583,prec_MinCovDet,phase_multitaper_max_fs-1_fmin-0_fmax-0-5,0.1356345289637711,96,96
1584,prec_MinCovDet,phase_multitaper_max_fs-1_fmin-0_fmax-0-25,0.15254819211936038,96,96
1585,prec_MinCovDet,phase_multitaper_max_fs-1_fmin-0-25_fmax-0-5,0.10895820588023664,96,96
1586,prec_MinCovDet,cohmag_multitaper_mean_fs-1_fmin-0_fmax-0-5,0.020574299420591302,96,96
1587,prec_MinCovDet,cohmag_multitaper_mean_fs-1_fmin-0_fmax-0-25,0.04582875821296961,96,96
1588,prec_MinCovDet,cohmag_multitaper_mean_fs-1_fmin-0-25_fmax-0-5,0.026580811985889352,96,96
1589,prec_MinCovDet,cohmag_multitaper_max_fs-1_fmin-0_fmax-0-5,0.08055936176292369,96,96
1590,prec_MinCovDet,cohmag_multitaper_max_fs-1_fmin-0_fmax-0-25,0.027803090047740286,96,96
1591,prec_MinCovDet,cohmag_multitaper_max_fs-1_fmin-0-25_fmax-0-5,0.04116248715383841,96,96
1592,prec_MinCovDet,psi_multitaper_mean_fs-1_fmin-0_fmax-0-5,0.08333333333333333,96,96
1593,prec_MinCovDet,psi_multitaper_mean_fs-1_fmin-0_fmax-0-25,0.16666666666666666,96,96
1594,prec_MinCovDet,psi_multitaper_mean_fs-1_fmin-0-25_fmax-0-5,0.1875,96,96
1595,prec_OAS,prec_ShrunkCovariance,0.8525618051139798,96,96
1596,prec_OAS,prec-sq_EmpiricalCovariance,0.22739587132250672,96,96
1597,prec_OAS,prec-sq_EllipticEnvelope,0.2220326569714713,96,96
1598,prec_OAS,prec-sq_GraphicalLasso,0.22593534815492944,96,96
1599,prec_OAS,prec-sq_GraphicalLassoCV,0.03653434046286762,96,96
1600,prec_OAS,prec-sq_LedoitWolf,0.3616017220535782,96,96
1601,prec_OAS,prec-sq_MinCovDet,0.24180708062634115,96,96
1602,prec_OAS,prec-sq_OAS,0.22948995217956158,96,96
1603,prec_OAS,prec-sq_ShrunkCovariance,0.1828705624144803,96,96
1604,prec_OAS,spearmanr-sq,0.17203029202171838,96,96
1605,prec_OAS,spearmanr,0.12425081551728723,96,96
1606,prec_OAS,kendalltau-sq,0.17343316793445995,96,96
1607,prec_OAS,kendalltau,0.11672325622492252,96,96
1608,prec_OAS,xcorr_max_sig-True,0.39462320698359943,96,96
1609,prec_OAS,xcorr-sq_max_sig-True,0.29268630477834223,96,96
1610,prec_OAS,xcorr_mean_sig-True,0.3192934209131685,96,96
1611,prec_OAS,xcorr-sq_mean_sig-True,0.27464317196159005,96,96
1612,prec_OAS,xcorr_mean_sig-False,0.41171784472804795,96,96
1613,prec_OAS,xcorr-sq_mean_sig-False,0.24894206817700754,96,96
1614,prec_OAS,pdist_euclidean,0.15702802485180867,96,96
1615,prec_OAS,pdist_cityblock,0.13200739756066748,96,96
1616,prec_OAS,pdist_cosine,0.902350972313217,96,96
1617,prec_OAS,pdist_chebyshev,0.24113512431734083,96,96
1618,prec_OAS,pdist_canberra,0.11040735250197575,96,96
1619,prec_OAS,pdist_braycurtis,0.4054000654833929,96,96
1620,prec_OAS,di_gaussian,0.24616133844910615,96,96
1621,prec_OAS,di_kozachenko,0.28670827898664597,96,96
1622,prec_OAS,di_kernel_W-0.5,0.35642207448136953,96,96
1623,prec_OAS,mi_gaussian,0.2269002816602953,96,96
1624,prec_OAS,mi_kraskov_NN-4,0.2232444485768839,96,96
1625,prec_OAS,mi_kraskov_NN-4_DCE,0.2590899055661378,96,96
1626,prec_OAS,mi_kernel_W-0.25,0.28145786399939887,96,96
1627,prec_OAS,tlmi_gaussian,0.3153097355223726,96,96
1628,prec_OAS,tlmi_kraskov_NN-4,0.2748313547406305,96,96
1629,prec_OAS,tlmi_kraskov_NN-4_DCE,0.2884889697331925,96,96
1630,prec_OAS,tlmi_kernel_W-0.25,0.346531173629399,96,96
1631,prec_OAS,te_kraskov_NN-4_k-max-10_tau-max-4,0.35951339818048283,96,96
1632,prec_OAS,te_kraskov_NN-4_DCE_k-max-10_tau-max-4,0.3430326757376649,96,96
1633,prec_OAS,te_kraskov_NN-4_DCE_k-2_kt-1_l-1_lt-1,0.31360483904145775,96,96
1634,prec_OAS,te_kraskov_NN-4_DCE_k-1_kt-1_l-1_lt-1,0.27407533972651266,96,96
1635,prec_OAS,te_kraskov_NN-4_k-1_kt-1_l-1_lt-1,0.28925355871951736,96,96
1636,prec_OAS,te_kernel_W-0.25_k-1,0.38720516160622265,96,96
1637,prec_OAS,gc_gaussian_k-max-10_tau-max-2,0.3900304621234717,96,96
1638,prec_OAS,gc_gaussian_k-1_kt-1_l-1_lt-1,0.31125209680596766,96,96
1639,prec_OAS,te_symbolic_k-1_kt-1_l-1_lt-1,0.31125209680596766,96,96
1640,prec_OAS,te_symbolic_k-10_kt-1_l-1_lt-1,0.30895563858425046,96,96
1641,prec_OAS,phase_multitaper_mean_fs-1_fmin-0_fmax-0-5,0.2996035597245318,96,96
1642,prec_OAS,phase_multitaper_mean_fs-1_fmin-0_fmax-0-25,0.32200740776391246,96,96
1643,prec_OAS,phase_multitaper_mean_fs-1_fmin-0-25_fmax-0-5,0.262461332356403,96,96
1644,prec_OAS,phase_multitaper_max_fs-1_fmin-0_fmax-0-5,0.2893090312756298,96,96
1645,prec_OAS,phase_multitaper_max_fs-1_fmin-0_fmax-0-25,0.29494292202973005,96,96
1646,prec_OAS,phase_multitaper_max_fs-1_fmin-0-25_fmax-0-5,0.2898851912703414,96,96
1647,prec_OAS,cohmag_multitaper_mean_fs-1_fmin-0_fmax-0-5,0.2938422246348842,96,96
1648,prec_OAS,cohmag_multitaper_mean_fs-1_fmin-0_fmax-0-25,0.25321403804950404,96,96
1649,prec_OAS,cohmag_multitaper_mean_fs-1_fmin-0-25_fmax-0-5,0.26369153557877256,96,96
1650,prec_OAS,cohmag_multitaper_max_fs-1_fmin-0_fmax-0-5,0.2810106540751724,96,96
1651,prec_OAS,cohmag_multitaper_max_fs-1_fmin-0_fmax-0-25,0.3165718060948386,96,96
1652,prec_OAS,cohmag_multitaper_max_fs-1_fmin-0-25_fmax-0-5,0.2919361943431101,96,96
1653,prec_OAS,psi_multitaper_mean_fs-1_fmin-0_fmax-0-5,0.13541666666666666,96,96
1654,prec_OAS,psi_multitaper_mean_fs-1_fmin-0_fmax-0-25,0.09375,96,96
1655,prec_OAS,psi_multitaper_mean_fs-1_fmin-0-25_fmax-0-5,0.14583333333333334,96,96
1656,prec_ShrunkCovariance,prec-sq_EmpiricalCovariance,0.024539923476205483,96,96
1657,prec_ShrunkCovariance,prec-sq_EllipticEnvelope,0.07733083139156827,96,96
1658,prec_ShrunkCovariance,prec-sq_GraphicalLasso,0.030559810709122504,96,96
1659,prec_ShrunkCovariance,prec-sq_GraphicalLassoCV,0.1640867425296395,96,96
1660,prec_ShrunkCovariance,prec-sq_LedoitWolf,0.36406231487375285,96,96
1661,prec_ShrunkCovariance,prec-sq_MinCovDet,0.07791207527040955,96,96
1662,prec_ShrunkCovariance,prec-sq_OAS,0.2182555569629936,96,96
1663,prec_ShrunkCovariance,prec-sq_ShrunkCovariance,0.06531520523891798,96,96
1664,prec_ShrunkCovariance,spearmanr-sq,0.0869338978391675,96,96
1665,prec_ShrunkCovariance,spearmanr,0.9993855750270354,96,96
1666,prec_ShrunkCovariance,kendalltau-sq,0.08095494344921006,96,96
1667,prec_ShrunkCovariance,kendalltau,0.99939193856932,96,96
1668,prec_ShrunkCovariance,xcorr_max_sig-True,0.12827586157969184,96,96
1669,prec_ShrunkCovariance,xcorr-sq_max_sig-True,0.03210981647990363,96,96
1670,prec_ShrunkCovariance,xcorr_mean_sig-True,0.2071390614044477,96,96
1671,prec_ShrunkCovariance,xcorr-sq_mean_sig-True,0.014291509228774424,96,96
1672,prec_ShrunkCovariance,xcorr_mean_sig-False,0.23407613928892268,96,96
1673,prec_ShrunkCovariance,xcorr-sq_mean_sig-False,0.03221279488480888,96,96
1674,prec_ShrunkCovariance,pdist_euclidean,0.9999984986904333,96,96
1675,prec_ShrunkCovariance,pdist_cityblock,0.9910962659690842,96,96
1676,prec_ShrunkCovariance,pdist_cosine,0.8828348953019012,96,96
1677,prec_ShrunkCovariance,pdist_chebyshev,0.2546453237918638,96,96
1678,prec_ShrunkCovariance,pdist_canberra,0.9147379285372489,96,96
1679,prec_ShrunkCovariance,pdist_braycurtis,0.9418009133921017,96,96
1680,prec_ShrunkCovariance,di_gaussian,0.02076732441619364,96,96
1681,prec_ShrunkCovariance,di_kozachenko,0.018794165409925512,96,96
1682,prec_ShrunkCovariance,di_kernel_W-0.5,0.10957343722798418,96,96
1683,prec_ShrunkCovariance,mi_gaussian,0.057031549196277787,96,96
1684,prec_ShrunkCovariance,mi_kraskov_NN-4,0.03820044478565782,96,96
1685,prec_ShrunkCovariance,mi_kraskov_NN-4_DCE,0.04022490500348297,96,96
1686,prec_ShrunkCovariance,mi_kernel_W-0.25,0.07643625115111652,96,96
1687,prec_ShrunkCovariance,tlmi_gaussian,0.07948466653882835,96,96
1688,prec_ShrunkCovariance,tlmi_kraskov_NN-4,0.017869519591144967,96,96
1689,prec_ShrunkCovariance,tlmi_kraskov_NN-4_DCE,0.025416820318549305,96,96
1690,prec_ShrunkCovariance,tlmi_kernel_W-0.25,0.09964917651958705,96,96
1691,prec_ShrunkCovariance,te_kraskov_NN-4_k-max-10_tau-max-4,0.07369562363810012,96,96
1692,prec_ShrunkCovariance,te_kraskov_NN-4_DCE_k-max-10_tau-max-4,0.10015007426783362,96,96
1693,prec_ShrunkCovariance,te_kraskov_NN-4_DCE_k-2_kt-1_l-1_lt-1,0.05437034106752381,96,96
1694,prec_ShrunkCovariance,te_kraskov_NN-4_DCE_k-1_kt-1_l-1_lt-1,0.06894372125391926,96,96
1695,prec_ShrunkCovariance,te_kraskov_NN-4_k-1_kt-1_l-1_lt-1,0.0746049452578271,96,96
1696,prec_ShrunkCovariance,te_kernel_W-0.25_k-1,0.11263825123587479,96,96
1697,prec_ShrunkCovariance,gc_gaussian_k-max-10_tau-max-2,0.10971590900989514,96,96
1698,prec_ShrunkCovariance,gc_gaussian_k-1_kt-1_l-1_lt-1,0.08309709174141955,96,96
1699,prec_ShrunkCovariance,te_symbolic_k-1_kt-1_l-1_lt-1,0.08309709174141955,96,96
1700,prec_ShrunkCovariance,te_symbolic_k-10_kt-1_l-1_lt-1,0.07306169123403383,96,96
1701,prec_ShrunkCovariance,phase_multitaper_mean_fs-1_fmin-0_fmax-0-5,0.052668009775103664,96,96
1702,prec_ShrunkCovariance,phase_multitaper_mean_fs-1_fmin-0_fmax-0-25,0.05447578836750322,96,96
1703,prec_ShrunkCovariance,phase_multitaper_mean_fs-1_fmin-0-25_fmax-0-5,0.03829906626446972,96,96
1704,prec_ShrunkCovariance,phase_multitaper_max_fs-1_fmin-0_fmax-0-5,0.080731524728469,96,96
1705,prec_ShrunkCovariance,phase_multitaper_max_fs-1_fmin-0_fmax-0-25,0.07681127113649955,96,96
1706,prec_ShrunkCovariance,phase_multitaper_max_fs-1_fmin-0-25_fmax-0-5,0.06677413370319862,96,96
1707,prec_ShrunkCovariance,cohmag_multitaper_mean_fs-1_fmin-0_fmax-0-5,0.026148032111116437,96,96
1708,prec_ShrunkCovariance,cohmag_multitaper_mean_fs-1_fmin-0_fmax-0-25,0.027271026961376177,96,96
1709,prec_ShrunkCovariance,cohmag_multitaper_mean_fs-1_fmin-0-25_fmax-0-5,0.033807131264445955,96,96
1710,prec_ShrunkCovariance,cohmag_multitaper_max_fs-1_fmin-0_fmax-0-5,0.025286164903493336,96,96
1711,prec_ShrunkCovariance,cohmag_multitaper_max_fs-1_fmin-0_fmax-0-25,0.015708703772678856,96,96
1712,prec_ShrunkCovariance,cohmag_multitaper_max_fs-1_fmin-0-25_fmax-0-5,0.012161629609974245,96,96
1713,prec_ShrunkCovariance,psi_multitaper_mean_fs-1_fmin-0_fmax-0-5,0.13541666666666666,96,96
1714,prec_ShrunkCovariance,psi_multitaper_mean_fs-1_fmin-0_fmax-0-25,0.10416666666666667,96,96
1715,prec_ShrunkCovariance,psi_multitaper_mean_fs-1_fmin-0-25_fmax-0-5,0.11458333333333333,96,96
1716,prec-sq_EmpiricalCovariance,prec-sq_EllipticEnvelope,0.9589974263080073,96,96
1717,prec-sq_EmpiricalCovariance,prec-sq_GraphicalLasso,0.9590143201485724,96,96
1718,prec-sq_EmpiricalCovariance,prec-sq_GraphicalLassoCV,0.3481230345900928,96,96
1719,prec-sq_EmpiricalCovariance,prec-sq_LedoitWolf,0.6984852546149477,96,96
1720,prec-sq_EmpiricalCovariance,prec-sq_MinCovDet,0.9536400637665547,96,96
1721,prec-sq_EmpiricalCovariance,prec-sq_OAS,0.7240879570681069,96,96
1722,prec-sq_EmpiricalCovariance,prec-sq_ShrunkCovariance,0.9929509088674708,96,96
1723,prec-sq_EmpiricalCovariance,spearmanr-sq,0.9928701898384641,96,96
1724,prec-sq_EmpiricalCovariance,spearmanr,0.09002599226096827,96,96
1725,prec-sq_EmpiricalCovariance,kendalltau-sq,0.9939285681983248,96,96
1726,prec-sq_EmpiricalCovariance,kendalltau,0.09213019817086832,96,96
1727,prec-sq_EmpiricalCovariance,xcorr_max_sig-True,0.30155020057337045,96,96
1728,prec-sq_EmpiricalCovariance,xcorr-sq_max_sig-True,0.06455397106504546,96,96
1729,prec-sq_EmpiricalCovariance,xcorr_mean_sig-True,0.10701197119754724,96,96
1730,prec-sq_EmpiricalCovariance,xcorr-sq_mean_sig-True,0.20124320387131273,96,96
1731,prec-sq_EmpiricalCovariance,xcorr_mean_sig-False,0.023297748074780134,96,96
1732,prec-sq_EmpiricalCovariance,xcorr-sq_mean_sig-False,0.04545484468077854,96,96
1733,prec-sq_EmpiricalCovariance,pdist_euclidean,0.8978497109700483,96,96
1734,prec-sq_EmpiricalCovariance,pdist_cityblock,0.8829388279400441,96,96
1735,prec-sq_EmpiricalCovariance,pdist_cosine,0.02201067097145215,96,96
1736,prec-sq_EmpiricalCovariance,pdist_chebyshev,0.8601807811919413,96,96
1737,prec-sq_EmpiricalCovariance,pdist_canberra,0.07329812558137594,96,96
1738,prec-sq_EmpiricalCovariance,pdist_braycurtis,0.09955022504808664,96,96
1739,prec-sq_EmpiricalCovariance,di_gaussian,0.12787225057552953,96,96
1740,prec-sq_EmpiricalCovariance,di_kozachenko,0.18681917678737936,96,96
1741,prec-sq_EmpiricalCovariance,di_kernel_W-0.5,0.9209271866943198,96,96
1742,prec-sq_EmpiricalCovariance,mi_gaussian,0.8288388888909484,96,96
1743,prec-sq_EmpiricalCovariance,mi_kraskov_NN-4,0.052100503389926556,96,96
1744,prec-sq_EmpiricalCovariance,mi_kraskov_NN-4_DCE,0.07154834214875416,96,96
1745,prec-sq_EmpiricalCovariance,mi_kernel_W-0.25,0.9684222019267642,96,96
1746,prec-sq_EmpiricalCovariance,tlmi_gaussian,0.553375782754139,96,96
1747,prec-sq_EmpiricalCovariance,tlmi_kraskov_NN-4,0.06031260726947174,96,96
1748,prec-sq_EmpiricalCovariance,tlmi_kraskov_NN-4_DCE,0.05626994906398308,96,96
1749,prec-sq_EmpiricalCovariance,tlmi_kernel_W-0.25,0.8624641307752801,96,96
1750,prec-sq_EmpiricalCovariance,te_kraskov_NN-4_k-max-10_tau-max-4,0.10330986331210557,96,96
1751,prec-sq_EmpiricalCovariance,te_kraskov_NN-4_DCE_k-max-10_tau-max-4,0.08237379642069598,96,96
1752,prec-sq_EmpiricalCovariance,te_kraskov_NN-4_DCE_k-2_kt-1_l-1_lt-1,0.024930523823922024,96,96
1753,prec-sq_EmpiricalCovariance,te_kraskov_NN-4_DCE_k-1_kt-1_l-1_lt-1,0.03576992352725297,96,96
1754,prec-sq_EmpiricalCovariance,te_kraskov_NN-4_k-1_kt-1_l-1_lt-1,0.026486135167970853,96,96
1755,prec-sq_EmpiricalCovariance,te_kernel_W-0.25_k-1,0.8578156124960522,96,96
1756,prec-sq_EmpiricalCovariance,gc_gaussian_k-max-10_tau-max-2,0.5840167850563314,96,96
1757,prec-sq_EmpiricalCovariance,gc_gaussian_k-1_kt-1_l-1_lt-1,0.5624253153908569,96,96
1758,prec-sq_EmpiricalCovariance,te_symbolic_k-1_kt-1_l-1_lt-1,0.5624253153908569,96,96
1759,prec-sq_EmpiricalCovariance,te_symbolic_k-10_kt-1_l-1_lt-1,0.5447649460879523,96,96
1760,prec-sq_EmpiricalCovariance,phase_multitaper_mean_fs-1_fmin-0_fmax-0-5,0.023970972566353055,96,96
1761,prec-sq_EmpiricalCovariance,phase_multitaper_mean_fs-1_fmin-0_fmax-0-25,0.07264769560775985,96,96
1762,prec-sq_EmpiricalCovariance,phase_multitaper_mean_fs-1_fmin-0-25_fmax-0-5,0.0366596031380888,96,96
1763,prec-sq_EmpiricalCovariance,phase_multitaper_max_fs-1_fmin-0_fmax-0-5,0.03818572828371708,96,96
1764,prec-sq_EmpiricalCovariance,phase_multitaper_max_fs-1_fmin-0_fmax-0-25,0.04212287137089511,96,96
1765,prec-sq_EmpiricalCovariance,phase_multitaper_max_fs-1_fmin-0-25_fmax-0-5,0.028551136416833156,96,96
1766,prec-sq_EmpiricalCovariance,cohmag_multitaper_mean_fs-1_fmin-0_fmax-0-5,0.18910423918296404,96,96
1767,prec-sq_EmpiricalCovariance,cohmag_multitaper_mean_fs-1_fmin-0_fmax-0-25,0.24072988643289916,96,96
1768,prec-sq_EmpiricalCovariance,cohmag_multitaper_mean_fs-1_fmin-0-25_fmax-0-5,0.16770629977753782,96,96
1769,prec-sq_EmpiricalCovariance,cohmag_multitaper_max_fs-1_fmin-0_fmax-0-5,0.4492194799108508,96,96
1770,prec-sq_EmpiricalCovariance,cohmag_multitaper_max_fs-1_fmin-0_fmax-0-25,0.4295880884186545,96,96
1771,prec-sq_EmpiricalCovariance,cohmag_multitaper_max_fs-1_fmin-0-25_fmax-0-5,0.4964911936095518,96,96
1772,prec-sq_EmpiricalCovariance,psi_multitaper_mean_fs-1_fmin-0_fmax-0-5,0.09375,96,96
1773,prec-sq_EmpiricalCovariance,psi_multitaper_mean_fs-1_fmin-0_fmax-0-25,0.11458333333333333,96,96
1774,prec-sq_EmpiricalCovariance,psi_multitaper_mean_fs-1_fmin-0-25_fmax-0-5,0.07291666666666667,96,96
1775,prec-sq_EllipticEnvelope,prec-sq_GraphicalLasso,0.954091159060091,96,96
1776,prec-sq_EllipticEnvelope,prec-sq_GraphicalLassoCV,0.495921937236846,96,96
1777,prec-sq_EllipticEnvelope,prec-sq_LedoitWolf,0.5980753663338189,96,96
1778,prec-sq_EllipticEnvelope,prec-sq_MinCovDet,0.4348034236915507,96,96
1779,prec-sq_EllipticEnvelope,prec-sq_OAS,0.15777843695205696,96,96
1780,prec-sq_EllipticEnvelope,prec-sq_ShrunkCovariance,0.9724892094952493,96,96
1781,prec-sq_EllipticEnvelope,spearmanr-sq,0.9050139387082143,96,96
1782,prec-sq_EllipticEnvelope,spearmanr,0.10938302443164119,96,96
1783,prec-sq_EllipticEnvelope,kendalltau-sq,0.9040183382312241,96,96
1784,prec-sq_EllipticEnvelope,kendalltau,0.10798347873768507,96,96
1785,prec-sq_EllipticEnvelope,xcorr_max_sig-True,0.08960202929462421,96,96
1786,prec-sq_EllipticEnvelope,xcorr-sq_max_sig-True,0.03545532764562197,96,96
1787,prec-sq_EllipticEnvelope,xcorr_mean_sig-True,0.06686444217354826,96,96
1788,prec-sq_EllipticEnvelope,xcorr-sq_mean_sig-True,0.1468326312119611,96,96
1789,prec-sq_EllipticEnvelope,xcorr_mean_sig-False,0.035315756749829785,96,96
1790,prec-sq_EllipticEnvelope,xcorr-sq_mean_sig-False,0.09127778048580942,96,96
1791,prec-sq_EllipticEnvelope,pdist_euclidean,0.09002020657585152,96,96
1792,prec-sq_EllipticEnvelope,pdist_cityblock,0.07690755132280322,96,96
1793,prec-sq_EllipticEnvelope,pdist_cosine,0.07472706556399455,96,96
1794,prec-sq_EllipticEnvelope,pdist_chebyshev,0.020897577918262022,96,96
1795,prec-sq_EllipticEnvelope,pdist_canberra,0.05118653840366627,96,96
1796,prec-sq_EllipticEnvelope,pdist_braycurtis,0.11689041487946561,96,96
1797,prec-sq_EllipticEnvelope,di_gaussian,0.6531293751375228,96,96
1798,prec-sq_EllipticEnvelope,di_kozachenko,0.3418813460911226,96,96
1799,prec-sq_EllipticEnvelope,di_kernel_W-0.5,0.0624506315130961,96,96
1800,prec-sq_EllipticEnvelope,mi_gaussian,0.9481857595223071,96,96
1801,prec-sq_EllipticEnvelope,mi_kraskov_NN-4,0.02636066573027762,96,96
1802,prec-sq_EllipticEnvelope,mi_kraskov_NN-4_DCE,0.03354385008058719,96,96
1803,prec-sq_EllipticEnvelope,mi_kernel_W-0.25,0.04046005838023281,96,96
1804,prec-sq_EllipticEnvelope,tlmi_gaussian,0.0023554261124210107,96,96
1805,prec-sq_EllipticEnvelope,tlmi_kraskov_NN-4,0.05972147771360237,96,96
1806,prec-sq_EllipticEnvelope,tlmi_kraskov_NN-4_DCE,0.05273242268269818,96,96
1807,prec-sq_EllipticEnvelope,tlmi_kernel_W-0.25,0.01029574000777822,96,96
1808,prec-sq_EllipticEnvelope,te_kraskov_NN-4_k-max-10_tau-max-4,0.06894866383970283,96,96
1809,prec-sq_EllipticEnvelope,te_kraskov_NN-4_DCE_k-max-10_tau-max-4,0.07001831653035095,96,96
1810,prec-sq_EllipticEnvelope,te_kraskov_NN-4_DCE_k-2_kt-1_l-1_lt-1,0.00818180086517728,96,96
1811,prec-sq_EllipticEnvelope,te_kraskov_NN-4_DCE_k-1_kt-1_l-1_lt-1,0.06367554287195976,96,96
1812,prec-sq_EllipticEnvelope,te_kraskov_NN-4_k-1_kt-1_l-1_lt-1,0.07772150312575288,96,96
1813,prec-sq_EllipticEnvelope,te_kernel_W-0.25_k-1,0.03264178772725662,96,96
1814,prec-sq_EllipticEnvelope,gc_gaussian_k-max-10_tau-max-2,0.019932776498472915,96,96
1815,prec-sq_EllipticEnvelope,gc_gaussian_k-1_kt-1_l-1_lt-1,0.00118327635934512,96,96
1816,prec-sq_EllipticEnvelope,te_symbolic_k-1_kt-1_l-1_lt-1,0.00118327635934512,96,96
1817,prec-sq_EllipticEnvelope,te_symbolic_k-10_kt-1_l-1_lt-1,0.00934283889969223,96,96
1818,prec-sq_EllipticEnvelope,phase_multitaper_mean_fs-1_fmin-0_fmax-0-5,0.03399162850090187,96,96
1819,prec-sq_EllipticEnvelope,phase_multitaper_mean_fs-1_fmin-0_fmax-0-25,0.04835856888928203,96,96
1820,prec-sq_EllipticEnvelope,phase_multitaper_mean_fs-1_fmin-0-25_fmax-0-5,0.02020770421365281,96,96
1821,prec-sq_EllipticEnvelope,phase_multitaper_max_fs-1_fmin-0_fmax-0-5,0.009849799301795803,96,96
1822,prec-sq_EllipticEnvelope,phase_multitaper_max_fs-1_fmin-0_fmax-0-25,0.08818451343264488,96,96
1823,prec-sq_EllipticEnvelope,phase_multitaper_max_fs-1_fmin-0-25_fmax-0-5,0.012912477128633693,96,96
1824,prec-sq_EllipticEnvelope,cohmag_multitaper_mean_fs-1_fmin-0_fmax-0-5,0.1192712185585203,96,96
1825,prec-sq_EllipticEnvelope,cohmag_multitaper_mean_fs-1_fmin-0_fmax-0-25,0.05185914195319097,96,96
1826,prec-sq_EllipticEnvelope,cohmag_multitaper_mean_fs-1_fmin-0-25_fmax-0-5,0.1191134616802817,96,96
1827,prec-sq_EllipticEnvelope,cohmag_multitaper_max_fs-1_fmin-0_fmax-0-5,0.06025224183014921,96,96
1828,prec-sq_EllipticEnvelope,cohmag_multitaper_max_fs-1_fmin-0_fmax-0-25,0.04949970212630733,96,96
1829,prec-sq_EllipticEnvelope,cohmag_multitaper_max_fs-1_fmin-0-25_fmax-0-5,0.03196868686272597,96,96
1830,prec-sq_EllipticEnvelope,psi_multitaper_mean_fs-1_fmin-0_fmax-0-5,0.11458333333333333,96,96
1831,prec-sq_EllipticEnvelope,psi_multitaper_mean_fs-1_fmin-0_fmax-0-25,0.16666666666666666,96,96
1832,prec-sq_EllipticEnvelope,psi_multitaper_mean_fs-1_fmin-0-25_fmax-0-5,0.1875,96,96
1833,prec-sq_GraphicalLasso,prec-sq_GraphicalLassoCV,0.34981366771491956,96,96
1834,prec-sq_GraphicalLasso,prec-sq_LedoitWolf,0.6973586266951964,96,96
1835,prec-sq_GraphicalLasso,prec-sq_MinCovDet,0.9499330589280723,96,96
1836,prec-sq_GraphicalLasso,prec-sq_OAS,0.7233101597815569,96,96
1837,prec-sq_GraphicalLasso,prec-sq_ShrunkCovariance,0.9161025858810059,96,96
1838,prec-sq_GraphicalLasso,spearmanr-sq,0.9940722122106147,96,96
1839,prec-sq_GraphicalLasso,spearmanr,0.09589376808697761,96,96
1840,prec-sq_GraphicalLasso,kendalltau-sq,0.9948253526696679,96,96
1841,prec-sq_GraphicalLasso,kendalltau,0.09849107201956975,96,96
1842,prec-sq_GraphicalLasso,xcorr_max_sig-True,0.31193210443316205,96,96
1843,prec-sq_GraphicalLasso,xcorr-sq_max_sig-True,0.06760263952934242,96,96
1844,prec-sq_GraphicalLasso,xcorr_mean_sig-True,0.10980696017876534,96,96
1845,prec-sq_GraphicalLasso,xcorr-sq_mean_sig-True,0.20297438722339,96,96
1846,prec-sq_GraphicalLasso,xcorr_mean_sig-False,0.027943497361922587,96,96
1847,prec-sq_GraphicalLasso,xcorr-sq_mean_sig-False,0.050929848596540817,96,96
1848,prec-sq_GraphicalLasso,pdist_euclidean,0.8924622093772558,96,96
1849,prec-sq_GraphicalLasso,pdist_cityblock,0.8794840699741387,96,96
1850,prec-sq_GraphicalLasso,pdist_cosine,0.028863976105723443,96,96
1851,prec-sq_GraphicalLasso,pdist_chebyshev,0.8586577432705554,96,96
1852,prec-sq_GraphicalLasso,pdist_canberra,0.06936614161116894,96,96
1853,prec-sq_GraphicalLasso,pdist_braycurtis,0.109476380094926,96,96
1854,prec-sq_GraphicalLasso,di_gaussian,0.2031470234296926,96,96
1855,prec-sq_GraphicalLasso,di_kozachenko,0.16326944349743067,96,96
1856,prec-sq_GraphicalLasso,di_kernel_W-0.5,0.9450239693523628,96,96
1857,prec-sq_GraphicalLasso,mi_gaussian,0.9075799749308676,96,96
1858,prec-sq_GraphicalLasso,mi_kraskov_NN-4,0.062283740271789345,96,96
1859,prec-sq_GraphicalLasso,mi_kraskov_NN-4_DCE,0.08138076769677607,96,96
1860,prec-sq_GraphicalLasso,mi_kernel_W-0.25,0.9654401801870126,96,96
1861,prec-sq_GraphicalLasso,tlmi_gaussian,0.6604530224362654,96,96
1862,prec-sq_GraphicalLasso,tlmi_kraskov_NN-4,0.050611729165634695,96,96
1863,prec-sq_GraphicalLasso,tlmi_kraskov_NN-4_DCE,0.034409517890943264,96,96
1864,prec-sq_GraphicalLasso,tlmi_kernel_W-0.25,0.911267969980186,96,96
1865,prec-sq_GraphicalLasso,te_kraskov_NN-4_k-max-10_tau-max-4,0.09379058455285227,96,96
1866,prec-sq_GraphicalLasso,te_kraskov_NN-4_DCE_k-max-10_tau-max-4,0.07904755084372983,96,96
1867,prec-sq_GraphicalLasso,te_kraskov_NN-4_DCE_k-2_kt-1_l-1_lt-1,0.02428156707413276,96,96
1868,prec-sq_GraphicalLasso,te_kraskov_NN-4_DCE_k-1_kt-1_l-1_lt-1,0.03174694999217614,96,96
1869,prec-sq_GraphicalLasso,te_kraskov_NN-4_k-1_kt-1_l-1_lt-1,0.022870637184816522,96,96
1870,prec-sq_GraphicalLasso,te_kernel_W-0.25_k-1,0.9053309401093063,96,96
1871,prec-sq_GraphicalLasso,gc_gaussian_k-max-10_tau-max-2,0.6892741929058896,96,96
1872,prec-sq_GraphicalLasso,gc_gaussian_k-1_kt-1_l-1_lt-1,0.6679484005723707,96,96
1873,prec-sq_GraphicalLasso,te_symbolic_k-1_kt-1_l-1_lt-1,0.6679484005723707,96,96
1874,prec-sq_GraphicalLasso,te_symbolic_k-10_kt-1_l-1_lt-1,0.6545096127360126,96,96
1875,prec-sq_GraphicalLasso,phase_multitaper_mean_fs-1_fmin-0_fmax-0-5,0.026857987652488702,96,96
1876,prec-sq_GraphicalLasso,phase_multitaper_mean_fs-1_fmin-0_fmax-0-25,0.06611649454529922,96,96
1877,prec-sq_GraphicalLasso,phase_multitaper_mean_fs-1_fmin-0-25_fmax-0-5,0.03718213313351226,96,96
1878,prec-sq_GraphicalLasso,phase_multitaper_max_fs-1_fmin-0_fmax-0-5,0.04272205591408701,96,96
1879,prec-sq_GraphicalLasso,phase_multitaper_max_fs-1_fmin-0_fmax-0-25,0.04505150307987102,96,96
1880,prec-sq_GraphicalLasso,phase_multitaper_max_fs-1_fmin-0-25_fmax-0-5,0.028907881819061898,96,96
1881,prec-sq_GraphicalLasso,cohmag_multitaper_mean_fs-1_fmin-0_fmax-0-5,0.1868266966098283,96,96
1882,prec-sq_GraphicalLasso,cohmag_multitaper_mean_fs-1_fmin-0_fmax-0-25,0.23887429982195335,96,96
1883,prec-sq_GraphicalLasso,cohmag_multitaper_mean_fs-1_fmin-0-25_fmax-0-5,0.16323295741824978,96,96
1884,prec-sq_GraphicalLasso,cohmag_multitaper_max_fs-1_fmin-0_fmax-0-5,0.4534746865065088,96,96
1885,prec-sq_GraphicalLasso,cohmag_multitaper_max_fs-1_fmin-0_fmax-0-25,0.4323064129441928,96,96
1886,prec-sq_GraphicalLasso,cohmag_multitaper_max_fs-1_fmin-0-25_fmax-0-5,0.49334589785998295,96,96
1887,prec-sq_GraphicalLasso,psi_multitaper_mean_fs-1_fmin-0_fmax-0-5,0.15625,96,96
1888,prec-sq_GraphicalLasso,psi_multitaper_mean_fs-1_fmin-0_fmax-0-25,0.07291666666666667,96,96
1889,prec-sq_GraphicalLasso,psi_multitaper_mean_fs-1_fmin-0-25_fmax-0-5,0.07291666666666667,96,96
1890,prec-sq_GraphicalLassoCV,prec-sq_LedoitWolf,0.7920980548269848,96,96
1891,prec-sq_GraphicalLassoCV,prec-sq_MinCovDet,0.49473934603478265,96,96
1892,prec-sq_GraphicalLassoCV,prec-sq_OAS,0.13314828843894333,96,96
1893,prec-sq_GraphicalLassoCV,prec-sq_ShrunkCovariance,0.317540606079152,96,96
1894,prec-sq_GraphicalLassoCV,spearmanr-sq,0.475129055735995,96,96
1895,prec-sq_GraphicalLassoCV,spearmanr,0.2140082580604864,96,96
1896,prec-sq_GraphicalLassoCV,kendalltau-sq,0.481612648497636,96,96
1897,prec-sq_GraphicalLassoCV,kendalltau,0.21476035992676545,96,96
1898,prec-sq_GraphicalLassoCV,xcorr_max_sig-True,0.16943153166949732,96,96
1899,prec-sq_GraphicalLassoCV,xcorr-sq_max_sig-True,0.09888367336577206,96,96
1900,prec-sq_GraphicalLassoCV,xcorr_mean_sig-True,0.032455085292720454,96,96
1901,prec-sq_GraphicalLassoCV,xcorr-sq_mean_sig-True,0.0361055012460266,96,96
1902,prec-sq_GraphicalLassoCV,xcorr_mean_sig-False,0.0839942683981284,96,96
1903,prec-sq_GraphicalLassoCV,xcorr-sq_mean_sig-False,0.05554255454352386,96,96
1904,prec-sq_GraphicalLassoCV,pdist_euclidean,0.178236339680143,96,96
1905,prec-sq_GraphicalLassoCV,pdist_cityblock,0.17099152522588104,96,96
1906,prec-sq_GraphicalLassoCV,pdist_cosine,0.1451338018672682,96,96
1907,prec-sq_GraphicalLassoCV,pdist_chebyshev,0.16946837426188727,96,96
1908,prec-sq_GraphicalLassoCV,pdist_canberra,0.1356115584191857,96,96
1909,prec-sq_GraphicalLassoCV,pdist_braycurtis,0.20808491936551,96,96
1910,prec-sq_GraphicalLassoCV,di_gaussian,0.34280713269191404,96,96
1911,prec-sq_GraphicalLassoCV,di_kozachenko,0.15592185917108237,96,96
1912,prec-sq_GraphicalLassoCV,di_kernel_W-0.5,0.061380087448524634,96,96
1913,prec-sq_GraphicalLassoCV,mi_gaussian,0.30241152089251216,96,96
1914,prec-sq_GraphicalLassoCV,mi_kraskov_NN-4,0.1295452095680007,96,96
1915,prec-sq_GraphicalLassoCV,mi_kraskov_NN-4_DCE,0.13264499116856523,96,96
1916,prec-sq_GraphicalLassoCV,mi_kernel_W-0.25,0.05883129609349058,96,96
1917,prec-sq_GraphicalLassoCV,tlmi_gaussian,0.04409358825508222,96,96
1918,prec-sq_GraphicalLassoCV,tlmi_kraskov_NN-4,0.20303915439940506,96,96
1919,prec-sq_GraphicalLassoCV,tlmi_kraskov_NN-4_DCE,0.17401531099893913,96,96
1920,prec-sq_GraphicalLassoCV,tlmi_kernel_W-0.25,0.06559141153828277,96,96
1921,prec-sq_GraphicalLassoCV,te_kraskov_NN-4_k-max-10_tau-max-4,0.07152588653910127,96,96
1922,prec-sq_GraphicalLassoCV,te_kraskov_NN-4_DCE_k-max-10_tau-max-4,0.16686267859951087,96,96
1923,prec-sq_GraphicalLassoCV,te_kraskov_NN-4_DCE_k-2_kt-1_l-1_lt-1,0.12878357788027817,96,96
1924,prec-sq_GraphicalLassoCV,te_kraskov_NN-4_DCE_k-1_kt-1_l-1_lt-1,0.055284696650301335,96,96
1925,prec-sq_GraphicalLassoCV,te_kraskov_NN-4_k-1_kt-1_l-1_lt-1,0.052226957678121466,96,96
1926,prec-sq_GraphicalLassoCV,te_kernel_W-0.25_k-1,0.06360278796506957,96,96
1927,prec-sq_GraphicalLassoCV,gc_gaussian_k-max-10_tau-max-2,0.021572695281664306,96,96
1928,prec-sq_GraphicalLassoCV,gc_gaussian_k-1_kt-1_l-1_lt-1,0.04142314123204205,96,96
1929,prec-sq_GraphicalLassoCV,te_symbolic_k-1_kt-1_l-1_lt-1,0.04142314123204205,96,96
1930,prec-sq_GraphicalLassoCV,te_symbolic_k-10_kt-1_l-1_lt-1,0.06361300528574879,96,96
1931,prec-sq_GraphicalLassoCV,phase_multitaper_mean_fs-1_fmin-0_fmax-0-5,0.1207190835964319,96,96
1932,prec-sq_GraphicalLassoCV,phase_multitaper_mean_fs-1_fmin-0_fmax-0-25,0.06487477147676454,96,96
1933,prec-sq_GraphicalLassoCV,phase_multitaper_mean_fs-1_fmin-0-25_fmax-0-5,0.08725707404344474,96,96
1934,prec-sq_GraphicalLassoCV,phase_multitaper_max_fs-1_fmin-0_fmax-0-5,0.17035722859534144,96,96
1935,prec-sq_GraphicalLassoCV,phase_multitaper_max_fs-1_fmin-0_fmax-0-25,0.0852743151158748,96,96
1936,prec-sq_GraphicalLassoCV,phase_multitaper_max_fs-1_fmin-0-25_fmax-0-5,0.12420002661306709,96,96
1937,prec-sq_GraphicalLassoCV,cohmag_multitaper_mean_fs-1_fmin-0_fmax-0-5,0.11503885311922027,96,96
1938,prec-sq_GraphicalLassoCV,cohmag_multitaper_mean_fs-1_fmin-0_fmax-0-25,0.16022322135485917,96,96
1939,prec-sq_GraphicalLassoCV,cohmag_multitaper_mean_fs-1_fmin-0-25_fmax-0-5,0.11825889313862127,96,96
1940,prec-sq_GraphicalLassoCV,cohmag_multitaper_max_fs-1_fmin-0_fmax-0-5,0.1819390463636468,96,96
1941,prec-sq_GraphicalLassoCV,cohmag_multitaper_max_fs-1_fmin-0_fmax-0-25,0.20335354317920679,96,96
1942,prec-sq_GraphicalLassoCV,cohmag_multitaper_max_fs-1_fmin-0-25_fmax-0-5,0.11417372537054118,96,96
1943,prec-sq_GraphicalLassoCV,psi_multitaper_mean_fs-1_fmin-0_fmax-0-5,0.15625,96,96
1944,prec-sq_GraphicalLassoCV,psi_multitaper_mean_fs-1_fmin-0_fmax-0-25,0.11458333333333333,96,96
1945,prec-sq_GraphicalLassoCV,psi_multitaper_mean_fs-1_fmin-0-25_fmax-0-5,0.09375,96,96
1946,prec-sq_LedoitWolf,prec-sq_MinCovDet,0.5766340385572932,96,96
1947,prec-sq_LedoitWolf,prec-sq_OAS,0.6878689615334669,96,96
1948,prec-sq_LedoitWolf,prec-sq_ShrunkCovariance,0.588357568502412,96,96
1949,prec-sq_LedoitWolf,spearmanr-sq,0.7509373848202838,96,96
1950,prec-sq_LedoitWolf,spearmanr,0.3509108261219611,96,96
1951,prec-sq_LedoitWolf,kendalltau-sq,0.7657942043983542,96,96
1952,prec-sq_LedoitWolf,kendalltau,0.35190577469989165,96,96
1953,prec-sq_LedoitWolf,xcorr_max_sig-True,0.2318645153129174,96,96
1954,prec-sq_LedoitWolf,xcorr-sq_max_sig-True,0.2786820823439917,96,96
1955,prec-sq_LedoitWolf,xcorr_mean_sig-True,0.2530738690672609,96,96
1956,prec-sq_LedoitWolf,xcorr-sq_mean_sig-True,0.31358743192955896,96,96
1957,prec-sq_LedoitWolf,xcorr_mean_sig-False,0.020086938928766652,96,96
1958,prec-sq_LedoitWolf,xcorr-sq_mean_sig-False,0.3299104162408839,96,96
1959,prec-sq_LedoitWolf,pdist_euclidean,0.1900232832613744,96,96
1960,prec-sq_LedoitWolf,pdist_cityblock,0.15450871669105215,96,96
1961,prec-sq_LedoitWolf,pdist_cosine,0.38395532431068014,96,96
1962,prec-sq_LedoitWolf,pdist_chebyshev,0.1381214358987068,96,96
1963,prec-sq_LedoitWolf,pdist_canberra,0.22223727918817437,96,96
1964,prec-sq_LedoitWolf,pdist_braycurtis,0.326069064968492,96,96
1965,prec-sq_LedoitWolf,di_gaussian,0.6475509905272862,96,96
1966,prec-sq_LedoitWolf,di_kozachenko,0.05081400424282076,96,96
1967,prec-sq_LedoitWolf,di_kernel_W-0.5,0.5929477249534505,96,96
1968,prec-sq_LedoitWolf,mi_gaussian,0.513217849650382,96,96
1969,prec-sq_LedoitWolf,mi_kraskov_NN-4,0.3594292259826366,96,96
1970,prec-sq_LedoitWolf,mi_kraskov_NN-4_DCE,0.3729723440813648,96,96
1971,prec-sq_LedoitWolf,mi_kernel_W-0.25,0.39829932969279214,96,96
1972,prec-sq_LedoitWolf,tlmi_gaussian,0.5283410704245686,96,96
1973,prec-sq_LedoitWolf,tlmi_kraskov_NN-4,0.2551433433364999,96,96
1974,prec-sq_LedoitWolf,tlmi_kraskov_NN-4_DCE,0.29163260988146944,96,96
1975,prec-sq_LedoitWolf,tlmi_kernel_W-0.25,0.5051774226765118,96,96
1976,prec-sq_LedoitWolf,te_kraskov_NN-4_k-max-10_tau-max-4,0.23009131625354012,96,96
1977,prec-sq_LedoitWolf,te_kraskov_NN-4_DCE_k-max-10_tau-max-4,0.2894830083545301,96,96
1978,prec-sq_LedoitWolf,te_kraskov_NN-4_DCE_k-2_kt-1_l-1_lt-1,0.41671599386866154,96,96
1979,prec-sq_LedoitWolf,te_kraskov_NN-4_DCE_k-1_kt-1_l-1_lt-1,0.182585082773434,96,96
1980,prec-sq_LedoitWolf,te_kraskov_NN-4_k-1_kt-1_l-1_lt-1,0.1818814488243674,96,96
1981,prec-sq_LedoitWolf,te_kernel_W-0.25_k-1,0.43183002223023187,96,96
1982,prec-sq_LedoitWolf,gc_gaussian_k-max-10_tau-max-2,0.44156296825177527,96,96
1983,prec-sq_LedoitWolf,gc_gaussian_k-1_kt-1_l-1_lt-1,0.5401524387595362,96,96
1984,prec-sq_LedoitWolf,te_symbolic_k-1_kt-1_l-1_lt-1,0.5401524387595362,96,96
1985,prec-sq_LedoitWolf,te_symbolic_k-10_kt-1_l-1_lt-1,0.5194745754820969,96,96
1986,prec-sq_LedoitWolf,phase_multitaper_mean_fs-1_fmin-0_fmax-0-5,0.197443278235665,96,96
1987,prec-sq_LedoitWolf,phase_multitaper_mean_fs-1_fmin-0_fmax-0-25,0.1297733720318064,96,96
1988,prec-sq_LedoitWolf,phase_multitaper_mean_fs-1_fmin-0-25_fmax-0-5,0.2647063864237993,96,96
1989,prec-sq_LedoitWolf,phase_multitaper_max_fs-1_fmin-0_fmax-0-5,0.31711751425860774,96,96
1990,prec-sq_LedoitWolf,phase_multitaper_max_fs-1_fmin-0_fmax-0-25,0.30974671324860875,96,96
1991,prec-sq_LedoitWolf,phase_multitaper_max_fs-1_fmin-0-25_fmax-0-5,0.37282619580308085,96,96
1992,prec-sq_LedoitWolf,cohmag_multitaper_mean_fs-1_fmin-0_fmax-0-5,0.44016448889439763,96,96
1993,prec-sq_LedoitWolf,cohmag_multitaper_mean_fs-1_fmin-0_fmax-0-25,0.3599901763380874,96,96
1994,prec-sq_LedoitWolf,cohmag_multitaper_mean_fs-1_fmin-0-25_fmax-0-5,0.43549847670176445,96,96
1995,prec-sq_LedoitWolf,cohmag_multitaper_max_fs-1_fmin-0_fmax-0-5,0.34257443734539983,96,96
1996,prec-sq_LedoitWolf,cohmag_multitaper_max_fs-1_fmin-0_fmax-0-25,0.22129969738729205,96,96
1997,prec-sq_LedoitWolf,cohmag_multitaper_max_fs-1_fmin-0-25_fmax-0-5,0.3225984899705787,96,96
1998,prec-sq_LedoitWolf,psi_multitaper_mean_fs-1_fmin-0_fmax-0-5,0.15625,96,96
1999,prec-sq_LedoitWolf,psi_multitaper_mean_fs-1_fmin-0_fmax-0-25,0.17708333333333334,96,96
2000,prec-sq_LedoitWolf,psi_multitaper_mean_fs-1_fmin-0-25_fmax-0-5,0.13541666666666666,96,96
2001,prec-sq_MinCovDet,prec-sq_OAS,0.1327474092656925,96,96
2002,prec-sq_MinCovDet,prec-sq_ShrunkCovariance,0.965722131747626,96,96
2003,prec-sq_MinCovDet,spearmanr-sq,0.9218141002086785,96,96
2004,prec-sq_MinCovDet,spearmanr,0.09220970548938442,96,96
2005,prec-sq_MinCovDet,kendalltau-sq,0.9220226410784061,96,96
2006,prec-sq_MinCovDet,kendalltau,0.09170199691565203,96,96
2007,prec-sq_MinCovDet,xcorr_max_sig-True,0.08735031307474886,96,96
2008,prec-sq_MinCovDet,xcorr-sq_max_sig-True,0.030585520393323157,96,96
2009,prec-sq_MinCovDet,xcorr_mean_sig-True,0.06598280185091165,96,96
2010,prec-sq_MinCovDet,xcorr-sq_mean_sig-True,0.14106598165067252,96,96
2011,prec-sq_MinCovDet,xcorr_mean_sig-False,0.033678363870259354,96,96
2012,prec-sq_MinCovDet,xcorr-sq_mean_sig-False,0.09692424319339499,96,96
2013,prec-sq_MinCovDet,pdist_euclidean,0.08260721303356977,96,96
2014,prec-sq_MinCovDet,pdist_cityblock,0.07689854671747179,96,96
2015,prec-sq_MinCovDet,pdist_cosine,0.07610336075825519,96,96
2016,prec-sq_MinCovDet,pdist_chebyshev,0.02251434809952485,96,96
2017,prec-sq_MinCovDet,pdist_canberra,0.04682488513152566,96,96
2018,prec-sq_MinCovDet,pdist_braycurtis,0.11060003717777023,96,96
2019,prec-sq_MinCovDet,di_gaussian,0.6532028606261622,96,96
2020,prec-sq_MinCovDet,di_kozachenko,0.34126330196852633,96,96
2021,prec-sq_MinCovDet,di_kernel_W-0.5,0.05261720261179614,96,96
2022,prec-sq_MinCovDet,mi_gaussian,0.9505610137944204,96,96
2023,prec-sq_MinCovDet,mi_kraskov_NN-4,0.02868677441178291,96,96
2024,prec-sq_MinCovDet,mi_kraskov_NN-4_DCE,0.03187582201255412,96,96
2025,prec-sq_MinCovDet,mi_kernel_W-0.25,0.039140990340944204,96,96
2026,prec-sq_MinCovDet,tlmi_gaussian,0.010731980711353506,96,96
2027,prec-sq_MinCovDet,tlmi_kraskov_NN-4,0.04746416351502086,96,96
2028,prec-sq_MinCovDet,tlmi_kraskov_NN-4_DCE,0.033543578283176556,96,96
2029,prec-sq_MinCovDet,tlmi_kernel_W-0.25,0.010061420927477194,96,96
2030,prec-sq_MinCovDet,te_kraskov_NN-4_k-max-10_tau-max-4,0.05939127019356233,96,96
2031,prec-sq_MinCovDet,te_kraskov_NN-4_DCE_k-max-10_tau-max-4,0.060505426709072885,96,96
2032,prec-sq_MinCovDet,te_kraskov_NN-4_DCE_k-2_kt-1_l-1_lt-1,0.0222464253495461,96,96
2033,prec-sq_MinCovDet,te_kraskov_NN-4_DCE_k-1_kt-1_l-1_lt-1,0.0392260503837496,96,96
2034,prec-sq_MinCovDet,te_kraskov_NN-4_k-1_kt-1_l-1_lt-1,0.052233457735366584,96,96
2035,prec-sq_MinCovDet,te_kernel_W-0.25_k-1,0.03639576137133671,96,96
2036,prec-sq_MinCovDet,gc_gaussian_k-max-10_tau-max-2,0.02043315233186338,96,96
2037,prec-sq_MinCovDet,gc_gaussian_k-1_kt-1_l-1_lt-1,0.015095284782366991,96,96
2038,prec-sq_MinCovDet,te_symbolic_k-1_kt-1_l-1_lt-1,0.015095284782366991,96,96
2039,prec-sq_MinCovDet,te_symbolic_k-10_kt-1_l-1_lt-1,0.01339154999293568,96,96
2040,prec-sq_MinCovDet,phase_multitaper_mean_fs-1_fmin-0_fmax-0-5,0.04353901656884329,96,96
2041,prec-sq_MinCovDet,phase_multitaper_mean_fs-1_fmin-0_fmax-0-25,0.06086311668832578,96,96
2042,prec-sq_MinCovDet,phase_multitaper_mean_fs-1_fmin-0-25_fmax-0-5,0.007790216057142585,96,96
2043,prec-sq_MinCovDet,phase_multitaper_max_fs-1_fmin-0_fmax-0-5,0.012355820719040289,96,96
2044,prec-sq_MinCovDet,phase_multitaper_max_fs-1_fmin-0_fmax-0-25,0.08454907605065587,96,96
2045,prec-sq_MinCovDet,phase_multitaper_max_fs-1_fmin-0-25_fmax-0-5,0.019289194320646352,96,96
2046,prec-sq_MinCovDet,cohmag_multitaper_mean_fs-1_fmin-0_fmax-0-5,0.13660106946116185,96,96
2047,prec-sq_MinCovDet,cohmag_multitaper_mean_fs-1_fmin-0_fmax-0-25,0.06719606439560377,96,96
2048,prec-sq_MinCovDet,cohmag_multitaper_mean_fs-1_fmin-0-25_fmax-0-5,0.1215077872472522,96,96
2049,prec-sq_MinCovDet,cohmag_multitaper_max_fs-1_fmin-0_fmax-0-5,0.033303930276639235,96,96
2050,prec-sq_MinCovDet,cohmag_multitaper_max_fs-1_fmin-0_fmax-0-25,0.031831310826264336,96,96
2051,prec-sq_MinCovDet,cohmag_multitaper_max_fs-1_fmin-0-25_fmax-0-5,0.018801977357352104,96,96
2052,prec-sq_MinCovDet,psi_multitaper_mean_fs-1_fmin-0_fmax-0-5,0.14583333333333334,96,96
2053,prec-sq_MinCovDet,psi_multitaper_mean_fs-1_fmin-0_fmax-0-25,0.125,96,96
2054,prec-sq_MinCovDet,psi_multitaper_mean_fs-1_fmin-0-25_fmax-0-5,0.08333333333333333,96,96
2055,prec-sq_OAS,prec-sq_ShrunkCovariance,0.3804431228029983,96,96
2056,prec-sq_OAS,spearmanr-sq,0.1557176919878257,96,96
2057,prec-sq_OAS,spearmanr,0.14659906365184916,96,96
2058,prec-sq_OAS,kendalltau-sq,0.1648170181902241,96,96
2059,prec-sq_OAS,kendalltau,0.14747291559274067,96,96
2060,prec-sq_OAS,xcorr_max_sig-True,0.6203985211687881,96,96
2061,prec-sq_OAS,xcorr-sq_max_sig-True,0.31554674026722596,96,96
2062,prec-sq_OAS,xcorr_mean_sig-True,0.31106270367460276,96,96
2063,prec-sq_OAS,xcorr-sq_mean_sig-True,0.5603605321602947,96,96
2064,prec-sq_OAS,xcorr_mean_sig-False,0.2788003935640029,96,96
2065,prec-sq_OAS,xcorr-sq_mean_sig-False,0.3115379033795119,96,96
2066,prec-sq_OAS,pdist_euclidean,0.9064747825829597,96,96
2067,prec-sq_OAS,pdist_cityblock,0.9013131554838133,96,96
2068,prec-sq_OAS,pdist_cosine,0.2403412981133578,96,96
2069,prec-sq_OAS,pdist_chebyshev,0.8964841553088027,96,96
2070,prec-sq_OAS,pdist_canberra,0.23212157728831836,96,96
2071,prec-sq_OAS,pdist_braycurtis,0.1494117203362193,96,96
2072,prec-sq_OAS,di_gaussian,0.5878748003242613,96,96
2073,prec-sq_OAS,di_kozachenko,0.2716040899034744,96,96
2074,prec-sq_OAS,di_kernel_W-0.5,0.8717633911651841,96,96
2075,prec-sq_OAS,mi_gaussian,0.682501224403591,96,96
2076,prec-sq_OAS,mi_kraskov_NN-4,0.30552245266027356,96,96
2077,prec-sq_OAS,mi_kraskov_NN-4_DCE,0.31650434823892504,96,96
2078,prec-sq_OAS,mi_kernel_W-0.25,0.9647030905642254,96,96
2079,prec-sq_OAS,tlmi_gaussian,0.7701594258923744,96,96
2080,prec-sq_OAS,tlmi_kraskov_NN-4,0.3094728005488835,96,96
2081,prec-sq_OAS,tlmi_kraskov_NN-4_DCE,0.2103984957192906,96,96
2082,prec-sq_OAS,tlmi_kernel_W-0.25,0.8731486157907518,96,96
2083,prec-sq_OAS,te_kraskov_NN-4_k-max-10_tau-max-4,0.2951791079520434,96,96
2084,prec-sq_OAS,te_kraskov_NN-4_DCE_k-max-10_tau-max-4,0.21626077144620914,96,96
2085,prec-sq_OAS,te_kraskov_NN-4_DCE_k-2_kt-1_l-1_lt-1,0.20952695095921103,96,96
2086,prec-sq_OAS,te_kraskov_NN-4_DCE_k-1_kt-1_l-1_lt-1,0.2696270901356423,96,96
2087,prec-sq_OAS,te_kraskov_NN-4_k-1_kt-1_l-1_lt-1,0.26856160233681287,96,96
2088,prec-sq_OAS,te_kernel_W-0.25_k-1,0.887862458650461,96,96
2089,prec-sq_OAS,gc_gaussian_k-max-10_tau-max-2,0.8254498385283077,96,96
2090,prec-sq_OAS,gc_gaussian_k-1_kt-1_l-1_lt-1,0.7698224374234142,96,96
2091,prec-sq_OAS,te_symbolic_k-1_kt-1_l-1_lt-1,0.7698224374234142,96,96
2092,prec-sq_OAS,te_symbolic_k-10_kt-1_l-1_lt-1,0.7705304463605175,96,96
2093,prec-sq_OAS,phase_multitaper_mean_fs-1_fmin-0_fmax-0-5,0.19205592010556005,96,96
2094,prec-sq_OAS,phase_multitaper_mean_fs-1_fmin-0_fmax-0-25,0.29529288129622955,96,96
2095,prec-sq_OAS,phase_multitaper_mean_fs-1_fmin-0-25_fmax-0-5,0.2325542093820862,96,96
2096,prec-sq_OAS,phase_multitaper_max_fs-1_fmin-0_fmax-0-5,0.2199046050481459,96,96
2097,prec-sq_OAS,phase_multitaper_max_fs-1_fmin-0_fmax-0-25,0.2919533604852416,96,96
2098,prec-sq_OAS,phase_multitaper_max_fs-1_fmin-0-25_fmax-0-5,0.2158011153883631,96,96
2099,prec-sq_OAS,cohmag_multitaper_mean_fs-1_fmin-0_fmax-0-5,0.45993952098816243,96,96
2100,prec-sq_OAS,cohmag_multitaper_mean_fs-1_fmin-0_fmax-0-25,0.4690120259047282,96,96
2101,prec-sq_OAS,cohmag_multitaper_mean_fs-1_fmin-0-25_fmax-0-5,0.4266428500701961,96,96
2102,prec-sq_OAS,cohmag_multitaper_max_fs-1_fmin-0_fmax-0-5,0.7045533498759722,96,96
2103,prec-sq_OAS,cohmag_multitaper_max_fs-1_fmin-0_fmax-0-25,0.6697516191683798,96,96
2104,prec-sq_OAS,cohmag_multitaper_max_fs-1_fmin-0-25_fmax-0-5,0.718661921173368,96,96
2105,prec-sq_OAS,psi_multitaper_mean_fs-1_fmin-0_fmax-0-5,0.11458333333333333,96,96
2106,prec-sq_OAS,psi_multitaper_mean_fs-1_fmin-0_fmax-0-25,0.10416666666666667,96,96
2107,prec-sq_OAS,psi_multitaper_mean_fs-1_fmin-0-25_fmax-0-5,0.125,96,96
2108,prec-sq_ShrunkCovariance,spearmanr-sq,0.9944337845302095,96,96
2109,prec-sq_ShrunkCovariance,spearmanr,0.1697400612048569,96,96
2110,prec-sq_ShrunkCovariance,kendalltau-sq,0.9952364552130568,96,96
2111,prec-sq_ShrunkCovariance,kendalltau,0.1742288538653143,96,96
2112,prec-sq_ShrunkCovariance,xcorr_max_sig-True,0.13073999251096063,96,96
2113,prec-sq_ShrunkCovariance,xcorr-sq_max_sig-True,0.051432390324538974,96,96
2114,prec-sq_ShrunkCovariance,xcorr_mean_sig-True,0.1390195536448738,96,96
2115,prec-sq_ShrunkCovariance,xcorr-sq_mean_sig-True,0.03332379043180542,96,96
2116,prec-sq_ShrunkCovariance,xcorr_mean_sig-False,0.021429318838223077,96,96
2117,prec-sq_ShrunkCovariance,xcorr-sq_mean_sig-False,0.06904183100468453,96,96
2118,prec-sq_ShrunkCovariance,pdist_euclidean,0.38842439512492755,96,96
2119,prec-sq_ShrunkCovariance,pdist_cityblock,0.39674030793983994,96,96
2120,prec-sq_ShrunkCovariance,pdist_cosine,0.06710911870064262,96,96
2121,prec-sq_ShrunkCovariance,pdist_chebyshev,0.388134026591368,96,96
2122,prec-sq_ShrunkCovariance,pdist_canberra,0.12531150948796554,96,96
2123,prec-sq_ShrunkCovariance,pdist_braycurtis,0.15595201769422906,96,96
2124,prec-sq_ShrunkCovariance,di_gaussian,0.39266819332837233,96,96
2125,prec-sq_ShrunkCovariance,di_kozachenko,0.05706637076313359,96,96
2126,prec-sq_ShrunkCovariance,di_kernel_W-0.5,0.38344281062037583,96,96
2127,prec-sq_ShrunkCovariance,mi_gaussian,0.8941899374459449,96,96
2128,prec-sq_ShrunkCovariance,mi_kraskov_NN-4,0.048712436325652475,96,96
2129,prec-sq_ShrunkCovariance,mi_kraskov_NN-4_DCE,0.05118102501690169,96,96
2130,prec-sq_ShrunkCovariance,mi_kernel_W-0.25,0.514987649846335,96,96
2131,prec-sq_ShrunkCovariance,tlmi_gaussian,0.17482837812461716,96,96
2132,prec-sq_ShrunkCovariance,tlmi_kraskov_NN-4,0.024583403643716528,96,96
2133,prec-sq_ShrunkCovariance,tlmi_kraskov_NN-4_DCE,0.04400651217682516,96,96
2134,prec-sq_ShrunkCovariance,tlmi_kernel_W-0.25,0.36632915840885344,96,96
2135,prec-sq_ShrunkCovariance,te_kraskov_NN-4_k-max-10_tau-max-4,0.10676784185566679,96,96
2136,prec-sq_ShrunkCovariance,te_kraskov_NN-4_DCE_k-max-10_tau-max-4,0.14336839777230437,96,96
2137,prec-sq_ShrunkCovariance,te_kraskov_NN-4_DCE_k-2_kt-1_l-1_lt-1,0.09206327559457561,96,96
2138,prec-sq_ShrunkCovariance,te_kraskov_NN-4_DCE_k-1_kt-1_l-1_lt-1,0.03998653512504635,96,96
2139,prec-sq_ShrunkCovariance,te_kraskov_NN-4_k-1_kt-1_l-1_lt-1,0.04663445359949847,96,96
2140,prec-sq_ShrunkCovariance,te_kernel_W-0.25_k-1,0.3524136621282794,96,96
2141,prec-sq_ShrunkCovariance,gc_gaussian_k-max-10_tau-max-2,0.18477394165264338,96,96
2142,prec-sq_ShrunkCovariance,gc_gaussian_k-1_kt-1_l-1_lt-1,0.16413620223106595,96,96
2143,prec-sq_ShrunkCovariance,te_symbolic_k-1_kt-1_l-1_lt-1,0.16413620223106595,96,96
2144,prec-sq_ShrunkCovariance,te_symbolic_k-10_kt-1_l-1_lt-1,0.15950449805628242,96,96
2145,prec-sq_ShrunkCovariance,phase_multitaper_mean_fs-1_fmin-0_fmax-0-5,0.06143277135546554,96,96
2146,prec-sq_ShrunkCovariance,phase_multitaper_mean_fs-1_fmin-0_fmax-0-25,0.0290148808522199,96,96
2147,prec-sq_ShrunkCovariance,phase_multitaper_mean_fs-1_fmin-0-25_fmax-0-5,0.05008247643197694,96,96
2148,prec-sq_ShrunkCovariance,phase_multitaper_max_fs-1_fmin-0_fmax-0-5,0.0641879255695802,96,96
2149,prec-sq_ShrunkCovariance,phase_multitaper_max_fs-1_fmin-0_fmax-0-25,0.03245675541279036,96,96
2150,prec-sq_ShrunkCovariance,phase_multitaper_max_fs-1_fmin-0-25_fmax-0-5,0.041770148504633675,96,96
2151,prec-sq_ShrunkCovariance,cohmag_multitaper_mean_fs-1_fmin-0_fmax-0-5,0.029767706779163183,96,96
2152,prec-sq_ShrunkCovariance,cohmag_multitaper_mean_fs-1_fmin-0_fmax-0-25,0.10267475952173083,96,96
2153,prec-sq_ShrunkCovariance,cohmag_multitaper_mean_fs-1_fmin-0-25_fmax-0-5,0.022136445981097486,96,96
2154,prec-sq_ShrunkCovariance,cohmag_multitaper_max_fs-1_fmin-0_fmax-0-5,0.16947401767152437,96,96
2155,prec-sq_ShrunkCovariance,cohmag_multitaper_max_fs-1_fmin-0_fmax-0-25,0.1558373838846399,96,96
2156,prec-sq_ShrunkCovariance,cohmag_multitaper_max_fs-1_fmin-0-25_fmax-0-5,0.20316610687930858,96,96
2157,prec-sq_ShrunkCovariance,psi_multitaper_mean_fs-1_fmin-0_fmax-0-5,0.07291666666666667,96,96
2158,prec-sq_ShrunkCovariance,psi_multitaper_mean_fs-1_fmin-0_fmax-0-25,0.09375,96,96
2159,prec-sq_ShrunkCovariance,psi_multitaper_mean_fs-1_fmin-0-25_fmax-0-5,0.125,96,96
2160,spearmanr-sq,spearmanr,0.053989241461643134,96,96
2161,spearmanr-sq,kendalltau-sq,0.038056589749278114,96,96
2162,spearmanr-sq,kendalltau,0.054204772914326904,96,96
2163,spearmanr-sq,xcorr_max_sig-True,0.07469176169484182,96,96
2164,spearmanr-sq,xcorr-sq_max_sig-True,0.06562551090511709,96,96
2165,spearmanr-sq,xcorr_mean_sig-True,0.06196430695153371,96,96
2166,spearmanr-sq,xcorr-sq_mean_sig-True,0.13079063083723097,96,96
2167,spearmanr-sq,xcorr_mean_sig-False,0.026897682185887617,96,96
2168,spearmanr-sq,xcorr-sq_mean_sig-False,0.06501277735818844,96,96
2169,spearmanr-sq,pdist_euclidean,0.13243654214327227,96,96
2170,spearmanr-sq,pdist_cityblock,0.10503917621585623,96,96
2171,spearmanr-sq,pdist_cosine,0.08634131285742352,96,96
2172,spearmanr-sq,pdist_chebyshev,0.06132239632421238,96,96
2173,spearmanr-sq,pdist_canberra,0.035517093653094856,96,96
2174,spearmanr-sq,pdist_braycurtis,0.08697595394451574,96,96
2175,spearmanr-sq,di_gaussian,0.6651752955837416,96,96
2176,spearmanr-sq,di_kozachenko,0.3919231455449984,96,96
2177,spearmanr-sq,di_kernel_W-0.5,0.021041195179523353,96,96
2178,spearmanr-sq,mi_gaussian,0.9892495956172591,96,96
2179,spearmanr-sq,mi_kraskov_NN-4,0.050613698168743615,96,96
2180,spearmanr-sq,mi_kraskov_NN-4_DCE,0.04731134204563325,96,96
2181,spearmanr-sq,mi_kernel_W-0.25,0.03437309199868388,96,96
2182,spearmanr-sq,tlmi_gaussian,0.03880789106010951,96,96
2183,spearmanr-sq,tlmi_kraskov_NN-4,0.04256343864120732,96,96
2184,spearmanr-sq,tlmi_kraskov_NN-4_DCE,0.02442328777598879,96,96
2185,spearmanr-sq,tlmi_kernel_W-0.25,0.02095830001913568,96,96
2186,spearmanr-sq,te_kraskov_NN-4_k-max-10_tau-max-4,0.08431750781194375,96,96
2187,spearmanr-sq,te_kraskov_NN-4_DCE_k-max-10_tau-max-4,0.06330338662671459,96,96
2188,spearmanr-sq,te_kraskov_NN-4_DCE_k-2_kt-1_l-1_lt-1,0.06164784966999276,96,96
2189,spearmanr-sq,te_kraskov_NN-4_DCE_k-1_kt-1_l-1_lt-1,0.02370010813870327,96,96
2190,spearmanr-sq,te_kraskov_NN-4_k-1_kt-1_l-1_lt-1,0.02649510284925327,96,96
2191,spearmanr-sq,te_kernel_W-0.25_k-1,0.017094974501426163,96,96
2192,spearmanr-sq,gc_gaussian_k-max-10_tau-max-2,0.055799189348871736,96,96
2193,spearmanr-sq,gc_gaussian_k-1_kt-1_l-1_lt-1,0.04124460778888861,96,96
2194,spearmanr-sq,te_symbolic_k-1_kt-1_l-1_lt-1,0.04124460778888861,96,96
2195,spearmanr-sq,te_symbolic_k-10_kt-1_l-1_lt-1,0.04131311733044507,96,96
2196,spearmanr-sq,phase_multitaper_mean_fs-1_fmin-0_fmax-0-5,0.05287231407838555,96,96
2197,spearmanr-sq,phase_multitaper_mean_fs-1_fmin-0_fmax-0-25,0.08900736684752808,96,96
2198,spearmanr-sq,phase_multitaper_mean_fs-1_fmin-0-25_fmax-0-5,0.0473035380194774,96,96
2199,spearmanr-sq,phase_multitaper_max_fs-1_fmin-0_fmax-0-5,0.08141316588437036,96,96
2200,spearmanr-sq,phase_multitaper_max_fs-1_fmin-0_fmax-0-25,0.07332626576540402,96,96
2201,spearmanr-sq,phase_multitaper_max_fs-1_fmin-0-25_fmax-0-5,0.03253620957866654,96,96
2202,spearmanr-sq,cohmag_multitaper_mean_fs-1_fmin-0_fmax-0-5,0.152818243430146,96,96
2203,spearmanr-sq,cohmag_multitaper_mean_fs-1_fmin-0_fmax-0-25,0.0757811037949056,96,96
2204,spearmanr-sq,cohmag_multitaper_mean_fs-1_fmin-0-25_fmax-0-5,0.1522471096520528,96,96
2205,spearmanr-sq,cohmag_multitaper_max_fs-1_fmin-0_fmax-0-5,0.04212227586551526,96,96
2206,spearmanr-sq,cohmag_multitaper_max_fs-1_fmin-0_fmax-0-25,0.04908972646644133,96,96
2207,spearmanr-sq,cohmag_multitaper_max_fs-1_fmin-0-25_fmax-0-5,0.03370614316720755,96,96
2208,spearmanr-sq,psi_multitaper_mean_fs-1_fmin-0_fmax-0-5,0.09375,96,96
2209,spearmanr-sq,psi_multitaper_mean_fs-1_fmin-0_fmax-0-25,0.10416666666666667,96,96
2210,spearmanr-sq,psi_multitaper_mean_fs-1_fmin-0-25_fmax-0-5,0.0625,96,96
2211,spearmanr,kendalltau-sq,0.05399001332888867,96,96
2212,spearmanr,kendalltau,0.009249566171729423,96,96
2213,spearmanr,xcorr_max_sig-True,0.032683169022092895,96,96
2214,spearmanr,xcorr-sq_max_sig-True,0.02865026848791441,96,96
2215,spearmanr,xcorr_mean_sig-True,0.10597473502587906,96,96
2216,spearmanr,xcorr-sq_mean_sig-True,0.04491198147890163,96,96
2217,spearmanr,xcorr_mean_sig-False,0.06939328577391118,96,96
2218,spearmanr,xcorr-sq_mean_sig-False,0.039125423676864085,96,96
2219,spearmanr,pdist_euclidean,0.9998339835812871,96,96
2220,spearmanr,pdist_cityblock,0.9953575566718461,96,96
2221,spearmanr,pdist_cosine,0.9994386442372001,96,96
2222,spearmanr,pdist_chebyshev,0.10165544765271439,96,96
2223,spearmanr,pdist_canberra,0.4960315298683327,96,96
2224,spearmanr,pdist_braycurtis,0.9734140171549557,96,96
2225,spearmanr,di_gaussian,0.07435010332387057,96,96
2226,spearmanr,di_kozachenko,0.03703501721555308,96,96
2227,spearmanr,di_kernel_W-0.5,0.031410508634264755,96,96
2228,spearmanr,mi_gaussian,0.09109927888101424,96,96
2229,spearmanr,mi_kraskov_NN-4,0.04089201118792829,96,96
2230,spearmanr,mi_kraskov_NN-4_DCE,0.049032890530161244,96,96
2231,spearmanr,mi_kernel_W-0.25,0.019195696338747986,96,96
2232,spearmanr,tlmi_gaussian,0.0349545741164895,96,96
2233,spearmanr,tlmi_kraskov_NN-4,0.03456501414029772,96,96
2234,spearmanr,tlmi_kraskov_NN-4_DCE,0.03600052173858895,96,96
2235,spearmanr,tlmi_kernel_W-0.25,0.07859366032540024,96,96
2236,spearmanr,te_kraskov_NN-4_k-max-10_tau-max-4,0.0781466485193717,96,96
2237,spearmanr,te_kraskov_NN-4_DCE_k-max-10_tau-max-4,0.09536138786018422,96,96
2238,spearmanr,te_kraskov_NN-4_DCE_k-2_kt-1_l-1_lt-1,0.016235052768908756,96,96
2239,spearmanr,te_kraskov_NN-4_DCE_k-1_kt-1_l-1_lt-1,0.018465235795927737,96,96
2240,spearmanr,te_kraskov_NN-4_k-1_kt-1_l-1_lt-1,0.020743888288758394,96,96
2241,spearmanr,te_kernel_W-0.25_k-1,0.08733589144285628,96,96
2242,spearmanr,gc_gaussian_k-max-10_tau-max-2,0.03220940220136956,96,96
2243,spearmanr,gc_gaussian_k-1_kt-1_l-1_lt-1,0.03262497770699557,96,96
2244,spearmanr,te_symbolic_k-1_kt-1_l-1_lt-1,0.03262497770699557,96,96
2245,spearmanr,te_symbolic_k-10_kt-1_l-1_lt-1,0.044943439677815666,96,96
2246,spearmanr,phase_multitaper_mean_fs-1_fmin-0_fmax-0-5,0.0815336773903842,96,96
2247,spearmanr,phase_multitaper_mean_fs-1_fmin-0_fmax-0-25,0.0878241556695808,96,96
2248,spearmanr,phase_multitaper_mean_fs-1_fmin-0-25_fmax-0-5,0.03163420498726288,96,96
2249,spearmanr,phase_multitaper_max_fs-1_fmin-0_fmax-0-5,0.10207566774578003,96,96
2250,spearmanr,phase_multitaper_max_fs-1_fmin-0_fmax-0-25,0.11947660240256308,96,96
2251,spearmanr,phase_multitaper_max_fs-1_fmin-0-25_fmax-0-5,0.08002813098393069,96,96
2252,spearmanr,cohmag_multitaper_mean_fs-1_fmin-0_fmax-0-5,0.007057219921439026,96,96
2253,spearmanr,cohmag_multitaper_mean_fs-1_fmin-0_fmax-0-25,0.020785301546860285,96,96
2254,spearmanr,cohmag_multitaper_mean_fs-1_fmin-0-25_fmax-0-5,0.013232194397351071,96,96
2255,spearmanr,cohmag_multitaper_max_fs-1_fmin-0_fmax-0-5,0.03746473374273815,96,96
2256,spearmanr,cohmag_multitaper_max_fs-1_fmin-0_fmax-0-25,0.021142103302522086,96,96
2257,spearmanr,cohmag_multitaper_max_fs-1_fmin-0-25_fmax-0-5,0.01628571122748257,96,96
2258,spearmanr,psi_multitaper_mean_fs-1_fmin-0_fmax-0-5,0.16666666666666666,96,96
2259,spearmanr,psi_multitaper_mean_fs-1_fmin-0_fmax-0-25,0.16666666666666666,96,96
2260,spearmanr,psi_multitaper_mean_fs-1_fmin-0-25_fmax-0-5,0.17708333333333334,96,96
2261,kendalltau-sq,kendalltau,0.05400832877261613,96,96
2262,kendalltau-sq,xcorr_max_sig-True,0.07786427627147063,96,96
2263,kendalltau-sq,xcorr-sq_max_sig-True,0.06407378608548736,96,96
2264,kendalltau-sq,xcorr_mean_sig-True,0.06376796994683842,96,96
2265,kendalltau-sq,xcorr-sq_mean_sig-True,0.13006286758650193,96,96
2266,kendalltau-sq,xcorr_mean_sig-False,0.03144314599425424,96,96
2267,kendalltau-sq,xcorr-sq_mean_sig-False,0.0664994034664721,96,96
2268,kendalltau-sq,pdist_euclidean,0.13845398405324494,96,96
2269,kendalltau-sq,pdist_cityblock,0.10276539180761901,96,96
2270,kendalltau-sq,pdist_cosine,0.08517872252150127,96,96
2271,kendalltau-sq,pdist_chebyshev,0.06073374706730822,96,96
2272,kendalltau-sq,pdist_canberra,0.03256684150999256,96,96
2273,kendalltau-sq,pdist_braycurtis,0.08386022443897212,96,96
2274,kendalltau-sq,di_gaussian,0.6697799908334734,96,96
2275,kendalltau-sq,di_kozachenko,0.3933220329437048,96,96
2276,kendalltau-sq,di_kernel_W-0.5,0.021710269962479767,96,96
2277,kendalltau-sq,mi_gaussian,0.9909853696471146,96,96
2278,kendalltau-sq,mi_kraskov_NN-4,0.049514618842085634,96,96
2279,kendalltau-sq,mi_kraskov_NN-4_DCE,0.04703501927305165,96,96
2280,kendalltau-sq,mi_kernel_W-0.25,0.037799888646441654,96,96
2281,kendalltau-sq,tlmi_gaussian,0.03987296969577908,96,96
2282,kendalltau-sq,tlmi_kraskov_NN-4,0.040224586213510216,96,96
2283,kendalltau-sq,tlmi_kraskov_NN-4_DCE,0.022184676572340745,96,96
2284,kendalltau-sq,tlmi_kernel_W-0.25,0.02180956750057328,96,96
2285,kendalltau-sq,te_kraskov_NN-4_k-max-10_tau-max-4,0.08575535726193956,96,96
2286,kendalltau-sq,te_kraskov_NN-4_DCE_k-max-10_tau-max-4,0.062226650049871046,96,96
2287,kendalltau-sq,te_kraskov_NN-4_DCE_k-2_kt-1_l-1_lt-1,0.058149645351027124,96,96
2288,kendalltau-sq,te_kraskov_NN-4_DCE_k-1_kt-1_l-1_lt-1,0.02096652473633004,96,96
2289,kendalltau-sq,te_kraskov_NN-4_k-1_kt-1_l-1_lt-1,0.023681258002818117,96,96
2290,kendalltau-sq,te_kernel_W-0.25_k-1,0.014466163516897557,96,96
2291,kendalltau-sq,gc_gaussian_k-max-10_tau-max-2,0.054189946772859654,96,96
2292,kendalltau-sq,gc_gaussian_k-1_kt-1_l-1_lt-1,0.042783364846737615,96,96
2293,kendalltau-sq,te_symbolic_k-1_kt-1_l-1_lt-1,0.042783364846737615,96,96
2294,kendalltau-sq,te_symbolic_k-10_kt-1_l-1_lt-1,0.04301179927655585,96,96
2295,kendalltau-sq,phase_multitaper_mean_fs-1_fmin-0_fmax-0-5,0.05261967957656094,96,96
2296,kendalltau-sq,phase_multitaper_mean_fs-1_fmin-0_fmax-0-25,0.09068649390915784,96,96
2297,kendalltau-sq,phase_multitaper_mean_fs-1_fmin-0-25_fmax-0-5,0.05150517302281776,96,96
2298,kendalltau-sq,phase_multitaper_max_fs-1_fmin-0_fmax-0-5,0.08405329414120757,96,96
2299,kendalltau-sq,phase_multitaper_max_fs-1_fmin-0_fmax-0-25,0.07045701638231017,96,96
2300,kendalltau-sq,phase_multitaper_max_fs-1_fmin-0-25_fmax-0-5,0.031101299771235047,96,96
2301,kendalltau-sq,cohmag_multitaper_mean_fs-1_fmin-0_fmax-0-5,0.15376290838193213,96,96
2302,kendalltau-sq,cohmag_multitaper_mean_fs-1_fmin-0_fmax-0-25,0.07906584961521512,96,96
2303,kendalltau-sq,cohmag_multitaper_mean_fs-1_fmin-0-25_fmax-0-5,0.1532607392555978,96,96
2304,kendalltau-sq,cohmag_multitaper_max_fs-1_fmin-0_fmax-0-5,0.03787832897962101,96,96
2305,kendalltau-sq,cohmag_multitaper_max_fs-1_fmin-0_fmax-0-25,0.04634233893330475,96,96
2306,kendalltau-sq,cohmag_multitaper_max_fs-1_fmin-0-25_fmax-0-5,0.03487844043628341,96,96
2307,kendalltau-sq,psi_multitaper_mean_fs-1_fmin-0_fmax-0-5,0.17708333333333334,96,96
2308,kendalltau-sq,psi_multitaper_mean_fs-1_fmin-0_fmax-0-25,0.07291666666666667,96,96
2309,kendalltau-sq,psi_multitaper_mean_fs-1_fmin-0-25_fmax-0-5,0.16666666666666666,96,96
2310,kendalltau,xcorr_max_sig-True,0.03412646768978783,96,96
2311,kendalltau,xcorr-sq_max_sig-True,0.027526253803525802,96,96
2312,kendalltau,xcorr_mean_sig-True,0.10764883575286921,96,96
2313,kendalltau,xcorr-sq_mean_sig-True,0.04906065142741822,96,96
2314,kendalltau,xcorr_mean_sig-False,0.06916779819603075,96,96
2315,kendalltau,xcorr-sq_mean_sig-False,0.031967511403209636,96,96
2316,kendalltau,pdist_euclidean,0.9997625999768156,96,96
2317,kendalltau,pdist_cityblock,0.9949652695040596,96,96
2318,kendalltau,pdist_cosine,0.99944468282066,96,96
2319,kendalltau,pdist_chebyshev,0.10128769347955102,96,96
2320,kendalltau,pdist_canberra,0.5020196767231799,96,96
2321,kendalltau,pdist_braycurtis,0.9745077186109887,96,96
2322,kendalltau,di_gaussian,0.07271342985780707,96,96
2323,kendalltau,di_kozachenko,0.03690988326805522,96,96
2324,kendalltau,di_kernel_W-0.5,0.031624022051919054,96,96
2325,kendalltau,mi_gaussian,0.09599572236356238,96,96
2326,kendalltau,mi_kraskov_NN-4,0.042241566735299885,96,96
2327,kendalltau,mi_kraskov_NN-4_DCE,0.0503794323046729,96,96
2328,kendalltau,mi_kernel_W-0.25,0.0181259054137288,96,96
2329,kendalltau,tlmi_gaussian,0.03294408754232436,96,96
2330,kendalltau,tlmi_kraskov_NN-4,0.038243157290100416,96,96
2331,kendalltau,tlmi_kraskov_NN-4_DCE,0.040971797957536804,96,96
2332,kendalltau,tlmi_kernel_W-0.25,0.0794678162232246,96,96
2333,kendalltau,te_kraskov_NN-4_k-max-10_tau-max-4,0.07286535886972845,96,96
2334,kendalltau,te_kraskov_NN-4_DCE_k-max-10_tau-max-4,0.09466287308270438,96,96
2335,kendalltau,te_kraskov_NN-4_DCE_k-2_kt-1_l-1_lt-1,0.017368356306788138,96,96
2336,kendalltau,te_kraskov_NN-4_DCE_k-1_kt-1_l-1_lt-1,0.02016743178979552,96,96
2337,kendalltau,te_kraskov_NN-4_k-1_kt-1_l-1_lt-1,0.021805844671940466,96,96
2338,kendalltau,te_kernel_W-0.25_k-1,0.0868544429532852,96,96
2339,kendalltau,gc_gaussian_k-max-10_tau-max-2,0.03385031925721799,96,96
2340,kendalltau,gc_gaussian_k-1_kt-1_l-1_lt-1,0.03100633206753245,96,96
2341,kendalltau,te_symbolic_k-1_kt-1_l-1_lt-1,0.03100633206753245,96,96
2342,kendalltau,te_symbolic_k-10_kt-1_l-1_lt-1,0.04326769545071307,96,96
2343,kendalltau,phase_multitaper_mean_fs-1_fmin-0_fmax-0-5,0.08084431159204397,96,96
2344,kendalltau,phase_multitaper_mean_fs-1_fmin-0_fmax-0-25,0.08666685254508644,96,96
2345,kendalltau,phase_multitaper_mean_fs-1_fmin-0-25_fmax-0-5,0.031620094010262334,96,96
2346,kendalltau,phase_multitaper_max_fs-1_fmin-0_fmax-0-5,0.09597385365693029,96,96
2347,kendalltau,phase_multitaper_max_fs-1_fmin-0_fmax-0-25,0.11789040582099275,96,96
2348,kendalltau,phase_multitaper_max_fs-1_fmin-0-25_fmax-0-5,0.07847366035714498,96,96
2349,kendalltau,cohmag_multitaper_mean_fs-1_fmin-0_fmax-0-5,0.006222957385316641,96,96
2350,kendalltau,cohmag_multitaper_mean_fs-1_fmin-0_fmax-0-25,0.017670842168878764,96,96
2351,kendalltau,cohmag_multitaper_mean_fs-1_fmin-0-25_fmax-0-5,0.014182822619724339,96,96
2352,kendalltau,cohmag_multitaper_max_fs-1_fmin-0_fmax-0-5,0.03616189430044496,96,96
2353,kendalltau,cohmag_multitaper_max_fs-1_fmin-0_fmax-0-25,0.02329706711736479,96,96
2354,kendalltau,cohmag_multitaper_max_fs-1_fmin-0-25_fmax-0-5,0.019549680461061758,96,96
2355,kendalltau,psi_multitaper_mean_fs-1_fmin-0_fmax-0-5,0.07291666666666667,96,96
2356,kendalltau,psi_multitaper_mean_fs-1_fmin-0_fmax-0-25,0.09375,96,96
2357,kendalltau,psi_multitaper_mean_fs-1_fmin-0-25_fmax-0-5,0.10416666666666667,96,96
2358,xcorr_max_sig-True,xcorr-sq_max_sig-True,0.06431266159479032,96,96
2359,xcorr_max_sig-True,xcorr_mean_sig-True,0.697559289550451,96,96
2360,xcorr_max_sig-True,xcorr-sq_mean_sig-True,0.5367512083886844,96,96
2361,xcorr_max_sig-True,xcorr_mean_sig-False,0.5308652274819585,96,96
2362,xcorr_max_sig-True,xcorr-sq_mean_sig-False,0.1717987436180386,96,96
2363,xcorr_max_sig-True,pdist_euclidean,0.30828106583575754,96,96
2364,xcorr_max_sig-True,pdist_cityblock,0.2976824555530111,96,96
2365,xcorr_max_sig-True,pdist_cosine,0.012946972219559927,96,96
2366,xcorr_max_sig-True,pdist_chebyshev,0.28360339720757416,96,96
2367,xcorr_max_sig-True,pdist_canberra,0.0567245654318326,96,96
2368,xcorr_max_sig-True,pdist_braycurtis,0.0375817894718562,96,96
2369,xcorr_max_sig-True,di_gaussian,0.15762445807999892,96,96
2370,xcorr_max_sig-True,di_kozachenko,0.22242690222897182,96,96
2371,xcorr_max_sig-True,di_kernel_W-0.5,0.29074918488943974,96,96
2372,xcorr_max_sig-True,mi_gaussian,0.19387513475167867,96,96
2373,xcorr_max_sig-True,mi_kraskov_NN-4,0.0675098571311821,96,96
2374,xcorr_max_sig-True,mi_kraskov_NN-4_DCE,0.09026747124663745,96,96
2375,xcorr_max_sig-True,mi_kernel_W-0.25,0.27702164826272135,96,96
2376,xcorr_max_sig-True,tlmi_gaussian,0.1889777311479766,96,96
2377,xcorr_max_sig-True,tlmi_kraskov_NN-4,0.05332166824720713,96,96
2378,xcorr_max_sig-True,tlmi_kraskov_NN-4_DCE,0.05566190909279359,96,96
2379,xcorr_max_sig-True,tlmi_kernel_W-0.25,0.24755784150232873,96,96
2380,xcorr_max_sig-True,te_kraskov_NN-4_k-max-10_tau-max-4,0.05548495754359631,96,96
2381,xcorr_max_sig-True,te_kraskov_NN-4_DCE_k-max-10_tau-max-4,0.026906704192291547,96,96
2382,xcorr_max_sig-True,te_kraskov_NN-4_DCE_k-2_kt-1_l-1_lt-1,0.09509076715388864,96,96
2383,xcorr_max_sig-True,te_kraskov_NN-4_DCE_k-1_kt-1_l-1_lt-1,0.036990586552423044,96,96
2384,xcorr_max_sig-True,te_kraskov_NN-4_k-1_kt-1_l-1_lt-1,0.045519018415362766,96,96
2385,xcorr_max_sig-True,te_kernel_W-0.25_k-1,0.2881178037802207,96,96
2386,xcorr_max_sig-True,gc_gaussian_k-max-10_tau-max-2,0.17315589082367322,96,96
2387,xcorr_max_sig-True,gc_gaussian_k-1_kt-1_l-1_lt-1,0.19217712681188293,96,96
2388,xcorr_max_sig-True,te_symbolic_k-1_kt-1_l-1_lt-1,0.19217712681188293,96,96
2389,xcorr_max_sig-True,te_symbolic_k-10_kt-1_l-1_lt-1,0.19577756096857118,96,96
2390,xcorr_max_sig-True,phase_multitaper_mean_fs-1_fmin-0_fmax-0-5,0.10468155297692522,96,96
2391,xcorr_max_sig-True,phase_multitaper_mean_fs-1_fmin-0_fmax-0-25,0.11966040132513955,96,96
2392,xcorr_max_sig-True,phase_multitaper_mean_fs-1_fmin-0-25_fmax-0-5,0.04029926990733701,96,96
2393,xcorr_max_sig-True,phase_multitaper_max_fs-1_fmin-0_fmax-0-5,0.04689146917812875,96,96
2394,xcorr_max_sig-True,phase_multitaper_max_fs-1_fmin-0_fmax-0-25,0.11334361477818233,96,96
2395,xcorr_max_sig-True,phase_multitaper_max_fs-1_fmin-0-25_fmax-0-5,0.015282819356714383,96,96
2396,xcorr_max_sig-True,cohmag_multitaper_mean_fs-1_fmin-0_fmax-0-5,0.23267359840004465,96,96
2397,xcorr_max_sig-True,cohmag_multitaper_mean_fs-1_fmin-0_fmax-0-25,0.2587948799076918,96,96
2398,xcorr_max_sig-True,cohmag_multitaper_mean_fs-1_fmin-0-25_fmax-0-5,0.26356244679818647,96,96
2399,xcorr_max_sig-True,cohmag_multitaper_max_fs-1_fmin-0_fmax-0-5,0.425154817600857,96,96
2400,xcorr_max_sig-True,cohmag_multitaper_max_fs-1_fmin-0_fmax-0-25,0.49711380954314643,96,96
2401,xcorr_max_sig-True,cohmag_multitaper_max_fs-1_fmin-0-25_fmax-0-5,0.36298091110303354,96,96
2402,xcorr_max_sig-True,psi_multitaper_mean_fs-1_fmin-0_fmax-0-5,0.125,96,96
2403,xcorr_max_sig-True,psi_multitaper_mean_fs-1_fmin-0_fmax-0-25,0.17708333333333334,96,96
2404,xcorr_max_sig-True,psi_multitaper_mean_fs-1_fmin-0-25_fmax-0-5,0.125,96,96
2405,xcorr-sq_max_sig-True,xcorr_mean_sig-True,0.04796834781355841,96,96
2406,xcorr-sq_max_sig-True,xcorr-sq_mean_sig-True,0.9613527221393469,96,96
2407,xcorr-sq_max_sig-True,xcorr_mean_sig-False,0.04058878562020657,96,96
2408,xcorr-sq_max_sig-True,xcorr-sq_mean_sig-False,0.5073342120422543,96,96
2409,xcorr-sq_max_sig-True,pdist_euclidean,0.08258773942032846,96,96
2410,xcorr-sq_max_sig-True,pdist_cityblock,0.10592256406277065,96,96
2411,xcorr-sq_max_sig-True,pdist_cosine,0.029118422647483766,96,96
2412,xcorr-sq_max_sig-True,pdist_chebyshev,0.09450312197653529,96,96
2413,xcorr-sq_max_sig-True,pdist_canberra,0.11415638797957256,96,96
2414,xcorr-sq_max_sig-True,pdist_braycurtis,0.017511767041422988,96,96
2415,xcorr-sq_max_sig-True,di_gaussian,0.032008330304092336,96,96
2416,xcorr-sq_max_sig-True,di_kozachenko,0.28000043186469403,96,96
2417,xcorr-sq_max_sig-True,di_kernel_W-0.5,0.10690738184275295,96,96
2418,xcorr-sq_max_sig-True,mi_gaussian,0.030971212911182988,96,96
2419,xcorr-sq_max_sig-True,mi_kraskov_NN-4,0.03754052681597697,96,96
2420,xcorr-sq_max_sig-True,mi_kraskov_NN-4_DCE,0.06822258146078439,96,96
2421,xcorr-sq_max_sig-True,mi_kernel_W-0.25,0.07143938378962833,96,96
2422,xcorr-sq_max_sig-True,tlmi_gaussian,0.07398001874460458,96,96
2423,xcorr-sq_max_sig-True,tlmi_kraskov_NN-4,0.0371809019904992,96,96
2424,xcorr-sq_max_sig-True,tlmi_kraskov_NN-4_DCE,0.044198556135762485,96,96
2425,xcorr-sq_max_sig-True,tlmi_kernel_W-0.25,0.061323457049396235,96,96
2426,xcorr-sq_max_sig-True,te_kraskov_NN-4_k-max-10_tau-max-4,0.04668747588347977,96,96
2427,xcorr-sq_max_sig-True,te_kraskov_NN-4_DCE_k-max-10_tau-max-4,0.04394931386744627,96,96
2428,xcorr-sq_max_sig-True,te_kraskov_NN-4_DCE_k-2_kt-1_l-1_lt-1,0.04593079347312276,96,96
2429,xcorr-sq_max_sig-True,te_kraskov_NN-4_DCE_k-1_kt-1_l-1_lt-1,0.03169912741592815,96,96
2430,xcorr-sq_max_sig-True,te_kraskov_NN-4_k-1_kt-1_l-1_lt-1,0.03407356437906925,96,96
2431,xcorr-sq_max_sig-True,te_kernel_W-0.25_k-1,0.08749662484981413,96,96
2432,xcorr-sq_max_sig-True,gc_gaussian_k-max-10_tau-max-2,0.04458331362713708,96,96
2433,xcorr-sq_max_sig-True,gc_gaussian_k-1_kt-1_l-1_lt-1,0.06870760121744524,96,96
2434,xcorr-sq_max_sig-True,te_symbolic_k-1_kt-1_l-1_lt-1,0.06870760121744524,96,96
2435,xcorr-sq_max_sig-True,te_symbolic_k-10_kt-1_l-1_lt-1,0.07516417422599753,96,96
2436,xcorr-sq_max_sig-True,phase_multitaper_mean_fs-1_fmin-0_fmax-0-5,0.015398491563998973,96,96
2437,xcorr-sq_max_sig-True,phase_multitaper_mean_fs-1_fmin-0_fmax-0-25,0.0317998527442539,96,96
2438,xcorr-sq_max_sig-True,phase_multitaper_mean_fs-1_fmin-0-25_fmax-0-5,0.018068150851332287,96,96
2439,xcorr-sq_max_sig-True,phase_multitaper_max_fs-1_fmin-0_fmax-0-5,0.026115187478616964,96,96
2440,xcorr-sq_max_sig-True,phase_multitaper_max_fs-1_fmin-0_fmax-0-25,0.04524383150912248,96,96
2441,xcorr-sq_max_sig-True,phase_multitaper_max_fs-1_fmin-0-25_fmax-0-5,0.04330101614250298,96,96
2442,xcorr-sq_max_sig-True,cohmag_multitaper_mean_fs-1_fmin-0_fmax-0-5,0.2955779282801254,96,96
2443,xcorr-sq_max_sig-True,cohmag_multitaper_mean_fs-1_fmin-0_fmax-0-25,0.36070255398708667,96,96
2444,xcorr-sq_max_sig-True,cohmag_multitaper_mean_fs-1_fmin-0-25_fmax-0-5,0.35201551781570023,96,96
2445,xcorr-sq_max_sig-True,cohmag_multitaper_max_fs-1_fmin-0_fmax-0-5,0.4284475779816944,96,96
2446,xcorr-sq_max_sig-True,cohmag_multitaper_max_fs-1_fmin-0_fmax-0-25,0.46855196617910433,96,96
2447,xcorr-sq_max_sig-True,cohmag_multitaper_max_fs-1_fmin-0-25_fmax-0-5,0.4223378514304356,96,96
2448,xcorr-sq_max_sig-True,psi_multitaper_mean_fs-1_fmin-0_fmax-0-5,0.13541666666666666,96,96
2449,xcorr-sq_max_sig-True,psi_multitaper_mean_fs-1_fmin-0_fmax-0-25,0.10416666666666667,96,96
2450,xcorr-sq_max_sig-True,psi_multitaper_mean_fs-1_fmin-0-25_fmax-0-5,0.10416666666666667,96,96
2451,xcorr_mean_sig-True,xcorr-sq_mean_sig-True,0.041853018258707964,96,96
2452,xcorr_mean_sig-True,xcorr_mean_sig-False,0.2802573199392398,96,96
2453,xcorr_mean_sig-True,xcorr-sq_mean_sig-False,0.02177504630496263,96,96
2454,xcorr_mean_sig-True,pdist_euclidean,0.12834894029604427,96,96
2455,xcorr_mean_sig-True,pdist_cityblock,0.08983417697928478,96,96
2456,xcorr_mean_sig-True,pdist_cosine,0.09474624154645273,96,96
2457,xcorr_mean_sig-True,pdist_chebyshev,0.016609757921765167,96,96
2458,xcorr_mean_sig-True,pdist_canberra,0.053556294869216425,96,96
2459,xcorr_mean_sig-True,pdist_braycurtis,0.0631749042205848,96,96
2460,xcorr_mean_sig-True,di_gaussian,0.03864602807745249,96,96
2461,xcorr_mean_sig-True,di_kozachenko,0.0073501170610729555,96,96
2462,xcorr_mean_sig-True,di_kernel_W-0.5,0.032573863173699924,96,96
2463,xcorr_mean_sig-True,mi_gaussian,0.10480936317376821,96,96
2464,xcorr_mean_sig-True,mi_kraskov_NN-4,0.0707961010244092,96,96
2465,xcorr_mean_sig-True,mi_kraskov_NN-4_DCE,0.06804850823376374,96,96
2466,xcorr_mean_sig-True,mi_kernel_W-0.25,0.03038291088078493,96,96
2467,xcorr_mean_sig-True,tlmi_gaussian,0.02944242035866551,96,96
2468,xcorr_mean_sig-True,tlmi_kraskov_NN-4,0.054007004240151535,96,96
2469,xcorr_mean_sig-True,tlmi_kraskov_NN-4_DCE,0.054141668529292836,96,96
2470,xcorr_mean_sig-True,tlmi_kernel_W-0.25,0.03715586827750039,96,96
2471,xcorr_mean_sig-True,te_kraskov_NN-4_k-max-10_tau-max-4,0.027733354934733834,96,96
2472,xcorr_mean_sig-True,te_kraskov_NN-4_DCE_k-max-10_tau-max-4,0.03695474404979404,96,96
2473,xcorr_mean_sig-True,te_kraskov_NN-4_DCE_k-2_kt-1_l-1_lt-1,0.028155727132120556,96,96
2474,xcorr_mean_sig-True,te_kraskov_NN-4_DCE_k-1_kt-1_l-1_lt-1,0.020122395030746976,96,96
2475,xcorr_mean_sig-True,te_kraskov_NN-4_k-1_kt-1_l-1_lt-1,0.014031652751379964,96,96
2476,xcorr_mean_sig-True,te_kernel_W-0.25_k-1,0.025654816071111863,96,96
2477,xcorr_mean_sig-True,gc_gaussian_k-max-10_tau-max-2,0.05688381877309345,96,96
2478,xcorr_mean_sig-True,gc_gaussian_k-1_kt-1_l-1_lt-1,0.030153599640718953,96,96
2479,xcorr_mean_sig-True,te_symbolic_k-1_kt-1_l-1_lt-1,0.030153599640718953,96,96
2480,xcorr_mean_sig-True,te_symbolic_k-10_kt-1_l-1_lt-1,0.03965547777760314,96,96
2481,xcorr_mean_sig-True,phase_multitaper_mean_fs-1_fmin-0_fmax-0-5,0.04744026774773091,96,96
2482,xcorr_mean_sig-True,phase_multitaper_mean_fs-1_fmin-0_fmax-0-25,0.054477356609505256,96,96
2483,xcorr_mean_sig-True,phase_multitaper_mean_fs-1_fmin-0-25_fmax-0-5,0.04487394519311072,96,96
2484,xcorr_mean_sig-True,phase_multitaper_max_fs-1_fmin-0_fmax-0-5,0.1127041535092721,96,96
2485,xcorr_mean_sig-True,phase_multitaper_max_fs-1_fmin-0_fmax-0-25,0.061333309699239114,96,96
2486,xcorr_mean_sig-True,phase_multitaper_max_fs-1_fmin-0-25_fmax-0-5,0.06415521092218512,96,96
2487,xcorr_mean_sig-True,cohmag_multitaper_mean_fs-1_fmin-0_fmax-0-5,0.06783772580030833,96,96
2488,xcorr_mean_sig-True,cohmag_multitaper_mean_fs-1_fmin-0_fmax-0-25,0.04392031512642114,96,96
2489,xcorr_mean_sig-True,cohmag_multitaper_mean_fs-1_fmin-0-25_fmax-0-5,0.059042384515061386,96,96
2490,xcorr_mean_sig-True,cohmag_multitaper_max_fs-1_fmin-0_fmax-0-5,0.07787652235645304,96,96
2491,xcorr_mean_sig-True,cohmag_multitaper_max_fs-1_fmin-0_fmax-0-25,0.07005897599393096,96,96
2492,xcorr_mean_sig-True,cohmag_multitaper_max_fs-1_fmin-0-25_fmax-0-5,0.06352056573473996,96,96
2493,xcorr_mean_sig-True,psi_multitaper_mean_fs-1_fmin-0_fmax-0-5,0.14583333333333334,96,96
2494,xcorr_mean_sig-True,psi_multitaper_mean_fs-1_fmin-0_fmax-0-25,0.11458333333333333,96,96
2495,xcorr_mean_sig-True,psi_multitaper_mean_fs-1_fmin-0-25_fmax-0-5,0.15625,96,96
2496,xcorr-sq_mean_sig-True,xcorr_mean_sig-False,0.07505189537085943,96,96
2497,xcorr-sq_mean_sig-True,xcorr-sq_mean_sig-False,0.2707888333199216,96,96
2498,xcorr-sq_mean_sig-True,pdist_euclidean,0.35600691436704346,96,96
2499,xcorr-sq_mean_sig-True,pdist_cityblock,0.32669567251957116,96,96
2500,xcorr-sq_mean_sig-True,pdist_cosine,0.03598966155726868,96,96
2501,xcorr-sq_mean_sig-True,pdist_chebyshev,0.3211823446323393,96,96
2502,xcorr-sq_mean_sig-True,pdist_canberra,0.07201334562581702,96,96
2503,xcorr-sq_mean_sig-True,pdist_braycurtis,0.020928113882643817,96,96
2504,xcorr-sq_mean_sig-True,di_gaussian,0.03585157854323673,96,96
2505,xcorr-sq_mean_sig-True,di_kozachenko,0.1876487186572774,96,96
2506,xcorr-sq_mean_sig-True,di_kernel_W-0.5,0.2841446663100768,96,96
2507,xcorr-sq_mean_sig-True,mi_gaussian,0.09512671819045776,96,96
2508,xcorr-sq_mean_sig-True,mi_kraskov_NN-4,0.054283187350024326,96,96
2509,xcorr-sq_mean_sig-True,mi_kraskov_NN-4_DCE,0.0967218231611423,96,96
2510,xcorr-sq_mean_sig-True,mi_kernel_W-0.25,0.3163282328974755,96,96
2511,xcorr-sq_mean_sig-True,tlmi_gaussian,0.12569852395732428,96,96
2512,xcorr-sq_mean_sig-True,tlmi_kraskov_NN-4,0.03532054715881838,96,96
2513,xcorr-sq_mean_sig-True,tlmi_kraskov_NN-4_DCE,0.021329004760801684,96,96
2514,xcorr-sq_mean_sig-True,tlmi_kernel_W-0.25,0.26540756406345983,96,96
2515,xcorr-sq_mean_sig-True,te_kraskov_NN-4_k-max-10_tau-max-4,0.020687288496185396,96,96
2516,xcorr-sq_mean_sig-True,te_kraskov_NN-4_DCE_k-max-10_tau-max-4,0.019318202801125284,96,96
2517,xcorr-sq_mean_sig-True,te_kraskov_NN-4_DCE_k-2_kt-1_l-1_lt-1,0.09713226624501337,96,96
2518,xcorr-sq_mean_sig-True,te_kraskov_NN-4_DCE_k-1_kt-1_l-1_lt-1,0.04554730633689563,96,96
2519,xcorr-sq_mean_sig-True,te_kraskov_NN-4_k-1_kt-1_l-1_lt-1,0.04587336495036076,96,96
2520,xcorr-sq_mean_sig-True,te_kernel_W-0.25_k-1,0.24894479808845482,96,96
2521,xcorr-sq_mean_sig-True,gc_gaussian_k-max-10_tau-max-2,0.1300573470984009,96,96
2522,xcorr-sq_mean_sig-True,gc_gaussian_k-1_kt-1_l-1_lt-1,0.12838812759847407,96,96
2523,xcorr-sq_mean_sig-True,te_symbolic_k-1_kt-1_l-1_lt-1,0.12838812759847407,96,96
2524,xcorr-sq_mean_sig-True,te_symbolic_k-10_kt-1_l-1_lt-1,0.12530513729880693,96,96
2525,xcorr-sq_mean_sig-True,phase_multitaper_mean_fs-1_fmin-0_fmax-0-5,0.03854363924658502,96,96
2526,xcorr-sq_mean_sig-True,phase_multitaper_mean_fs-1_fmin-0_fmax-0-25,0.04328362336521108,96,96
2527,xcorr-sq_mean_sig-True,phase_multitaper_mean_fs-1_fmin-0-25_fmax-0-5,0.03141413074358479,96,96
2528,xcorr-sq_mean_sig-True,phase_multitaper_max_fs-1_fmin-0_fmax-0-5,0.04323007011423169,96,96
2529,xcorr-sq_mean_sig-True,phase_multitaper_max_fs-1_fmin-0_fmax-0-25,0.052410334330459496,96,96
2530,xcorr-sq_mean_sig-True,phase_multitaper_max_fs-1_fmin-0-25_fmax-0-5,0.02648349256462179,96,96
2531,xcorr-sq_mean_sig-True,cohmag_multitaper_mean_fs-1_fmin-0_fmax-0-5,0.03459756073974207,96,96
2532,xcorr-sq_mean_sig-True,cohmag_multitaper_mean_fs-1_fmin-0_fmax-0-25,0.20308753014184588,96,96
2533,xcorr-sq_mean_sig-True,cohmag_multitaper_mean_fs-1_fmin-0-25_fmax-0-5,0.1991726609770973,96,96
2534,xcorr-sq_mean_sig-True,cohmag_multitaper_max_fs-1_fmin-0_fmax-0-5,0.4409330200039404,96,96
2535,xcorr-sq_mean_sig-True,cohmag_multitaper_max_fs-1_fmin-0_fmax-0-25,0.48761295859959636,96,96
2536,xcorr-sq_mean_sig-True,cohmag_multitaper_max_fs-1_fmin-0-25_fmax-0-5,0.43864618838500574,96,96
2537,xcorr-sq_mean_sig-True,psi_multitaper_mean_fs-1_fmin-0_fmax-0-5,0.0625,96,96
2538,xcorr-sq_mean_sig-True,psi_multitaper_mean_fs-1_fmin-0_fmax-0-25,0.125,96,96
2539,xcorr-sq_mean_sig-True,psi_multitaper_mean_fs-1_fmin-0-25_fmax-0-5,0.125,96,96
2540,xcorr_mean_sig-False,xcorr-sq_mean_sig-False,0.05988078974447486,96,96
2541,xcorr_mean_sig-False,pdist_euclidean,0.06367646909937191,96,96
2542,xcorr_mean_sig-False,pdist_cityblock,0.045210667669612514,96,96
2543,xcorr_mean_sig-False,pdist_cosine,0.0361288959850147,96,96
2544,xcorr_mean_sig-False,pdist_chebyshev,0.05738472106770909,96,96
2545,xcorr_mean_sig-False,pdist_canberra,0.03381496769536224,96,96
2546,xcorr_mean_sig-False,pdist_braycurtis,0.07794348893605607,96,96
2547,xcorr_mean_sig-False,di_gaussian,0.03283037148835377,96,96
2548,xcorr_mean_sig-False,di_kozachenko,0.018338662877130624,96,96
2549,xcorr_mean_sig-False,di_kernel_W-0.5,0.03992518210936083,96,96
2550,xcorr_mean_sig-False,mi_gaussian,0.014373787087237133,96,96
2551,xcorr_mean_sig-False,mi_kraskov_NN-4,0.058022453187147716,96,96
2552,xcorr_mean_sig-False,mi_kraskov_NN-4_DCE,0.05302897875451107,96,96
2553,xcorr_mean_sig-False,mi_kernel_W-0.25,0.03899493097361928,96,96
2554,xcorr_mean_sig-False,tlmi_gaussian,0.014868529600567282,96,96
2555,xcorr_mean_sig-False,tlmi_kraskov_NN-4,0.048857560831768426,96,96
2556,xcorr_mean_sig-False,tlmi_kraskov_NN-4_DCE,0.04936900665885105,96,96
2557,xcorr_mean_sig-False,tlmi_kernel_W-0.25,0.01797785194994994,96,96
2558,xcorr_mean_sig-False,te_kraskov_NN-4_k-max-10_tau-max-4,0.015013611869796883,96,96
2559,xcorr_mean_sig-False,te_kraskov_NN-4_DCE_k-max-10_tau-max-4,0.016751379828441326,96,96
2560,xcorr_mean_sig-False,te_kraskov_NN-4_DCE_k-2_kt-1_l-1_lt-1,0.026457236037882748,96,96
2561,xcorr_mean_sig-False,te_kraskov_NN-4_DCE_k-1_kt-1_l-1_lt-1,0.038621419841581184,96,96
2562,xcorr_mean_sig-False,te_kraskov_NN-4_k-1_kt-1_l-1_lt-1,0.0404498329491286,96,96
2563,xcorr_mean_sig-False,te_kernel_W-0.25_k-1,0.02749303763136912,96,96
2564,xcorr_mean_sig-False,gc_gaussian_k-max-10_tau-max-2,0.032403821575492264,96,96
2565,xcorr_mean_sig-False,gc_gaussian_k-1_kt-1_l-1_lt-1,0.016462137749093775,96,96
2566,xcorr_mean_sig-False,te_symbolic_k-1_kt-1_l-1_lt-1,0.016462137749093775,96,96
2567,xcorr_mean_sig-False,te_symbolic_k-10_kt-1_l-1_lt-1,0.01738468028026463,96,96
2568,xcorr_mean_sig-False,phase_multitaper_mean_fs-1_fmin-0_fmax-0-5,0.2469628556434672,96,96
2569,xcorr_mean_sig-False,phase_multitaper_mean_fs-1_fmin-0_fmax-0-25,0.21191696614692818,96,96
2570,xcorr_mean_sig-False,phase_multitaper_mean_fs-1_fmin-0-25_fmax-0-5,0.062305153498752985,96,96
2571,xcorr_mean_sig-False,phase_multitaper_max_fs-1_fmin-0_fmax-0-5,0.24136115330273028,96,96
2572,xcorr_mean_sig-False,phase_multitaper_max_fs-1_fmin-0_fmax-0-25,0.25417029077399367,96,96
2573,xcorr_mean_sig-False,phase_multitaper_max_fs-1_fmin-0-25_fmax-0-5,0.08734507494604293,96,96
2574,xcorr_mean_sig-False,cohmag_multitaper_mean_fs-1_fmin-0_fmax-0-5,0.04745535587471522,96,96
2575,xcorr_mean_sig-False,cohmag_multitaper_mean_fs-1_fmin-0_fmax-0-25,0.04660342978900045,96,96
2576,xcorr_mean_sig-False,cohmag_multitaper_mean_fs-1_fmin-0-25_fmax-0-5,0.06904107956815797,96,96
2577,xcorr_mean_sig-False,cohmag_multitaper_max_fs-1_fmin-0_fmax-0-5,0.07859983574595986,96,96
2578,xcorr_mean_sig-False,cohmag_multitaper_max_fs-1_fmin-0_fmax-0-25,0.03557656710029489,96,96
2579,xcorr_mean_sig-False,cohmag_multitaper_max_fs-1_fmin-0-25_fmax-0-5,0.06359464917399105,96,96
2580,xcorr_mean_sig-False,psi_multitaper_mean_fs-1_fmin-0_fmax-0-5,0.13541666666666666,96,96
2581,xcorr_mean_sig-False,psi_multitaper_mean_fs-1_fmin-0_fmax-0-25,0.09375,96,96
2582,xcorr_mean_sig-False,psi_multitaper_mean_fs-1_fmin-0-25_fmax-0-5,0.052083333333333336,96,96
2583,xcorr-sq_mean_sig-False,pdist_euclidean,0.14497584917575404,96,96
2584,xcorr-sq_mean_sig-False,pdist_cityblock,0.14611771731711046,96,96
2585,xcorr-sq_mean_sig-False,pdist_cosine,0.04168621511198822,96,96
2586,xcorr-sq_mean_sig-False,pdist_chebyshev,0.13179894694133867,96,96
2587,xcorr-sq_mean_sig-False,pdist_canberra,0.0365991497645376,96,96
2588,xcorr-sq_mean_sig-False,pdist_braycurtis,0.04117187303264369,96,96
2589,xcorr-sq_mean_sig-False,di_gaussian,0.08021731163622281,96,96
2590,xcorr-sq_mean_sig-False,di_kozachenko,0.2821493464905984,96,96
2591,xcorr-sq_mean_sig-False,di_kernel_W-0.5,0.08783528702557553,96,96
2592,xcorr-sq_mean_sig-False,mi_gaussian,0.039718777076960754,96,96
2593,xcorr-sq_mean_sig-False,mi_kraskov_NN-4,0.05548299626377223,96,96
2594,xcorr-sq_mean_sig-False,mi_kraskov_NN-4_DCE,0.10407330831017803,96,96
2595,xcorr-sq_mean_sig-False,mi_kernel_W-0.25,0.093199980322757,96,96
2596,xcorr-sq_mean_sig-False,tlmi_gaussian,0.021147827671506803,96,96
2597,xcorr-sq_mean_sig-False,tlmi_kraskov_NN-4,0.03263311455045481,96,96
2598,xcorr-sq_mean_sig-False,tlmi_kraskov_NN-4_DCE,0.07803828911453459,96,96
2599,xcorr-sq_mean_sig-False,tlmi_kernel_W-0.25,0.12361759644025583,96,96
2600,xcorr-sq_mean_sig-False,te_kraskov_NN-4_k-max-10_tau-max-4,0.01051352541021855,96,96
2601,xcorr-sq_mean_sig-False,te_kraskov_NN-4_DCE_k-max-10_tau-max-4,0.0290463446045528,96,96
2602,xcorr-sq_mean_sig-False,te_kraskov_NN-4_DCE_k-2_kt-1_l-1_lt-1,0.06168862931571095,96,96
2603,xcorr-sq_mean_sig-False,te_kraskov_NN-4_DCE_k-1_kt-1_l-1_lt-1,0.045625774956141285,96,96
2604,xcorr-sq_mean_sig-False,te_kraskov_NN-4_k-1_kt-1_l-1_lt-1,0.04090462761022018,96,96
2605,xcorr-sq_mean_sig-False,te_kernel_W-0.25_k-1,0.09824530367118334,96,96
2606,xcorr-sq_mean_sig-False,gc_gaussian_k-max-10_tau-max-2,0.03545451622144191,96,96
2607,xcorr-sq_mean_sig-False,gc_gaussian_k-1_kt-1_l-1_lt-1,0.029897684119904788,96,96
2608,xcorr-sq_mean_sig-False,te_symbolic_k-1_kt-1_l-1_lt-1,0.029897684119904788,96,96
2609,xcorr-sq_mean_sig-False,te_symbolic_k-10_kt-1_l-1_lt-1,0.018634769299118004,96,96
2610,xcorr-sq_mean_sig-False,phase_multitaper_mean_fs-1_fmin-0_fmax-0-5,0.020717912741737288,96,96
2611,xcorr-sq_mean_sig-False,phase_multitaper_mean_fs-1_fmin-0_fmax-0-25,0.031997407368651754,96,96
2612,xcorr-sq_mean_sig-False,phase_multitaper_mean_fs-1_fmin-0-25_fmax-0-5,0.03202268766413317,96,96
2613,xcorr-sq_mean_sig-False,phase_multitaper_max_fs-1_fmin-0_fmax-0-5,0.07449022311462195,96,96
2614,xcorr-sq_mean_sig-False,phase_multitaper_max_fs-1_fmin-0_fmax-0-25,0.06220231511243224,96,96
2615,xcorr-sq_mean_sig-False,phase_multitaper_max_fs-1_fmin-0-25_fmax-0-5,0.05042379495915894,96,96
2616,xcorr-sq_mean_sig-False,cohmag_multitaper_mean_fs-1_fmin-0_fmax-0-5,0.09296541482083578,96,96
2617,xcorr-sq_mean_sig-False,cohmag_multitaper_mean_fs-1_fmin-0_fmax-0-25,0.2792489760066016,96,96
2618,xcorr-sq_mean_sig-False,cohmag_multitaper_mean_fs-1_fmin-0-25_fmax-0-5,0.2454073469363257,96,96
2619,xcorr-sq_mean_sig-False,cohmag_multitaper_max_fs-1_fmin-0_fmax-0-5,0.46451205810406165,96,96
2620,xcorr-sq_mean_sig-False,cohmag_multitaper_max_fs-1_fmin-0_fmax-0-25,0.5331965430070045,96,96
2621,xcorr-sq_mean_sig-False,cohmag_multitaper_max_fs-1_fmin-0-25_fmax-0-5,0.4737971695759499,96,96
2622,xcorr-sq_mean_sig-False,psi_multitaper_mean_fs-1_fmin-0_fmax-0-5,0.11458333333333333,96,96
2623,xcorr-sq_mean_sig-False,psi_multitaper_mean_fs-1_fmin-0_fmax-0-25,0.08333333333333333,96,96
2624,xcorr-sq_mean_sig-False,psi_multitaper_mean_fs-1_fmin-0-25_fmax-0-5,0.11458333333333333,96,96
2625,pdist_euclidean,pdist_cityblock,0.42297952045723175,96,96
2626,pdist_euclidean,pdist_cosine,1.0,96,96
2627,pdist_euclidean,pdist_chebyshev,0.9600573038621583,96,96
2628,pdist_euclidean,pdist_canberra,0.8954950328533037,96,96
2629,pdist_euclidean,pdist_braycurtis,0.9996398218890838,96,96
2630,pdist_euclidean,di_gaussian,0.5815468170118154,96,96
2631,pdist_euclidean,di_kozachenko,0.7870222180549854,96,96
2632,pdist_euclidean,di_kernel_W-0.5,0.8825808217409541,96,96
2633,pdist_euclidean,mi_gaussian,0.5766638764725877,96,96
2634,pdist_euclidean,mi_kraskov_NN-4,0.025909775758294173,96,96
2635,pdist_euclidean,mi_kraskov_NN-4_DCE,0.03625298692593126,96,96
2636,pdist_euclidean,mi_kernel_W-0.25,0.957663873575409,96,96
2637,pdist_euclidean,tlmi_gaussian,0.5202279206891436,96,96
2638,pdist_euclidean,tlmi_kraskov_NN-4,0.057237475269492605,96,96
2639,pdist_euclidean,tlmi_kraskov_NN-4_DCE,0.0916011006914974,96,96
2640,pdist_euclidean,tlmi_kernel_W-0.25,0.8674085512466833,96,96
2641,pdist_euclidean,te_kraskov_NN-4_k-max-10_tau-max-4,0.02785586476523605,96,96
2642,pdist_euclidean,te_kraskov_NN-4_DCE_k-max-10_tau-max-4,0.01311763191076698,96,96
2643,pdist_euclidean,te_kraskov_NN-4_DCE_k-2_kt-1_l-1_lt-1,0.025122370675896954,96,96
2644,pdist_euclidean,te_kraskov_NN-4_DCE_k-1_kt-1_l-1_lt-1,0.008378165472479854,96,96
2645,pdist_euclidean,te_kraskov_NN-4_k-1_kt-1_l-1_lt-1,0.012161789963968522,96,96
2646,pdist_euclidean,te_kernel_W-0.25_k-1,0.854087394243769,96,96
2647,pdist_euclidean,gc_gaussian_k-max-10_tau-max-2,0.5920133514600755,96,96
2648,pdist_euclidean,gc_gaussian_k-1_kt-1_l-1_lt-1,0.5144703241724474,96,96
2649,pdist_euclidean,te_symbolic_k-1_kt-1_l-1_lt-1,0.5144703241724474,96,96
2650,pdist_euclidean,te_symbolic_k-10_kt-1_l-1_lt-1,0.5305972143387159,96,96
2651,pdist_euclidean,phase_multitaper_mean_fs-1_fmin-0_fmax-0-5,0.14277060157508398,96,96
2652,pdist_euclidean,phase_multitaper_mean_fs-1_fmin-0_fmax-0-25,0.15682754559044687,96,96
2653,pdist_euclidean,phase_multitaper_mean_fs-1_fmin-0-25_fmax-0-5,0.12068302951533338,96,96
2654,pdist_euclidean,phase_multitaper_max_fs-1_fmin-0_fmax-0-5,0.16249559238804306,96,96
2655,pdist_euclidean,phase_multitaper_max_fs-1_fmin-0_fmax-0-25,0.17964806239996384,96,96
2656,pdist_euclidean,phase_multitaper_max_fs-1_fmin-0-25_fmax-0-5,0.16577346855626862,96,96
2657,pdist_euclidean,cohmag_multitaper_mean_fs-1_fmin-0_fmax-0-5,0.3400255200977303,96,96
2658,pdist_euclidean,cohmag_multitaper_mean_fs-1_fmin-0_fmax-0-25,0.35236270348849275,96,96
2659,pdist_euclidean,cohmag_multitaper_mean_fs-1_fmin-0-25_fmax-0-5,0.3217966316664579,96,96
2660,pdist_euclidean,cohmag_multitaper_max_fs-1_fmin-0_fmax-0-5,0.6015306183284543,96,96
2661,pdist_euclidean,cohmag_multitaper_max_fs-1_fmin-0_fmax-0-25,0.5342345203143337,96,96
2662,pdist_euclidean,cohmag_multitaper_max_fs-1_fmin-0-25_fmax-0-5,0.5932717894968585,96,96
2663,pdist_euclidean,psi_multitaper_mean_fs-1_fmin-0_fmax-0-5,0.08333333333333333,96,96
2664,pdist_euclidean,psi_multitaper_mean_fs-1_fmin-0_fmax-0-25,0.20833333333333334,96,96
2665,pdist_euclidean,psi_multitaper_mean_fs-1_fmin-0-25_fmax-0-5,0.14583333333333334,96,96
2666,pdist_cityblock,pdist_cosine,0.9927526626427722,96,96
2667,pdist_cityblock,pdist_chebyshev,0.9341531993694355,96,96
2668,pdist_cityblock,pdist_canberra,0.9827741745679254,96,96
2669,pdist_cityblock,pdist_braycurtis,0.9998301493449184,96,96
2670,pdist_cityblock,di_gaussian,0.5293506588765207,96,96
2671,pdist_cityblock,di_kozachenko,0.8282833902519183,96,96
2672,pdist_cityblock,di_kernel_W-0.5,0.830927618948004,96,96
2673,pdist_cityblock,mi_gaussian,0.5595499182886117,96,96
2674,pdist_cityblock,mi_kraskov_NN-4,0.024501625558394552,96,96
2675,pdist_cityblock,mi_kraskov_NN-4_DCE,0.018558191302752047,96,96
2676,pdist_cityblock,mi_kernel_W-0.25,0.9191741303131507,96,96
2677,pdist_cityblock,tlmi_gaussian,0.5205684759489053,96,96
2678,pdist_cityblock,tlmi_kraskov_NN-4,0.03415957198141184,96,96
2679,pdist_cityblock,tlmi_kraskov_NN-4_DCE,0.07200444845282788,96,96
2680,pdist_cityblock,tlmi_kernel_W-0.25,0.8252979937690833,96,96
2681,pdist_cityblock,te_kraskov_NN-4_k-max-10_tau-max-4,0.04772740016079163,96,96
2682,pdist_cityblock,te_kraskov_NN-4_DCE_k-max-10_tau-max-4,0.035535840779410965,96,96
2683,pdist_cityblock,te_kraskov_NN-4_DCE_k-2_kt-1_l-1_lt-1,0.03349532127566757,96,96
2684,pdist_cityblock,te_kraskov_NN-4_DCE_k-1_kt-1_l-1_lt-1,0.02328459087270196,96,96
2685,pdist_cityblock,te_kraskov_NN-4_k-1_kt-1_l-1_lt-1,0.021905275572346783,96,96
2686,pdist_cityblock,te_kernel_W-0.25_k-1,0.7919429611832861,96,96
2687,pdist_cityblock,gc_gaussian_k-max-10_tau-max-2,0.565386742321112,96,96
2688,pdist_cityblock,gc_gaussian_k-1_kt-1_l-1_lt-1,0.5165815737450438,96,96
2689,pdist_cityblock,te_symbolic_k-1_kt-1_l-1_lt-1,0.5165815737450438,96,96
2690,pdist_cityblock,te_symbolic_k-10_kt-1_l-1_lt-1,0.5255941700186929,96,96
2691,pdist_cityblock,phase_multitaper_mean_fs-1_fmin-0_fmax-0-5,0.1138867519894573,96,96
2692,pdist_cityblock,phase_multitaper_mean_fs-1_fmin-0_fmax-0-25,0.07105715313178229,96,96
2693,pdist_cityblock,phase_multitaper_mean_fs-1_fmin-0-25_fmax-0-5,0.1287866984144973,96,96
2694,pdist_cityblock,phase_multitaper_max_fs-1_fmin-0_fmax-0-5,0.11620442670256681,96,96
2695,pdist_cityblock,phase_multitaper_max_fs-1_fmin-0_fmax-0-25,0.10310466369729515,96,96
2696,pdist_cityblock,phase_multitaper_max_fs-1_fmin-0-25_fmax-0-5,0.16178991830065703,96,96
2697,pdist_cityblock,cohmag_multitaper_mean_fs-1_fmin-0_fmax-0-5,0.31543692635321907,96,96
2698,pdist_cityblock,cohmag_multitaper_mean_fs-1_fmin-0_fmax-0-25,0.30287786533330674,96,96
2699,pdist_cityblock,cohmag_multitaper_mean_fs-1_fmin-0-25_fmax-0-5,0.31892463401080745,96,96
2700,pdist_cityblock,cohmag_multitaper_max_fs-1_fmin-0_fmax-0-5,0.5635197477108298,96,96
2701,pdist_cityblock,cohmag_multitaper_max_fs-1_fmin-0_fmax-0-25,0.4570883320355252,96,96
2702,pdist_cityblock,cohmag_multitaper_max_fs-1_fmin-0-25_fmax-0-5,0.5394524346739193,96,96
2703,pdist_cityblock,psi_multitaper_mean_fs-1_fmin-0_fmax-0-5,0.11458333333333333,96,96
2704,pdist_cityblock,psi_multitaper_mean_fs-1_fmin-0_fmax-0-25,0.16666666666666666,96,96
2705,pdist_cityblock,psi_multitaper_mean_fs-1_fmin-0-25_fmax-0-5,0.10416666666666667,96,96
2706,pdist_cosine,pdist_chebyshev,0.23953789495701033,96,96
2707,pdist_cosine,pdist_canberra,0.9189489491455219,96,96
2708,pdist_cosine,pdist_braycurtis,0.9532084529105207,96,96
2709,pdist_cosine,di_gaussian,0.014402805610247649,96,96
2710,pdist_cosine,di_kozachenko,0.35920976518697406,96,96
2711,pdist_cosine,di_kernel_W-0.5,0.044295162201243465,96,96
2712,pdist_cosine,mi_gaussian,0.06536175301180558,96,96
2713,pdist_cosine,mi_kraskov_NN-4,0.030503519754333464,96,96
2714,pdist_cosine,mi_kraskov_NN-4_DCE,0.031150545763327764,96,96
2715,pdist_cosine,mi_kernel_W-0.25,0.050420260130070615,96,96
2716,pdist_cosine,tlmi_gaussian,0.07081208627795044,96,96
2717,pdist_cosine,tlmi_kraskov_NN-4,0.01083974544544608,96,96
2718,pdist_cosine,tlmi_kraskov_NN-4_DCE,0.022811119899375953,96,96
2719,pdist_cosine,tlmi_kernel_W-0.25,0.06053366545181016,96,96
2720,pdist_cosine,te_kraskov_NN-4_k-max-10_tau-max-4,0.06122605844473866,96,96
2721,pdist_cosine,te_kraskov_NN-4_DCE_k-max-10_tau-max-4,0.08388922990460501,96,96
2722,pdist_cosine,te_kraskov_NN-4_DCE_k-2_kt-1_l-1_lt-1,0.015718632595401627,96,96
2723,pdist_cosine,te_kraskov_NN-4_DCE_k-1_kt-1_l-1_lt-1,0.024152334210359033,96,96
2724,pdist_cosine,te_kraskov_NN-4_k-1_kt-1_l-1_lt-1,0.017271544198835448,96,96
2725,pdist_cosine,te_kernel_W-0.25_k-1,0.05491912199354898,96,96
2726,pdist_cosine,gc_gaussian_k-max-10_tau-max-2,0.1375028249674618,96,96
2727,pdist_cosine,gc_gaussian_k-1_kt-1_l-1_lt-1,0.0668823083588771,96,96
2728,pdist_cosine,te_symbolic_k-1_kt-1_l-1_lt-1,0.0668823083588771,96,96
2729,pdist_cosine,te_symbolic_k-10_kt-1_l-1_lt-1,0.061287085875324054,96,96
2730,pdist_cosine,phase_multitaper_mean_fs-1_fmin-0_fmax-0-5,0.03414721427584522,96,96
2731,pdist_cosine,phase_multitaper_mean_fs-1_fmin-0_fmax-0-25,0.060205019285104466,96,96
2732,pdist_cosine,phase_multitaper_mean_fs-1_fmin-0-25_fmax-0-5,0.017354495500363387,96,96
2733,pdist_cosine,phase_multitaper_max_fs-1_fmin-0_fmax-0-5,0.06757786611965577,96,96
2734,pdist_cosine,phase_multitaper_max_fs-1_fmin-0_fmax-0-25,0.09499382991871924,96,96
2735,pdist_cosine,phase_multitaper_max_fs-1_fmin-0-25_fmax-0-5,0.02764180334491373,96,96
2736,pdist_cosine,cohmag_multitaper_mean_fs-1_fmin-0_fmax-0-5,0.028479245408761178,96,96
2737,pdist_cosine,cohmag_multitaper_mean_fs-1_fmin-0_fmax-0-25,0.008418064660568936,96,96
2738,pdist_cosine,cohmag_multitaper_mean_fs-1_fmin-0-25_fmax-0-5,0.03658430078110789,96,96
2739,pdist_cosine,cohmag_multitaper_max_fs-1_fmin-0_fmax-0-5,0.024100145404636703,96,96
2740,pdist_cosine,cohmag_multitaper_max_fs-1_fmin-0_fmax-0-25,0.01582844562944584,96,96
2741,pdist_cosine,cohmag_multitaper_max_fs-1_fmin-0-25_fmax-0-5,0.02404134266031671,96,96
2742,pdist_cosine,psi_multitaper_mean_fs-1_fmin-0_fmax-0-5,0.125,96,96
2743,pdist_cosine,psi_multitaper_mean_fs-1_fmin-0_fmax-0-25,0.14583333333333334,96,96
2744,pdist_cosine,psi_multitaper_mean_fs-1_fmin-0-25_fmax-0-5,0.16666666666666666,96,96
2745,pdist_chebyshev,pdist_canberra,0.03700463290721667,96,96
2746,pdist_chebyshev,pdist_braycurtis,0.1740890035748876,96,96
2747,pdist_chebyshev,di_gaussian,0.5481188147062519,96,96
2748,pdist_chebyshev,di_kozachenko,0.7295371606007695,96,96
2749,pdist_chebyshev,di_kernel_W-0.5,0.8319473725115694,96,96
2750,pdist_chebyshev,mi_gaussian,0.5127248500069373,96,96
2751,pdist_chebyshev,mi_kraskov_NN-4,0.08396741020103149,96,96
2752,pdist_chebyshev,mi_kraskov_NN-4_DCE,0.09938665481379638,96,96
2753,pdist_chebyshev,mi_kernel_W-0.25,0.9628561194790098,96,96
2754,pdist_chebyshev,tlmi_gaussian,0.5101273663837572,96,96
2755,pdist_chebyshev,tlmi_kraskov_NN-4,0.05462307455013271,96,96
2756,pdist_chebyshev,tlmi_kraskov_NN-4_DCE,0.09154452665459484,96,96
2757,pdist_chebyshev,tlmi_kernel_W-0.25,0.8441350956954559,96,96
2758,pdist_chebyshev,te_kraskov_NN-4_k-max-10_tau-max-4,0.06420416512819183,96,96
2759,pdist_chebyshev,te_kraskov_NN-4_DCE_k-max-10_tau-max-4,0.05334108099380458,96,96
2760,pdist_chebyshev,te_kraskov_NN-4_DCE_k-2_kt-1_l-1_lt-1,0.010960766046064718,96,96
2761,pdist_chebyshev,te_kraskov_NN-4_DCE_k-1_kt-1_l-1_lt-1,0.03149139110372623,96,96
2762,pdist_chebyshev,te_kraskov_NN-4_k-1_kt-1_l-1_lt-1,0.02664155222655662,96,96
2763,pdist_chebyshev,te_kernel_W-0.25_k-1,0.8143716132143134,96,96
2764,pdist_chebyshev,gc_gaussian_k-max-10_tau-max-2,0.5668973008347098,96,96
2765,pdist_chebyshev,gc_gaussian_k-1_kt-1_l-1_lt-1,0.503441882254237,96,96
2766,pdist_chebyshev,te_symbolic_k-1_kt-1_l-1_lt-1,0.503441882254237,96,96
2767,pdist_chebyshev,te_symbolic_k-10_kt-1_l-1_lt-1,0.5122878995445094,96,96
2768,pdist_chebyshev,phase_multitaper_mean_fs-1_fmin-0_fmax-0-5,0.05668194219974532,96,96
2769,pdist_chebyshev,phase_multitaper_mean_fs-1_fmin-0_fmax-0-25,0.118295525370745,96,96
2770,pdist_chebyshev,phase_multitaper_mean_fs-1_fmin-0-25_fmax-0-5,0.046343528254087385,96,96
2771,pdist_chebyshev,phase_multitaper_max_fs-1_fmin-0_fmax-0-5,0.05880778404012821,96,96
2772,pdist_chebyshev,phase_multitaper_max_fs-1_fmin-0_fmax-0-25,0.09119451901344644,96,96
2773,pdist_chebyshev,phase_multitaper_max_fs-1_fmin-0-25_fmax-0-5,0.03857543107292982,96,96
2774,pdist_chebyshev,cohmag_multitaper_mean_fs-1_fmin-0_fmax-0-5,0.3570338008684469,96,96
2775,pdist_chebyshev,cohmag_multitaper_mean_fs-1_fmin-0_fmax-0-25,0.33988111122203774,96,96
2776,pdist_chebyshev,cohmag_multitaper_mean_fs-1_fmin-0-25_fmax-0-5,0.3465427074859988,96,96
2777,pdist_chebyshev,cohmag_multitaper_max_fs-1_fmin-0_fmax-0-5,0.5074405792331147,96,96
2778,pdist_chebyshev,cohmag_multitaper_max_fs-1_fmin-0_fmax-0-25,0.49684244481502476,96,96
2779,pdist_chebyshev,cohmag_multitaper_max_fs-1_fmin-0-25_fmax-0-5,0.5495953662007186,96,96
2780,pdist_chebyshev,psi_multitaper_mean_fs-1_fmin-0_fmax-0-5,0.15625,96,96
2781,pdist_chebyshev,psi_multitaper_mean_fs-1_fmin-0_fmax-0-25,0.08333333333333333,96,96
2782,pdist_chebyshev,psi_multitaper_mean_fs-1_fmin-0-25_fmax-0-5,0.17708333333333334,96,96
2783,pdist_canberra,pdist_braycurtis,0.8795657978485542,96,96
2784,pdist_canberra,di_gaussian,0.07680838428076298,96,96
2785,pdist_canberra,di_kozachenko,0.5429606793804166,96,96
2786,pdist_canberra,di_kernel_W-0.5,0.030734717565344877,96,96
2787,pdist_canberra,mi_gaussian,0.03645418007465928,96,96
2788,pdist_canberra,mi_kraskov_NN-4,0.016494762765163595,96,96
2789,pdist_canberra,mi_kraskov_NN-4_DCE,0.018814405355650266,96,96
2790,pdist_canberra,mi_kernel_W-0.25,0.028266182367235992,96,96
2791,pdist_canberra,tlmi_gaussian,0.03262822487589223,96,96
2792,pdist_canberra,tlmi_kraskov_NN-4,0.08566651248597162,96,96
2793,pdist_canberra,tlmi_kraskov_NN-4_DCE,0.06491943506526912,96,96
2794,pdist_canberra,tlmi_kernel_W-0.25,0.060212589624352164,96,96
2795,pdist_canberra,te_kraskov_NN-4_k-max-10_tau-max-4,0.030399600602691423,96,96
2796,pdist_canberra,te_kraskov_NN-4_DCE_k-max-10_tau-max-4,0.01883738358162279,96,96
2797,pdist_canberra,te_kraskov_NN-4_DCE_k-2_kt-1_l-1_lt-1,0.059426867183035914,96,96
2798,pdist_canberra,te_kraskov_NN-4_DCE_k-1_kt-1_l-1_lt-1,0.05753138148537473,96,96
2799,pdist_canberra,te_kraskov_NN-4_k-1_kt-1_l-1_lt-1,0.05124802314918231,96,96
2800,pdist_canberra,te_kernel_W-0.25_k-1,0.047483925205524136,96,96
2801,pdist_canberra,gc_gaussian_k-max-10_tau-max-2,0.02798417345247317,96,96
2802,pdist_canberra,gc_gaussian_k-1_kt-1_l-1_lt-1,0.032771547922743505,96,96
2803,pdist_canberra,te_symbolic_k-1_kt-1_l-1_lt-1,0.032771547922743505,96,96
2804,pdist_canberra,te_symbolic_k-10_kt-1_l-1_lt-1,0.02466447497151758,96,96
2805,pdist_canberra,phase_multitaper_mean_fs-1_fmin-0_fmax-0-5,0.09375646375896884,96,96
2806,pdist_canberra,phase_multitaper_mean_fs-1_fmin-0_fmax-0-25,0.028123283470142646,96,96
2807,pdist_canberra,phase_multitaper_mean_fs-1_fmin-0-25_fmax-0-5,0.05569607548666672,96,96
2808,pdist_canberra,phase_multitaper_max_fs-1_fmin-0_fmax-0-5,0.0826358920400454,96,96
2809,pdist_canberra,phase_multitaper_max_fs-1_fmin-0_fmax-0-25,0.07870898457849751,96,96
2810,pdist_canberra,phase_multitaper_max_fs-1_fmin-0-25_fmax-0-5,0.09415840799220487,96,96
2811,pdist_canberra,cohmag_multitaper_mean_fs-1_fmin-0_fmax-0-5,0.009820030693267923,96,96
2812,pdist_canberra,cohmag_multitaper_mean_fs-1_fmin-0_fmax-0-25,0.01685765406289652,96,96
2813,pdist_canberra,cohmag_multitaper_mean_fs-1_fmin-0-25_fmax-0-5,0.02307066919859302,96,96
2814,pdist_canberra,cohmag_multitaper_max_fs-1_fmin-0_fmax-0-5,0.03501619418619062,96,96
2815,pdist_canberra,cohmag_multitaper_max_fs-1_fmin-0_fmax-0-25,0.03133055669880691,96,96
2816,pdist_canberra,cohmag_multitaper_max_fs-1_fmin-0-25_fmax-0-5,0.033754626862070175,96,96
2817,pdist_canberra,psi_multitaper_mean_fs-1_fmin-0_fmax-0-5,0.09375,96,96
2818,pdist_canberra,psi_multitaper_mean_fs-1_fmin-0_fmax-0-25,0.14583333333333334,96,96
2819,pdist_canberra,psi_multitaper_mean_fs-1_fmin-0-25_fmax-0-5,0.0625,96,96
2820,pdist_braycurtis,di_gaussian,0.032823076980995514,96,96
2821,pdist_braycurtis,di_kozachenko,0.36742528735845453,96,96
2822,pdist_braycurtis,di_kernel_W-0.5,0.01879255317635911,96,96
2823,pdist_braycurtis,mi_gaussian,0.0882216420241414,96,96
2824,pdist_braycurtis,mi_kraskov_NN-4,0.030316520168375716,96,96
2825,pdist_braycurtis,mi_kraskov_NN-4_DCE,0.029549993967095123,96,96
2826,pdist_braycurtis,mi_kernel_W-0.25,0.020748001973119545,96,96
2827,pdist_braycurtis,tlmi_gaussian,0.028085350015467192,96,96
2828,pdist_braycurtis,tlmi_kraskov_NN-4,0.017601425029190487,96,96
2829,pdist_braycurtis,tlmi_kraskov_NN-4_DCE,0.024744241222512564,96,96
2830,pdist_braycurtis,tlmi_kernel_W-0.25,0.06742523609653206,96,96
2831,pdist_braycurtis,te_kraskov_NN-4_k-max-10_tau-max-4,0.05932796456946823,96,96
2832,pdist_braycurtis,te_kraskov_NN-4_DCE_k-max-10_tau-max-4,0.0732868323966783,96,96
2833,pdist_braycurtis,te_kraskov_NN-4_DCE_k-2_kt-1_l-1_lt-1,0.028303136799595785,96,96
2834,pdist_braycurtis,te_kraskov_NN-4_DCE_k-1_kt-1_l-1_lt-1,0.013908460082071361,96,96
2835,pdist_braycurtis,te_kraskov_NN-4_k-1_kt-1_l-1_lt-1,0.016969809290055315,96,96
2836,pdist_braycurtis,te_kernel_W-0.25_k-1,0.056420660506511844,96,96
2837,pdist_braycurtis,gc_gaussian_k-max-10_tau-max-2,0.06928860309123053,96,96
2838,pdist_braycurtis,gc_gaussian_k-1_kt-1_l-1_lt-1,0.022576474615954356,96,96
2839,pdist_braycurtis,te_symbolic_k-1_kt-1_l-1_lt-1,0.022576474615954356,96,96
2840,pdist_braycurtis,te_symbolic_k-10_kt-1_l-1_lt-1,0.01738531383411679,96,96
2841,pdist_braycurtis,phase_multitaper_mean_fs-1_fmin-0_fmax-0-5,0.08866317629049558,96,96
2842,pdist_braycurtis,phase_multitaper_mean_fs-1_fmin-0_fmax-0-25,0.10791583470592525,96,96
2843,pdist_braycurtis,phase_multitaper_mean_fs-1_fmin-0-25_fmax-0-5,0.018037395015037816,96,96
2844,pdist_braycurtis,phase_multitaper_max_fs-1_fmin-0_fmax-0-5,0.08202011398907261,96,96
2845,pdist_braycurtis,phase_multitaper_max_fs-1_fmin-0_fmax-0-25,0.12360797690065911,96,96
2846,pdist_braycurtis,phase_multitaper_max_fs-1_fmin-0-25_fmax-0-5,0.049853127345877546,96,96
2847,pdist_braycurtis,cohmag_multitaper_mean_fs-1_fmin-0_fmax-0-5,0.03129592539876447,96,96
2848,pdist_braycurtis,cohmag_multitaper_mean_fs-1_fmin-0_fmax-0-25,0.011229922871226594,96,96
2849,pdist_braycurtis,cohmag_multitaper_mean_fs-1_fmin-0-25_fmax-0-5,0.014071976066038716,96,96
2850,pdist_braycurtis,cohmag_multitaper_max_fs-1_fmin-0_fmax-0-5,0.029344571415237664,96,96
2851,pdist_braycurtis,cohmag_multitaper_max_fs-1_fmin-0_fmax-0-25,0.020090402713152322,96,96
2852,pdist_braycurtis,cohmag_multitaper_max_fs-1_fmin-0-25_fmax-0-5,0.02020093161789782,96,96
2853,pdist_braycurtis,psi_multitaper_mean_fs-1_fmin-0_fmax-0-5,0.08333333333333333,96,96
2854,pdist_braycurtis,psi_multitaper_mean_fs-1_fmin-0_fmax-0-25,0.125,96,96
2855,pdist_braycurtis,psi_multitaper_mean_fs-1_fmin-0-25_fmax-0-5,0.125,96,96
2856,di_gaussian,di_kozachenko,0.023720125731076735,96,96
2857,di_gaussian,di_kernel_W-0.5,0.7229625816294313,96,96
2858,di_gaussian,mi_gaussian,0.16163625367530263,96,96
2859,di_gaussian,mi_kraskov_NN-4,0.018886005437358744,96,96
2860,di_gaussian,mi_kraskov_NN-4_DCE,0.027875493958407827,96,96
2861,di_gaussian,mi_kernel_W-0.25,0.5964934418392747,96,96
2862,di_gaussian,tlmi_gaussian,0.0862649207529124,96,96
2863,di_gaussian,tlmi_kraskov_NN-4,0.09734056384361794,96,96
2864,di_gaussian,tlmi_kraskov_NN-4_DCE,0.10004444172916593,96,96
2865,di_gaussian,tlmi_kernel_W-0.25,0.598330117665481,96,96
2866,di_gaussian,te_kraskov_NN-4_k-max-10_tau-max-4,0.11590064063080052,96,96
2867,di_gaussian,te_kraskov_NN-4_DCE_k-max-10_tau-max-4,0.09893644344754582,96,96
2868,di_gaussian,te_kraskov_NN-4_DCE_k-2_kt-1_l-1_lt-1,0.031111333486014747,96,96
2869,di_gaussian,te_kraskov_NN-4_DCE_k-1_kt-1_l-1_lt-1,0.03634324715600934,96,96
2870,di_gaussian,te_kraskov_NN-4_k-1_kt-1_l-1_lt-1,0.04552711266089515,96,96
2871,di_gaussian,te_kernel_W-0.25_k-1,0.5957680182894668,96,96
2872,di_gaussian,gc_gaussian_k-max-10_tau-max-2,0.19331204086712983,96,96
2873,di_gaussian,gc_gaussian_k-1_kt-1_l-1_lt-1,0.08826095230127301,96,96
2874,di_gaussian,te_symbolic_k-1_kt-1_l-1_lt-1,0.08826095230127301,96,96
2875,di_gaussian,te_symbolic_k-10_kt-1_l-1_lt-1,0.09074794154711294,96,96
2876,di_gaussian,phase_multitaper_mean_fs-1_fmin-0_fmax-0-5,0.05815352336085233,96,96
2877,di_gaussian,phase_multitaper_mean_fs-1_fmin-0_fmax-0-25,0.056578178841935334,96,96
2878,di_gaussian,phase_multitaper_mean_fs-1_fmin-0-25_fmax-0-5,0.06783115066673362,96,96
2879,di_gaussian,phase_multitaper_max_fs-1_fmin-0_fmax-0-5,0.0674549351672547,96,96
2880,di_gaussian,phase_multitaper_max_fs-1_fmin-0_fmax-0-25,0.07838346883353559,96,96
2881,di_gaussian,phase_multitaper_max_fs-1_fmin-0-25_fmax-0-5,0.09056974542562823,96,96
2882,di_gaussian,cohmag_multitaper_mean_fs-1_fmin-0_fmax-0-5,0.012523426764971313,96,96
2883,di_gaussian,cohmag_multitaper_mean_fs-1_fmin-0_fmax-0-25,0.07486534955119628,96,96
2884,di_gaussian,cohmag_multitaper_mean_fs-1_fmin-0-25_fmax-0-5,0.046005602141676816,96,96
2885,di_gaussian,cohmag_multitaper_max_fs-1_fmin-0_fmax-0-5,0.2935475221809402,96,96
2886,di_gaussian,cohmag_multitaper_max_fs-1_fmin-0_fmax-0-25,0.2634463823186387,96,96
2887,di_gaussian,cohmag_multitaper_max_fs-1_fmin-0-25_fmax-0-5,0.27707806239938426,96,96
2888,di_gaussian,psi_multitaper_mean_fs-1_fmin-0_fmax-0-5,0.43175129692005054,96,96
2889,di_gaussian,psi_multitaper_mean_fs-1_fmin-0_fmax-0-25,0.43175129692005054,96,96
2890,di_gaussian,psi_multitaper_mean_fs-1_fmin-0-25_fmax-0-5,0.43175129692005054,96,96
2891,di_kozachenko,di_kernel_W-0.5,0.16901768136060047,96,96
2892,di_kozachenko,mi_gaussian,0.05075736068390191,96,96
2893,di_kozachenko,mi_kraskov_NN-4,0.07651035151228336,96,96
2894,di_kozachenko,mi_kraskov_NN-4_DCE,0.1398925317451788,96,96
2895,di_kozachenko,mi_kernel_W-0.25,0.07769859682263547,96,96
2896,di_kozachenko,tlmi_gaussian,0.10394398604972868,96,96
2897,di_kozachenko,tlmi_kraskov_NN-4,0.012299909327682768,96,96
2898,di_kozachenko,tlmi_kraskov_NN-4_DCE,0.09220397736020935,96,96
2899,di_kozachenko,tlmi_kernel_W-0.25,0.13326288690167376,96,96
2900,di_kozachenko,te_kraskov_NN-4_k-max-10_tau-max-4,0.020627452797145104,96,96
2901,di_kozachenko,te_kraskov_NN-4_DCE_k-max-10_tau-max-4,0.029703036889283774,96,96
2902,di_kozachenko,te_kraskov_NN-4_DCE_k-2_kt-1_l-1_lt-1,0.06159956849150494,96,96
2903,di_kozachenko,te_kraskov_NN-4_DCE_k-1_kt-1_l-1_lt-1,0.13155978233502347,96,96
2904,di_kozachenko,te_kraskov_NN-4_k-1_kt-1_l-1_lt-1,0.12739507751497942,96,96
2905,di_kozachenko,te_kernel_W-0.25_k-1,0.1000102279326387,96,96
2906,di_kozachenko,gc_gaussian_k-max-10_tau-max-2,0.06254480802899026,96,96
2907,di_kozachenko,gc_gaussian_k-1_kt-1_l-1_lt-1,0.10251165417098979,96,96
2908,di_kozachenko,te_symbolic_k-1_kt-1_l-1_lt-1,0.10251165417098979,96,96
2909,di_kozachenko,te_symbolic_k-10_kt-1_l-1_lt-1,0.09649858385859816,96,96
2910,di_kozachenko,phase_multitaper_mean_fs-1_fmin-0_fmax-0-5,0.3026239728035581,96,96
2911,di_kozachenko,phase_multitaper_mean_fs-1_fmin-0_fmax-0-25,0.19058030305429535,96,96
2912,di_kozachenko,phase_multitaper_mean_fs-1_fmin-0-25_fmax-0-5,0.2496985159071985,96,96
2913,di_kozachenko,phase_multitaper_max_fs-1_fmin-0_fmax-0-5,0.4625196769824507,96,96
2914,di_kozachenko,phase_multitaper_max_fs-1_fmin-0_fmax-0-25,0.35006148038813534,96,96
2915,di_kozachenko,phase_multitaper_max_fs-1_fmin-0-25_fmax-0-5,0.47764916823316406,96,96
2916,di_kozachenko,cohmag_multitaper_mean_fs-1_fmin-0_fmax-0-5,0.26590895837289963,96,96
2917,di_kozachenko,cohmag_multitaper_mean_fs-1_fmin-0_fmax-0-25,0.24194659552775216,96,96
2918,di_kozachenko,cohmag_multitaper_mean_fs-1_fmin-0-25_fmax-0-5,0.24117990457146632,96,96
2919,di_kozachenko,cohmag_multitaper_max_fs-1_fmin-0_fmax-0-5,0.1873082715976941,96,96
2920,di_kozachenko,cohmag_multitaper_max_fs-1_fmin-0_fmax-0-25,0.23559315164956424,96,96
2921,di_kozachenko,cohmag_multitaper_max_fs-1_fmin-0-25_fmax-0-5,0.15454738423712544,96,96
2922,di_kozachenko,psi_multitaper_mean_fs-1_fmin-0_fmax-0-5,0.07007912832704444,96,96
2923,di_kozachenko,psi_multitaper_mean_fs-1_fmin-0_fmax-0-25,0.07007912832704444,96,96
2924,di_kozachenko,psi_multitaper_mean_fs-1_fmin-0-25_fmax-0-5,0.07007912832704444,96,96
2925,di_kernel_W-0.5,mi_gaussian,0.6805268264795148,96,96
2926,di_kernel_W-0.5,mi_kraskov_NN-4,0.11485314530294732,96,96
2927,di_kernel_W-0.5,mi_kraskov_NN-4_DCE,0.12118784373663166,96,96
2928,di_kernel_W-0.5,mi_kernel_W-0.25,0.9694804332421825,96,96
2929,di_kernel_W-0.5,tlmi_gaussian,0.7303423598101428,96,96
2930,di_kernel_W-0.5,tlmi_kraskov_NN-4,0.02432938198725676,96,96
2931,di_kernel_W-0.5,tlmi_kraskov_NN-4_DCE,0.03779942622372834,96,96
2932,di_kernel_W-0.5,tlmi_kernel_W-0.25,0.9803932073427821,96,96
2933,di_kernel_W-0.5,te_kraskov_NN-4_k-max-10_tau-max-4,0.11008471485417776,96,96
2934,di_kernel_W-0.5,te_kraskov_NN-4_DCE_k-max-10_tau-max-4,0.09387287629635421,96,96
2935,di_kernel_W-0.5,te_kraskov_NN-4_DCE_k-2_kt-1_l-1_lt-1,0.28607437531463376,96,96
2936,di_kernel_W-0.5,te_kraskov_NN-4_DCE_k-1_kt-1_l-1_lt-1,0.1427509013328353,96,96
2937,di_kernel_W-0.5,te_kraskov_NN-4_k-1_kt-1_l-1_lt-1,0.13626359633356255,96,96
2938,di_kernel_W-0.5,te_kernel_W-0.25_k-1,0.9436610261355327,96,96
2939,di_kernel_W-0.5,gc_gaussian_k-max-10_tau-max-2,0.7811603782451735,96,96
2940,di_kernel_W-0.5,gc_gaussian_k-1_kt-1_l-1_lt-1,0.7302817442080751,96,96
2941,di_kernel_W-0.5,te_symbolic_k-1_kt-1_l-1_lt-1,0.7302817442080751,96,96
2942,di_kernel_W-0.5,te_symbolic_k-10_kt-1_l-1_lt-1,0.721946226911172,96,96
2943,di_kernel_W-0.5,phase_multitaper_mean_fs-1_fmin-0_fmax-0-5,0.02365623358833535,96,96
2944,di_kernel_W-0.5,phase_multitaper_mean_fs-1_fmin-0_fmax-0-25,0.10593060218090322,96,96
2945,di_kernel_W-0.5,phase_multitaper_mean_fs-1_fmin-0-25_fmax-0-5,0.01974525895699225,96,96
2946,di_kernel_W-0.5,phase_multitaper_max_fs-1_fmin-0_fmax-0-5,0.02582858737463145,96,96
2947,di_kernel_W-0.5,phase_multitaper_max_fs-1_fmin-0_fmax-0-25,0.04060219623560635,96,96
2948,di_kernel_W-0.5,phase_multitaper_max_fs-1_fmin-0-25_fmax-0-5,0.06186211810148645,96,96
2949,di_kernel_W-0.5,cohmag_multitaper_mean_fs-1_fmin-0_fmax-0-5,0.28782930763545683,96,96
2950,di_kernel_W-0.5,cohmag_multitaper_mean_fs-1_fmin-0_fmax-0-25,0.3256575009141937,96,96
2951,di_kernel_W-0.5,cohmag_multitaper_mean_fs-1_fmin-0-25_fmax-0-5,0.2620992167379427,96,96
2952,di_kernel_W-0.5,cohmag_multitaper_max_fs-1_fmin-0_fmax-0-5,0.4531384178566413,96,96
2953,di_kernel_W-0.5,cohmag_multitaper_max_fs-1_fmin-0_fmax-0-25,0.4858420934973317,96,96
2954,di_kernel_W-0.5,cohmag_multitaper_max_fs-1_fmin-0-25_fmax-0-5,0.46191212493825384,96,96
2955,di_kernel_W-0.5,psi_multitaper_mean_fs-1_fmin-0_fmax-0-5,0.15395767413253136,96,96
2956,di_kernel_W-0.5,psi_multitaper_mean_fs-1_fmin-0_fmax-0-25,0.15395767413253136,96,96
2957,di_kernel_W-0.5,psi_multitaper_mean_fs-1_fmin-0-25_fmax-0-5,0.15395767413253136,96,96
2958,mi_gaussian,mi_kraskov_NN-4,0.02724491260447076,96,96
2959,mi_gaussian,mi_kraskov_NN-4_DCE,0.04165499777151249,96,96
2960,mi_gaussian,mi_kernel_W-0.25,0.8700096835090406,96,96
2961,mi_gaussian,tlmi_gaussian,0.27472547063566555,96,96
2962,mi_gaussian,tlmi_kraskov_NN-4,0.03532715908523254,96,96
2963,mi_gaussian,tlmi_kraskov_NN-4_DCE,0.035595590116228815,96,96
2964,mi_gaussian,tlmi_kernel_W-0.25,0.5251237626596926,96,96
2965,mi_gaussian,te_kraskov_NN-4_k-max-10_tau-max-4,0.10071792063466012,96,96
2966,mi_gaussian,te_kraskov_NN-4_DCE_k-max-10_tau-max-4,0.08140473401296155,96,96
2967,mi_gaussian,te_kraskov_NN-4_DCE_k-2_kt-1_l-1_lt-1,0.024840193132361965,96,96
2968,mi_gaussian,te_kraskov_NN-4_DCE_k-1_kt-1_l-1_lt-1,0.027850309916240545,96,96
2969,mi_gaussian,te_kraskov_NN-4_k-1_kt-1_l-1_lt-1,0.030032821619297212,96,96
2970,mi_gaussian,te_kernel_W-0.25_k-1,0.5085657946120292,96,96
2971,mi_gaussian,gc_gaussian_k-max-10_tau-max-2,0.3192091660379868,96,96
2972,mi_gaussian,gc_gaussian_k-1_kt-1_l-1_lt-1,0.2832321302662716,96,96
2973,mi_gaussian,te_symbolic_k-1_kt-1_l-1_lt-1,0.2832321302662716,96,96
2974,mi_gaussian,te_symbolic_k-10_kt-1_l-1_lt-1,0.27490162274689,96,96
2975,mi_gaussian,phase_multitaper_mean_fs-1_fmin-0_fmax-0-5,0.017385185304968076,96,96
2976,mi_gaussian,phase_multitaper_mean_fs-1_fmin-0_fmax-0-25,0.03060545858966035,96,96
2977,mi_gaussian,phase_multitaper_mean_fs-1_fmin-0-25_fmax-0-5,0.03649867159306461,96,96
2978,mi_gaussian,phase_multitaper_max_fs-1_fmin-0_fmax-0-5,0.039648547930695055,96,96
2979,mi_gaussian,phase_multitaper_max_fs-1_fmin-0_fmax-0-25,0.012507600137118047,96,96
2980,mi_gaussian,phase_multitaper_max_fs-1_fmin-0-25_fmax-0-5,0.02806443935528148,96,96
2981,mi_gaussian,cohmag_multitaper_mean_fs-1_fmin-0_fmax-0-5,0.06628684576985011,96,96
2982,mi_gaussian,cohmag_multitaper_mean_fs-1_fmin-0_fmax-0-25,0.1276184050987974,96,96
2983,mi_gaussian,cohmag_multitaper_mean_fs-1_fmin-0-25_fmax-0-5,0.04249168169474504,96,96
2984,mi_gaussian,cohmag_multitaper_max_fs-1_fmin-0_fmax-0-5,0.25227430589270056,96,96
2985,mi_gaussian,cohmag_multitaper_max_fs-1_fmin-0_fmax-0-25,0.2371231053282314,96,96
2986,mi_gaussian,cohmag_multitaper_max_fs-1_fmin-0-25_fmax-0-5,0.283482683115206,96,96
2987,mi_gaussian,psi_multitaper_mean_fs-1_fmin-0_fmax-0-5,0.09375,96,96
2988,mi_gaussian,psi_multitaper_mean_fs-1_fmin-0_fmax-0-25,0.09375,96,96
2989,mi_gaussian,psi_multitaper_mean_fs-1_fmin-0-25_fmax-0-5,0.11458333333333333,96,96
2990,mi_kraskov_NN-4,mi_kraskov_NN-4_DCE,0.023301557490711833,96,96
2991,mi_kraskov_NN-4,mi_kernel_W-0.25,0.5263902466417398,96,96
2992,mi_kraskov_NN-4,tlmi_gaussian,0.030506554052611184,96,96
2993,mi_kraskov_NN-4,tlmi_kraskov_NN-4,0.07686005879273639,96,96
2994,mi_kraskov_NN-4,tlmi_kraskov_NN-4_DCE,0.06724134675267268,96,96
2995,mi_kraskov_NN-4,tlmi_kernel_W-0.25,0.021462548581549362,96,96
2996,mi_kraskov_NN-4,te_kraskov_NN-4_k-max-10_tau-max-4,0.015849255952693375,96,96
2997,mi_kraskov_NN-4,te_kraskov_NN-4_DCE_k-max-10_tau-max-4,0.021392377891724768,96,96
2998,mi_kraskov_NN-4,te_kraskov_NN-4_DCE_k-2_kt-1_l-1_lt-1,0.026927529080791324,96,96
2999,mi_kraskov_NN-4,te_kraskov_NN-4_DCE_k-1_kt-1_l-1_lt-1,0.028686932054792114,96,96
3000,mi_kraskov_NN-4,te_kraskov_NN-4_k-1_kt-1_l-1_lt-1,0.03305535902491208,96,96
3001,mi_kraskov_NN-4,te_kernel_W-0.25_k-1,0.11185960339389306,96,96
3002,mi_kraskov_NN-4,gc_gaussian_k-max-10_tau-max-2,0.048702147876774404,96,96
3003,mi_kraskov_NN-4,gc_gaussian_k-1_kt-1_l-1_lt-1,0.03991351136630236,96,96
3004,mi_kraskov_NN-4,te_symbolic_k-1_kt-1_l-1_lt-1,0.03991351136630236,96,96
3005,mi_kraskov_NN-4,te_symbolic_k-10_kt-1_l-1_lt-1,0.04671488535370272,96,96
3006,mi_kraskov_NN-4,phase_multitaper_mean_fs-1_fmin-0_fmax-0-5,0.01801194558821198,96,96
3007,mi_kraskov_NN-4,phase_multitaper_mean_fs-1_fmin-0_fmax-0-25,0.04734024101451645,96,96
3008,mi_kraskov_NN-4,phase_multitaper_mean_fs-1_fmin-0-25_fmax-0-5,0.05303515025501443,96,96
3009,mi_kraskov_NN-4,phase_multitaper_max_fs-1_fmin-0_fmax-0-5,0.05784384100292406,96,96
3010,mi_kraskov_NN-4,phase_multitaper_max_fs-1_fmin-0_fmax-0-25,0.060382481282446415,96,96
3011,mi_kraskov_NN-4,phase_multitaper_max_fs-1_fmin-0-25_fmax-0-5,0.03387029197785718,96,96
3012,mi_kraskov_NN-4,cohmag_multitaper_mean_fs-1_fmin-0_fmax-0-5,0.008738769289644649,96,96
3013,mi_kraskov_NN-4,cohmag_multitaper_mean_fs-1_fmin-0_fmax-0-25,0.02188758104118449,96,96
3014,mi_kraskov_NN-4,cohmag_multitaper_mean_fs-1_fmin-0-25_fmax-0-5,0.02510446909309924,96,96
3015,mi_kraskov_NN-4,cohmag_multitaper_max_fs-1_fmin-0_fmax-0-5,0.035367463325314485,96,96
3016,mi_kraskov_NN-4,cohmag_multitaper_max_fs-1_fmin-0_fmax-0-25,0.026964892058771228,96,96
3017,mi_kraskov_NN-4,cohmag_multitaper_max_fs-1_fmin-0-25_fmax-0-5,0.019813681445151915,96,96
3018,mi_kraskov_NN-4,psi_multitaper_mean_fs-1_fmin-0_fmax-0-5,0.1875,96,96
3019,mi_kraskov_NN-4,psi_multitaper_mean_fs-1_fmin-0_fmax-0-25,0.11458333333333333,96,96
3020,mi_kraskov_NN-4,psi_multitaper_mean_fs-1_fmin-0-25_fmax-0-5,0.09375,96,96
3021,mi_kraskov_NN-4_DCE,mi_kernel_W-0.25,0.5452746862216373,96,96
3022,mi_kraskov_NN-4_DCE,tlmi_gaussian,0.0349344937728695,96,96
3023,mi_kraskov_NN-4_DCE,tlmi_kraskov_NN-4,0.07969536506261021,96,96
3024,mi_kraskov_NN-4_DCE,tlmi_kraskov_NN-4_DCE,0.07489315510640882,96,96
3025,mi_kraskov_NN-4_DCE,tlmi_kernel_W-0.25,0.03981604209129419,96,96
3026,mi_kraskov_NN-4_DCE,te_kraskov_NN-4_k-max-10_tau-max-4,0.02047272127405453,96,96
3027,mi_kraskov_NN-4_DCE,te_kraskov_NN-4_DCE_k-max-10_tau-max-4,0.024109321698835284,96,96
3028,mi_kraskov_NN-4_DCE,te_kraskov_NN-4_DCE_k-2_kt-1_l-1_lt-1,0.029806068736797253,96,96
3029,mi_kraskov_NN-4_DCE,te_kraskov_NN-4_DCE_k-1_kt-1_l-1_lt-1,0.03303455450458603,96,96
3030,mi_kraskov_NN-4_DCE,te_kraskov_NN-4_k-1_kt-1_l-1_lt-1,0.038519672885656664,96,96
3031,mi_kraskov_NN-4_DCE,te_kernel_W-0.25_k-1,0.08942184979614254,96,96
3032,mi_kraskov_NN-4_DCE,gc_gaussian_k-max-10_tau-max-2,0.05581704673582244,96,96
3033,mi_kraskov_NN-4_DCE,gc_gaussian_k-1_kt-1_l-1_lt-1,0.04691981519734936,96,96
3034,mi_kraskov_NN-4_DCE,te_symbolic_k-1_kt-1_l-1_lt-1,0.04691981519734936,96,96
3035,mi_kraskov_NN-4_DCE,te_symbolic_k-10_kt-1_l-1_lt-1,0.0472840314226195,96,96
3036,mi_kraskov_NN-4_DCE,phase_multitaper_mean_fs-1_fmin-0_fmax-0-5,0.022501818346683272,96,96
3037,mi_kraskov_NN-4_DCE,phase_multitaper_mean_fs-1_fmin-0_fmax-0-25,0.04218765581297898,96,96
3038,mi_kraskov_NN-4_DCE,phase_multitaper_mean_fs-1_fmin-0-25_fmax-0-5,0.04500295834740764,96,96
3039,mi_kraskov_NN-4_DCE,phase_multitaper_max_fs-1_fmin-0_fmax-0-5,0.064664585959611,96,96
3040,mi_kraskov_NN-4_DCE,phase_multitaper_max_fs-1_fmin-0_fmax-0-25,0.06004503222459828,96,96
3041,mi_kraskov_NN-4_DCE,phase_multitaper_max_fs-1_fmin-0-25_fmax-0-5,0.0353779803086296,96,96
3042,mi_kraskov_NN-4_DCE,cohmag_multitaper_mean_fs-1_fmin-0_fmax-0-5,0.03061154541175992,96,96
3043,mi_kraskov_NN-4_DCE,cohmag_multitaper_mean_fs-1_fmin-0_fmax-0-25,0.03409250503043418,96,96
3044,mi_kraskov_NN-4_DCE,cohmag_multitaper_mean_fs-1_fmin-0-25_fmax-0-5,0.03214889617306671,96,96
3045,mi_kraskov_NN-4_DCE,cohmag_multitaper_max_fs-1_fmin-0_fmax-0-5,0.040782586206584426,96,96
3046,mi_kraskov_NN-4_DCE,cohmag_multitaper_max_fs-1_fmin-0_fmax-0-25,0.04139533383956567,96,96
3047,mi_kraskov_NN-4_DCE,cohmag_multitaper_max_fs-1_fmin-0-25_fmax-0-5,0.023915439666270077,96,96
3048,mi_kraskov_NN-4_DCE,psi_multitaper_mean_fs-1_fmin-0_fmax-0-5,0.125,96,96
3049,mi_kraskov_NN-4_DCE,psi_multitaper_mean_fs-1_fmin-0_fmax-0-25,0.09375,96,96
3050,mi_kraskov_NN-4_DCE,psi_multitaper_mean_fs-1_fmin-0-25_fmax-0-5,0.15625,96,96
3051,mi_kernel_W-0.25,tlmi_gaussian,0.5684815346628276,96,96
3052,mi_kernel_W-0.25,tlmi_kraskov_NN-4,0.05147356854692273,96,96
3053,mi_kernel_W-0.25,tlmi_kraskov_NN-4_DCE,0.03796322095690069,96,96
3054,mi_kernel_W-0.25,tlmi_kernel_W-0.25,0.87337600086423,96,96
3055,mi_kernel_W-0.25,te_kraskov_NN-4_k-max-10_tau-max-4,0.05183106284465208,96,96
3056,mi_kernel_W-0.25,te_kraskov_NN-4_DCE_k-max-10_tau-max-4,0.027671334708053386,96,96
3057,mi_kernel_W-0.25,te_kraskov_NN-4_DCE_k-2_kt-1_l-1_lt-1,0.04238556221817125,96,96
3058,mi_kernel_W-0.25,te_kraskov_NN-4_DCE_k-1_kt-1_l-1_lt-1,0.06790011945231039,96,96
3059,mi_kernel_W-0.25,te_kraskov_NN-4_k-1_kt-1_l-1_lt-1,0.0690133531763703,96,96
3060,mi_kernel_W-0.25,te_kernel_W-0.25_k-1,0.9477691568269314,96,96
3061,mi_kernel_W-0.25,gc_gaussian_k-max-10_tau-max-2,0.6399818772507562,96,96
3062,mi_kernel_W-0.25,gc_gaussian_k-1_kt-1_l-1_lt-1,0.5675215502881585,96,96
3063,mi_kernel_W-0.25,te_symbolic_k-1_kt-1_l-1_lt-1,0.5675215502881585,96,96
3064,mi_kernel_W-0.25,te_symbolic_k-10_kt-1_l-1_lt-1,0.5562276484852169,96,96
3065,mi_kernel_W-0.25,phase_multitaper_mean_fs-1_fmin-0_fmax-0-5,0.044587299493821064,96,96
3066,mi_kernel_W-0.25,phase_multitaper_mean_fs-1_fmin-0_fmax-0-25,0.05650951740241261,96,96
3067,mi_kernel_W-0.25,phase_multitaper_mean_fs-1_fmin-0-25_fmax-0-5,0.05660868985487222,96,96
3068,mi_kernel_W-0.25,phase_multitaper_max_fs-1_fmin-0_fmax-0-5,0.04737212493834675,96,96
3069,mi_kernel_W-0.25,phase_multitaper_max_fs-1_fmin-0_fmax-0-25,0.04429314529270034,96,96
3070,mi_kernel_W-0.25,phase_multitaper_max_fs-1_fmin-0-25_fmax-0-5,0.023347900401885446,96,96
3071,mi_kernel_W-0.25,cohmag_multitaper_mean_fs-1_fmin-0_fmax-0-5,0.294058280771943,96,96
3072,mi_kernel_W-0.25,cohmag_multitaper_mean_fs-1_fmin-0_fmax-0-25,0.30293070892678625,96,96
3073,mi_kernel_W-0.25,cohmag_multitaper_mean_fs-1_fmin-0-25_fmax-0-5,0.28563604465663706,96,96
3074,mi_kernel_W-0.25,cohmag_multitaper_max_fs-1_fmin-0_fmax-0-5,0.5070672946523151,96,96
3075,mi_kernel_W-0.25,cohmag_multitaper_max_fs-1_fmin-0_fmax-0-25,0.4132677181573523,96,96
3076,mi_kernel_W-0.25,cohmag_multitaper_max_fs-1_fmin-0-25_fmax-0-5,0.5137663732224954,96,96
3077,mi_kernel_W-0.25,psi_multitaper_mean_fs-1_fmin-0_fmax-0-5,0.08333333333333333,96,96
3078,mi_kernel_W-0.25,psi_multitaper_mean_fs-1_fmin-0_fmax-0-25,0.10416666666666667,96,96
3079,mi_kernel_W-0.25,psi_multitaper_mean_fs-1_fmin-0-25_fmax-0-5,0.19791666666666666,96,96
3080,tlmi_gaussian,tlmi_kraskov_NN-4,0.11540592509747527,96,96
3081,tlmi_gaussian,tlmi_kraskov_NN-4_DCE,0.11415906643659801,96,96
3082,tlmi_gaussian,tlmi_kernel_W-0.25,0.8571018300392975,96,96
3083,tlmi_gaussian,te_kraskov_NN-4_k-max-10_tau-max-4,0.11834003842147756,96,96
3084,tlmi_gaussian,te_kraskov_NN-4_DCE_k-max-10_tau-max-4,0.0800572644239036,96,96
3085,tlmi_gaussian,te_kraskov_NN-4_DCE_k-2_kt-1_l-1_lt-1,0.05964134316360675,96,96
3086,tlmi_gaussian,te_kraskov_NN-4_DCE_k-1_kt-1_l-1_lt-1,0.09833253066829384,96,96
3087,tlmi_gaussian,te_kraskov_NN-4_k-1_kt-1_l-1_lt-1,0.11103642736274133,96,96
3088,tlmi_gaussian,te_kernel_W-0.25_k-1,0.8551897051107925,96,96
3089,tlmi_gaussian,gc_gaussian_k-max-10_tau-max-2,0.8026546704849031,96,96
3090,tlmi_gaussian,gc_gaussian_k-1_kt-1_l-1_lt-1,0.34636134607730246,96,96
3091,tlmi_gaussian,te_symbolic_k-1_kt-1_l-1_lt-1,0.34636134607730246,96,96
3092,tlmi_gaussian,te_symbolic_k-10_kt-1_l-1_lt-1,0.13506948018747889,96,96
3093,tlmi_gaussian,phase_multitaper_mean_fs-1_fmin-0_fmax-0-5,0.022931052916242867,96,96
3094,tlmi_gaussian,phase_multitaper_mean_fs-1_fmin-0_fmax-0-25,0.021058566685361546,96,96
3095,tlmi_gaussian,phase_multitaper_mean_fs-1_fmin-0-25_fmax-0-5,0.0618323376733787,96,96
3096,tlmi_gaussian,phase_multitaper_max_fs-1_fmin-0_fmax-0-5,0.01251840092945733,96,96
3097,tlmi_gaussian,phase_multitaper_max_fs-1_fmin-0_fmax-0-25,0.008754660851112206,96,96
3098,tlmi_gaussian,phase_multitaper_max_fs-1_fmin-0-25_fmax-0-5,0.04091308358379531,96,96
3099,tlmi_gaussian,cohmag_multitaper_mean_fs-1_fmin-0_fmax-0-5,0.11814723481619183,96,96
3100,tlmi_gaussian,cohmag_multitaper_mean_fs-1_fmin-0_fmax-0-25,0.15578590127542374,96,96
3101,tlmi_gaussian,cohmag_multitaper_mean_fs-1_fmin-0-25_fmax-0-5,0.13384681139396692,96,96
3102,tlmi_gaussian,cohmag_multitaper_max_fs-1_fmin-0_fmax-0-5,0.2978477405680968,96,96
3103,tlmi_gaussian,cohmag_multitaper_max_fs-1_fmin-0_fmax-0-25,0.2506347836579362,96,96
3104,tlmi_gaussian,cohmag_multitaper_max_fs-1_fmin-0-25_fmax-0-5,0.2625673007208723,96,96
3105,tlmi_gaussian,psi_multitaper_mean_fs-1_fmin-0_fmax-0-5,0.6254307377432812,96,96
3106,tlmi_gaussian,psi_multitaper_mean_fs-1_fmin-0_fmax-0-25,0.6254307377432812,96,96
3107,tlmi_gaussian,psi_multitaper_mean_fs-1_fmin-0-25_fmax-0-5,0.6254307377432812,96,96
3108,tlmi_kraskov_NN-4,tlmi_kraskov_NN-4_DCE,0.0692013416098447,96,96
3109,tlmi_kraskov_NN-4,tlmi_kernel_W-0.25,0.6046212371980049,96,96
3110,tlmi_kraskov_NN-4,te_kraskov_NN-4_k-max-10_tau-max-4,0.046565209319268996,96,96
3111,tlmi_kraskov_NN-4,te_kraskov_NN-4_DCE_k-max-10_tau-max-4,0.05575853226657612,96,96
3112,tlmi_kraskov_NN-4,te_kraskov_NN-4_DCE_k-2_kt-1_l-1_lt-1,0.2264388585550391,96,96
3113,tlmi_kraskov_NN-4,te_kraskov_NN-4_DCE_k-1_kt-1_l-1_lt-1,0.22450330899247,96,96
3114,tlmi_kraskov_NN-4,te_kraskov_NN-4_k-1_kt-1_l-1_lt-1,0.21957793488771754,96,96
3115,tlmi_kraskov_NN-4,te_kernel_W-0.25_k-1,0.18348116127515118,96,96
3116,tlmi_kraskov_NN-4,gc_gaussian_k-max-10_tau-max-2,0.08466465140073182,96,96
3117,tlmi_kraskov_NN-4,gc_gaussian_k-1_kt-1_l-1_lt-1,0.11703353908038927,96,96
3118,tlmi_kraskov_NN-4,te_symbolic_k-1_kt-1_l-1_lt-1,0.11703353908038927,96,96
3119,tlmi_kraskov_NN-4,te_symbolic_k-10_kt-1_l-1_lt-1,0.12312484803046508,96,96
3120,tlmi_kraskov_NN-4,phase_multitaper_mean_fs-1_fmin-0_fmax-0-5,0.07292779782202774,96,96
3121,tlmi_kraskov_NN-4,phase_multitaper_mean_fs-1_fmin-0_fmax-0-25,0.07270526193734239,96,96
3122,tlmi_kraskov_NN-4,phase_multitaper_mean_fs-1_fmin-0-25_fmax-0-5,0.057993761640062425,96,96
3123,tlmi_kraskov_NN-4,phase_multitaper_max_fs-1_fmin-0_fmax-0-5,0.048303062714932565,96,96
3124,tlmi_kraskov_NN-4,phase_multitaper_max_fs-1_fmin-0_fmax-0-25,0.009191042933582305,96,96
3125,tlmi_kraskov_NN-4,phase_multitaper_max_fs-1_fmin-0-25_fmax-0-5,0.018426646161026183,96,96
3126,tlmi_kraskov_NN-4,cohmag_multitaper_mean_fs-1_fmin-0_fmax-0-5,0.03101864766244422,96,96
3127,tlmi_kraskov_NN-4,cohmag_multitaper_mean_fs-1_fmin-0_fmax-0-25,0.017547111396815807,96,96
3128,tlmi_kraskov_NN-4,cohmag_multitaper_mean_fs-1_fmin-0-25_fmax-0-5,0.024279756868135105,96,96
3129,tlmi_kraskov_NN-4,cohmag_multitaper_max_fs-1_fmin-0_fmax-0-5,0.009170020524972969,96,96
3130,tlmi_kraskov_NN-4,cohmag_multitaper_max_fs-1_fmin-0_fmax-0-25,0.023557509940497545,96,96
3131,tlmi_kraskov_NN-4,cohmag_multitaper_max_fs-1_fmin-0-25_fmax-0-5,0.006996368235101663,96,96
3132,tlmi_kraskov_NN-4,psi_multitaper_mean_fs-1_fmin-0_fmax-0-5,0.09571888680600404,96,96
3133,tlmi_kraskov_NN-4,psi_multitaper_mean_fs-1_fmin-0_fmax-0-25,0.09571888680600404,96,96
3134,tlmi_kraskov_NN-4,psi_multitaper_mean_fs-1_fmin-0-25_fmax-0-5,0.09571888680600404,96,96
3135,tlmi_kraskov_NN-4_DCE,tlmi_kernel_W-0.25,0.6070897069290189,96,96
3136,tlmi_kraskov_NN-4_DCE,te_kraskov_NN-4_k-max-10_tau-max-4,0.05683737203271866,96,96
3137,tlmi_kraskov_NN-4_DCE,te_kraskov_NN-4_DCE_k-max-10_tau-max-4,0.07240206729200582,96,96
3138,tlmi_kraskov_NN-4_DCE,te_kraskov_NN-4_DCE_k-2_kt-1_l-1_lt-1,0.21608399556041608,96,96
3139,tlmi_kraskov_NN-4_DCE,te_kraskov_NN-4_DCE_k-1_kt-1_l-1_lt-1,0.22276572515015058,96,96
3140,tlmi_kraskov_NN-4_DCE,te_kraskov_NN-4_k-1_kt-1_l-1_lt-1,0.21854757293800686,96,96
3141,tlmi_kraskov_NN-4_DCE,te_kernel_W-0.25_k-1,0.2055241025955028,96,96
3142,tlmi_kraskov_NN-4_DCE,gc_gaussian_k-max-10_tau-max-2,0.06893447806585346,96,96
3143,tlmi_kraskov_NN-4_DCE,gc_gaussian_k-1_kt-1_l-1_lt-1,0.115895217055199,96,96
3144,tlmi_kraskov_NN-4_DCE,te_symbolic_k-1_kt-1_l-1_lt-1,0.115895217055199,96,96
3145,tlmi_kraskov_NN-4_DCE,te_symbolic_k-10_kt-1_l-1_lt-1,0.11906470483788067,96,96
3146,tlmi_kraskov_NN-4_DCE,phase_multitaper_mean_fs-1_fmin-0_fmax-0-5,0.08395089142919965,96,96
3147,tlmi_kraskov_NN-4_DCE,phase_multitaper_mean_fs-1_fmin-0_fmax-0-25,0.08112898260609092,96,96
3148,tlmi_kraskov_NN-4_DCE,phase_multitaper_mean_fs-1_fmin-0-25_fmax-0-5,0.06823256713341624,96,96
3149,tlmi_kraskov_NN-4_DCE,phase_multitaper_max_fs-1_fmin-0_fmax-0-5,0.038535292238706026,96,96
3150,tlmi_kraskov_NN-4_DCE,phase_multitaper_max_fs-1_fmin-0_fmax-0-25,0.028239086804786345,96,96
3151,tlmi_kraskov_NN-4_DCE,phase_multitaper_max_fs-1_fmin-0-25_fmax-0-5,0.03559331864348164,96,96
3152,tlmi_kraskov_NN-4_DCE,cohmag_multitaper_mean_fs-1_fmin-0_fmax-0-5,0.05570204106844501,96,96
3153,tlmi_kraskov_NN-4_DCE,cohmag_multitaper_mean_fs-1_fmin-0_fmax-0-25,0.025956043447730615,96,96
3154,tlmi_kraskov_NN-4_DCE,cohmag_multitaper_mean_fs-1_fmin-0-25_fmax-0-5,0.04090682736868578,96,96
3155,tlmi_kraskov_NN-4_DCE,cohmag_multitaper_max_fs-1_fmin-0_fmax-0-5,0.027212483036961554,96,96
3156,tlmi_kraskov_NN-4_DCE,cohmag_multitaper_max_fs-1_fmin-0_fmax-0-25,0.021694548873254837,96,96
3157,tlmi_kraskov_NN-4_DCE,cohmag_multitaper_max_fs-1_fmin-0-25_fmax-0-5,0.03845873328367247,96,96
3158,tlmi_kraskov_NN-4_DCE,psi_multitaper_mean_fs-1_fmin-0_fmax-0-5,0.09546572247116225,96,96
3159,tlmi_kraskov_NN-4_DCE,psi_multitaper_mean_fs-1_fmin-0_fmax-0-25,0.09546572247116225,96,96
3160,tlmi_kraskov_NN-4_DCE,psi_multitaper_mean_fs-1_fmin-0-25_fmax-0-5,0.09546572247116225,96,96
3161,tlmi_kernel_W-0.25,te_kraskov_NN-4_k-max-10_tau-max-4,0.11745018592308498,96,96
3162,tlmi_kernel_W-0.25,te_kraskov_NN-4_DCE_k-max-10_tau-max-4,0.08757369714610214,96,96
3163,tlmi_kernel_W-0.25,te_kraskov_NN-4_DCE_k-2_kt-1_l-1_lt-1,0.16482665306657468,96,96
3164,tlmi_kernel_W-0.25,te_kraskov_NN-4_DCE_k-1_kt-1_l-1_lt-1,0.419771540555573,96,96
3165,tlmi_kernel_W-0.25,te_kraskov_NN-4_k-1_kt-1_l-1_lt-1,0.4272812017381934,96,96
3166,tlmi_kernel_W-0.25,te_kernel_W-0.25_k-1,0.9993119000070099,96,96
3167,tlmi_kernel_W-0.25,gc_gaussian_k-max-10_tau-max-2,0.8843581291310189,96,96
3168,tlmi_kernel_W-0.25,gc_gaussian_k-1_kt-1_l-1_lt-1,0.8548979090034753,96,96
3169,tlmi_kernel_W-0.25,te_symbolic_k-1_kt-1_l-1_lt-1,0.8548979090034753,96,96
3170,tlmi_kernel_W-0.25,te_symbolic_k-10_kt-1_l-1_lt-1,0.8484341997689329,96,96
3171,tlmi_kernel_W-0.25,phase_multitaper_mean_fs-1_fmin-0_fmax-0-5,0.0558177654140021,96,96
3172,tlmi_kernel_W-0.25,phase_multitaper_mean_fs-1_fmin-0_fmax-0-25,0.06234879349058689,96,96
3173,tlmi_kernel_W-0.25,phase_multitaper_mean_fs-1_fmin-0-25_fmax-0-5,0.0396897632480967,96,96
3174,tlmi_kernel_W-0.25,phase_multitaper_max_fs-1_fmin-0_fmax-0-5,0.03504664455923506,96,96
3175,tlmi_kernel_W-0.25,phase_multitaper_max_fs-1_fmin-0_fmax-0-25,0.054036396616565285,96,96
3176,tlmi_kernel_W-0.25,phase_multitaper_max_fs-1_fmin-0-25_fmax-0-5,0.015216310839908126,96,96
3177,tlmi_kernel_W-0.25,cohmag_multitaper_mean_fs-1_fmin-0_fmax-0-5,0.2716341118330819,96,96
3178,tlmi_kernel_W-0.25,cohmag_multitaper_mean_fs-1_fmin-0_fmax-0-25,0.25841991851879964,96,96
3179,tlmi_kernel_W-0.25,cohmag_multitaper_mean_fs-1_fmin-0-25_fmax-0-5,0.30873630608140146,96,96
3180,tlmi_kernel_W-0.25,cohmag_multitaper_max_fs-1_fmin-0_fmax-0-5,0.45110610160976095,96,96
3181,tlmi_kernel_W-0.25,cohmag_multitaper_max_fs-1_fmin-0_fmax-0-25,0.44991331147314456,96,96
3182,tlmi_kernel_W-0.25,cohmag_multitaper_max_fs-1_fmin-0-25_fmax-0-5,0.43544775022714777,96,96
3183,tlmi_kernel_W-0.25,psi_multitaper_mean_fs-1_fmin-0_fmax-0-5,0.08312258318805599,96,96
3184,tlmi_kernel_W-0.25,psi_multitaper_mean_fs-1_fmin-0_fmax-0-25,0.08312258318805599,96,96
3185,tlmi_kernel_W-0.25,psi_multitaper_mean_fs-1_fmin-0-25_fmax-0-5,0.08312258318805599,96,96
3186,te_kraskov_NN-4_k-max-10_tau-max-4,te_kraskov_NN-4_DCE_k-max-10_tau-max-4,0.10650920837623754,96,96
3187,te_kraskov_NN-4_k-max-10_tau-max-4,te_kraskov_NN-4_DCE_k-2_kt-1_l-1_lt-1,0.0811460278866995,96,96
3188,te_kraskov_NN-4_k-max-10_tau-max-4,te_kraskov_NN-4_DCE_k-1_kt-1_l-1_lt-1,0.10205698986626133,96,96
3189,te_kraskov_NN-4_k-max-10_tau-max-4,te_kraskov_NN-4_k-1_kt-1_l-1_lt-1,0.10295990164690827,96,96
3190,te_kraskov_NN-4_k-max-10_tau-max-4,te_kernel_W-0.25_k-1,0.14108473814380512,96,96
3191,te_kraskov_NN-4_k-max-10_tau-max-4,gc_gaussian_k-max-10_tau-max-2,0.05818382553253679,96,96
3192,te_kraskov_NN-4_k-max-10_tau-max-4,gc_gaussian_k-1_kt-1_l-1_lt-1,0.12454430370717506,96,96
3193,te_kraskov_NN-4_k-max-10_tau-max-4,te_symbolic_k-1_kt-1_l-1_lt-1,0.12454430370717506,96,96
3194,te_kraskov_NN-4_k-max-10_tau-max-4,te_symbolic_k-10_kt-1_l-1_lt-1,0.12565560989620228,96,96
3195,te_kraskov_NN-4_k-max-10_tau-max-4,phase_multitaper_mean_fs-1_fmin-0_fmax-0-5,0.10165809756624355,96,96
3196,te_kraskov_NN-4_k-max-10_tau-max-4,phase_multitaper_mean_fs-1_fmin-0_fmax-0-25,0.07979786741489026,96,96
3197,te_kraskov_NN-4_k-max-10_tau-max-4,phase_multitaper_mean_fs-1_fmin-0-25_fmax-0-5,0.0722219898634629,96,96
3198,te_kraskov_NN-4_k-max-10_tau-max-4,phase_multitaper_max_fs-1_fmin-0_fmax-0-5,0.11628381889539174,96,96
3199,te_kraskov_NN-4_k-max-10_tau-max-4,phase_multitaper_max_fs-1_fmin-0_fmax-0-25,0.07313056236381432,96,96
3200,te_kraskov_NN-4_k-max-10_tau-max-4,phase_multitaper_max_fs-1_fmin-0-25_fmax-0-5,0.045679840971879826,96,96
3201,te_kraskov_NN-4_k-max-10_tau-max-4,cohmag_multitaper_mean_fs-1_fmin-0_fmax-0-5,0.019499633893226953,96,96
3202,te_kraskov_NN-4_k-max-10_tau-max-4,cohmag_multitaper_mean_fs-1_fmin-0_fmax-0-25,0.0130467291804639,96,96
3203,te_kraskov_NN-4_k-max-10_tau-max-4,cohmag_multitaper_mean_fs-1_fmin-0-25_fmax-0-5,0.026551242032826328,96,96
3204,te_kraskov_NN-4_k-max-10_tau-max-4,cohmag_multitaper_max_fs-1_fmin-0_fmax-0-5,0.031250022746422246,96,96
3205,te_kraskov_NN-4_k-max-10_tau-max-4,cohmag_multitaper_max_fs-1_fmin-0_fmax-0-25,0.02972333771789948,96,96
3206,te_kraskov_NN-4_k-max-10_tau-max-4,cohmag_multitaper_max_fs-1_fmin-0-25_fmax-0-5,0.016457353249051287,96,96
3207,te_kraskov_NN-4_k-max-10_tau-max-4,psi_multitaper_mean_fs-1_fmin-0_fmax-0-5,0.049540524644174244,96,96
3208,te_kraskov_NN-4_k-max-10_tau-max-4,psi_multitaper_mean_fs-1_fmin-0_fmax-0-25,0.049540524644174244,96,96
3209,te_kraskov_NN-4_k-max-10_tau-max-4,psi_multitaper_mean_fs-1_fmin-0-25_fmax-0-5,0.049540524644174244,96,96
3210,te_kraskov_NN-4_DCE_k-max-10_tau-max-4,te_kraskov_NN-4_DCE_k-2_kt-1_l-1_lt-1,0.0783751766168484,96,96
3211,te_kraskov_NN-4_DCE_k-max-10_tau-max-4,te_kraskov_NN-4_DCE_k-1_kt-1_l-1_lt-1,0.08203659645631867,96,96
3212,te_kraskov_NN-4_DCE_k-max-10_tau-max-4,te_kraskov_NN-4_k-1_kt-1_l-1_lt-1,0.08431713007566521,96,96
3213,te_kraskov_NN-4_DCE_k-max-10_tau-max-4,te_kernel_W-0.25_k-1,0.12779785162566454,96,96
3214,te_kraskov_NN-4_DCE_k-max-10_tau-max-4,gc_gaussian_k-max-10_tau-max-2,0.07568953691884786,96,96
3215,te_kraskov_NN-4_DCE_k-max-10_tau-max-4,gc_gaussian_k-1_kt-1_l-1_lt-1,0.07936818272945978,96,96
3216,te_kraskov_NN-4_DCE_k-max-10_tau-max-4,te_symbolic_k-1_kt-1_l-1_lt-1,0.07936818272945978,96,96
3217,te_kraskov_NN-4_DCE_k-max-10_tau-max-4,te_symbolic_k-10_kt-1_l-1_lt-1,0.07721847248379732,96,96
3218,te_kraskov_NN-4_DCE_k-max-10_tau-max-4,phase_multitaper_mean_fs-1_fmin-0_fmax-0-5,0.06984147775808702,96,96
3219,te_kraskov_NN-4_DCE_k-max-10_tau-max-4,phase_multitaper_mean_fs-1_fmin-0_fmax-0-25,0.086261757432749,96,96
3220,te_kraskov_NN-4_DCE_k-max-10_tau-max-4,phase_multitaper_mean_fs-1_fmin-0-25_fmax-0-5,0.06481063745835186,96,96
3221,te_kraskov_NN-4_DCE_k-max-10_tau-max-4,phase_multitaper_max_fs-1_fmin-0_fmax-0-5,0.07771521424073669,96,96
3222,te_kraskov_NN-4_DCE_k-max-10_tau-max-4,phase_multitaper_max_fs-1_fmin-0_fmax-0-25,0.06848174782786998,96,96
3223,te_kraskov_NN-4_DCE_k-max-10_tau-max-4,phase_multitaper_max_fs-1_fmin-0-25_fmax-0-5,0.028254093713452888,96,96
3224,te_kraskov_NN-4_DCE_k-max-10_tau-max-4,cohmag_multitaper_mean_fs-1_fmin-0_fmax-0-5,0.0101071588356344,96,96
3225,te_kraskov_NN-4_DCE_k-max-10_tau-max-4,cohmag_multitaper_mean_fs-1_fmin-0_fmax-0-25,0.01606273606884101,96,96
3226,te_kraskov_NN-4_DCE_k-max-10_tau-max-4,cohmag_multitaper_mean_fs-1_fmin-0-25_fmax-0-5,0.028021280732831055,96,96
3227,te_kraskov_NN-4_DCE_k-max-10_tau-max-4,cohmag_multitaper_max_fs-1_fmin-0_fmax-0-5,0.057018521595128435,96,96
3228,te_kraskov_NN-4_DCE_k-max-10_tau-max-4,cohmag_multitaper_max_fs-1_fmin-0_fmax-0-25,0.056001164577296314,96,96
3229,te_kraskov_NN-4_DCE_k-max-10_tau-max-4,cohmag_multitaper_max_fs-1_fmin-0-25_fmax-0-5,0.04308896407343865,96,96
3230,te_kraskov_NN-4_DCE_k-max-10_tau-max-4,psi_multitaper_mean_fs-1_fmin-0_fmax-0-5,0.04168999581012911,96,96
3231,te_kraskov_NN-4_DCE_k-max-10_tau-max-4,psi_multitaper_mean_fs-1_fmin-0_fmax-0-25,0.04168999581012911,96,96
3232,te_kraskov_NN-4_DCE_k-max-10_tau-max-4,psi_multitaper_mean_fs-1_fmin-0-25_fmax-0-5,0.04168999581012911,96,96
3233,te_kraskov_NN-4_DCE_k-2_kt-1_l-1_lt-1,te_kraskov_NN-4_DCE_k-1_kt-1_l-1_lt-1,0.20410086985821713,96,96
3234,te_kraskov_NN-4_DCE_k-2_kt-1_l-1_lt-1,te_kraskov_NN-4_k-1_kt-1_l-1_lt-1,0.20564831627902241,96,96
3235,te_kraskov_NN-4_DCE_k-2_kt-1_l-1_lt-1,te_kernel_W-0.25_k-1,0.31315290964747783,96,96
3236,te_kraskov_NN-4_DCE_k-2_kt-1_l-1_lt-1,gc_gaussian_k-max-10_tau-max-2,0.033926720526160525,96,96
3237,te_kraskov_NN-4_DCE_k-2_kt-1_l-1_lt-1,gc_gaussian_k-1_kt-1_l-1_lt-1,0.056073300096867396,96,96
3238,te_kraskov_NN-4_DCE_k-2_kt-1_l-1_lt-1,te_symbolic_k-1_kt-1_l-1_lt-1,0.056073300096867396,96,96
3239,te_kraskov_NN-4_DCE_k-2_kt-1_l-1_lt-1,te_symbolic_k-10_kt-1_l-1_lt-1,0.07187055691165828,96,96
3240,te_kraskov_NN-4_DCE_k-2_kt-1_l-1_lt-1,phase_multitaper_mean_fs-1_fmin-0_fmax-0-5,0.04061267971392202,96,96
3241,te_kraskov_NN-4_DCE_k-2_kt-1_l-1_lt-1,phase_multitaper_mean_fs-1_fmin-0_fmax-0-25,0.061832946346729256,96,96
3242,te_kraskov_NN-4_DCE_k-2_kt-1_l-1_lt-1,phase_multitaper_mean_fs-1_fmin-0-25_fmax-0-5,0.034582994517769416,96,96
3243,te_kraskov_NN-4_DCE_k-2_kt-1_l-1_lt-1,phase_multitaper_max_fs-1_fmin-0_fmax-0-5,0.0332761953710623,96,96
3244,te_kraskov_NN-4_DCE_k-2_kt-1_l-1_lt-1,phase_multitaper_max_fs-1_fmin-0_fmax-0-25,0.07161197520694523,96,96
3245,te_kraskov_NN-4_DCE_k-2_kt-1_l-1_lt-1,phase_multitaper_max_fs-1_fmin-0-25_fmax-0-5,0.04393049258233406,96,96
3246,te_kraskov_NN-4_DCE_k-2_kt-1_l-1_lt-1,cohmag_multitaper_mean_fs-1_fmin-0_fmax-0-5,0.06731100707198809,96,96
3247,te_kraskov_NN-4_DCE_k-2_kt-1_l-1_lt-1,cohmag_multitaper_mean_fs-1_fmin-0_fmax-0-25,0.1173821814547823,96,96
3248,te_kraskov_NN-4_DCE_k-2_kt-1_l-1_lt-1,cohmag_multitaper_mean_fs-1_fmin-0-25_fmax-0-5,0.04370266728872399,96,96
3249,te_kraskov_NN-4_DCE_k-2_kt-1_l-1_lt-1,cohmag_multitaper_max_fs-1_fmin-0_fmax-0-5,0.05045272405579687,96,96
3250,te_kraskov_NN-4_DCE_k-2_kt-1_l-1_lt-1,cohmag_multitaper_max_fs-1_fmin-0_fmax-0-25,0.05439168396154606,96,96
3251,te_kraskov_NN-4_DCE_k-2_kt-1_l-1_lt-1,cohmag_multitaper_max_fs-1_fmin-0-25_fmax-0-5,0.08955050678487864,96,96
3252,te_kraskov_NN-4_DCE_k-2_kt-1_l-1_lt-1,psi_multitaper_mean_fs-1_fmin-0_fmax-0-5,0.05116717134191706,96,96
3253,te_kraskov_NN-4_DCE_k-2_kt-1_l-1_lt-1,psi_multitaper_mean_fs-1_fmin-0_fmax-0-25,0.05116717134191706,96,96
3254,te_kraskov_NN-4_DCE_k-2_kt-1_l-1_lt-1,psi_multitaper_mean_fs-1_fmin-0-25_fmax-0-5,0.05116717134191706,96,96
3255,te_kraskov_NN-4_DCE_k-1_kt-1_l-1_lt-1,te_kraskov_NN-4_k-1_kt-1_l-1_lt-1,0.07198151303135192,96,96
3256,te_kraskov_NN-4_DCE_k-1_kt-1_l-1_lt-1,te_kernel_W-0.25_k-1,0.8528812634791967,96,96
3257,te_kraskov_NN-4_DCE_k-1_kt-1_l-1_lt-1,gc_gaussian_k-max-10_tau-max-2,0.024198972323992762,96,96
3258,te_kraskov_NN-4_DCE_k-1_kt-1_l-1_lt-1,gc_gaussian_k-1_kt-1_l-1_lt-1,0.10107118410925076,96,96
3259,te_kraskov_NN-4_DCE_k-1_kt-1_l-1_lt-1,te_symbolic_k-1_kt-1_l-1_lt-1,0.10107118410925076,96,96
3260,te_kraskov_NN-4_DCE_k-1_kt-1_l-1_lt-1,te_symbolic_k-10_kt-1_l-1_lt-1,0.10120647182396791,96,96
3261,te_kraskov_NN-4_DCE_k-1_kt-1_l-1_lt-1,phase_multitaper_mean_fs-1_fmin-0_fmax-0-5,0.09252992218988082,96,96
3262,te_kraskov_NN-4_DCE_k-1_kt-1_l-1_lt-1,phase_multitaper_mean_fs-1_fmin-0_fmax-0-25,0.03376935141772397,96,96
3263,te_kraskov_NN-4_DCE_k-1_kt-1_l-1_lt-1,phase_multitaper_mean_fs-1_fmin-0-25_fmax-0-5,0.0670939370235305,96,96
3264,te_kraskov_NN-4_DCE_k-1_kt-1_l-1_lt-1,phase_multitaper_max_fs-1_fmin-0_fmax-0-5,0.06289049388823742,96,96
3265,te_kraskov_NN-4_DCE_k-1_kt-1_l-1_lt-1,phase_multitaper_max_fs-1_fmin-0_fmax-0-25,0.02192167106673426,96,96
3266,te_kraskov_NN-4_DCE_k-1_kt-1_l-1_lt-1,phase_multitaper_max_fs-1_fmin-0-25_fmax-0-5,0.07064693100528752,96,96
3267,te_kraskov_NN-4_DCE_k-1_kt-1_l-1_lt-1,cohmag_multitaper_mean_fs-1_fmin-0_fmax-0-5,0.02477585098613122,96,96
3268,te_kraskov_NN-4_DCE_k-1_kt-1_l-1_lt-1,cohmag_multitaper_mean_fs-1_fmin-0_fmax-0-25,0.03164771411857892,96,96
3269,te_kraskov_NN-4_DCE_k-1_kt-1_l-1_lt-1,cohmag_multitaper_mean_fs-1_fmin-0-25_fmax-0-5,0.023703020777100264,96,96
3270,te_kraskov_NN-4_DCE_k-1_kt-1_l-1_lt-1,cohmag_multitaper_max_fs-1_fmin-0_fmax-0-5,0.02963077706427819,96,96
3271,te_kraskov_NN-4_DCE_k-1_kt-1_l-1_lt-1,cohmag_multitaper_max_fs-1_fmin-0_fmax-0-25,0.01948598929710435,96,96
3272,te_kraskov_NN-4_DCE_k-1_kt-1_l-1_lt-1,cohmag_multitaper_max_fs-1_fmin-0-25_fmax-0-5,0.024942732249826877,96,96
3273,te_kraskov_NN-4_DCE_k-1_kt-1_l-1_lt-1,psi_multitaper_mean_fs-1_fmin-0_fmax-0-5,0.05057057242469243,96,96
3274,te_kraskov_NN-4_DCE_k-1_kt-1_l-1_lt-1,psi_multitaper_mean_fs-1_fmin-0_fmax-0-25,0.05057057242469243,96,96
3275,te_kraskov_NN-4_DCE_k-1_kt-1_l-1_lt-1,psi_multitaper_mean_fs-1_fmin-0-25_fmax-0-5,0.05057057242469243,96,96
3276,te_kraskov_NN-4_k-1_kt-1_l-1_lt-1,te_kernel_W-0.25_k-1,0.8645730158030344,96,96
3277,te_kraskov_NN-4_k-1_kt-1_l-1_lt-1,gc_gaussian_k-max-10_tau-max-2,0.03388353222365076,96,96
3278,te_kraskov_NN-4_k-1_kt-1_l-1_lt-1,gc_gaussian_k-1_kt-1_l-1_lt-1,0.11260113080476097,96,96
3279,te_kraskov_NN-4_k-1_kt-1_l-1_lt-1,te_symbolic_k-1_kt-1_l-1_lt-1,0.11260113080476097,96,96
3280,te_kraskov_NN-4_k-1_kt-1_l-1_lt-1,te_symbolic_k-10_kt-1_l-1_lt-1,0.11275007515615476,96,96
3281,te_kraskov_NN-4_k-1_kt-1_l-1_lt-1,phase_multitaper_mean_fs-1_fmin-0_fmax-0-5,0.08719471886126168,96,96
3282,te_kraskov_NN-4_k-1_kt-1_l-1_lt-1,phase_multitaper_mean_fs-1_fmin-0_fmax-0-25,0.020154966373926164,96,96
3283,te_kraskov_NN-4_k-1_kt-1_l-1_lt-1,phase_multitaper_mean_fs-1_fmin-0-25_fmax-0-5,0.06434687848539733,96,96
3284,te_kraskov_NN-4_k-1_kt-1_l-1_lt-1,phase_multitaper_max_fs-1_fmin-0_fmax-0-5,0.05035650749380449,96,96
3285,te_kraskov_NN-4_k-1_kt-1_l-1_lt-1,phase_multitaper_max_fs-1_fmin-0_fmax-0-25,0.03140502951597901,96,96
3286,te_kraskov_NN-4_k-1_kt-1_l-1_lt-1,phase_multitaper_max_fs-1_fmin-0-25_fmax-0-5,0.06514025531115641,96,96
3287,te_kraskov_NN-4_k-1_kt-1_l-1_lt-1,cohmag_multitaper_mean_fs-1_fmin-0_fmax-0-5,0.03279792020491756,96,96
3288,te_kraskov_NN-4_k-1_kt-1_l-1_lt-1,cohmag_multitaper_mean_fs-1_fmin-0_fmax-0-25,0.034445968472831434,96,96
3289,te_kraskov_NN-4_k-1_kt-1_l-1_lt-1,cohmag_multitaper_mean_fs-1_fmin-0-25_fmax-0-5,0.03578711020858277,96,96
3290,te_kraskov_NN-4_k-1_kt-1_l-1_lt-1,cohmag_multitaper_max_fs-1_fmin-0_fmax-0-5,0.024276074327507335,96,96
3291,te_kraskov_NN-4_k-1_kt-1_l-1_lt-1,cohmag_multitaper_max_fs-1_fmin-0_fmax-0-25,0.022034359796072045,96,96
3292,te_kraskov_NN-4_k-1_kt-1_l-1_lt-1,cohmag_multitaper_max_fs-1_fmin-0-25_fmax-0-5,0.027822579351710813,96,96
3293,te_kraskov_NN-4_k-1_kt-1_l-1_lt-1,psi_multitaper_mean_fs-1_fmin-0_fmax-0-5,0.051267573083047246,96,96
3294,te_kraskov_NN-4_k-1_kt-1_l-1_lt-1,psi_multitaper_mean_fs-1_fmin-0_fmax-0-25,0.051267573083047246,96,96
3295,te_kraskov_NN-4_k-1_kt-1_l-1_lt-1,psi_multitaper_mean_fs-1_fmin-0-25_fmax-0-5,0.051267573083047246,96,96
3296,te_kernel_W-0.25_k-1,gc_gaussian_k-max-10_tau-max-2,0.879640273238896,96,96
3297,te_kernel_W-0.25_k-1,gc_gaussian_k-1_kt-1_l-1_lt-1,0.8527423957965902,96,96
3298,te_kernel_W-0.25_k-1,te_symbolic_k-1_kt-1_l-1_lt-1,0.8527423957965902,96,96
3299,te_kernel_W-0.25_k-1,te_symbolic_k-10_kt-1_l-1_lt-1,0.8328105086116611,96,96
3300,te_kernel_W-0.25_k-1,phase_multitaper_mean_fs-1_fmin-0_fmax-0-5,0.06826861685333041,96,96
3301,te_kernel_W-0.25_k-1,phase_multitaper_mean_fs-1_fmin-0_fmax-0-25,0.10764273272307201,96,96
3302,te_kernel_W-0.25_k-1,phase_multitaper_mean_fs-1_fmin-0-25_fmax-0-5,0.015846636533698277,96,96
3303,te_kernel_W-0.25_k-1,phase_multitaper_max_fs-1_fmin-0_fmax-0-5,0.021959964688640393,96,96
3304,te_kernel_W-0.25_k-1,phase_multitaper_max_fs-1_fmin-0_fmax-0-25,0.048515170307638106,96,96
3305,te_kernel_W-0.25_k-1,phase_multitaper_max_fs-1_fmin-0-25_fmax-0-5,0.0074624225971290925,96,96
3306,te_kernel_W-0.25_k-1,cohmag_multitaper_mean_fs-1_fmin-0_fmax-0-5,0.2505996522155321,96,96
3307,te_kernel_W-0.25_k-1,cohmag_multitaper_mean_fs-1_fmin-0_fmax-0-25,0.2505467200068284,96,96
3308,te_kernel_W-0.25_k-1,cohmag_multitaper_mean_fs-1_fmin-0-25_fmax-0-5,0.2805380340480921,96,96
3309,te_kernel_W-0.25_k-1,cohmag_multitaper_max_fs-1_fmin-0_fmax-0-5,0.4734807735002914,96,96
3310,te_kernel_W-0.25_k-1,cohmag_multitaper_max_fs-1_fmin-0_fmax-0-25,0.4360577268959816,96,96
3311,te_kernel_W-0.25_k-1,cohmag_multitaper_max_fs-1_fmin-0-25_fmax-0-5,0.4654213489188759,96,96
3312,te_kernel_W-0.25_k-1,psi_multitaper_mean_fs-1_fmin-0_fmax-0-5,0.12219814170407156,96,96
3313,te_kernel_W-0.25_k-1,psi_multitaper_mean_fs-1_fmin-0_fmax-0-25,0.12219814170407156,96,96
3314,te_kernel_W-0.25_k-1,psi_multitaper_mean_fs-1_fmin-0-25_fmax-0-5,0.12219814170407156,96,96
3315,gc_gaussian_k-max-10_tau-max-2,gc_gaussian_k-1_kt-1_l-1_lt-1,0.7975850868879808,96,96
3316,gc_gaussian_k-max-10_tau-max-2,te_symbolic_k-1_kt-1_l-1_lt-1,0.7975850868879808,96,96
3317,gc_gaussian_k-max-10_tau-max-2,te_symbolic_k-10_kt-1_l-1_lt-1,0.799310423197698,96,96
3318,gc_gaussian_k-max-10_tau-max-2,phase_multitaper_mean_fs-1_fmin-0_fmax-0-5,0.035669094592144346,96,96
3319,gc_gaussian_k-max-10_tau-max-2,phase_multitaper_mean_fs-1_fmin-0_fmax-0-25,0.05700132773754263,96,96
3320,gc_gaussian_k-max-10_tau-max-2,phase_multitaper_mean_fs-1_fmin-0-25_fmax-0-5,0.03659931078665862,96,96
3321,gc_gaussian_k-max-10_tau-max-2,phase_multitaper_max_fs-1_fmin-0_fmax-0-5,0.014751585988652172,96,96
3322,gc_gaussian_k-max-10_tau-max-2,phase_multitaper_max_fs-1_fmin-0_fmax-0-25,0.04899019324310583,96,96
3323,gc_gaussian_k-max-10_tau-max-2,phase_multitaper_max_fs-1_fmin-0-25_fmax-0-5,0.03314537497776676,96,96
3324,gc_gaussian_k-max-10_tau-max-2,cohmag_multitaper_mean_fs-1_fmin-0_fmax-0-5,0.04155451444155772,96,96
3325,gc_gaussian_k-max-10_tau-max-2,cohmag_multitaper_mean_fs-1_fmin-0_fmax-0-25,0.09618837756703358,96,96
3326,gc_gaussian_k-max-10_tau-max-2,cohmag_multitaper_mean_fs-1_fmin-0-25_fmax-0-5,0.09598078361777462,96,96
3327,gc_gaussian_k-max-10_tau-max-2,cohmag_multitaper_max_fs-1_fmin-0_fmax-0-5,0.3477356940905305,96,96
3328,gc_gaussian_k-max-10_tau-max-2,cohmag_multitaper_max_fs-1_fmin-0_fmax-0-25,0.25960764274752646,96,96
3329,gc_gaussian_k-max-10_tau-max-2,cohmag_multitaper_max_fs-1_fmin-0-25_fmax-0-5,0.35284593776964396,96,96
3330,gc_gaussian_k-max-10_tau-max-2,psi_multitaper_mean_fs-1_fmin-0_fmax-0-5,0.3683696211779248,96,96
3331,gc_gaussian_k-max-10_tau-max-2,psi_multitaper_mean_fs-1_fmin-0_fmax-0-25,0.3683696211779248,96,96
3332,gc_gaussian_k-max-10_tau-max-2,psi_multitaper_mean_fs-1_fmin-0-25_fmax-0-5,0.3683696211779248,96,96
3333,gc_gaussian_k-1_kt-1_l-1_lt-1,te_symbolic_k-1_kt-1_l-1_lt-1,0.10416666666666667,96,96
3334,gc_gaussian_k-1_kt-1_l-1_lt-1,te_symbolic_k-10_kt-1_l-1_lt-1,0.13989077210391482,96,96
3335,gc_gaussian_k-1_kt-1_l-1_lt-1,phase_multitaper_mean_fs-1_fmin-0_fmax-0-5,0.02983872825146716,96,96
3336,gc_gaussian_k-1_kt-1_l-1_lt-1,phase_multitaper_mean_fs-1_fmin-0_fmax-0-25,0.019175575764386,96,96
3337,gc_gaussian_k-1_kt-1_l-1_lt-1,phase_multitaper_mean_fs-1_fmin-0-25_fmax-0-5,0.07269435992045159,96,96
3338,gc_gaussian_k-1_kt-1_l-1_lt-1,phase_multitaper_max_fs-1_fmin-0_fmax-0-5,0.016742486663427703,96,96
3339,gc_gaussian_k-1_kt-1_l-1_lt-1,phase_multitaper_max_fs-1_fmin-0_fmax-0-25,0.0021952970393330495,96,96
3340,gc_gaussian_k-1_kt-1_l-1_lt-1,phase_multitaper_max_fs-1_fmin-0-25_fmax-0-5,0.0457019987612276,96,96
3341,gc_gaussian_k-1_kt-1_l-1_lt-1,cohmag_multitaper_mean_fs-1_fmin-0_fmax-0-5,0.11718435460640853,96,96
3342,gc_gaussian_k-1_kt-1_l-1_lt-1,cohmag_multitaper_mean_fs-1_fmin-0_fmax-0-25,0.16169681279374643,96,96
3343,gc_gaussian_k-1_kt-1_l-1_lt-1,cohmag_multitaper_mean_fs-1_fmin-0-25_fmax-0-5,0.13464137817857658,96,96
3344,gc_gaussian_k-1_kt-1_l-1_lt-1,cohmag_multitaper_max_fs-1_fmin-0_fmax-0-5,0.2993444265086269,96,96
3345,gc_gaussian_k-1_kt-1_l-1_lt-1,cohmag_multitaper_max_fs-1_fmin-0_fmax-0-25,0.25336020698698297,96,96
3346,gc_gaussian_k-1_kt-1_l-1_lt-1,cohmag_multitaper_max_fs-1_fmin-0-25_fmax-0-5,0.2597078356291549,96,96
3347,gc_gaussian_k-1_kt-1_l-1_lt-1,psi_multitaper_mean_fs-1_fmin-0_fmax-0-5,0.6248657026832675,96,96
3348,gc_gaussian_k-1_kt-1_l-1_lt-1,psi_multitaper_mean_fs-1_fmin-0_fmax-0-25,0.6248657026832675,96,96
3349,gc_gaussian_k-1_kt-1_l-1_lt-1,psi_multitaper_mean_fs-1_fmin-0-25_fmax-0-5,0.6248657026832675,96,96
3350,te_symbolic_k-1_kt-1_l-1_lt-1,te_symbolic_k-10_kt-1_l-1_lt-1,0.13989077210391482,96,96
3351,te_symbolic_k-1_kt-1_l-1_lt-1,phase_multitaper_mean_fs-1_fmin-0_fmax-0-5,0.02983872825146716,96,96
3352,te_symbolic_k-1_kt-1_l-1_lt-1,phase_multitaper_mean_fs-1_fmin-0_fmax-0-25,0.019175575764386,96,96
3353,te_symbolic_k-1_kt-1_l-1_lt-1,phase_multitaper_mean_fs-1_fmin-0-25_fmax-0-5,0.07269435992045159,96,96
3354,te_symbolic_k-1_kt-1_l-1_lt-1,phase_multitaper_max_fs-1_fmin-0_fmax-0-5,0.016742486663427703,96,96
3355,te_symbolic_k-1_kt-1_l-1_lt-1,phase_multitaper_max_fs-1_fmin-0_fmax-0-25,0.0021952970393330495,96,96
3356,te_symbolic_k-1_kt-1_l-1_lt-1,phase_multitaper_max_fs-1_fmin-0-25_fmax-0-5,0.0457019987612276,96,96
3357,te_symbolic_k-1_kt-1_l-1_lt-1,cohmag_multitaper_mean_fs-1_fmin-0_fmax-0-5,0.11718435460640853,96,96
3358,te_symbolic_k-1_kt-1_l-1_lt-1,cohmag_multitaper_mean_fs-1_fmin-0_fmax-0-25,0.16169681279374643,96,96
3359,te_symbolic_k-1_kt-1_l-1_lt-1,cohmag_multitaper_mean_fs-1_fmin-0-25_fmax-0-5,0.13464137817857658,96,96
3360,te_symbolic_k-1_kt-1_l-1_lt-1,cohmag_multitaper_max_fs-1_fmin-0_fmax-0-5,0.2993444265086269,96,96
3361,te_symbolic_k-1_kt-1_l-1_lt-1,cohmag_multitaper_max_fs-1_fmin-0_fmax-0-25,0.25336020698698297,96,96
3362,te_symbolic_k-1_kt-1_l-1_lt-1,cohmag_multitaper_max_fs-1_fmin-0-25_fmax-0-5,0.2597078356291549,96,96
3363,te_symbolic_k-1_kt-1_l-1_lt-1,psi_multitaper_mean_fs-1_fmin-0_fmax-0-5,0.6248657026832675,96,96
3364,te_symbolic_k-1_kt-1_l-1_lt-1,psi_multitaper_mean_fs-1_fmin-0_fmax-0-25,0.6248657026832675,96,96
3365,te_symbolic_k-1_kt-1_l-1_lt-1,psi_multitaper_mean_fs-1_fmin-0-25_fmax-0-5,0.6248657026832675,96,96
3366,te_symbolic_k-10_kt-1_l-1_lt-1,phase_multitaper_mean_fs-1_fmin-0_fmax-0-5,0.022481224829269397,96,96
3367,te_symbolic_k-10_kt-1_l-1_lt-1,phase_multitaper_mean_fs-1_fmin-0_fmax-0-25,0.03376432509959937,96,96
3368,te_symbolic_k-10_kt-1_l-1_lt-1,phase_multitaper_mean_fs-1_fmin-0-25_fmax-0-5,0.07593494746088292,96,96
3369,te_symbolic_k-10_kt-1_l-1_lt-1,phase_multitaper_max_fs-1_fmin-0_fmax-0-5,0.023541486187266703,96,96
3370,te_symbolic_k-10_kt-1_l-1_lt-1,phase_multitaper_max_fs-1_fmin-0_fmax-0-25,0.013769970755577288,96,96
3371,te_symbolic_k-10_kt-1_l-1_lt-1,phase_multitaper_max_fs-1_fmin-0-25_fmax-0-5,0.0404531847749523,96,96
3372,te_symbolic_k-10_kt-1_l-1_lt-1,cohmag_multitaper_mean_fs-1_fmin-0_fmax-0-5,0.1319140858229203,96,96
3373,te_symbolic_k-10_kt-1_l-1_lt-1,cohmag_multitaper_mean_fs-1_fmin-0_fmax-0-25,0.17808222975956733,96,96
3374,te_symbolic_k-10_kt-1_l-1_lt-1,cohmag_multitaper_mean_fs-1_fmin-0-25_fmax-0-5,0.16052701454749096,96,96
3375,te_symbolic_k-10_kt-1_l-1_lt-1,cohmag_multitaper_max_fs-1_fmin-0_fmax-0-5,0.3339020569425303,96,96
3376,te_symbolic_k-10_kt-1_l-1_lt-1,cohmag_multitaper_max_fs-1_fmin-0_fmax-0-25,0.2774780903052634,96,96
3377,te_symbolic_k-10_kt-1_l-1_lt-1,cohmag_multitaper_max_fs-1_fmin-0-25_fmax-0-5,0.3013102979813302,96,96
3378,te_symbolic_k-10_kt-1_l-1_lt-1,psi_multitaper_mean_fs-1_fmin-0_fmax-0-5,0.6990014596738685,96,96
3379,te_symbolic_k-10_kt-1_l-1_lt-1,psi_multitaper_mean_fs-1_fmin-0_fmax-0-25,0.6990014596738685,96,96
3380,te_symbolic_k-10_kt-1_l-1_lt-1,psi_multitaper_mean_fs-1_fmin-0-25_fmax-0-5,0.6990014596738685,96,96
3381,phase_multitaper_mean_fs-1_fmin-0_fmax-0-5,phase_multitaper_mean_fs-1_fmin-0_fmax-0-25,0.05571461949655032,96,96
3382,phase_multitaper_mean_fs-1_fmin-0_fmax-0-5,phase_multitaper_mean_fs-1_fmin-0-25_fmax-0-5,0.030180566645736734,96,96
3383,phase_multitaper_mean_fs-1_fmin-0_fmax-0-5,phase_multitaper_max_fs-1_fmin-0_fmax-0-5,0.014407459771545672,96,96
3384,phase_multitaper_mean_fs-1_fmin-0_fmax-0-5,phase_multitaper_max_fs-1_fmin-0_fmax-0-25,0.039328969714065076,96,96
3385,phase_multitaper_mean_fs-1_fmin-0_fmax-0-5,phase_multitaper_max_fs-1_fmin-0-25_fmax-0-5,0.021410891277087507,96,96
3386,phase_multitaper_mean_fs-1_fmin-0_fmax-0-5,cohmag_multitaper_mean_fs-1_fmin-0_fmax-0-5,0.051442056372067835,96,96
3387,phase_multitaper_mean_fs-1_fmin-0_fmax-0-5,cohmag_multitaper_mean_fs-1_fmin-0_fmax-0-25,0.04356021465403048,96,96
3388,phase_multitaper_mean_fs-1_fmin-0_fmax-0-5,cohmag_multitaper_mean_fs-1_fmin-0-25_fmax-0-5,0.08342371148052352,96,96
3389,phase_multitaper_mean_fs-1_fmin-0_fmax-0-5,cohmag_multitaper_max_fs-1_fmin-0_fmax-0-5,0.05514780963454774,96,96
3390,phase_multitaper_mean_fs-1_fmin-0_fmax-0-5,cohmag_multitaper_max_fs-1_fmin-0_fmax-0-25,0.03776411788531325,96,96
3391,phase_multitaper_mean_fs-1_fmin-0_fmax-0-5,cohmag_multitaper_max_fs-1_fmin-0-25_fmax-0-5,0.05538508387158095,96,96
3392,phase_multitaper_mean_fs-1_fmin-0_fmax-0-5,psi_multitaper_mean_fs-1_fmin-0_fmax-0-5,0.125,96,96
3393,phase_multitaper_mean_fs-1_fmin-0_fmax-0-5,psi_multitaper_mean_fs-1_fmin-0_fmax-0-25,0.10416666666666667,96,96
3394,phase_multitaper_mean_fs-1_fmin-0_fmax-0-5,psi_multitaper_mean_fs-1_fmin-0-25_fmax-0-5,0.07291666666666667,96,96
3395,phase_multitaper_mean_fs-1_fmin-0_fmax-0-25,phase_multitaper_mean_fs-1_fmin-0-25_fmax-0-5,0.01911767600820502,96,96
3396,phase_multitaper_mean_fs-1_fmin-0_fmax-0-25,phase_multitaper_max_fs-1_fmin-0_fmax-0-5,0.10061102924588239,96,96
3397,phase_multitaper_mean_fs-1_fmin-0_fmax-0-25,phase_multitaper_max_fs-1_fmin-0_fmax-0-25,0.2787690079789199,96,96
3398,phase_multitaper_mean_fs-1_fmin-0_fmax-0-25,phase_multitaper_max_fs-1_fmin-0-25_fmax-0-5,0.017116161380808848,96,96
3399,phase_multitaper_mean_fs-1_fmin-0_fmax-0-25,cohmag_multitaper_mean_fs-1_fmin-0_fmax-0-5,0.06731260210663403,96,96
3400,phase_multitaper_mean_fs-1_fmin-0_fmax-0-25,cohmag_multitaper_mean_fs-1_fmin-0_fmax-0-25,0.05247114377614148,96,96
3401,phase_multitaper_mean_fs-1_fmin-0_fmax-0-25,cohmag_multitaper_mean_fs-1_fmin-0-25_fmax-0-5,0.058975890188964014,96,96
3402,phase_multitaper_mean_fs-1_fmin-0_fmax-0-25,cohmag_multitaper_max_fs-1_fmin-0_fmax-0-5,0.04951974208560911,96,96
3403,phase_multitaper_mean_fs-1_fmin-0_fmax-0-25,cohmag_multitaper_max_fs-1_fmin-0_fmax-0-25,0.04554293499640594,96,96
3404,phase_multitaper_mean_fs-1_fmin-0_fmax-0-25,cohmag_multitaper_max_fs-1_fmin-0-25_fmax-0-5,0.10175300180871241,96,96
3405,phase_multitaper_mean_fs-1_fmin-0_fmax-0-25,psi_multitaper_mean_fs-1_fmin-0_fmax-0-5,0.13541666666666666,96,96
3406,phase_multitaper_mean_fs-1_fmin-0_fmax-0-25,psi_multitaper_mean_fs-1_fmin-0_fmax-0-25,0.09375,96,96
3407,phase_multitaper_mean_fs-1_fmin-0_fmax-0-25,psi_multitaper_mean_fs-1_fmin-0-25_fmax-0-5,0.09375,96,96
3408,phase_multitaper_mean_fs-1_fmin-0-25_fmax-0-5,phase_multitaper_max_fs-1_fmin-0_fmax-0-5,0.07000236317658892,96,96
3409,phase_multitaper_mean_fs-1_fmin-0-25_fmax-0-5,phase_multitaper_max_fs-1_fmin-0_fmax-0-25,0.02086503529452477,96,96
3410,phase_multitaper_mean_fs-1_fmin-0-25_fmax-0-5,phase_multitaper_max_fs-1_fmin-0-25_fmax-0-5,0.27086499169824285,96,96
3411,phase_multitaper_mean_fs-1_fmin-0-25_fmax-0-5,cohmag_multitaper_mean_fs-1_fmin-0_fmax-0-5,0.02508054998536513,96,96
3412,phase_multitaper_mean_fs-1_fmin-0-25_fmax-0-5,cohmag_multitaper_mean_fs-1_fmin-0_fmax-0-25,0.04987818781888764,96,96
3413,phase_multitaper_mean_fs-1_fmin-0-25_fmax-0-5,cohmag_multitaper_mean_fs-1_fmin-0-25_fmax-0-5,0.0259797057353109,96,96
3414,phase_multitaper_mean_fs-1_fmin-0-25_fmax-0-5,cohmag_multitaper_max_fs-1_fmin-0_fmax-0-5,0.02244709669538121,96,96
3415,phase_multitaper_mean_fs-1_fmin-0-25_fmax-0-5,cohmag_multitaper_max_fs-1_fmin-0_fmax-0-25,0.06021960006306526,96,96
3416,phase_multitaper_mean_fs-1_fmin-0-25_fmax-0-5,cohmag_multitaper_max_fs-1_fmin-0-25_fmax-0-5,0.010954140718278882,96,96
3417,phase_multitaper_mean_fs-1_fmin-0-25_fmax-0-5,psi_multitaper_mean_fs-1_fmin-0_fmax-0-5,0.10416666666666667,96,96
3418,phase_multitaper_mean_fs-1_fmin-0-25_fmax-0-5,psi_multitaper_mean_fs-1_fmin-0_fmax-0-25,0.10416666666666667,96,96
3419,phase_multitaper_mean_fs-1_fmin-0-25_fmax-0-5,psi_multitaper_mean_fs-1_fmin-0-25_fmax-0-5,0.14583333333333334,96,96
3420,phase_multitaper_max_fs-1_fmin-0_fmax-0-5,phase_multitaper_max_fs-1_fmin-0_fmax-0-25,0.05196545279011461,96,96
3421,phase_multitaper_max_fs-1_fmin-0_fmax-0-5,phase_multitaper_max_fs-1_fmin-0-25_fmax-0-5,0.0750122859849297,96,96
3422,phase_multitaper_max_fs-1_fmin-0_fmax-0-5,cohmag_multitaper_mean_fs-1_fmin-0_fmax-0-5,0.07059016078074154,96,96
3423,phase_multitaper_max_fs-1_fmin-0_fmax-0-5,cohmag_multitaper_mean_fs-1_fmin-0_fmax-0-25,0.04564311523753736,96,96
3424,phase_multitaper_max_fs-1_fmin-0_fmax-0-5,cohmag_multitaper_mean_fs-1_fmin-0-25_fmax-0-5,0.08567046944327095,96,96
3425,phase_multitaper_max_fs-1_fmin-0_fmax-0-5,cohmag_multitaper_max_fs-1_fmin-0_fmax-0-5,0.02719774531862107,96,96
3426,phase_multitaper_max_fs-1_fmin-0_fmax-0-5,cohmag_multitaper_max_fs-1_fmin-0_fmax-0-25,0.027890995721495004,96,96
3427,phase_multitaper_max_fs-1_fmin-0_fmax-0-5,cohmag_multitaper_max_fs-1_fmin-0-25_fmax-0-5,0.031127146861384708,96,96
3428,phase_multitaper_max_fs-1_fmin-0_fmax-0-5,psi_multitaper_mean_fs-1_fmin-0_fmax-0-5,0.11458333333333333,96,96
3429,phase_multitaper_max_fs-1_fmin-0_fmax-0-5,psi_multitaper_mean_fs-1_fmin-0_fmax-0-25,0.15625,96,96
3430,phase_multitaper_max_fs-1_fmin-0_fmax-0-5,psi_multitaper_mean_fs-1_fmin-0-25_fmax-0-5,0.09375,96,96
3431,phase_multitaper_max_fs-1_fmin-0_fmax-0-25,phase_multitaper_max_fs-1_fmin-0-25_fmax-0-5,0.03601263212406258,96,96
3432,phase_multitaper_max_fs-1_fmin-0_fmax-0-25,cohmag_multitaper_mean_fs-1_fmin-0_fmax-0-5,0.07650003812794326,96,96
3433,phase_multitaper_max_fs-1_fmin-0_fmax-0-25,cohmag_multitaper_mean_fs-1_fmin-0_fmax-0-25,0.02918267174205147,96,96
3434,phase_multitaper_max_fs-1_fmin-0_fmax-0-25,cohmag_multitaper_mean_fs-1_fmin-0-25_fmax-0-5,0.08438614012515822,96,96
3435,phase_multitaper_max_fs-1_fmin-0_fmax-0-25,cohmag_multitaper_max_fs-1_fmin-0_fmax-0-5,0.05719656849191557,96,96
3436,phase_multitaper_max_fs-1_fmin-0_fmax-0-25,cohmag_multitaper_max_fs-1_fmin-0_fmax-0-25,0.0670667248987768,96,96
3437,phase_multitaper_max_fs-1_fmin-0_fmax-0-25,cohmag_multitaper_max_fs-1_fmin-0-25_fmax-0-5,0.08606597802502589,96,96
3438,phase_multitaper_max_fs-1_fmin-0_fmax-0-25,psi_multitaper_mean_fs-1_fmin-0_fmax-0-5,0.15625,96,96
3439,phase_multitaper_max_fs-1_fmin-0_fmax-0-25,psi_multitaper_mean_fs-1_fmin-0_fmax-0-25,0.14583333333333334,96,96
3440,phase_multitaper_max_fs-1_fmin-0_fmax-0-25,psi_multitaper_mean_fs-1_fmin-0-25_fmax-0-5,0.16666666666666666,96,96
3441,phase_multitaper_max_fs-1_fmin-0-25_fmax-0-5,cohmag_multitaper_mean_fs-1_fmin-0_fmax-0-5,0.026720750991474196,96,96
3442,phase_multitaper_max_fs-1_fmin-0-25_fmax-0-5,cohmag_multitaper_mean_fs-1_fmin-0_fmax-0-25,0.05356545095230361,96,96
3443,phase_multitaper_max_fs-1_fmin-0-25_fmax-0-5,cohmag_multitaper_mean_fs-1_fmin-0-25_fmax-0-5,0.0455375953427809,96,96
3444,phase_multitaper_max_fs-1_fmin-0-25_fmax-0-5,cohmag_multitaper_max_fs-1_fmin-0_fmax-0-5,0.03080279818590914,96,96
3445,phase_multitaper_max_fs-1_fmin-0-25_fmax-0-5,cohmag_multitaper_max_fs-1_fmin-0_fmax-0-25,0.031645039778654294,96,96
3446,phase_multitaper_max_fs-1_fmin-0-25_fmax-0-5,cohmag_multitaper_max_fs-1_fmin-0-25_fmax-0-5,0.013721943069332831,96,96
3447,phase_multitaper_max_fs-1_fmin-0-25_fmax-0-5,psi_multitaper_mean_fs-1_fmin-0_fmax-0-5,0.09375,96,96
3448,phase_multitaper_max_fs-1_fmin-0-25_fmax-0-5,psi_multitaper_mean_fs-1_fmin-0_fmax-0-25,0.10416666666666667,96,96
3449,phase_multitaper_max_fs-1_fmin-0-25_fmax-0-5,psi_multitaper_mean_fs-1_fmin-0-25_fmax-0-5,0.11458333333333333,96,96
3450,cohmag_multitaper_mean_fs-1_fmin-0_fmax-0-5,cohmag_multitaper_mean_fs-1_fmin-0_fmax-0-25,0.9842970988853056,96,96
3451,cohmag_multitaper_mean_fs-1_fmin-0_fmax-0-5,cohmag_multitaper_mean_fs-1_fmin-0-25_fmax-0-5,0.9766237274526971,96,96
3452,cohmag_multitaper_mean_fs-1_fmin-0_fmax-0-5,cohmag_multitaper_max_fs-1_fmin-0_fmax-0-5,0.9459193222686467,96,96
3453,cohmag_multitaper_mean_fs-1_fmin-0_fmax-0-5,cohmag_multitaper_max_fs-1_fmin-0_fmax-0-25,0.96227556451187,96,96
3454,cohmag_multitaper_mean_fs-1_fmin-0_fmax-0-5,cohmag_multitaper_max_fs-1_fmin-0-25_fmax-0-5,0.9605929982381725,96,96
3455,cohmag_multitaper_mean_fs-1_fmin-0_fmax-0-5,psi_multitaper_mean_fs-1_fmin-0_fmax-0-5,0.17708333333333334,96,96
3456,cohmag_multitaper_mean_fs-1_fmin-0_fmax-0-5,psi_multitaper_mean_fs-1_fmin-0_fmax-0-25,0.09375,96,96
3457,cohmag_multitaper_mean_fs-1_fmin-0_fmax-0-5,psi_multitaper_mean_fs-1_fmin-0-25_fmax-0-5,0.10416666666666667,96,96
3458,cohmag_multitaper_mean_fs-1_fmin-0_fmax-0-25,cohmag_multitaper_mean_fs-1_fmin-0-25_fmax-0-5,0.9989871410390486,96,96
3459,cohmag_multitaper_mean_fs-1_fmin-0_fmax-0-25,cohmag_multitaper_max_fs-1_fmin-0_fmax-0-5,0.9689416268307357,96,96
3460,cohmag_multitaper_mean_fs-1_fmin-0_fmax-0-25,cohmag_multitaper_max_fs-1_fmin-0_fmax-0-25,0.9243380489316995,96,96
3461,cohmag_multitaper_mean_fs-1_fmin-0_fmax-0-25,cohmag_multitaper_max_fs-1_fmin-0-25_fmax-0-5,0.9812482803329771,96,96
3462,cohmag_multitaper_mean_fs-1_fmin-0_fmax-0-25,psi_multitaper_mean_fs-1_fmin-0_fmax-0-5,0.11458333333333333,96,96
3463,cohmag_multitaper_mean_fs-1_fmin-0_fmax-0-25,psi_multitaper_mean_fs-1_fmin-0_fmax-0-25,0.08333333333333333,96,96
3464,cohmag_multitaper_mean_fs-1_fmin-0_fmax-0-25,psi_multitaper_mean_fs-1_fmin-0-25_fmax-0-5,0.07291666666666667,96,96
3465,cohmag_multitaper_mean_fs-1_fmin-0-25_fmax-0-5,cohmag_multitaper_max_fs-1_fmin-0_fmax-0-5,0.9468315610664955,96,96
3466,cohmag_multitaper_mean_fs-1_fmin-0-25_fmax-0-5,cohmag_multitaper_max_fs-1_fmin-0_fmax-0-25,0.9816172630071571,96,96
3467,cohmag_multitaper_mean_fs-1_fmin-0-25_fmax-0-5,cohmag_multitaper_max_fs-1_fmin-0-25_fmax-0-5,0.9261715045448324,96,96
3468,cohmag_multitaper_mean_fs-1_fmin-0-25_fmax-0-5,psi_multitaper_mean_fs-1_fmin-0_fmax-0-5,0.09375,96,96
3469,cohmag_multitaper_mean_fs-1_fmin-0-25_fmax-0-5,psi_multitaper_mean_fs-1_fmin-0_fmax-0-25,0.09375,96,96
3470,cohmag_multitaper_mean_fs-1_fmin-0-25_fmax-0-5,psi_multitaper_mean_fs-1_fmin-0-25_fmax-0-5,0.21875,96,96
3471,cohmag_multitaper_max_fs-1_fmin-0_fmax-0-5,cohmag_multitaper_max_fs-1_fmin-0_fmax-0-25,0.8993241124573086,96,96
3472,cohmag_multitaper_max_fs-1_fmin-0_fmax-0-5,cohmag_multitaper_max_fs-1_fmin-0-25_fmax-0-5,0.8902073273384745,96,96
3473,cohmag_multitaper_max_fs-1_fmin-0_fmax-0-5,psi_multitaper_mean_fs-1_fmin-0_fmax-0-5,0.11458333333333333,96,96
3474,cohmag_multitaper_max_fs-1_fmin-0_fmax-0-5,psi_multitaper_mean_fs-1_fmin-0_fmax-0-25,0.07291666666666667,96,96
3475,cohmag_multitaper_max_fs-1_fmin-0_fmax-0-5,psi_multitaper_mean_fs-1_fmin-0-25_fmax-0-5,0.17708333333333334,96,96
3476,cohmag_multitaper_max_fs-1_fmin-0_fmax-0-25,cohmag_multitaper_max_fs-1_fmin-0-25_fmax-0-5,0.9793540624203478,96,96
3477,cohmag_multitaper_max_fs-1_fmin-0_fmax-0-25,psi_multitaper_mean_fs-1_fmin-0_fmax-0-5,0.10416666666666667,96,96
3478,cohmag_multitaper_max_fs-1_fmin-0_fmax-0-25,psi_multitaper_mean_fs-1_fmin-0_fmax-0-25,0.10416666666666667,96,96
3479,cohmag_multitaper_max_fs-1_fmin-0_fmax-0-25,psi_multitaper_mean_fs-1_fmin-0-25_fmax-0-5,0.13541666666666666,96,96
3480,cohmag_multitaper_max_fs-1_fmin-0-25_fmax-0-5,psi_multitaper_mean_fs-1_fmin-0_fmax-0-5,0.09375,96,96
3481,cohmag_multitaper_max_fs-1_fmin-0-25_fmax-0-5,psi_multitaper_mean_fs-1_fmin-0_fmax-0-25,0.10416666666666667,96,96
3482,cohmag_multitaper_max_fs-1_fmin-0-25_fmax-0-5,psi_multitaper_mean_fs-1_fmin-0-25_fmax-0-5,0.14583333333333334,96,96
3483,psi_multitaper_mean_fs-1_fmin-0_fmax-0-5,psi_multitaper_mean_fs-1_fmin-0_fmax-0-25,0.14583333333333334,96,96
3484,psi_multitaper_mean_fs-1_fmin-0_fmax-0-5,psi_multitaper_mean_fs-1_fmin-0-25_fmax-0-5,0.09375,96,96
3485,psi_multitaper_mean_fs-1_fmin-0_fmax-0-25,psi_multitaper_mean_fs-1_fmin-0-25_fmax-0-5,0.125,96,96
