feature_index,SPI-1,SPI-2,ks_statistic,n_MackeyGlass,n_VAR(1)-Unidirectional
0,cov_EmpiricalCovariance,cov_EllipticEnvelope,0.8939725882020587,96,96
1,cov_EmpiricalCovariance,cov_GraphicalLasso,0.9620132798053334,96,96
2,cov_EmpiricalCovariance,cov_GraphicalLassoCV,0.8198504602359341,96,96
3,cov_EmpiricalCovariance,cov_LedoitWolf,0.15625,96,96
4,cov_EmpiricalCovariance,cov_MinCovDet,0.8971064864678272,96,96
5,cov_EmpiricalCovariance,cov_OAS,0.125,96,96
6,cov_EmpiricalCovariance,cov_ShrunkCovariance,0.125,96,96
7,cov_EmpiricalCovariance,cov-sq_EmpiricalCovariance,0.1710194202206946,96,96
8,cov_EmpiricalCovariance,cov-sq_EllipticEnvelope,0.30212599339542195,96,96
9,cov_EmpiricalCovariance,cov-sq_GraphicalLasso,0.27709960577069104,96,96
10,cov_EmpiricalCovariance,cov-sq_GraphicalLassoCV,0.18466223518536207,96,96
11,cov_EmpiricalCovariance,cov-sq_LedoitWolf,0.1710194202206946,96,96
12,cov_EmpiricalCovariance,cov-sq_MinCovDet,0.3164483181037051,96,96
13,cov_EmpiricalCovariance,cov-sq_OAS,0.1710194202206946,96,96
14,cov_EmpiricalCovariance,cov-sq_ShrunkCovariance,0.1710194202206946,96,96
15,cov_EmpiricalCovariance,prec_EmpiricalCovariance,0.9999987048333251,96,96
16,cov_EmpiricalCovariance,prec_EllipticEnvelope,0.9999926413145243,96,96
17,cov_EmpiricalCovariance,prec_GraphicalLasso,0.9194444602534225,96,96
18,cov_EmpiricalCovariance,prec_GraphicalLassoCV,0.1150687232686809,96,96
19,cov_EmpiricalCovariance,prec_LedoitWolf,0.8530965078206367,96,96
20,cov_EmpiricalCovariance,prec_MinCovDet,0.9999813773359109,96,96
21,cov_EmpiricalCovariance,prec_OAS,0.8340808591097588,96,96
22,cov_EmpiricalCovariance,prec_ShrunkCovariance,0.6514533361360977,96,96
23,cov_EmpiricalCovariance,prec-sq_EmpiricalCovariance,0.09017585393398578,96,96
24,cov_EmpiricalCovariance,prec-sq_EllipticEnvelope,0.1985259415780179,96,96
25,cov_EmpiricalCovariance,prec-sq_GraphicalLasso,0.23457287301719104,96,96
26,cov_EmpiricalCovariance,prec-sq_GraphicalLassoCV,0.21607130430598376,96,96
27,cov_EmpiricalCovariance,prec-sq_LedoitWolf,0.2792771307656095,96,96
28,cov_EmpiricalCovariance,prec-sq_MinCovDet,0.19985896816426252,96,96
29,cov_EmpiricalCovariance,prec-sq_OAS,0.29414957787980217,96,96
30,cov_EmpiricalCovariance,prec-sq_ShrunkCovariance,0.3558124359493002,96,96
31,cov_EmpiricalCovariance,spearmanr-sq,0.17243724783010628,96,96
32,cov_EmpiricalCovariance,spearmanr,0.15109823253578114,96,96
33,cov_EmpiricalCovariance,kendalltau-sq,0.1689180987519049,96,96
34,cov_EmpiricalCovariance,kendalltau,0.19094172319933045,96,96
35,cov_EmpiricalCovariance,xcorr_max_sig-True,0.33707668302350374,96,96
36,cov_EmpiricalCovariance,xcorr-sq_max_sig-True,0.2901242759065533,96,96
37,cov_EmpiricalCovariance,xcorr_mean_sig-True,0.1968186245799114,96,96
38,cov_EmpiricalCovariance,xcorr-sq_mean_sig-True,0.21841989566912512,96,96
39,cov_EmpiricalCovariance,xcorr_mean_sig-False,0.15376461324396917,96,96
40,cov_EmpiricalCovariance,xcorr-sq_mean_sig-False,0.278039667470935,96,96
41,cov_EmpiricalCovariance,pdist_euclidean,0.08333333333333333,96,96
42,cov_EmpiricalCovariance,pdist_cityblock,0.5489245394147672,96,96
43,cov_EmpiricalCovariance,pdist_cosine,0.16666666666666666,96,96
44,cov_EmpiricalCovariance,pdist_chebyshev,0.9539391829062075,96,96
45,cov_EmpiricalCovariance,pdist_canberra,0.5958312747299395,96,96
46,cov_EmpiricalCovariance,pdist_braycurtis,0.32419843160979617,96,96
47,cov_EmpiricalCovariance,di_gaussian,1.0,96,96
48,cov_EmpiricalCovariance,di_kozachenko,0.5468829002512722,96,96
49,cov_EmpiricalCovariance,di_kernel_W-0.5,0.7219410805622253,96,96
50,cov_EmpiricalCovariance,mi_gaussian,0.1710194202206946,96,96
51,cov_EmpiricalCovariance,mi_kraskov_NN-4,0.5090251928151124,96,96
52,cov_EmpiricalCovariance,mi_kraskov_NN-4_DCE,0.5222869990936965,96,96
53,cov_EmpiricalCovariance,mi_kernel_W-0.25,0.3405095776206827,96,96
54,cov_EmpiricalCovariance,tlmi_gaussian,0.21978249951788043,96,96
55,cov_EmpiricalCovariance,tlmi_kraskov_NN-4,0.6057162607554434,96,96
56,cov_EmpiricalCovariance,tlmi_kraskov_NN-4_DCE,0.6067967936781871,96,96
57,cov_EmpiricalCovariance,tlmi_kernel_W-0.25,0.3936389006574794,96,96
58,cov_EmpiricalCovariance,te_kraskov_NN-4_k-max-10_tau-max-4,0.3110068927044439,96,96
59,cov_EmpiricalCovariance,te_kraskov_NN-4_DCE_k-max-10_tau-max-4,0.32839286408686896,96,96
60,cov_EmpiricalCovariance,te_kraskov_NN-4_DCE_k-2_kt-1_l-1_lt-1,0.26786166915370807,96,96
61,cov_EmpiricalCovariance,te_kraskov_NN-4_DCE_k-1_kt-1_l-1_lt-1,0.29896060076197684,96,96
62,cov_EmpiricalCovariance,te_kraskov_NN-4_k-1_kt-1_l-1_lt-1,0.3819878994750715,96,96
63,cov_EmpiricalCovariance,te_kernel_W-0.25_k-1,0.19091299347997892,96,96
64,cov_EmpiricalCovariance,gc_gaussian_k-max-10_tau-max-2,1.0,96,96
65,cov_EmpiricalCovariance,gc_gaussian_k-1_kt-1_l-1_lt-1,0.2190050579080411,96,96
66,cov_EmpiricalCovariance,te_symbolic_k-1_kt-1_l-1_lt-1,0.2190050579080411,96,96
67,cov_EmpiricalCovariance,te_symbolic_k-10_kt-1_l-1_lt-1,1.0,96,96
68,cov_EmpiricalCovariance,psi_multitaper_mean_fs-1_fmin-0_fmax-0-5,0.11458333333333333,96,96
69,cov_EmpiricalCovariance,psi_multitaper_mean_fs-1_fmin-0_fmax-0-25,0.0625,96,96
70,cov_EmpiricalCovariance,psi_multitaper_mean_fs-1_fmin-0-25_fmax-0-5,0.17708333333333334,96,96
71,cov_EmpiricalCovariance,psi_wavelet_mean_fs-1_fmin-0_fmax-0-5_mean,0.11178695643714076,96,96
72,cov_EmpiricalCovariance,psi_wavelet_mean_fs-1_fmin-0_fmax-0-25_mean,0.10713999992940604,96,96
73,cov_EmpiricalCovariance,psi_wavelet_mean_fs-1_fmin-0-25_fmax-0-5_mean,0.11714650841768914,96,96
74,cov_EmpiricalCovariance,psi_wavelet_max_fs-1_fmin-0_fmax-0-5_max,0.12705175862342377,96,96
75,cov_EmpiricalCovariance,psi_wavelet_max_fs-1_fmin-0_fmax-0-25_max,0.10986489576543168,96,96
76,cov_EmpiricalCovariance,psi_wavelet_max_fs-1_fmin-0-25_fmax-0-5_max,0.14185207107715514,96,96
77,cov_EmpiricalCovariance,pec,0.7345931367843875,96,96
78,cov_EmpiricalCovariance,pec_orth,0.34173052144416743,96,96
79,cov_EmpiricalCovariance,pec_log,0.7405074021199392,96,96
80,cov_EmpiricalCovariance,pec_orth_log,0.3234228619290896,96,96
81,cov_EmpiricalCovariance,pec_orth_abs,0.34695233953062155,96,96
82,cov_EmpiricalCovariance,pec_orth_log_abs,0.258063578057597,96,96
83,cov_EllipticEnvelope,cov_GraphicalLasso,0.92947380612938,96,96
84,cov_EllipticEnvelope,cov_GraphicalLassoCV,0.6345397196433462,96,96
85,cov_EllipticEnvelope,cov_LedoitWolf,0.8939725882020587,96,96
86,cov_EllipticEnvelope,cov_MinCovDet,0.8642605510696816,96,96
87,cov_EllipticEnvelope,cov_OAS,0.8939725882020587,96,96
88,cov_EllipticEnvelope,cov_ShrunkCovariance,0.8939725882020587,96,96
89,cov_EllipticEnvelope,cov-sq_EmpiricalCovariance,0.3028699141699014,96,96
90,cov_EllipticEnvelope,cov-sq_EllipticEnvelope,0.13134676496586295,96,96
91,cov_EllipticEnvelope,cov-sq_GraphicalLasso,0.5349821728268606,96,96
92,cov_EllipticEnvelope,cov-sq_GraphicalLassoCV,0.32756160770546744,96,96
93,cov_EllipticEnvelope,cov-sq_LedoitWolf,0.3028699141699014,96,96
94,cov_EllipticEnvelope,cov-sq_MinCovDet,0.11719137025800397,96,96
95,cov_EllipticEnvelope,cov-sq_OAS,0.3028699141699014,96,96
96,cov_EllipticEnvelope,cov-sq_ShrunkCovariance,0.3028699141699014,96,96
97,cov_EllipticEnvelope,prec_EmpiricalCovariance,0.9999961250740171,96,96
98,cov_EllipticEnvelope,prec_EllipticEnvelope,0.9999995262217016,96,96
99,cov_EllipticEnvelope,prec_GraphicalLasso,0.9899123733158652,96,96
100,cov_EllipticEnvelope,prec_GraphicalLassoCV,0.7509982385638875,96,96
101,cov_EllipticEnvelope,prec_LedoitWolf,0.998661355551102,96,96
102,cov_EllipticEnvelope,prec_MinCovDet,0.9999993887735602,96,96
103,cov_EllipticEnvelope,prec_OAS,0.9967368606413893,96,96
104,cov_EllipticEnvelope,prec_ShrunkCovariance,0.916031797757633,96,96
105,cov_EllipticEnvelope,prec-sq_EmpiricalCovariance,0.41880402133979977,96,96
106,cov_EllipticEnvelope,prec-sq_EllipticEnvelope,0.45674916450802366,96,96
107,cov_EllipticEnvelope,prec-sq_GraphicalLasso,0.47230038397182134,96,96
108,cov_EllipticEnvelope,prec-sq_GraphicalLassoCV,0.31214458659854283,96,96
109,cov_EllipticEnvelope,prec-sq_LedoitWolf,0.2312464670729246,96,96
110,cov_EllipticEnvelope,prec-sq_MinCovDet,0.45337259487529014,96,96
111,cov_EllipticEnvelope,prec-sq_OAS,0.25791117005256387,96,96
112,cov_EllipticEnvelope,prec-sq_ShrunkCovariance,0.180213407161114,96,96
113,cov_EllipticEnvelope,spearmanr-sq,0.2966130351749655,96,96
114,cov_EllipticEnvelope,spearmanr,0.9282763852831603,96,96
115,cov_EllipticEnvelope,kendalltau-sq,0.30627679476625524,96,96
116,cov_EllipticEnvelope,kendalltau,0.9320154040609648,96,96
117,cov_EllipticEnvelope,xcorr_max_sig-True,0.3143283096141498,96,96
118,cov_EllipticEnvelope,xcorr-sq_max_sig-True,0.3088883840072831,96,96
119,cov_EllipticEnvelope,xcorr_mean_sig-True,0.20097717696995543,96,96
120,cov_EllipticEnvelope,xcorr-sq_mean_sig-True,0.22544876897606664,96,96
121,cov_EllipticEnvelope,xcorr_mean_sig-False,0.24992705989998112,96,96
122,cov_EllipticEnvelope,xcorr-sq_mean_sig-False,0.2909613770779953,96,96
123,cov_EllipticEnvelope,pdist_euclidean,0.8939725882020588,96,96
124,cov_EllipticEnvelope,pdist_cityblock,0.8959824640301226,96,96
125,cov_EllipticEnvelope,pdist_cosine,0.8939725882020588,96,96
126,cov_EllipticEnvelope,pdist_chebyshev,0.18535442760705642,96,96
127,cov_EllipticEnvelope,pdist_canberra,0.7890297267335968,96,96
128,cov_EllipticEnvelope,pdist_braycurtis,0.9133540426249459,96,96
129,cov_EllipticEnvelope,di_gaussian,1.0,96,96
130,cov_EllipticEnvelope,di_kozachenko,0.2504491633095046,96,96
131,cov_EllipticEnvelope,di_kernel_W-0.5,0.5501483774169539,96,96
132,cov_EllipticEnvelope,mi_gaussian,0.3028699141699014,96,96
133,cov_EllipticEnvelope,mi_kraskov_NN-4,0.10890868829495219,96,96
134,cov_EllipticEnvelope,mi_kraskov_NN-4_DCE,0.12673328287268673,96,96
135,cov_EllipticEnvelope,mi_kernel_W-0.25,0.20091812973880682,96,96
136,cov_EllipticEnvelope,tlmi_gaussian,0.10231036295131773,96,96
137,cov_EllipticEnvelope,tlmi_kraskov_NN-4,0.3597575627075724,96,96
138,cov_EllipticEnvelope,tlmi_kraskov_NN-4_DCE,0.30043453012315435,96,96
139,cov_EllipticEnvelope,tlmi_kernel_W-0.25,0.10707784868378845,96,96
140,cov_EllipticEnvelope,te_kraskov_NN-4_k-max-10_tau-max-4,0.20073530378920013,96,96
141,cov_EllipticEnvelope,te_kraskov_NN-4_DCE_k-max-10_tau-max-4,0.4987822428112626,96,96
142,cov_EllipticEnvelope,te_kraskov_NN-4_DCE_k-2_kt-1_l-1_lt-1,0.4645462240752346,96,96
143,cov_EllipticEnvelope,te_kraskov_NN-4_DCE_k-1_kt-1_l-1_lt-1,0.4723900333148179,96,96
144,cov_EllipticEnvelope,te_kraskov_NN-4_k-1_kt-1_l-1_lt-1,0.3008094865800766,96,96
145,cov_EllipticEnvelope,te_kernel_W-0.25_k-1,0.08789036324264776,96,96
146,cov_EllipticEnvelope,gc_gaussian_k-max-10_tau-max-2,1.0,96,96
147,cov_EllipticEnvelope,gc_gaussian_k-1_kt-1_l-1_lt-1,0.18532289635291377,96,96
148,cov_EllipticEnvelope,te_symbolic_k-1_kt-1_l-1_lt-1,0.18532289635291377,96,96
149,cov_EllipticEnvelope,te_symbolic_k-10_kt-1_l-1_lt-1,1.0,96,96
150,cov_EllipticEnvelope,psi_multitaper_mean_fs-1_fmin-0_fmax-0-5,0.125,96,96
151,cov_EllipticEnvelope,psi_multitaper_mean_fs-1_fmin-0_fmax-0-25,0.16666666666666666,96,96
152,cov_EllipticEnvelope,psi_multitaper_mean_fs-1_fmin-0-25_fmax-0-5,0.07291666666666667,96,96
153,cov_EllipticEnvelope,psi_wavelet_mean_fs-1_fmin-0_fmax-0-5_mean,0.1180980811779514,96,96
154,cov_EllipticEnvelope,psi_wavelet_mean_fs-1_fmin-0_fmax-0-25_mean,0.10889109690782028,96,96
155,cov_EllipticEnvelope,psi_wavelet_mean_fs-1_fmin-0-25_fmax-0-5_mean,0.13450204206541916,96,96
156,cov_EllipticEnvelope,psi_wavelet_max_fs-1_fmin-0_fmax-0-5_max,0.1528634151471805,96,96
157,cov_EllipticEnvelope,psi_wavelet_max_fs-1_fmin-0_fmax-0-25_max,0.11056061770818448,96,96
158,cov_EllipticEnvelope,psi_wavelet_max_fs-1_fmin-0-25_fmax-0-5_max,0.17116103662784898,96,96
159,cov_EllipticEnvelope,pec,0.10946142718846193,96,96
160,cov_EllipticEnvelope,pec_orth,0.35401181497521594,96,96
161,cov_EllipticEnvelope,pec_log,0.11889899834800244,96,96
162,cov_EllipticEnvelope,pec_orth_log,0.30633585205429187,96,96
163,cov_EllipticEnvelope,pec_orth_abs,0.35555376424963664,96,96
164,cov_EllipticEnvelope,pec_orth_log_abs,0.20049075233724814,96,96
165,cov_GraphicalLasso,cov_GraphicalLassoCV,0.6897235535625645,96,96
166,cov_GraphicalLasso,cov_LedoitWolf,0.9620132798053334,96,96
167,cov_GraphicalLasso,cov_MinCovDet,0.9323128490460841,96,96
168,cov_GraphicalLasso,cov_OAS,0.9620132798053334,96,96
169,cov_GraphicalLasso,cov_ShrunkCovariance,0.9620132798053334,96,96
170,cov_GraphicalLasso,cov-sq_EmpiricalCovariance,0.2618092443904133,96,96
171,cov_GraphicalLasso,cov-sq_EllipticEnvelope,0.5316337614354856,96,96
172,cov_GraphicalLasso,cov-sq_GraphicalLasso,0.27846043645527874,96,96
173,cov_GraphicalLasso,cov-sq_GraphicalLassoCV,0.3103975948479443,96,96
174,cov_GraphicalLasso,cov-sq_LedoitWolf,0.2618092443904133,96,96
175,cov_GraphicalLasso,cov-sq_MinCovDet,0.5671495650062855,96,96
176,cov_GraphicalLasso,cov-sq_OAS,0.2618092443904133,96,96
177,cov_GraphicalLasso,cov-sq_ShrunkCovariance,0.2618092443904133,96,96
178,cov_GraphicalLasso,prec_EmpiricalCovariance,0.9971363050446446,96,96
179,cov_GraphicalLasso,prec_EllipticEnvelope,0.9976562993909608,96,96
180,cov_GraphicalLasso,prec_GraphicalLasso,0.8777067234360192,96,96
181,cov_GraphicalLasso,prec_GraphicalLassoCV,0.739347359737302,96,96
182,cov_GraphicalLasso,prec_LedoitWolf,0.8809369809741333,96,96
183,cov_GraphicalLasso,prec_MinCovDet,0.998006341133487,96,96
184,cov_GraphicalLasso,prec_OAS,0.8653252928497299,96,96
185,cov_GraphicalLasso,prec_ShrunkCovariance,0.8122898311131884,96,96
186,cov_GraphicalLasso,prec-sq_EmpiricalCovariance,0.23950194580673048,96,96
187,cov_GraphicalLasso,prec-sq_EllipticEnvelope,0.33854125185868955,96,96
188,cov_GraphicalLasso,prec-sq_GraphicalLasso,0.23286878788315368,96,96
189,cov_GraphicalLasso,prec-sq_GraphicalLassoCV,0.28188946884915667,96,96
190,cov_GraphicalLasso,prec-sq_LedoitWolf,0.20238106895259397,96,96
191,cov_GraphicalLasso,prec-sq_MinCovDet,0.3515443746015118,96,96
192,cov_GraphicalLasso,prec-sq_OAS,0.1965702971434507,96,96
193,cov_GraphicalLasso,prec-sq_ShrunkCovariance,0.1591717346772161,96,96
194,cov_GraphicalLasso,spearmanr-sq,0.2630261404833456,96,96
195,cov_GraphicalLasso,spearmanr,0.9364664050246975,96,96
196,cov_GraphicalLasso,kendalltau-sq,0.2644185492873403,96,96
197,cov_GraphicalLasso,kendalltau,0.938493169431477,96,96
198,cov_GraphicalLasso,xcorr_max_sig-True,0.21916044449852967,96,96
199,cov_GraphicalLasso,xcorr-sq_max_sig-True,0.2129772611007231,96,96
200,cov_GraphicalLasso,xcorr_mean_sig-True,0.19322893601879243,96,96
201,cov_GraphicalLasso,xcorr-sq_mean_sig-True,0.4255639811504756,96,96
202,cov_GraphicalLasso,xcorr_mean_sig-False,0.18798114152935133,96,96
203,cov_GraphicalLasso,xcorr-sq_mean_sig-False,0.4862189094201348,96,96
204,cov_GraphicalLasso,pdist_euclidean,0.9620132798053334,96,96
205,cov_GraphicalLasso,pdist_cityblock,0.8972371433975245,96,96
206,cov_GraphicalLasso,pdist_cosine,0.9620132798053334,96,96
207,cov_GraphicalLasso,pdist_chebyshev,0.16875146803946872,96,96
208,cov_GraphicalLasso,pdist_canberra,0.7472100895378033,96,96
209,cov_GraphicalLasso,pdist_braycurtis,0.927466906598954,96,96
210,cov_GraphicalLasso,di_gaussian,1.0,96,96
211,cov_GraphicalLasso,di_kozachenko,0.18929958047500495,96,96
212,cov_GraphicalLasso,di_kernel_W-0.5,0.37098958113666436,96,96
213,cov_GraphicalLasso,mi_gaussian,0.2618092443904133,96,96
214,cov_GraphicalLasso,mi_kraskov_NN-4,0.14473124830529893,96,96
215,cov_GraphicalLasso,mi_kraskov_NN-4_DCE,0.17082948340819665,96,96
216,cov_GraphicalLasso,mi_kernel_W-0.25,0.18541990578957407,96,96
217,cov_GraphicalLasso,tlmi_gaussian,0.24024472073040737,96,96
218,cov_GraphicalLasso,tlmi_kraskov_NN-4,0.27847858476505727,96,96
219,cov_GraphicalLasso,tlmi_kraskov_NN-4_DCE,0.24426567646298203,96,96
220,cov_GraphicalLasso,tlmi_kernel_W-0.25,0.17231390457904283,96,96
221,cov_GraphicalLasso,te_kraskov_NN-4_k-max-10_tau-max-4,0.4691754334758582,96,96
222,cov_GraphicalLasso,te_kraskov_NN-4_DCE_k-max-10_tau-max-4,0.38693564100448075,96,96
223,cov_GraphicalLasso,te_kraskov_NN-4_DCE_k-2_kt-1_l-1_lt-1,0.32343484397585975,96,96
224,cov_GraphicalLasso,te_kraskov_NN-4_DCE_k-1_kt-1_l-1_lt-1,0.3467601812600874,96,96
225,cov_GraphicalLasso,te_kraskov_NN-4_k-1_kt-1_l-1_lt-1,0.2346851720064591,96,96
226,cov_GraphicalLasso,te_kernel_W-0.25_k-1,0.21511951489906028,96,96
227,cov_GraphicalLasso,gc_gaussian_k-max-10_tau-max-2,1.0,96,96
228,cov_GraphicalLasso,gc_gaussian_k-1_kt-1_l-1_lt-1,0.1543728004744911,96,96
229,cov_GraphicalLasso,te_symbolic_k-1_kt-1_l-1_lt-1,0.1543728004744911,96,96
230,cov_GraphicalLasso,te_symbolic_k-10_kt-1_l-1_lt-1,1.0,96,96
231,cov_GraphicalLasso,psi_multitaper_mean_fs-1_fmin-0_fmax-0-5,0.125,96,96
232,cov_GraphicalLasso,psi_multitaper_mean_fs-1_fmin-0_fmax-0-25,0.125,96,96
233,cov_GraphicalLasso,psi_multitaper_mean_fs-1_fmin-0-25_fmax-0-5,0.125,96,96
234,cov_GraphicalLasso,psi_wavelet_mean_fs-1_fmin-0_fmax-0-5_mean,0.07453310111071465,96,96
235,cov_GraphicalLasso,psi_wavelet_mean_fs-1_fmin-0_fmax-0-25_mean,0.060617772454990004,96,96
236,cov_GraphicalLasso,psi_wavelet_mean_fs-1_fmin-0-25_fmax-0-5_mean,0.08137702978143033,96,96
237,cov_GraphicalLasso,psi_wavelet_max_fs-1_fmin-0_fmax-0-5_max,0.05912251032136598,96,96
238,cov_GraphicalLasso,psi_wavelet_max_fs-1_fmin-0_fmax-0-25_max,0.06540108449619361,96,96
239,cov_GraphicalLasso,psi_wavelet_max_fs-1_fmin-0-25_fmax-0-5_max,0.054930159529867906,96,96
240,cov_GraphicalLasso,pec,0.16261078840749577,96,96
241,cov_GraphicalLasso,pec_orth,0.27336206717887,96,96
242,cov_GraphicalLasso,pec_log,0.187556822215331,96,96
243,cov_GraphicalLasso,pec_orth_log,0.26266469374119017,96,96
244,cov_GraphicalLasso,pec_orth_abs,0.2627810394331864,96,96
245,cov_GraphicalLasso,pec_orth_log_abs,0.1593557692013207,96,96
246,cov_GraphicalLassoCV,cov_LedoitWolf,0.8198504602359341,96,96
247,cov_GraphicalLassoCV,cov_MinCovDet,0.6342600408905033,96,96
248,cov_GraphicalLassoCV,cov_OAS,0.8198504602359341,96,96
249,cov_GraphicalLassoCV,cov_ShrunkCovariance,0.8198504602359341,96,96
250,cov_GraphicalLassoCV,cov-sq_EmpiricalCovariance,0.20959772969206858,96,96
251,cov_GraphicalLassoCV,cov-sq_EllipticEnvelope,0.2939310121095571,96,96
252,cov_GraphicalLassoCV,cov-sq_GraphicalLasso,0.26744117989908167,96,96
253,cov_GraphicalLassoCV,cov-sq_GraphicalLassoCV,0.09407480989902561,96,96
254,cov_GraphicalLassoCV,cov-sq_LedoitWolf,0.20959772969206858,96,96
255,cov_GraphicalLassoCV,cov-sq_MinCovDet,0.3039337794606749,96,96
256,cov_GraphicalLassoCV,cov-sq_OAS,0.20959772969206858,96,96
257,cov_GraphicalLassoCV,cov-sq_ShrunkCovariance,0.20959772969206858,96,96
258,cov_GraphicalLassoCV,prec_EmpiricalCovariance,0.9031654364650586,96,96
259,cov_GraphicalLassoCV,prec_EllipticEnvelope,0.9001511551410862,96,96
260,cov_GraphicalLassoCV,prec_GraphicalLasso,0.5795234188837687,96,96
261,cov_GraphicalLassoCV,prec_GraphicalLassoCV,0.12357179778280586,96,96
262,cov_GraphicalLassoCV,prec_LedoitWolf,0.40422210444949563,96,96
263,cov_GraphicalLassoCV,prec_MinCovDet,0.9063248472941309,96,96
264,cov_GraphicalLassoCV,prec_OAS,0.3707572515312164,96,96
265,cov_GraphicalLassoCV,prec_ShrunkCovariance,0.09693950410687174,96,96
266,cov_GraphicalLassoCV,prec-sq_EmpiricalCovariance,0.11468712880453788,96,96
267,cov_GraphicalLassoCV,prec-sq_EllipticEnvelope,0.22453035666665072,96,96
268,cov_GraphicalLassoCV,prec-sq_GraphicalLasso,0.2538440338608804,96,96
269,cov_GraphicalLassoCV,prec-sq_GraphicalLassoCV,0.2261577842862612,96,96
270,cov_GraphicalLassoCV,prec-sq_LedoitWolf,0.22907367997080447,96,96
271,cov_GraphicalLassoCV,prec-sq_MinCovDet,0.222255051368702,96,96
272,cov_GraphicalLassoCV,prec-sq_OAS,0.24899199111485681,96,96
273,cov_GraphicalLassoCV,prec-sq_ShrunkCovariance,0.3290781818897652,96,96
274,cov_GraphicalLassoCV,spearmanr-sq,0.20894949839017896,96,96
275,cov_GraphicalLassoCV,spearmanr,0.7241765619439992,96,96
276,cov_GraphicalLassoCV,kendalltau-sq,0.20444631628315335,96,96
277,cov_GraphicalLassoCV,kendalltau,0.6991783127417316,96,96
278,cov_GraphicalLassoCV,xcorr_max_sig-True,0.34424549301384855,96,96
279,cov_GraphicalLassoCV,xcorr-sq_max_sig-True,0.2796246427687749,96,96
280,cov_GraphicalLassoCV,xcorr_mean_sig-True,0.17456143923364886,96,96
281,cov_GraphicalLassoCV,xcorr-sq_mean_sig-True,0.2245874974583185,96,96
282,cov_GraphicalLassoCV,xcorr_mean_sig-False,0.1314899630280745,96,96
283,cov_GraphicalLassoCV,xcorr-sq_mean_sig-False,0.3140991586822458,96,96
284,cov_GraphicalLassoCV,pdist_euclidean,0.8198504602359344,96,96
285,cov_GraphicalLassoCV,pdist_cityblock,0.774658135652947,96,96
286,cov_GraphicalLassoCV,pdist_cosine,0.8198504602359344,96,96
287,cov_GraphicalLassoCV,pdist_chebyshev,0.9668399168951838,96,96
288,cov_GraphicalLassoCV,pdist_canberra,0.7278672957411965,96,96
289,cov_GraphicalLassoCV,pdist_braycurtis,0.7548570242851943,96,96
290,cov_GraphicalLassoCV,di_gaussian,1.0,96,96
291,cov_GraphicalLassoCV,di_kozachenko,0.4891076859288547,96,96
292,cov_GraphicalLassoCV,di_kernel_W-0.5,0.6693709894466351,96,96
293,cov_GraphicalLassoCV,mi_gaussian,0.20959772969206858,96,96
294,cov_GraphicalLassoCV,mi_kraskov_NN-4,0.5064648207371008,96,96
295,cov_GraphicalLassoCV,mi_kraskov_NN-4_DCE,0.5154467207029105,96,96
296,cov_GraphicalLassoCV,mi_kernel_W-0.25,0.35626940565049015,96,96
297,cov_GraphicalLassoCV,tlmi_gaussian,0.19489502718774543,96,96
298,cov_GraphicalLassoCV,tlmi_kraskov_NN-4,0.6038295481400442,96,96
299,cov_GraphicalLassoCV,tlmi_kraskov_NN-4_DCE,0.5866927154306614,96,96
300,cov_GraphicalLassoCV,tlmi_kernel_W-0.25,0.3438662098595965,96,96
301,cov_GraphicalLassoCV,te_kraskov_NN-4_k-max-10_tau-max-4,0.3076805736731867,96,96
302,cov_GraphicalLassoCV,te_kraskov_NN-4_DCE_k-max-10_tau-max-4,0.3324214483074429,96,96
303,cov_GraphicalLassoCV,te_kraskov_NN-4_DCE_k-2_kt-1_l-1_lt-1,0.2927910147539481,96,96
304,cov_GraphicalLassoCV,te_kraskov_NN-4_DCE_k-1_kt-1_l-1_lt-1,0.32298173330987756,96,96
305,cov_GraphicalLassoCV,te_kraskov_NN-4_k-1_kt-1_l-1_lt-1,0.37793474016049167,96,96
306,cov_GraphicalLassoCV,te_kernel_W-0.25_k-1,0.2119201053181761,96,96
307,cov_GraphicalLassoCV,gc_gaussian_k-max-10_tau-max-2,1.0,96,96
308,cov_GraphicalLassoCV,gc_gaussian_k-1_kt-1_l-1_lt-1,0.2476364702899441,96,96
309,cov_GraphicalLassoCV,te_symbolic_k-1_kt-1_l-1_lt-1,0.2476364702899441,96,96
310,cov_GraphicalLassoCV,te_symbolic_k-10_kt-1_l-1_lt-1,1.0,96,96
311,cov_GraphicalLassoCV,psi_multitaper_mean_fs-1_fmin-0_fmax-0-5,0.125,96,96
312,cov_GraphicalLassoCV,psi_multitaper_mean_fs-1_fmin-0_fmax-0-25,0.08333333333333333,96,96
313,cov_GraphicalLassoCV,psi_multitaper_mean_fs-1_fmin-0-25_fmax-0-5,0.14583333333333334,96,96
314,cov_GraphicalLassoCV,psi_wavelet_mean_fs-1_fmin-0_fmax-0-5_mean,0.1207620454290288,96,96
315,cov_GraphicalLassoCV,psi_wavelet_mean_fs-1_fmin-0_fmax-0-25_mean,0.11585290758061106,96,96
316,cov_GraphicalLassoCV,psi_wavelet_mean_fs-1_fmin-0-25_fmax-0-5_mean,0.120565678910877,96,96
317,cov_GraphicalLassoCV,psi_wavelet_max_fs-1_fmin-0_fmax-0-5_max,0.14344654083718678,96,96
318,cov_GraphicalLassoCV,psi_wavelet_max_fs-1_fmin-0_fmax-0-25_max,0.11116352552109487,96,96
319,cov_GraphicalLassoCV,psi_wavelet_max_fs-1_fmin-0-25_fmax-0-5_max,0.15914281260241725,96,96
320,cov_GraphicalLassoCV,pec,0.7419561449690864,96,96
321,cov_GraphicalLassoCV,pec_orth,0.3833929574607823,96,96
322,cov_GraphicalLassoCV,pec_log,0.7370019275226776,96,96
323,cov_GraphicalLassoCV,pec_orth_log,0.35405268105620946,96,96
324,cov_GraphicalLassoCV,pec_orth_abs,0.33942249597658125,96,96
325,cov_GraphicalLassoCV,pec_orth_log_abs,0.2673395004331858,96,96
326,cov_LedoitWolf,cov_MinCovDet,0.8971064864678272,96,96
327,cov_LedoitWolf,cov_OAS,0.14583333333333334,96,96
328,cov_LedoitWolf,cov_ShrunkCovariance,0.13541666666666666,96,96
329,cov_LedoitWolf,cov-sq_EmpiricalCovariance,0.1710194202206946,96,96
330,cov_LedoitWolf,cov-sq_EllipticEnvelope,0.30212599339542195,96,96
331,cov_LedoitWolf,cov-sq_GraphicalLasso,0.27709960577069104,96,96
332,cov_LedoitWolf,cov-sq_GraphicalLassoCV,0.18466223518536207,96,96
333,cov_LedoitWolf,cov-sq_LedoitWolf,0.1710194202206946,96,96
334,cov_LedoitWolf,cov-sq_MinCovDet,0.3164483181037051,96,96
335,cov_LedoitWolf,cov-sq_OAS,0.1710194202206946,96,96
336,cov_LedoitWolf,cov-sq_ShrunkCovariance,0.1710194202206946,96,96
337,cov_LedoitWolf,prec_EmpiricalCovariance,0.9999987048333251,96,96
338,cov_LedoitWolf,prec_EllipticEnvelope,0.9999926413145243,96,96
339,cov_LedoitWolf,prec_GraphicalLasso,0.9194444602534225,96,96
340,cov_LedoitWolf,prec_GraphicalLassoCV,0.1150687232686809,96,96
341,cov_LedoitWolf,prec_LedoitWolf,0.8530965078206367,96,96
342,cov_LedoitWolf,prec_MinCovDet,0.9999813773359109,96,96
343,cov_LedoitWolf,prec_OAS,0.8340808591097588,96,96
344,cov_LedoitWolf,prec_ShrunkCovariance,0.6514533361360977,96,96
345,cov_LedoitWolf,prec-sq_EmpiricalCovariance,0.09017585393398578,96,96
346,cov_LedoitWolf,prec-sq_EllipticEnvelope,0.1985259415780179,96,96
347,cov_LedoitWolf,prec-sq_GraphicalLasso,0.23457287301719104,96,96
348,cov_LedoitWolf,prec-sq_GraphicalLassoCV,0.21607130430598376,96,96
349,cov_LedoitWolf,prec-sq_LedoitWolf,0.2792771307656095,96,96
350,cov_LedoitWolf,prec-sq_MinCovDet,0.19985896816426252,96,96
351,cov_LedoitWolf,prec-sq_OAS,0.29414957787980217,96,96
352,cov_LedoitWolf,prec-sq_ShrunkCovariance,0.3558124359493002,96,96
353,cov_LedoitWolf,spearmanr-sq,0.17243724783010628,96,96
354,cov_LedoitWolf,spearmanr,0.15109823253578114,96,96
355,cov_LedoitWolf,kendalltau-sq,0.1689180987519049,96,96
356,cov_LedoitWolf,kendalltau,0.19094172319933045,96,96
357,cov_LedoitWolf,xcorr_max_sig-True,0.33707668302350374,96,96
358,cov_LedoitWolf,xcorr-sq_max_sig-True,0.2901242759065533,96,96
359,cov_LedoitWolf,xcorr_mean_sig-True,0.1968186245799114,96,96
360,cov_LedoitWolf,xcorr-sq_mean_sig-True,0.21841989566912512,96,96
361,cov_LedoitWolf,xcorr_mean_sig-False,0.15376461324396917,96,96
362,cov_LedoitWolf,xcorr-sq_mean_sig-False,0.278039667470935,96,96
363,cov_LedoitWolf,pdist_euclidean,0.14583333333333334,96,96
364,cov_LedoitWolf,pdist_cityblock,0.5489245394147672,96,96
365,cov_LedoitWolf,pdist_cosine,0.14583333333333334,96,96
366,cov_LedoitWolf,pdist_chebyshev,0.9539391829062075,96,96
367,cov_LedoitWolf,pdist_canberra,0.5958312747299395,96,96
368,cov_LedoitWolf,pdist_braycurtis,0.32419843160979617,96,96
369,cov_LedoitWolf,di_gaussian,1.0,96,96
370,cov_LedoitWolf,di_kozachenko,0.5468829002512722,96,96
371,cov_LedoitWolf,di_kernel_W-0.5,0.7219410805622253,96,96
372,cov_LedoitWolf,mi_gaussian,0.1710194202206946,96,96
373,cov_LedoitWolf,mi_kraskov_NN-4,0.5090251928151124,96,96
374,cov_LedoitWolf,mi_kraskov_NN-4_DCE,0.5222869990936965,96,96
375,cov_LedoitWolf,mi_kernel_W-0.25,0.3405095776206827,96,96
376,cov_LedoitWolf,tlmi_gaussian,0.21978249951788043,96,96
377,cov_LedoitWolf,tlmi_kraskov_NN-4,0.6057162607554434,96,96
378,cov_LedoitWolf,tlmi_kraskov_NN-4_DCE,0.6067967936781871,96,96
379,cov_LedoitWolf,tlmi_kernel_W-0.25,0.3936389006574794,96,96
380,cov_LedoitWolf,te_kraskov_NN-4_k-max-10_tau-max-4,0.3110068927044439,96,96
381,cov_LedoitWolf,te_kraskov_NN-4_DCE_k-max-10_tau-max-4,0.32839286408686896,96,96
382,cov_LedoitWolf,te_kraskov_NN-4_DCE_k-2_kt-1_l-1_lt-1,0.26786166915370807,96,96
383,cov_LedoitWolf,te_kraskov_NN-4_DCE_k-1_kt-1_l-1_lt-1,0.29896060076197684,96,96
384,cov_LedoitWolf,te_kraskov_NN-4_k-1_kt-1_l-1_lt-1,0.3819878994750715,96,96
385,cov_LedoitWolf,te_kernel_W-0.25_k-1,0.19091299347997892,96,96
386,cov_LedoitWolf,gc_gaussian_k-max-10_tau-max-2,1.0,96,96
387,cov_LedoitWolf,gc_gaussian_k-1_kt-1_l-1_lt-1,0.2190050579080411,96,96
388,cov_LedoitWolf,te_symbolic_k-1_kt-1_l-1_lt-1,0.2190050579080411,96,96
389,cov_LedoitWolf,te_symbolic_k-10_kt-1_l-1_lt-1,1.0,96,96
390,cov_LedoitWolf,psi_multitaper_mean_fs-1_fmin-0_fmax-0-5,0.15625,96,96
391,cov_LedoitWolf,psi_multitaper_mean_fs-1_fmin-0_fmax-0-25,0.15625,96,96
392,cov_LedoitWolf,psi_multitaper_mean_fs-1_fmin-0-25_fmax-0-5,0.08333333333333333,96,96
393,cov_LedoitWolf,psi_wavelet_mean_fs-1_fmin-0_fmax-0-5_mean,0.11178695643714076,96,96
394,cov_LedoitWolf,psi_wavelet_mean_fs-1_fmin-0_fmax-0-25_mean,0.10713999992940604,96,96
395,cov_LedoitWolf,psi_wavelet_mean_fs-1_fmin-0-25_fmax-0-5_mean,0.11714650841768914,96,96
396,cov_LedoitWolf,psi_wavelet_max_fs-1_fmin-0_fmax-0-5_max,0.12705175862342377,96,96
397,cov_LedoitWolf,psi_wavelet_max_fs-1_fmin-0_fmax-0-25_max,0.10986489576543168,96,96
398,cov_LedoitWolf,psi_wavelet_max_fs-1_fmin-0-25_fmax-0-5_max,0.14185207107715514,96,96
399,cov_LedoitWolf,pec,0.7345931367843875,96,96
400,cov_LedoitWolf,pec_orth,0.34173052144416743,96,96
401,cov_LedoitWolf,pec_log,0.7405074021199392,96,96
402,cov_LedoitWolf,pec_orth_log,0.3234228619290896,96,96
403,cov_LedoitWolf,pec_orth_abs,0.34695233953062155,96,96
404,cov_LedoitWolf,pec_orth_log_abs,0.258063578057597,96,96
405,cov_MinCovDet,cov_OAS,0.8971064864678272,96,96
406,cov_MinCovDet,cov_ShrunkCovariance,0.8971064864678272,96,96
407,cov_MinCovDet,cov-sq_EmpiricalCovariance,0.3081723817518625,96,96
408,cov_MinCovDet,cov-sq_EllipticEnvelope,0.12120099693238462,96,96
409,cov_MinCovDet,cov-sq_GraphicalLasso,0.549317908812624,96,96
410,cov_MinCovDet,cov-sq_GraphicalLassoCV,0.33419393315824186,96,96
411,cov_MinCovDet,cov-sq_LedoitWolf,0.3081723817518625,96,96
412,cov_MinCovDet,cov-sq_MinCovDet,0.1266722847728875,96,96
413,cov_MinCovDet,cov-sq_OAS,0.3081723817518625,96,96
414,cov_MinCovDet,cov-sq_ShrunkCovariance,0.3081723817518625,96,96
415,cov_MinCovDet,prec_EmpiricalCovariance,0.9999950868868708,96,96
416,cov_MinCovDet,prec_EllipticEnvelope,0.999999281118584,96,96
417,cov_MinCovDet,prec_GraphicalLasso,0.9914065320244425,96,96
418,cov_MinCovDet,prec_GraphicalLassoCV,0.7516724270426567,96,96
419,cov_MinCovDet,prec_LedoitWolf,0.9981752436990395,96,96
420,cov_MinCovDet,prec_MinCovDet,0.9999991547557899,96,96
421,cov_MinCovDet,prec_OAS,0.9962479432700521,96,96
422,cov_MinCovDet,prec_ShrunkCovariance,0.9133344311028698,96,96
423,cov_MinCovDet,prec-sq_EmpiricalCovariance,0.41760390734813335,96,96
424,cov_MinCovDet,prec-sq_EllipticEnvelope,0.45713869820096636,96,96
425,cov_MinCovDet,prec-sq_GraphicalLasso,0.4768524399289152,96,96
426,cov_MinCovDet,prec-sq_GraphicalLassoCV,0.31664551556836473,96,96
427,cov_MinCovDet,prec-sq_LedoitWolf,0.22958971357698724,96,96
428,cov_MinCovDet,prec-sq_MinCovDet,0.45500162644931874,96,96
429,cov_MinCovDet,prec-sq_OAS,0.25484836697179913,96,96
430,cov_MinCovDet,prec-sq_ShrunkCovariance,0.17931807384438808,96,96
431,cov_MinCovDet,spearmanr-sq,0.3018020539828495,96,96
432,cov_MinCovDet,spearmanr,0.9266357802802166,96,96
433,cov_MinCovDet,kendalltau-sq,0.30885034473435663,96,96
434,cov_MinCovDet,kendalltau,0.9313579068095528,96,96
435,cov_MinCovDet,xcorr_max_sig-True,0.32419718234416367,96,96
436,cov_MinCovDet,xcorr-sq_max_sig-True,0.3141380554006969,96,96
437,cov_MinCovDet,xcorr_mean_sig-True,0.20315989265184142,96,96
438,cov_MinCovDet,xcorr-sq_mean_sig-True,0.23078158262910706,96,96
439,cov_MinCovDet,xcorr_mean_sig-False,0.2542973293096228,96,96
440,cov_MinCovDet,xcorr-sq_mean_sig-False,0.2826297002574494,96,96
441,cov_MinCovDet,pdist_euclidean,0.8971064864678273,96,96
442,cov_MinCovDet,pdist_cityblock,0.8953713373643868,96,96
443,cov_MinCovDet,pdist_cosine,0.8971064864678273,96,96
444,cov_MinCovDet,pdist_chebyshev,0.1867797950577548,96,96
445,cov_MinCovDet,pdist_canberra,0.7897747398816344,96,96
446,cov_MinCovDet,pdist_braycurtis,0.912472594824852,96,96
447,cov_MinCovDet,di_gaussian,1.0,96,96
448,cov_MinCovDet,di_kozachenko,0.24761560164692953,96,96
449,cov_MinCovDet,di_kernel_W-0.5,0.5457654492275565,96,96
450,cov_MinCovDet,mi_gaussian,0.3081723817518625,96,96
451,cov_MinCovDet,mi_kraskov_NN-4,0.11296707995188143,96,96
452,cov_MinCovDet,mi_kraskov_NN-4_DCE,0.12874893585436803,96,96
453,cov_MinCovDet,mi_kernel_W-0.25,0.2047249457244884,96,96
454,cov_MinCovDet,tlmi_gaussian,0.10858591899625153,96,96
455,cov_MinCovDet,tlmi_kraskov_NN-4,0.3623515196909457,96,96
456,cov_MinCovDet,tlmi_kraskov_NN-4_DCE,0.30217570611937816,96,96
457,cov_MinCovDet,tlmi_kernel_W-0.25,0.10246909634982782,96,96
458,cov_MinCovDet,te_kraskov_NN-4_k-max-10_tau-max-4,0.20232310973213982,96,96
459,cov_MinCovDet,te_kraskov_NN-4_DCE_k-max-10_tau-max-4,0.5054269848064386,96,96
460,cov_MinCovDet,te_kraskov_NN-4_DCE_k-2_kt-1_l-1_lt-1,0.4708591636503908,96,96
461,cov_MinCovDet,te_kraskov_NN-4_DCE_k-1_kt-1_l-1_lt-1,0.4783112549363439,96,96
462,cov_MinCovDet,te_kraskov_NN-4_k-1_kt-1_l-1_lt-1,0.2993595188027856,96,96
463,cov_MinCovDet,te_kernel_W-0.25_k-1,0.07841415832173584,96,96
464,cov_MinCovDet,gc_gaussian_k-max-10_tau-max-2,1.0,96,96
465,cov_MinCovDet,gc_gaussian_k-1_kt-1_l-1_lt-1,0.18458979543288812,96,96
466,cov_MinCovDet,te_symbolic_k-1_kt-1_l-1_lt-1,0.18458979543288812,96,96
467,cov_MinCovDet,te_symbolic_k-10_kt-1_l-1_lt-1,1.0,96,96
468,cov_MinCovDet,psi_multitaper_mean_fs-1_fmin-0_fmax-0-5,0.15625,96,96
469,cov_MinCovDet,psi_multitaper_mean_fs-1_fmin-0_fmax-0-25,0.07291666666666667,96,96
470,cov_MinCovDet,psi_multitaper_mean_fs-1_fmin-0-25_fmax-0-5,0.16666666666666666,96,96
471,cov_MinCovDet,psi_wavelet_mean_fs-1_fmin-0_fmax-0-5_mean,0.1134496281104409,96,96
472,cov_MinCovDet,psi_wavelet_mean_fs-1_fmin-0_fmax-0-25_mean,0.10026122831043716,96,96
473,cov_MinCovDet,psi_wavelet_mean_fs-1_fmin-0-25_fmax-0-5_mean,0.13128429283979193,96,96
474,cov_MinCovDet,psi_wavelet_max_fs-1_fmin-0_fmax-0-5_max,0.14670787065564916,96,96
475,cov_MinCovDet,psi_wavelet_max_fs-1_fmin-0_fmax-0-25_max,0.10294828632332564,96,96
476,cov_MinCovDet,psi_wavelet_max_fs-1_fmin-0-25_fmax-0-5_max,0.16774550232850272,96,96
477,cov_MinCovDet,pec,0.11190103058974475,96,96
478,cov_MinCovDet,pec_orth,0.36690770439193116,96,96
479,cov_MinCovDet,pec_log,0.11574502577409496,96,96
480,cov_MinCovDet,pec_orth_log,0.3103747363697207,96,96
481,cov_MinCovDet,pec_orth_abs,0.36359296351923936,96,96
482,cov_MinCovDet,pec_orth_log_abs,0.2042292944833236,96,96
483,cov_OAS,cov_ShrunkCovariance,0.08333333333333333,96,96
484,cov_OAS,cov-sq_EmpiricalCovariance,0.1710194202206946,96,96
485,cov_OAS,cov-sq_EllipticEnvelope,0.30212599339542195,96,96
486,cov_OAS,cov-sq_GraphicalLasso,0.27709960577069104,96,96
487,cov_OAS,cov-sq_GraphicalLassoCV,0.18466223518536207,96,96
488,cov_OAS,cov-sq_LedoitWolf,0.1710194202206946,96,96
489,cov_OAS,cov-sq_MinCovDet,0.3164483181037051,96,96
490,cov_OAS,cov-sq_OAS,0.1710194202206946,96,96
491,cov_OAS,cov-sq_ShrunkCovariance,0.1710194202206946,96,96
492,cov_OAS,prec_EmpiricalCovariance,0.9999987048333251,96,96
493,cov_OAS,prec_EllipticEnvelope,0.9999926413145243,96,96
494,cov_OAS,prec_GraphicalLasso,0.9194444602534225,96,96
495,cov_OAS,prec_GraphicalLassoCV,0.1150687232686809,96,96
496,cov_OAS,prec_LedoitWolf,0.8530965078206367,96,96
497,cov_OAS,prec_MinCovDet,0.9999813773359109,96,96
498,cov_OAS,prec_OAS,0.8340808591097588,96,96
499,cov_OAS,prec_ShrunkCovariance,0.6514533361360977,96,96
500,cov_OAS,prec-sq_EmpiricalCovariance,0.09017585393398578,96,96
501,cov_OAS,prec-sq_EllipticEnvelope,0.1985259415780179,96,96
502,cov_OAS,prec-sq_GraphicalLasso,0.23457287301719104,96,96
503,cov_OAS,prec-sq_GraphicalLassoCV,0.21607130430598376,96,96
504,cov_OAS,prec-sq_LedoitWolf,0.2792771307656095,96,96
505,cov_OAS,prec-sq_MinCovDet,0.19985896816426252,96,96
506,cov_OAS,prec-sq_OAS,0.29414957787980217,96,96
507,cov_OAS,prec-sq_ShrunkCovariance,0.3558124359493002,96,96
508,cov_OAS,spearmanr-sq,0.17243724783010628,96,96
509,cov_OAS,spearmanr,0.15109823253578114,96,96
510,cov_OAS,kendalltau-sq,0.1689180987519049,96,96
511,cov_OAS,kendalltau,0.19094172319933045,96,96
512,cov_OAS,xcorr_max_sig-True,0.33707668302350374,96,96
513,cov_OAS,xcorr-sq_max_sig-True,0.2901242759065533,96,96
514,cov_OAS,xcorr_mean_sig-True,0.1968186245799114,96,96
515,cov_OAS,xcorr-sq_mean_sig-True,0.21841989566912512,96,96
516,cov_OAS,xcorr_mean_sig-False,0.15376461324396917,96,96
517,cov_OAS,xcorr-sq_mean_sig-False,0.278039667470935,96,96
518,cov_OAS,pdist_euclidean,0.125,96,96
519,cov_OAS,pdist_cityblock,0.5489245394147672,96,96
520,cov_OAS,pdist_cosine,0.15625,96,96
521,cov_OAS,pdist_chebyshev,0.9539391829062075,96,96
522,cov_OAS,pdist_canberra,0.5958312747299395,96,96
523,cov_OAS,pdist_braycurtis,0.32419843160979617,96,96
524,cov_OAS,di_gaussian,1.0,96,96
525,cov_OAS,di_kozachenko,0.5468829002512722,96,96
526,cov_OAS,di_kernel_W-0.5,0.7219410805622253,96,96
527,cov_OAS,mi_gaussian,0.1710194202206946,96,96
528,cov_OAS,mi_kraskov_NN-4,0.5090251928151124,96,96
529,cov_OAS,mi_kraskov_NN-4_DCE,0.5222869990936965,96,96
530,cov_OAS,mi_kernel_W-0.25,0.3405095776206827,96,96
531,cov_OAS,tlmi_gaussian,0.21978249951788043,96,96
532,cov_OAS,tlmi_kraskov_NN-4,0.6057162607554434,96,96
533,cov_OAS,tlmi_kraskov_NN-4_DCE,0.6067967936781871,96,96
534,cov_OAS,tlmi_kernel_W-0.25,0.3936389006574794,96,96
535,cov_OAS,te_kraskov_NN-4_k-max-10_tau-max-4,0.3110068927044439,96,96
536,cov_OAS,te_kraskov_NN-4_DCE_k-max-10_tau-max-4,0.32839286408686896,96,96
537,cov_OAS,te_kraskov_NN-4_DCE_k-2_kt-1_l-1_lt-1,0.26786166915370807,96,96
538,cov_OAS,te_kraskov_NN-4_DCE_k-1_kt-1_l-1_lt-1,0.29896060076197684,96,96
539,cov_OAS,te_kraskov_NN-4_k-1_kt-1_l-1_lt-1,0.3819878994750715,96,96
540,cov_OAS,te_kernel_W-0.25_k-1,0.19091299347997892,96,96
541,cov_OAS,gc_gaussian_k-max-10_tau-max-2,1.0,96,96
542,cov_OAS,gc_gaussian_k-1_kt-1_l-1_lt-1,0.2190050579080411,96,96
543,cov_OAS,te_symbolic_k-1_kt-1_l-1_lt-1,0.2190050579080411,96,96
544,cov_OAS,te_symbolic_k-10_kt-1_l-1_lt-1,1.0,96,96
545,cov_OAS,psi_multitaper_mean_fs-1_fmin-0_fmax-0-5,0.07291666666666667,96,96
546,cov_OAS,psi_multitaper_mean_fs-1_fmin-0_fmax-0-25,0.125,96,96
547,cov_OAS,psi_multitaper_mean_fs-1_fmin-0-25_fmax-0-5,0.11458333333333333,96,96
548,cov_OAS,psi_wavelet_mean_fs-1_fmin-0_fmax-0-5_mean,0.11178695643714076,96,96
549,cov_OAS,psi_wavelet_mean_fs-1_fmin-0_fmax-0-25_mean,0.10713999992940604,96,96
550,cov_OAS,psi_wavelet_mean_fs-1_fmin-0-25_fmax-0-5_mean,0.11714650841768914,96,96
551,cov_OAS,psi_wavelet_max_fs-1_fmin-0_fmax-0-5_max,0.12705175862342377,96,96
552,cov_OAS,psi_wavelet_max_fs-1_fmin-0_fmax-0-25_max,0.10986489576543168,96,96
553,cov_OAS,psi_wavelet_max_fs-1_fmin-0-25_fmax-0-5_max,0.14185207107715514,96,96
554,cov_OAS,pec,0.7345931367843875,96,96
555,cov_OAS,pec_orth,0.34173052144416743,96,96
556,cov_OAS,pec_log,0.7405074021199392,96,96
557,cov_OAS,pec_orth_log,0.3234228619290896,96,96
558,cov_OAS,pec_orth_abs,0.34695233953062155,96,96
559,cov_OAS,pec_orth_log_abs,0.258063578057597,96,96
560,cov_ShrunkCovariance,cov-sq_EmpiricalCovariance,0.1710194202206946,96,96
561,cov_ShrunkCovariance,cov-sq_EllipticEnvelope,0.30212599339542195,96,96
562,cov_ShrunkCovariance,cov-sq_GraphicalLasso,0.27709960577069104,96,96
563,cov_ShrunkCovariance,cov-sq_GraphicalLassoCV,0.18466223518536207,96,96
564,cov_ShrunkCovariance,cov-sq_LedoitWolf,0.1710194202206946,96,96
565,cov_ShrunkCovariance,cov-sq_MinCovDet,0.3164483181037051,96,96
566,cov_ShrunkCovariance,cov-sq_OAS,0.1710194202206946,96,96
567,cov_ShrunkCovariance,cov-sq_ShrunkCovariance,0.1710194202206946,96,96
568,cov_ShrunkCovariance,prec_EmpiricalCovariance,0.9999987048333251,96,96
569,cov_ShrunkCovariance,prec_EllipticEnvelope,0.9999926413145243,96,96
570,cov_ShrunkCovariance,prec_GraphicalLasso,0.9194444602534225,96,96
571,cov_ShrunkCovariance,prec_GraphicalLassoCV,0.1150687232686809,96,96
572,cov_ShrunkCovariance,prec_LedoitWolf,0.8530965078206367,96,96
573,cov_ShrunkCovariance,prec_MinCovDet,0.9999813773359109,96,96
574,cov_ShrunkCovariance,prec_OAS,0.8340808591097588,96,96
575,cov_ShrunkCovariance,prec_ShrunkCovariance,0.6514533361360977,96,96
576,cov_ShrunkCovariance,prec-sq_EmpiricalCovariance,0.09017585393398578,96,96
577,cov_ShrunkCovariance,prec-sq_EllipticEnvelope,0.1985259415780179,96,96
578,cov_ShrunkCovariance,prec-sq_GraphicalLasso,0.23457287301719104,96,96
579,cov_ShrunkCovariance,prec-sq_GraphicalLassoCV,0.21607130430598376,96,96
580,cov_ShrunkCovariance,prec-sq_LedoitWolf,0.2792771307656095,96,96
581,cov_ShrunkCovariance,prec-sq_MinCovDet,0.19985896816426252,96,96
582,cov_ShrunkCovariance,prec-sq_OAS,0.29414957787980217,96,96
583,cov_ShrunkCovariance,prec-sq_ShrunkCovariance,0.3558124359493002,96,96
584,cov_ShrunkCovariance,spearmanr-sq,0.17243724783010628,96,96
585,cov_ShrunkCovariance,spearmanr,0.15109823253578114,96,96
586,cov_ShrunkCovariance,kendalltau-sq,0.1689180987519049,96,96
587,cov_ShrunkCovariance,kendalltau,0.19094172319933045,96,96
588,cov_ShrunkCovariance,xcorr_max_sig-True,0.33707668302350374,96,96
589,cov_ShrunkCovariance,xcorr-sq_max_sig-True,0.2901242759065533,96,96
590,cov_ShrunkCovariance,xcorr_mean_sig-True,0.1968186245799114,96,96
591,cov_ShrunkCovariance,xcorr-sq_mean_sig-True,0.21841989566912512,96,96
592,cov_ShrunkCovariance,xcorr_mean_sig-False,0.15376461324396917,96,96
593,cov_ShrunkCovariance,xcorr-sq_mean_sig-False,0.278039667470935,96,96
594,cov_ShrunkCovariance,pdist_euclidean,0.10416666666666667,96,96
595,cov_ShrunkCovariance,pdist_cityblock,0.5489245394147672,96,96
596,cov_ShrunkCovariance,pdist_cosine,0.14583333333333334,96,96
597,cov_ShrunkCovariance,pdist_chebyshev,0.9539391829062075,96,96
598,cov_ShrunkCovariance,pdist_canberra,0.5958312747299395,96,96
599,cov_ShrunkCovariance,pdist_braycurtis,0.32419843160979617,96,96
600,cov_ShrunkCovariance,di_gaussian,1.0,96,96
601,cov_ShrunkCovariance,di_kozachenko,0.5468829002512722,96,96
602,cov_ShrunkCovariance,di_kernel_W-0.5,0.7219410805622253,96,96
603,cov_ShrunkCovariance,mi_gaussian,0.1710194202206946,96,96
604,cov_ShrunkCovariance,mi_kraskov_NN-4,0.5090251928151124,96,96
605,cov_ShrunkCovariance,mi_kraskov_NN-4_DCE,0.5222869990936965,96,96
606,cov_ShrunkCovariance,mi_kernel_W-0.25,0.3405095776206827,96,96
607,cov_ShrunkCovariance,tlmi_gaussian,0.21978249951788043,96,96
608,cov_ShrunkCovariance,tlmi_kraskov_NN-4,0.6057162607554434,96,96
609,cov_ShrunkCovariance,tlmi_kraskov_NN-4_DCE,0.6067967936781871,96,96
610,cov_ShrunkCovariance,tlmi_kernel_W-0.25,0.3936389006574794,96,96
611,cov_ShrunkCovariance,te_kraskov_NN-4_k-max-10_tau-max-4,0.3110068927044439,96,96
612,cov_ShrunkCovariance,te_kraskov_NN-4_DCE_k-max-10_tau-max-4,0.32839286408686896,96,96
613,cov_ShrunkCovariance,te_kraskov_NN-4_DCE_k-2_kt-1_l-1_lt-1,0.26786166915370807,96,96
614,cov_ShrunkCovariance,te_kraskov_NN-4_DCE_k-1_kt-1_l-1_lt-1,0.29896060076197684,96,96
615,cov_ShrunkCovariance,te_kraskov_NN-4_k-1_kt-1_l-1_lt-1,0.3819878994750715,96,96
616,cov_ShrunkCovariance,te_kernel_W-0.25_k-1,0.19091299347997892,96,96
617,cov_ShrunkCovariance,gc_gaussian_k-max-10_tau-max-2,1.0,96,96
618,cov_ShrunkCovariance,gc_gaussian_k-1_kt-1_l-1_lt-1,0.2190050579080411,96,96
619,cov_ShrunkCovariance,te_symbolic_k-1_kt-1_l-1_lt-1,0.2190050579080411,96,96
620,cov_ShrunkCovariance,te_symbolic_k-10_kt-1_l-1_lt-1,1.0,96,96
621,cov_ShrunkCovariance,psi_multitaper_mean_fs-1_fmin-0_fmax-0-5,0.16666666666666666,96,96
622,cov_ShrunkCovariance,psi_multitaper_mean_fs-1_fmin-0_fmax-0-25,0.125,96,96
623,cov_ShrunkCovariance,psi_multitaper_mean_fs-1_fmin-0-25_fmax-0-5,0.11458333333333333,96,96
624,cov_ShrunkCovariance,psi_wavelet_mean_fs-1_fmin-0_fmax-0-5_mean,0.11178695643714076,96,96
625,cov_ShrunkCovariance,psi_wavelet_mean_fs-1_fmin-0_fmax-0-25_mean,0.10713999992940604,96,96
626,cov_ShrunkCovariance,psi_wavelet_mean_fs-1_fmin-0-25_fmax-0-5_mean,0.11714650841768914,96,96
627,cov_ShrunkCovariance,psi_wavelet_max_fs-1_fmin-0_fmax-0-5_max,0.12705175862342377,96,96
628,cov_ShrunkCovariance,psi_wavelet_max_fs-1_fmin-0_fmax-0-25_max,0.10986489576543168,96,96
629,cov_ShrunkCovariance,psi_wavelet_max_fs-1_fmin-0-25_fmax-0-5_max,0.14185207107715514,96,96
630,cov_ShrunkCovariance,pec,0.7345931367843875,96,96
631,cov_ShrunkCovariance,pec_orth,0.34173052144416743,96,96
632,cov_ShrunkCovariance,pec_log,0.7405074021199392,96,96
633,cov_ShrunkCovariance,pec_orth_log,0.3234228619290896,96,96
634,cov_ShrunkCovariance,pec_orth_abs,0.34695233953062155,96,96
635,cov_ShrunkCovariance,pec_orth_log_abs,0.258063578057597,96,96
636,cov-sq_EmpiricalCovariance,cov-sq_EllipticEnvelope,0.8018736533758084,96,96
637,cov-sq_EmpiricalCovariance,cov-sq_GraphicalLasso,0.9095998831925327,96,96
638,cov-sq_EmpiricalCovariance,cov-sq_GraphicalLassoCV,0.7430212229423708,96,96
639,cov-sq_EmpiricalCovariance,cov-sq_LedoitWolf,0.10416666666666667,96,96
640,cov-sq_EmpiricalCovariance,cov-sq_MinCovDet,0.8086482893695037,96,96
641,cov-sq_EmpiricalCovariance,cov-sq_OAS,0.09375,96,96
642,cov-sq_EmpiricalCovariance,cov-sq_ShrunkCovariance,0.11458333333333333,96,96
643,cov-sq_EmpiricalCovariance,prec_EmpiricalCovariance,0.7086381930951325,96,96
644,cov-sq_EmpiricalCovariance,prec_EllipticEnvelope,0.697265385924163,96,96
645,cov-sq_EmpiricalCovariance,prec_GraphicalLasso,0.2980270977044176,96,96
646,cov-sq_EmpiricalCovariance,prec_GraphicalLassoCV,0.16838166967703594,96,96
647,cov-sq_EmpiricalCovariance,prec_LedoitWolf,0.1332950568755067,96,96
648,cov-sq_EmpiricalCovariance,prec_MinCovDet,0.7100679185984192,96,96
649,cov-sq_EmpiricalCovariance,prec_OAS,0.10681409181793489,96,96
650,cov-sq_EmpiricalCovariance,prec_ShrunkCovariance,0.22803712709987367,96,96
651,cov-sq_EmpiricalCovariance,prec-sq_EmpiricalCovariance,0.7392921892573436,96,96
652,cov-sq_EmpiricalCovariance,prec-sq_EllipticEnvelope,0.7818932453143066,96,96
653,cov-sq_EmpiricalCovariance,prec-sq_GraphicalLasso,0.858025922327864,96,96
654,cov-sq_EmpiricalCovariance,prec-sq_GraphicalLassoCV,0.18197793243068333,96,96
655,cov-sq_EmpiricalCovariance,prec-sq_LedoitWolf,0.523421485635453,96,96
656,cov-sq_EmpiricalCovariance,prec-sq_MinCovDet,0.7847790647268634,96,96
657,cov-sq_EmpiricalCovariance,prec-sq_OAS,0.5069192177746491,96,96
658,cov-sq_EmpiricalCovariance,prec-sq_ShrunkCovariance,0.3856846612968961,96,96
659,cov-sq_EmpiricalCovariance,spearmanr-sq,0.4312100363069481,96,96
660,cov-sq_EmpiricalCovariance,spearmanr,0.175514293097497,96,96
661,cov-sq_EmpiricalCovariance,kendalltau-sq,0.39496955217373025,96,96
662,cov-sq_EmpiricalCovariance,kendalltau,0.17583477078527665,96,96
663,cov-sq_EmpiricalCovariance,xcorr_max_sig-True,0.22633809202127214,96,96
664,cov-sq_EmpiricalCovariance,xcorr-sq_max_sig-True,0.2641992758763154,96,96
665,cov-sq_EmpiricalCovariance,xcorr_mean_sig-True,0.19236398571270552,96,96
666,cov-sq_EmpiricalCovariance,xcorr-sq_mean_sig-True,0.26026407520338013,96,96
667,cov-sq_EmpiricalCovariance,xcorr_mean_sig-False,0.08630121343535924,96,96
668,cov-sq_EmpiricalCovariance,xcorr-sq_mean_sig-False,0.3586012977987232,96,96
669,cov-sq_EmpiricalCovariance,pdist_euclidean,0.171019420220695,96,96
670,cov-sq_EmpiricalCovariance,pdist_cityblock,0.178471402203923,96,96
671,cov-sq_EmpiricalCovariance,pdist_cosine,0.171019420220695,96,96
672,cov-sq_EmpiricalCovariance,pdist_chebyshev,0.5855583276239178,96,96
673,cov-sq_EmpiricalCovariance,pdist_canberra,0.20543259088954452,96,96
674,cov-sq_EmpiricalCovariance,pdist_braycurtis,0.17722694408374917,96,96
675,cov-sq_EmpiricalCovariance,di_gaussian,1.0,96,96
676,cov-sq_EmpiricalCovariance,di_kozachenko,0.6355124060757267,96,96
677,cov-sq_EmpiricalCovariance,di_kernel_W-0.5,0.9739162832974706,96,96
678,cov-sq_EmpiricalCovariance,mi_gaussian,0.15625,96,96
679,cov-sq_EmpiricalCovariance,mi_kraskov_NN-4,0.7408761020736553,96,96
680,cov-sq_EmpiricalCovariance,mi_kraskov_NN-4_DCE,0.8236922647959412,96,96
681,cov-sq_EmpiricalCovariance,mi_kernel_W-0.25,0.6980237764916728,96,96
682,cov-sq_EmpiricalCovariance,tlmi_gaussian,0.5850952026637096,96,96
683,cov-sq_EmpiricalCovariance,tlmi_kraskov_NN-4,0.8204513132384368,96,96
684,cov-sq_EmpiricalCovariance,tlmi_kraskov_NN-4_DCE,0.7434449296313896,96,96
685,cov-sq_EmpiricalCovariance,tlmi_kernel_W-0.25,0.6464633211035489,96,96
686,cov-sq_EmpiricalCovariance,te_kraskov_NN-4_k-max-10_tau-max-4,0.2597561451480046,96,96
687,cov-sq_EmpiricalCovariance,te_kraskov_NN-4_DCE_k-max-10_tau-max-4,0.35592263651426115,96,96
688,cov-sq_EmpiricalCovariance,te_kraskov_NN-4_DCE_k-2_kt-1_l-1_lt-1,0.3589671730695101,96,96
689,cov-sq_EmpiricalCovariance,te_kraskov_NN-4_DCE_k-1_kt-1_l-1_lt-1,0.37637275583307556,96,96
690,cov-sq_EmpiricalCovariance,te_kraskov_NN-4_k-1_kt-1_l-1_lt-1,0.4178424309934528,96,96
691,cov-sq_EmpiricalCovariance,te_kernel_W-0.25_k-1,0.46131363460600094,96,96
692,cov-sq_EmpiricalCovariance,gc_gaussian_k-max-10_tau-max-2,1.0,96,96
693,cov-sq_EmpiricalCovariance,gc_gaussian_k-1_kt-1_l-1_lt-1,0.539001542881886,96,96
694,cov-sq_EmpiricalCovariance,te_symbolic_k-1_kt-1_l-1_lt-1,0.539001542881886,96,96
695,cov-sq_EmpiricalCovariance,te_symbolic_k-10_kt-1_l-1_lt-1,1.0,96,96
696,cov-sq_EmpiricalCovariance,psi_multitaper_mean_fs-1_fmin-0_fmax-0-5,0.07291666666666667,96,96
697,cov-sq_EmpiricalCovariance,psi_multitaper_mean_fs-1_fmin-0_fmax-0-25,0.11458333333333333,96,96
698,cov-sq_EmpiricalCovariance,psi_multitaper_mean_fs-1_fmin-0-25_fmax-0-5,0.07291666666666667,96,96
699,cov-sq_EmpiricalCovariance,psi_wavelet_mean_fs-1_fmin-0_fmax-0-5_mean,0.12388966426456816,96,96
700,cov-sq_EmpiricalCovariance,psi_wavelet_mean_fs-1_fmin-0_fmax-0-25_mean,0.12812839819107513,96,96
701,cov-sq_EmpiricalCovariance,psi_wavelet_mean_fs-1_fmin-0-25_fmax-0-5_mean,0.13296963352414515,96,96
702,cov-sq_EmpiricalCovariance,psi_wavelet_max_fs-1_fmin-0_fmax-0-5_max,0.14170664815920087,96,96
703,cov-sq_EmpiricalCovariance,psi_wavelet_max_fs-1_fmin-0_fmax-0-25_max,0.1291010921675435,96,96
704,cov-sq_EmpiricalCovariance,psi_wavelet_max_fs-1_fmin-0-25_fmax-0-5_max,0.14784708061898932,96,96
705,cov-sq_EmpiricalCovariance,pec,0.49595902483072846,96,96
706,cov-sq_EmpiricalCovariance,pec_orth,0.4429720090477848,96,96
707,cov-sq_EmpiricalCovariance,pec_log,0.5803804274365099,96,96
708,cov-sq_EmpiricalCovariance,pec_orth_log,0.39580729932199343,96,96
709,cov-sq_EmpiricalCovariance,pec_orth_abs,0.34363680522134166,96,96
710,cov-sq_EmpiricalCovariance,pec_orth_log_abs,0.31026423540423653,96,96
711,cov-sq_EllipticEnvelope,cov-sq_GraphicalLasso,0.8565200605970024,96,96
712,cov-sq_EllipticEnvelope,cov-sq_GraphicalLassoCV,0.5290641501375086,96,96
713,cov-sq_EllipticEnvelope,cov-sq_LedoitWolf,0.8018736533758084,96,96
714,cov-sq_EllipticEnvelope,cov-sq_MinCovDet,0.7307398157483254,96,96
715,cov-sq_EllipticEnvelope,cov-sq_OAS,0.8018736533758084,96,96
716,cov-sq_EllipticEnvelope,cov-sq_ShrunkCovariance,0.8018736533758084,96,96
717,cov-sq_EllipticEnvelope,prec_EmpiricalCovariance,0.7775255651455186,96,96
718,cov-sq_EllipticEnvelope,prec_EllipticEnvelope,0.7772990547038845,96,96
719,cov-sq_EllipticEnvelope,prec_GraphicalLasso,0.6028040222885584,96,96
720,cov-sq_EllipticEnvelope,prec_GraphicalLassoCV,0.3609848262079078,96,96
721,cov-sq_EllipticEnvelope,prec_LedoitWolf,0.71150108561793,96,96
722,cov-sq_EllipticEnvelope,prec_MinCovDet,0.7793419998075881,96,96
723,cov-sq_EllipticEnvelope,prec_OAS,0.6393851750619804,96,96
724,cov-sq_EllipticEnvelope,prec_ShrunkCovariance,0.26849205007174837,96,96
725,cov-sq_EllipticEnvelope,prec-sq_EmpiricalCovariance,0.748805408877309,96,96
726,cov-sq_EllipticEnvelope,prec-sq_EllipticEnvelope,0.8245727832003041,96,96
727,cov-sq_EllipticEnvelope,prec-sq_GraphicalLasso,0.9751032358126537,96,96
728,cov-sq_EllipticEnvelope,prec-sq_GraphicalLassoCV,0.7620063690783909,96,96
729,cov-sq_EllipticEnvelope,prec-sq_LedoitWolf,0.8311184834020229,96,96
730,cov-sq_EllipticEnvelope,prec-sq_MinCovDet,0.8163876878976987,96,96
731,cov-sq_EllipticEnvelope,prec-sq_OAS,0.844245895584033,96,96
732,cov-sq_EllipticEnvelope,prec-sq_ShrunkCovariance,0.8041860741355783,96,96
733,cov-sq_EllipticEnvelope,spearmanr-sq,0.8533513522357004,96,96
734,cov-sq_EllipticEnvelope,spearmanr,0.2953939198122956,96,96
735,cov-sq_EllipticEnvelope,kendalltau-sq,0.8476939619515235,96,96
736,cov-sq_EllipticEnvelope,kendalltau,0.3042069150836385,96,96
737,cov-sq_EllipticEnvelope,xcorr_max_sig-True,0.4077805752065191,96,96
738,cov-sq_EllipticEnvelope,xcorr-sq_max_sig-True,0.3898780075911459,96,96
739,cov-sq_EllipticEnvelope,xcorr_mean_sig-True,0.1902220664435317,96,96
740,cov-sq_EllipticEnvelope,xcorr-sq_mean_sig-True,0.3100817919367602,96,96
741,cov-sq_EllipticEnvelope,xcorr_mean_sig-False,0.2486533186849939,96,96
742,cov-sq_EllipticEnvelope,xcorr-sq_mean_sig-False,0.3774738327700079,96,96
743,cov-sq_EllipticEnvelope,pdist_euclidean,0.3021259933954231,96,96
744,cov-sq_EllipticEnvelope,pdist_cityblock,0.29103144118746727,96,96
745,cov-sq_EllipticEnvelope,pdist_cosine,0.3021259933954231,96,96
746,cov-sq_EllipticEnvelope,pdist_chebyshev,0.1393449197201848,96,96
747,cov-sq_EllipticEnvelope,pdist_canberra,0.2876222257784222,96,96
748,cov-sq_EllipticEnvelope,pdist_braycurtis,0.2876871370198885,96,96
749,cov-sq_EllipticEnvelope,di_gaussian,1.0,96,96
750,cov-sq_EllipticEnvelope,di_kozachenko,0.1924483566120403,96,96
751,cov-sq_EllipticEnvelope,di_kernel_W-0.5,0.5029661278385827,96,96
752,cov-sq_EllipticEnvelope,mi_gaussian,0.8018736533758084,96,96
753,cov-sq_EllipticEnvelope,mi_kraskov_NN-4,0.16101252656333997,96,96
754,cov-sq_EllipticEnvelope,mi_kraskov_NN-4_DCE,0.14502968228458446,96,96
755,cov-sq_EllipticEnvelope,mi_kernel_W-0.25,0.19099486827827755,96,96
756,cov-sq_EllipticEnvelope,tlmi_gaussian,0.6210505300899557,96,96
757,cov-sq_EllipticEnvelope,tlmi_kraskov_NN-4,0.4122854610779895,96,96
758,cov-sq_EllipticEnvelope,tlmi_kraskov_NN-4_DCE,0.2729277139010512,96,96
759,cov-sq_EllipticEnvelope,tlmi_kernel_W-0.25,0.042579090651817586,96,96
760,cov-sq_EllipticEnvelope,te_kraskov_NN-4_k-max-10_tau-max-4,0.08757787841914211,96,96
761,cov-sq_EllipticEnvelope,te_kraskov_NN-4_DCE_k-max-10_tau-max-4,0.5437962955300306,96,96
762,cov-sq_EllipticEnvelope,te_kraskov_NN-4_DCE_k-2_kt-1_l-1_lt-1,0.5496827588184559,96,96
763,cov-sq_EllipticEnvelope,te_kraskov_NN-4_DCE_k-1_kt-1_l-1_lt-1,0.5516224091399973,96,96
764,cov-sq_EllipticEnvelope,te_kraskov_NN-4_k-1_kt-1_l-1_lt-1,0.349040812584218,96,96
765,cov-sq_EllipticEnvelope,te_kernel_W-0.25_k-1,0.37508559903234895,96,96
766,cov-sq_EllipticEnvelope,gc_gaussian_k-max-10_tau-max-2,1.0,96,96
767,cov-sq_EllipticEnvelope,gc_gaussian_k-1_kt-1_l-1_lt-1,0.5174837478623235,96,96
768,cov-sq_EllipticEnvelope,te_symbolic_k-1_kt-1_l-1_lt-1,0.5174837478623235,96,96
769,cov-sq_EllipticEnvelope,te_symbolic_k-10_kt-1_l-1_lt-1,1.0,96,96
770,cov-sq_EllipticEnvelope,psi_multitaper_mean_fs-1_fmin-0_fmax-0-5,0.10416666666666667,96,96
771,cov-sq_EllipticEnvelope,psi_multitaper_mean_fs-1_fmin-0_fmax-0-25,0.09375,96,96
772,cov-sq_EllipticEnvelope,psi_multitaper_mean_fs-1_fmin-0-25_fmax-0-5,0.125,96,96
773,cov-sq_EllipticEnvelope,psi_wavelet_mean_fs-1_fmin-0_fmax-0-5_mean,0.1500027018587543,96,96
774,cov-sq_EllipticEnvelope,psi_wavelet_mean_fs-1_fmin-0_fmax-0-25_mean,0.16242915800161606,96,96
775,cov-sq_EllipticEnvelope,psi_wavelet_mean_fs-1_fmin-0-25_fmax-0-5_mean,0.150281525185038,96,96
776,cov-sq_EllipticEnvelope,psi_wavelet_max_fs-1_fmin-0_fmax-0-5_max,0.15349374636321234,96,96
777,cov-sq_EllipticEnvelope,psi_wavelet_max_fs-1_fmin-0_fmax-0-25_max,0.16274027276675085,96,96
778,cov-sq_EllipticEnvelope,psi_wavelet_max_fs-1_fmin-0-25_fmax-0-5_max,0.16345349122611774,96,96
779,cov-sq_EllipticEnvelope,pec,0.18534200933684436,96,96
780,cov-sq_EllipticEnvelope,pec_orth,0.46349678080020684,96,96
781,cov-sq_EllipticEnvelope,pec_log,0.17503969570497452,96,96
782,cov-sq_EllipticEnvelope,pec_orth_log,0.39274759744430854,96,96
783,cov-sq_EllipticEnvelope,pec_orth_abs,0.3714754395551365,96,96
784,cov-sq_EllipticEnvelope,pec_orth_log_abs,0.22415091291628889,96,96
785,cov-sq_GraphicalLasso,cov-sq_GraphicalLassoCV,0.5921072001693642,96,96
786,cov-sq_GraphicalLasso,cov-sq_LedoitWolf,0.9095998831925327,96,96
787,cov-sq_GraphicalLasso,cov-sq_MinCovDet,0.8632761131660024,96,96
788,cov-sq_GraphicalLasso,cov-sq_OAS,0.9095998831925327,96,96
789,cov-sq_GraphicalLasso,cov-sq_ShrunkCovariance,0.9095998831925327,96,96
790,cov-sq_GraphicalLasso,prec_EmpiricalCovariance,0.6583651142887125,96,96
791,cov-sq_GraphicalLasso,prec_EllipticEnvelope,0.6804758856276762,96,96
792,cov-sq_GraphicalLasso,prec_GraphicalLasso,0.29590594382331836,96,96
793,cov-sq_GraphicalLasso,prec_GraphicalLassoCV,0.2992399657133284,96,96
794,cov-sq_GraphicalLasso,prec_LedoitWolf,0.37310637568965394,96,96
795,cov-sq_GraphicalLasso,prec_MinCovDet,0.6881311456538292,96,96
796,cov-sq_GraphicalLasso,prec_OAS,0.3424908154582077,96,96
797,cov-sq_GraphicalLasso,prec_ShrunkCovariance,0.22716778485575062,96,96
798,cov-sq_GraphicalLasso,prec-sq_EmpiricalCovariance,0.7986509170932076,96,96
799,cov-sq_GraphicalLasso,prec-sq_EllipticEnvelope,0.8459254392900888,96,96
800,cov-sq_GraphicalLasso,prec-sq_GraphicalLasso,0.8163858638540072,96,96
801,cov-sq_GraphicalLasso,prec-sq_GraphicalLassoCV,0.7204847845928826,96,96
802,cov-sq_GraphicalLasso,prec-sq_LedoitWolf,0.7185844557003217,96,96
803,cov-sq_GraphicalLasso,prec-sq_MinCovDet,0.8716045000600224,96,96
804,cov-sq_GraphicalLasso,prec-sq_OAS,0.7073722834523476,96,96
805,cov-sq_GraphicalLasso,prec-sq_ShrunkCovariance,0.6705250764696337,96,96
806,cov-sq_GraphicalLasso,spearmanr-sq,0.8319162332848269,96,96
807,cov-sq_GraphicalLasso,spearmanr,0.2788602858034752,96,96
808,cov-sq_GraphicalLasso,kendalltau-sq,0.832848383838998,96,96
809,cov-sq_GraphicalLasso,kendalltau,0.2790944474910363,96,96
810,cov-sq_GraphicalLasso,xcorr_max_sig-True,0.2549293677197123,96,96
811,cov-sq_GraphicalLasso,xcorr-sq_max_sig-True,0.24791182369909864,96,96
812,cov-sq_GraphicalLasso,xcorr_mean_sig-True,0.17943573902634552,96,96
813,cov-sq_GraphicalLasso,xcorr-sq_mean_sig-True,0.470835483117218,96,96
814,cov-sq_GraphicalLasso,xcorr_mean_sig-False,0.1717286075681702,96,96
815,cov-sq_GraphicalLasso,xcorr-sq_mean_sig-False,0.5401666091186781,96,96
816,cov-sq_GraphicalLasso,pdist_euclidean,0.2770996057706921,96,96
817,cov-sq_GraphicalLasso,pdist_cityblock,0.2777213540919187,96,96
818,cov-sq_GraphicalLasso,pdist_cosine,0.2770996057706921,96,96
819,cov-sq_GraphicalLasso,pdist_chebyshev,0.1867639553557129,96,96
820,cov-sq_GraphicalLasso,pdist_canberra,0.26904585771872547,96,96
821,cov-sq_GraphicalLasso,pdist_braycurtis,0.27661533983031217,96,96
822,cov-sq_GraphicalLasso,di_gaussian,1.0,96,96
823,cov-sq_GraphicalLasso,di_kozachenko,0.207225006435101,96,96
824,cov-sq_GraphicalLasso,di_kernel_W-0.5,0.3950826257787907,96,96
825,cov-sq_GraphicalLasso,mi_gaussian,0.9095998831925327,96,96
826,cov-sq_GraphicalLasso,mi_kraskov_NN-4,0.21909377905972782,96,96
827,cov-sq_GraphicalLasso,mi_kraskov_NN-4_DCE,0.23531268827672813,96,96
828,cov-sq_GraphicalLasso,mi_kernel_W-0.25,0.13256702016343827,96,96
829,cov-sq_GraphicalLasso,tlmi_gaussian,0.7395072561741656,96,96
830,cov-sq_GraphicalLasso,tlmi_kraskov_NN-4,0.30587433318776225,96,96
831,cov-sq_GraphicalLasso,tlmi_kraskov_NN-4_DCE,0.26599555868979663,96,96
832,cov-sq_GraphicalLasso,tlmi_kernel_W-0.25,0.2644341080095483,96,96
833,cov-sq_GraphicalLasso,te_kraskov_NN-4_k-max-10_tau-max-4,0.37758147967770467,96,96
834,cov-sq_GraphicalLasso,te_kraskov_NN-4_DCE_k-max-10_tau-max-4,0.46554492753307763,96,96
835,cov-sq_GraphicalLasso,te_kraskov_NN-4_DCE_k-2_kt-1_l-1_lt-1,0.47882884105977774,96,96
836,cov-sq_GraphicalLasso,te_kraskov_NN-4_DCE_k-1_kt-1_l-1_lt-1,0.48214933360769596,96,96
837,cov-sq_GraphicalLasso,te_kraskov_NN-4_k-1_kt-1_l-1_lt-1,0.2797883954850201,96,96
838,cov-sq_GraphicalLasso,te_kernel_W-0.25_k-1,0.6480298411971561,96,96
839,cov-sq_GraphicalLasso,gc_gaussian_k-max-10_tau-max-2,1.0,96,96
840,cov-sq_GraphicalLasso,gc_gaussian_k-1_kt-1_l-1_lt-1,0.6266243614202305,96,96
841,cov-sq_GraphicalLasso,te_symbolic_k-1_kt-1_l-1_lt-1,0.6266243614202305,96,96
842,cov-sq_GraphicalLasso,te_symbolic_k-10_kt-1_l-1_lt-1,1.0,96,96
843,cov-sq_GraphicalLasso,psi_multitaper_mean_fs-1_fmin-0_fmax-0-5,0.14583333333333334,96,96
844,cov-sq_GraphicalLasso,psi_multitaper_mean_fs-1_fmin-0_fmax-0-25,0.09375,96,96
845,cov-sq_GraphicalLasso,psi_multitaper_mean_fs-1_fmin-0-25_fmax-0-5,0.1875,96,96
846,cov-sq_GraphicalLasso,psi_wavelet_mean_fs-1_fmin-0_fmax-0-5_mean,0.04775165387024072,96,96
847,cov-sq_GraphicalLasso,psi_wavelet_mean_fs-1_fmin-0_fmax-0-25_mean,0.05224387528414842,96,96
848,cov-sq_GraphicalLasso,psi_wavelet_mean_fs-1_fmin-0-25_fmax-0-5_mean,0.03454798104974666,96,96
849,cov-sq_GraphicalLasso,psi_wavelet_max_fs-1_fmin-0_fmax-0-5_max,0.05333215715675807,96,96
850,cov-sq_GraphicalLasso,psi_wavelet_max_fs-1_fmin-0_fmax-0-25_max,0.05262216924778007,96,96
851,cov-sq_GraphicalLasso,psi_wavelet_max_fs-1_fmin-0-25_fmax-0-5_max,0.04690481958455517,96,96
852,cov-sq_GraphicalLasso,pec,0.12456125753190439,96,96
853,cov-sq_GraphicalLasso,pec_orth,0.469759065855017,96,96
854,cov-sq_GraphicalLasso,pec_log,0.18054475430803352,96,96
855,cov-sq_GraphicalLasso,pec_orth_log,0.4079272468659085,96,96
856,cov-sq_GraphicalLasso,pec_orth_abs,0.31393268670204344,96,96
857,cov-sq_GraphicalLasso,pec_orth_log_abs,0.23989888817894278,96,96
858,cov-sq_GraphicalLassoCV,cov-sq_LedoitWolf,0.7430212229423708,96,96
859,cov-sq_GraphicalLassoCV,cov-sq_MinCovDet,0.5365214050235981,96,96
860,cov-sq_GraphicalLassoCV,cov-sq_OAS,0.7430212229423708,96,96
861,cov-sq_GraphicalLassoCV,cov-sq_ShrunkCovariance,0.7430212229423708,96,96
862,cov-sq_GraphicalLassoCV,prec_EmpiricalCovariance,0.6459816074071425,96,96
863,cov-sq_GraphicalLassoCV,prec_EllipticEnvelope,0.6377109249656947,96,96
864,cov-sq_GraphicalLassoCV,prec_GraphicalLasso,0.27847649714299466,96,96
865,cov-sq_GraphicalLassoCV,prec_GraphicalLassoCV,0.1725244160483947,96,96
866,cov-sq_GraphicalLassoCV,prec_LedoitWolf,0.0981017799841214,96,96
867,cov-sq_GraphicalLassoCV,prec_MinCovDet,0.653162429483832,96,96
868,cov-sq_GraphicalLassoCV,prec_OAS,0.08162461638653362,96,96
869,cov-sq_GraphicalLassoCV,prec_ShrunkCovariance,0.2533771750261078,96,96
870,cov-sq_GraphicalLassoCV,prec-sq_EmpiricalCovariance,0.48810150384984397,96,96
871,cov-sq_GraphicalLassoCV,prec-sq_EllipticEnvelope,0.5912990698478982,96,96
872,cov-sq_GraphicalLassoCV,prec-sq_GraphicalLasso,0.611460544645811,96,96
873,cov-sq_GraphicalLassoCV,prec-sq_GraphicalLassoCV,0.21352036160325816,96,96
874,cov-sq_GraphicalLassoCV,prec-sq_LedoitWolf,0.1291381863054476,96,96
875,cov-sq_GraphicalLassoCV,prec-sq_MinCovDet,0.5962811814452679,96,96
876,cov-sq_GraphicalLassoCV,prec-sq_OAS,0.11635016255279562,96,96
877,cov-sq_GraphicalLassoCV,prec-sq_ShrunkCovariance,0.1422261833985975,96,96
878,cov-sq_GraphicalLassoCV,spearmanr-sq,0.7278206586001134,96,96
879,cov-sq_GraphicalLassoCV,spearmanr,0.19085704854832125,96,96
880,cov-sq_GraphicalLassoCV,kendalltau-sq,0.7069434850023437,96,96
881,cov-sq_GraphicalLassoCV,kendalltau,0.18959110667003898,96,96
882,cov-sq_GraphicalLassoCV,xcorr_max_sig-True,0.23289481940371903,96,96
883,cov-sq_GraphicalLassoCV,xcorr-sq_max_sig-True,0.272411383946865,96,96
884,cov-sq_GraphicalLassoCV,xcorr_mean_sig-True,0.16692446437678943,96,96
885,cov-sq_GraphicalLassoCV,xcorr-sq_mean_sig-True,0.24311183246932683,96,96
886,cov-sq_GraphicalLassoCV,xcorr_mean_sig-False,0.05420274738290798,96,96
887,cov-sq_GraphicalLassoCV,xcorr-sq_mean_sig-False,0.380842603953803,96,96
888,cov-sq_GraphicalLassoCV,pdist_euclidean,0.1846622351853625,96,96
889,cov-sq_GraphicalLassoCV,pdist_cityblock,0.19985738455416324,96,96
890,cov-sq_GraphicalLassoCV,pdist_cosine,0.1846622351853625,96,96
891,cov-sq_GraphicalLassoCV,pdist_chebyshev,0.6005286360382522,96,96
892,cov-sq_GraphicalLassoCV,pdist_canberra,0.22946639820090875,96,96
893,cov-sq_GraphicalLassoCV,pdist_braycurtis,0.19404755243082977,96,96
894,cov-sq_GraphicalLassoCV,di_gaussian,1.0,96,96
895,cov-sq_GraphicalLassoCV,di_kozachenko,0.6317053348713902,96,96
896,cov-sq_GraphicalLassoCV,di_kernel_W-0.5,0.9708820048882253,96,96
897,cov-sq_GraphicalLassoCV,mi_gaussian,0.7430212229423708,96,96
898,cov-sq_GraphicalLassoCV,mi_kraskov_NN-4,0.737167470820685,96,96
899,cov-sq_GraphicalLassoCV,mi_kraskov_NN-4_DCE,0.8232507288812282,96,96
900,cov-sq_GraphicalLassoCV,mi_kernel_W-0.25,0.6958605515723238,96,96
901,cov-sq_GraphicalLassoCV,tlmi_gaussian,0.6163030711770637,96,96
902,cov-sq_GraphicalLassoCV,tlmi_kraskov_NN-4,0.8191714240184047,96,96
903,cov-sq_GraphicalLassoCV,tlmi_kraskov_NN-4_DCE,0.7548555934192527,96,96
904,cov-sq_GraphicalLassoCV,tlmi_kernel_W-0.25,0.6452044952338142,96,96
905,cov-sq_GraphicalLassoCV,te_kraskov_NN-4_k-max-10_tau-max-4,0.2641148234612775,96,96
906,cov-sq_GraphicalLassoCV,te_kraskov_NN-4_DCE_k-max-10_tau-max-4,0.3589578481499879,96,96
907,cov-sq_GraphicalLassoCV,te_kraskov_NN-4_DCE_k-2_kt-1_l-1_lt-1,0.34073736517645936,96,96
908,cov-sq_GraphicalLassoCV,te_kraskov_NN-4_DCE_k-1_kt-1_l-1_lt-1,0.3727446162039332,96,96
909,cov-sq_GraphicalLassoCV,te_kraskov_NN-4_k-1_kt-1_l-1_lt-1,0.4285712864272819,96,96
910,cov-sq_GraphicalLassoCV,te_kernel_W-0.25_k-1,0.42986152490021834,96,96
911,cov-sq_GraphicalLassoCV,gc_gaussian_k-max-10_tau-max-2,1.0,96,96
912,cov-sq_GraphicalLassoCV,gc_gaussian_k-1_kt-1_l-1_lt-1,0.5405559631534865,96,96
913,cov-sq_GraphicalLassoCV,te_symbolic_k-1_kt-1_l-1_lt-1,0.5405559631534865,96,96
914,cov-sq_GraphicalLassoCV,te_symbolic_k-10_kt-1_l-1_lt-1,1.0,96,96
915,cov-sq_GraphicalLassoCV,psi_multitaper_mean_fs-1_fmin-0_fmax-0-5,0.09375,96,96
916,cov-sq_GraphicalLassoCV,psi_multitaper_mean_fs-1_fmin-0_fmax-0-25,0.08333333333333333,96,96
917,cov-sq_GraphicalLassoCV,psi_multitaper_mean_fs-1_fmin-0-25_fmax-0-5,0.11458333333333333,96,96
918,cov-sq_GraphicalLassoCV,psi_wavelet_mean_fs-1_fmin-0_fmax-0-5_mean,0.13197960219239624,96,96
919,cov-sq_GraphicalLassoCV,psi_wavelet_mean_fs-1_fmin-0_fmax-0-25_mean,0.11939950417683465,96,96
920,cov-sq_GraphicalLassoCV,psi_wavelet_mean_fs-1_fmin-0-25_fmax-0-5_mean,0.13365140104826612,96,96
921,cov-sq_GraphicalLassoCV,psi_wavelet_max_fs-1_fmin-0_fmax-0-5_max,0.14059538525754545,96,96
922,cov-sq_GraphicalLassoCV,psi_wavelet_max_fs-1_fmin-0_fmax-0-25_max,0.11012386844103472,96,96
923,cov-sq_GraphicalLassoCV,psi_wavelet_max_fs-1_fmin-0-25_fmax-0-5_max,0.15248893025925525,96,96
924,cov-sq_GraphicalLassoCV,pec,0.5266820323900514,96,96
925,cov-sq_GraphicalLassoCV,pec_orth,0.4696719940588122,96,96
926,cov-sq_GraphicalLassoCV,pec_log,0.6081441985635412,96,96
927,cov-sq_GraphicalLassoCV,pec_orth_log,0.4285048786082162,96,96
928,cov-sq_GraphicalLassoCV,pec_orth_abs,0.3451879590549157,96,96
929,cov-sq_GraphicalLassoCV,pec_orth_log_abs,0.31664620982839775,96,96
930,cov-sq_LedoitWolf,cov-sq_MinCovDet,0.8086482893695037,96,96
931,cov-sq_LedoitWolf,cov-sq_OAS,0.17708333333333334,96,96
932,cov-sq_LedoitWolf,cov-sq_ShrunkCovariance,0.13541666666666666,96,96
933,cov-sq_LedoitWolf,prec_EmpiricalCovariance,0.7086381930951325,96,96
934,cov-sq_LedoitWolf,prec_EllipticEnvelope,0.697265385924163,96,96
935,cov-sq_LedoitWolf,prec_GraphicalLasso,0.2980270977044176,96,96
936,cov-sq_LedoitWolf,prec_GraphicalLassoCV,0.16838166967703594,96,96
937,cov-sq_LedoitWolf,prec_LedoitWolf,0.1332950568755067,96,96
938,cov-sq_LedoitWolf,prec_MinCovDet,0.7100679185984192,96,96
939,cov-sq_LedoitWolf,prec_OAS,0.10681409181793489,96,96
940,cov-sq_LedoitWolf,prec_ShrunkCovariance,0.22803712709987367,96,96
941,cov-sq_LedoitWolf,prec-sq_EmpiricalCovariance,0.7392921892573436,96,96
942,cov-sq_LedoitWolf,prec-sq_EllipticEnvelope,0.7818932453143066,96,96
943,cov-sq_LedoitWolf,prec-sq_GraphicalLasso,0.858025922327864,96,96
944,cov-sq_LedoitWolf,prec-sq_GraphicalLassoCV,0.18197793243068333,96,96
945,cov-sq_LedoitWolf,prec-sq_LedoitWolf,0.523421485635453,96,96
946,cov-sq_LedoitWolf,prec-sq_MinCovDet,0.7847790647268634,96,96
947,cov-sq_LedoitWolf,prec-sq_OAS,0.5069192177746491,96,96
948,cov-sq_LedoitWolf,prec-sq_ShrunkCovariance,0.3856846612968961,96,96
949,cov-sq_LedoitWolf,spearmanr-sq,0.4312100363069481,96,96
950,cov-sq_LedoitWolf,spearmanr,0.175514293097497,96,96
951,cov-sq_LedoitWolf,kendalltau-sq,0.39496955217373025,96,96
952,cov-sq_LedoitWolf,kendalltau,0.17583477078527665,96,96
953,cov-sq_LedoitWolf,xcorr_max_sig-True,0.22633809202127214,96,96
954,cov-sq_LedoitWolf,xcorr-sq_max_sig-True,0.2641992758763154,96,96
955,cov-sq_LedoitWolf,xcorr_mean_sig-True,0.19236398571270552,96,96
956,cov-sq_LedoitWolf,xcorr-sq_mean_sig-True,0.26026407520338013,96,96
957,cov-sq_LedoitWolf,xcorr_mean_sig-False,0.08630121343535924,96,96
958,cov-sq_LedoitWolf,xcorr-sq_mean_sig-False,0.3586012977987232,96,96
959,cov-sq_LedoitWolf,pdist_euclidean,0.171019420220695,96,96
960,cov-sq_LedoitWolf,pdist_cityblock,0.178471402203923,96,96
961,cov-sq_LedoitWolf,pdist_cosine,0.171019420220695,96,96
962,cov-sq_LedoitWolf,pdist_chebyshev,0.5855583276239178,96,96
963,cov-sq_LedoitWolf,pdist_canberra,0.20543259088954452,96,96
964,cov-sq_LedoitWolf,pdist_braycurtis,0.17722694408374917,96,96
965,cov-sq_LedoitWolf,di_gaussian,1.0,96,96
966,cov-sq_LedoitWolf,di_kozachenko,0.6355124060757267,96,96
967,cov-sq_LedoitWolf,di_kernel_W-0.5,0.9739162832974706,96,96
968,cov-sq_LedoitWolf,mi_gaussian,0.10416666666666667,96,96
969,cov-sq_LedoitWolf,mi_kraskov_NN-4,0.7408761020736553,96,96
970,cov-sq_LedoitWolf,mi_kraskov_NN-4_DCE,0.8236922647959412,96,96
971,cov-sq_LedoitWolf,mi_kernel_W-0.25,0.6980237764916728,96,96
972,cov-sq_LedoitWolf,tlmi_gaussian,0.5850952026637096,96,96
973,cov-sq_LedoitWolf,tlmi_kraskov_NN-4,0.8204513132384368,96,96
974,cov-sq_LedoitWolf,tlmi_kraskov_NN-4_DCE,0.7434449296313896,96,96
975,cov-sq_LedoitWolf,tlmi_kernel_W-0.25,0.6464633211035489,96,96
976,cov-sq_LedoitWolf,te_kraskov_NN-4_k-max-10_tau-max-4,0.2597561451480046,96,96
977,cov-sq_LedoitWolf,te_kraskov_NN-4_DCE_k-max-10_tau-max-4,0.35592263651426115,96,96
978,cov-sq_LedoitWolf,te_kraskov_NN-4_DCE_k-2_kt-1_l-1_lt-1,0.3589671730695101,96,96
979,cov-sq_LedoitWolf,te_kraskov_NN-4_DCE_k-1_kt-1_l-1_lt-1,0.37637275583307556,96,96
980,cov-sq_LedoitWolf,te_kraskov_NN-4_k-1_kt-1_l-1_lt-1,0.4178424309934528,96,96
981,cov-sq_LedoitWolf,te_kernel_W-0.25_k-1,0.46131363460600094,96,96
982,cov-sq_LedoitWolf,gc_gaussian_k-max-10_tau-max-2,1.0,96,96
983,cov-sq_LedoitWolf,gc_gaussian_k-1_kt-1_l-1_lt-1,0.539001542881886,96,96
984,cov-sq_LedoitWolf,te_symbolic_k-1_kt-1_l-1_lt-1,0.539001542881886,96,96
985,cov-sq_LedoitWolf,te_symbolic_k-10_kt-1_l-1_lt-1,1.0,96,96
986,cov-sq_LedoitWolf,psi_multitaper_mean_fs-1_fmin-0_fmax-0-5,0.15625,96,96
987,cov-sq_LedoitWolf,psi_multitaper_mean_fs-1_fmin-0_fmax-0-25,0.09375,96,96
988,cov-sq_LedoitWolf,psi_multitaper_mean_fs-1_fmin-0-25_fmax-0-5,0.08333333333333333,96,96
989,cov-sq_LedoitWolf,psi_wavelet_mean_fs-1_fmin-0_fmax-0-5_mean,0.12388966426456816,96,96
990,cov-sq_LedoitWolf,psi_wavelet_mean_fs-1_fmin-0_fmax-0-25_mean,0.12812839819107513,96,96
991,cov-sq_LedoitWolf,psi_wavelet_mean_fs-1_fmin-0-25_fmax-0-5_mean,0.13296963352414515,96,96
992,cov-sq_LedoitWolf,psi_wavelet_max_fs-1_fmin-0_fmax-0-5_max,0.14170664815920087,96,96
993,cov-sq_LedoitWolf,psi_wavelet_max_fs-1_fmin-0_fmax-0-25_max,0.1291010921675435,96,96
994,cov-sq_LedoitWolf,psi_wavelet_max_fs-1_fmin-0-25_fmax-0-5_max,0.14784708061898932,96,96
995,cov-sq_LedoitWolf,pec,0.49595902483072846,96,96
996,cov-sq_LedoitWolf,pec_orth,0.4429720090477848,96,96
997,cov-sq_LedoitWolf,pec_log,0.5803804274365099,96,96
998,cov-sq_LedoitWolf,pec_orth_log,0.39580729932199343,96,96
999,cov-sq_LedoitWolf,pec_orth_abs,0.34363680522134166,96,96
1000,cov-sq_LedoitWolf,pec_orth_log_abs,0.31026423540423653,96,96
1001,cov-sq_MinCovDet,cov-sq_OAS,0.8086482893695037,96,96
1002,cov-sq_MinCovDet,cov-sq_ShrunkCovariance,0.8086482893695037,96,96
1003,cov-sq_MinCovDet,prec_EmpiricalCovariance,0.7769048864240259,96,96
1004,cov-sq_MinCovDet,prec_EllipticEnvelope,0.7768276614045719,96,96
1005,cov-sq_MinCovDet,prec_GraphicalLasso,0.617356208728596,96,96
1006,cov-sq_MinCovDet,prec_GraphicalLassoCV,0.36953018981652946,96,96
1007,cov-sq_MinCovDet,prec_LedoitWolf,0.7127289188329996,96,96
1008,cov-sq_MinCovDet,prec_MinCovDet,0.7786153045099053,96,96
1009,cov-sq_MinCovDet,prec_OAS,0.6447388364654514,96,96
1010,cov-sq_MinCovDet,prec_ShrunkCovariance,0.27011296235766885,96,96
1011,cov-sq_MinCovDet,prec-sq_EmpiricalCovariance,0.7472552926632504,96,96
1012,cov-sq_MinCovDet,prec-sq_EllipticEnvelope,0.8187544953414714,96,96
1013,cov-sq_MinCovDet,prec-sq_GraphicalLasso,0.9784468419448739,96,96
1014,cov-sq_MinCovDet,prec-sq_GraphicalLassoCV,0.7656411803374729,96,96
1015,cov-sq_MinCovDet,prec-sq_LedoitWolf,0.8337303906651742,96,96
1016,cov-sq_MinCovDet,prec-sq_MinCovDet,0.8183424560540551,96,96
1017,cov-sq_MinCovDet,prec-sq_OAS,0.8453193166676641,96,96
1018,cov-sq_MinCovDet,prec-sq_ShrunkCovariance,0.801670104140166,96,96
1019,cov-sq_MinCovDet,spearmanr-sq,0.8528249096941296,96,96
1020,cov-sq_MinCovDet,spearmanr,0.30548011648585677,96,96
1021,cov-sq_MinCovDet,kendalltau-sq,0.848101274405069,96,96
1022,cov-sq_MinCovDet,kendalltau,0.3112658885288356,96,96
1023,cov-sq_MinCovDet,xcorr_max_sig-True,0.41239518046420726,96,96
1024,cov-sq_MinCovDet,xcorr-sq_max_sig-True,0.39177396447742063,96,96
1025,cov-sq_MinCovDet,xcorr_mean_sig-True,0.1952036781836918,96,96
1026,cov-sq_MinCovDet,xcorr-sq_mean_sig-True,0.312540334513362,96,96
1027,cov-sq_MinCovDet,xcorr_mean_sig-False,0.24803596480047457,96,96
1028,cov-sq_MinCovDet,xcorr-sq_mean_sig-False,0.37400359764315916,96,96
1029,cov-sq_MinCovDet,pdist_euclidean,0.3164483181037056,96,96
1030,cov-sq_MinCovDet,pdist_cityblock,0.3013509795525505,96,96
1031,cov-sq_MinCovDet,pdist_cosine,0.3164483181037056,96,96
1032,cov-sq_MinCovDet,pdist_chebyshev,0.14052955692183028,96,96
1033,cov-sq_MinCovDet,pdist_canberra,0.2976390397554516,96,96
1034,cov-sq_MinCovDet,pdist_braycurtis,0.2995340345572868,96,96
1035,cov-sq_MinCovDet,di_gaussian,1.0,96,96
1036,cov-sq_MinCovDet,di_kozachenko,0.18449368527463483,96,96
1037,cov-sq_MinCovDet,di_kernel_W-0.5,0.50745321865519,96,96
1038,cov-sq_MinCovDet,mi_gaussian,0.8086482893695037,96,96
1039,cov-sq_MinCovDet,mi_kraskov_NN-4,0.15896904882330765,96,96
1040,cov-sq_MinCovDet,mi_kraskov_NN-4_DCE,0.1386942273533065,96,96
1041,cov-sq_MinCovDet,mi_kernel_W-0.25,0.19088681327412194,96,96
1042,cov-sq_MinCovDet,tlmi_gaussian,0.6181787006501998,96,96
1043,cov-sq_MinCovDet,tlmi_kraskov_NN-4,0.4022141622810309,96,96
1044,cov-sq_MinCovDet,tlmi_kraskov_NN-4_DCE,0.27171911995525644,96,96
1045,cov-sq_MinCovDet,tlmi_kernel_W-0.25,0.06948736980799056,96,96
1046,cov-sq_MinCovDet,te_kraskov_NN-4_k-max-10_tau-max-4,0.0888177305859468,96,96
1047,cov-sq_MinCovDet,te_kraskov_NN-4_DCE_k-max-10_tau-max-4,0.5477788563841701,96,96
1048,cov-sq_MinCovDet,te_kraskov_NN-4_DCE_k-2_kt-1_l-1_lt-1,0.5537460480002492,96,96
1049,cov-sq_MinCovDet,te_kraskov_NN-4_DCE_k-1_kt-1_l-1_lt-1,0.5544738096238717,96,96
1050,cov-sq_MinCovDet,te_kraskov_NN-4_k-1_kt-1_l-1_lt-1,0.34013443854345526,96,96
1051,cov-sq_MinCovDet,te_kernel_W-0.25_k-1,0.37134120148450134,96,96
1052,cov-sq_MinCovDet,gc_gaussian_k-max-10_tau-max-2,1.0,96,96
1053,cov-sq_MinCovDet,gc_gaussian_k-1_kt-1_l-1_lt-1,0.5116349676995104,96,96
1054,cov-sq_MinCovDet,te_symbolic_k-1_kt-1_l-1_lt-1,0.5116349676995104,96,96
1055,cov-sq_MinCovDet,te_symbolic_k-10_kt-1_l-1_lt-1,1.0,96,96
1056,cov-sq_MinCovDet,psi_multitaper_mean_fs-1_fmin-0_fmax-0-5,0.10416666666666667,96,96
1057,cov-sq_MinCovDet,psi_multitaper_mean_fs-1_fmin-0_fmax-0-25,0.14583333333333334,96,96
1058,cov-sq_MinCovDet,psi_multitaper_mean_fs-1_fmin-0-25_fmax-0-5,0.08333333333333333,96,96
1059,cov-sq_MinCovDet,psi_wavelet_mean_fs-1_fmin-0_fmax-0-5_mean,0.13945762836764108,96,96
1060,cov-sq_MinCovDet,psi_wavelet_mean_fs-1_fmin-0_fmax-0-25_mean,0.1491661819616048,96,96
1061,cov-sq_MinCovDet,psi_wavelet_mean_fs-1_fmin-0-25_fmax-0-5_mean,0.1422585710956309,96,96
1062,cov-sq_MinCovDet,psi_wavelet_max_fs-1_fmin-0_fmax-0-5_max,0.14580118746392445,96,96
1063,cov-sq_MinCovDet,psi_wavelet_max_fs-1_fmin-0_fmax-0-25_max,0.14740897084274618,96,96
1064,cov-sq_MinCovDet,psi_wavelet_max_fs-1_fmin-0-25_fmax-0-5_max,0.15566869523081506,96,96
1065,cov-sq_MinCovDet,pec,0.188905115262665,96,96
1066,cov-sq_MinCovDet,pec_orth,0.4685082643447477,96,96
1067,cov-sq_MinCovDet,pec_log,0.17776320787291733,96,96
1068,cov-sq_MinCovDet,pec_orth_log,0.3834950332488399,96,96
1069,cov-sq_MinCovDet,pec_orth_abs,0.37944729660030196,96,96
1070,cov-sq_MinCovDet,pec_orth_log_abs,0.22469033408673486,96,96
1071,cov-sq_OAS,cov-sq_ShrunkCovariance,0.09375,96,96
1072,cov-sq_OAS,prec_EmpiricalCovariance,0.7086381930951325,96,96
1073,cov-sq_OAS,prec_EllipticEnvelope,0.697265385924163,96,96
1074,cov-sq_OAS,prec_GraphicalLasso,0.2980270977044176,96,96
1075,cov-sq_OAS,prec_GraphicalLassoCV,0.16838166967703594,96,96
1076,cov-sq_OAS,prec_LedoitWolf,0.1332950568755067,96,96
1077,cov-sq_OAS,prec_MinCovDet,0.7100679185984192,96,96
1078,cov-sq_OAS,prec_OAS,0.10681409181793489,96,96
1079,cov-sq_OAS,prec_ShrunkCovariance,0.22803712709987367,96,96
1080,cov-sq_OAS,prec-sq_EmpiricalCovariance,0.7392921892573436,96,96
1081,cov-sq_OAS,prec-sq_EllipticEnvelope,0.7818932453143066,96,96
1082,cov-sq_OAS,prec-sq_GraphicalLasso,0.858025922327864,96,96
1083,cov-sq_OAS,prec-sq_GraphicalLassoCV,0.18197793243068333,96,96
1084,cov-sq_OAS,prec-sq_LedoitWolf,0.523421485635453,96,96
1085,cov-sq_OAS,prec-sq_MinCovDet,0.7847790647268634,96,96
1086,cov-sq_OAS,prec-sq_OAS,0.5069192177746491,96,96
1087,cov-sq_OAS,prec-sq_ShrunkCovariance,0.3856846612968961,96,96
1088,cov-sq_OAS,spearmanr-sq,0.4312100363069481,96,96
1089,cov-sq_OAS,spearmanr,0.175514293097497,96,96
1090,cov-sq_OAS,kendalltau-sq,0.39496955217373025,96,96
1091,cov-sq_OAS,kendalltau,0.17583477078527665,96,96
1092,cov-sq_OAS,xcorr_max_sig-True,0.22633809202127214,96,96
1093,cov-sq_OAS,xcorr-sq_max_sig-True,0.2641992758763154,96,96
1094,cov-sq_OAS,xcorr_mean_sig-True,0.19236398571270552,96,96
1095,cov-sq_OAS,xcorr-sq_mean_sig-True,0.26026407520338013,96,96
1096,cov-sq_OAS,xcorr_mean_sig-False,0.08630121343535924,96,96
1097,cov-sq_OAS,xcorr-sq_mean_sig-False,0.3586012977987232,96,96
1098,cov-sq_OAS,pdist_euclidean,0.171019420220695,96,96
1099,cov-sq_OAS,pdist_cityblock,0.178471402203923,96,96
1100,cov-sq_OAS,pdist_cosine,0.171019420220695,96,96
1101,cov-sq_OAS,pdist_chebyshev,0.5855583276239178,96,96
1102,cov-sq_OAS,pdist_canberra,0.20543259088954452,96,96
1103,cov-sq_OAS,pdist_braycurtis,0.17722694408374917,96,96
1104,cov-sq_OAS,di_gaussian,1.0,96,96
1105,cov-sq_OAS,di_kozachenko,0.6355124060757267,96,96
1106,cov-sq_OAS,di_kernel_W-0.5,0.9739162832974706,96,96
1107,cov-sq_OAS,mi_gaussian,0.10416666666666667,96,96
1108,cov-sq_OAS,mi_kraskov_NN-4,0.7408761020736553,96,96
1109,cov-sq_OAS,mi_kraskov_NN-4_DCE,0.8236922647959412,96,96
1110,cov-sq_OAS,mi_kernel_W-0.25,0.6980237764916728,96,96
1111,cov-sq_OAS,tlmi_gaussian,0.5850952026637096,96,96
1112,cov-sq_OAS,tlmi_kraskov_NN-4,0.8204513132384368,96,96
1113,cov-sq_OAS,tlmi_kraskov_NN-4_DCE,0.7434449296313896,96,96
1114,cov-sq_OAS,tlmi_kernel_W-0.25,0.6464633211035489,96,96
1115,cov-sq_OAS,te_kraskov_NN-4_k-max-10_tau-max-4,0.2597561451480046,96,96
1116,cov-sq_OAS,te_kraskov_NN-4_DCE_k-max-10_tau-max-4,0.35592263651426115,96,96
1117,cov-sq_OAS,te_kraskov_NN-4_DCE_k-2_kt-1_l-1_lt-1,0.3589671730695101,96,96
1118,cov-sq_OAS,te_kraskov_NN-4_DCE_k-1_kt-1_l-1_lt-1,0.37637275583307556,96,96
1119,cov-sq_OAS,te_kraskov_NN-4_k-1_kt-1_l-1_lt-1,0.4178424309934528,96,96
1120,cov-sq_OAS,te_kernel_W-0.25_k-1,0.46131363460600094,96,96
1121,cov-sq_OAS,gc_gaussian_k-max-10_tau-max-2,1.0,96,96
1122,cov-sq_OAS,gc_gaussian_k-1_kt-1_l-1_lt-1,0.539001542881886,96,96
1123,cov-sq_OAS,te_symbolic_k-1_kt-1_l-1_lt-1,0.539001542881886,96,96
1124,cov-sq_OAS,te_symbolic_k-10_kt-1_l-1_lt-1,1.0,96,96
1125,cov-sq_OAS,psi_multitaper_mean_fs-1_fmin-0_fmax-0-5,0.125,96,96
1126,cov-sq_OAS,psi_multitaper_mean_fs-1_fmin-0_fmax-0-25,0.08333333333333333,96,96
1127,cov-sq_OAS,psi_multitaper_mean_fs-1_fmin-0-25_fmax-0-5,0.13541666666666666,96,96
1128,cov-sq_OAS,psi_wavelet_mean_fs-1_fmin-0_fmax-0-5_mean,0.12388966426456816,96,96
1129,cov-sq_OAS,psi_wavelet_mean_fs-1_fmin-0_fmax-0-25_mean,0.12812839819107513,96,96
1130,cov-sq_OAS,psi_wavelet_mean_fs-1_fmin-0-25_fmax-0-5_mean,0.13296963352414515,96,96
1131,cov-sq_OAS,psi_wavelet_max_fs-1_fmin-0_fmax-0-5_max,0.14170664815920087,96,96
1132,cov-sq_OAS,psi_wavelet_max_fs-1_fmin-0_fmax-0-25_max,0.1291010921675435,96,96
1133,cov-sq_OAS,psi_wavelet_max_fs-1_fmin-0-25_fmax-0-5_max,0.14784708061898932,96,96
1134,cov-sq_OAS,pec,0.49595902483072846,96,96
1135,cov-sq_OAS,pec_orth,0.4429720090477848,96,96
1136,cov-sq_OAS,pec_log,0.5803804274365099,96,96
1137,cov-sq_OAS,pec_orth_log,0.39580729932199343,96,96
1138,cov-sq_OAS,pec_orth_abs,0.34363680522134166,96,96
1139,cov-sq_OAS,pec_orth_log_abs,0.31026423540423653,96,96
1140,cov-sq_ShrunkCovariance,prec_EmpiricalCovariance,0.7086381930951325,96,96
1141,cov-sq_ShrunkCovariance,prec_EllipticEnvelope,0.697265385924163,96,96
1142,cov-sq_ShrunkCovariance,prec_GraphicalLasso,0.2980270977044176,96,96
1143,cov-sq_ShrunkCovariance,prec_GraphicalLassoCV,0.16838166967703594,96,96
1144,cov-sq_ShrunkCovariance,prec_LedoitWolf,0.1332950568755067,96,96
1145,cov-sq_ShrunkCovariance,prec_MinCovDet,0.7100679185984192,96,96
1146,cov-sq_ShrunkCovariance,prec_OAS,0.10681409181793489,96,96
1147,cov-sq_ShrunkCovariance,prec_ShrunkCovariance,0.22803712709987367,96,96
1148,cov-sq_ShrunkCovariance,prec-sq_EmpiricalCovariance,0.7392921892573436,96,96
1149,cov-sq_ShrunkCovariance,prec-sq_EllipticEnvelope,0.7818932453143066,96,96
1150,cov-sq_ShrunkCovariance,prec-sq_GraphicalLasso,0.858025922327864,96,96
1151,cov-sq_ShrunkCovariance,prec-sq_GraphicalLassoCV,0.18197793243068333,96,96
1152,cov-sq_ShrunkCovariance,prec-sq_LedoitWolf,0.523421485635453,96,96
1153,cov-sq_ShrunkCovariance,prec-sq_MinCovDet,0.7847790647268634,96,96
1154,cov-sq_ShrunkCovariance,prec-sq_OAS,0.5069192177746491,96,96
1155,cov-sq_ShrunkCovariance,prec-sq_ShrunkCovariance,0.3856846612968961,96,96
1156,cov-sq_ShrunkCovariance,spearmanr-sq,0.4312100363069481,96,96
1157,cov-sq_ShrunkCovariance,spearmanr,0.175514293097497,96,96
1158,cov-sq_ShrunkCovariance,kendalltau-sq,0.39496955217373025,96,96
1159,cov-sq_ShrunkCovariance,kendalltau,0.17583477078527665,96,96
1160,cov-sq_ShrunkCovariance,xcorr_max_sig-True,0.22633809202127214,96,96
1161,cov-sq_ShrunkCovariance,xcorr-sq_max_sig-True,0.2641992758763154,96,96
1162,cov-sq_ShrunkCovariance,xcorr_mean_sig-True,0.19236398571270552,96,96
1163,cov-sq_ShrunkCovariance,xcorr-sq_mean_sig-True,0.26026407520338013,96,96
1164,cov-sq_ShrunkCovariance,xcorr_mean_sig-False,0.08630121343535924,96,96
1165,cov-sq_ShrunkCovariance,xcorr-sq_mean_sig-False,0.3586012977987232,96,96
1166,cov-sq_ShrunkCovariance,pdist_euclidean,0.171019420220695,96,96
1167,cov-sq_ShrunkCovariance,pdist_cityblock,0.178471402203923,96,96
1168,cov-sq_ShrunkCovariance,pdist_cosine,0.171019420220695,96,96
1169,cov-sq_ShrunkCovariance,pdist_chebyshev,0.5855583276239178,96,96
1170,cov-sq_ShrunkCovariance,pdist_canberra,0.20543259088954452,96,96
1171,cov-sq_ShrunkCovariance,pdist_braycurtis,0.17722694408374917,96,96
1172,cov-sq_ShrunkCovariance,di_gaussian,1.0,96,96
1173,cov-sq_ShrunkCovariance,di_kozachenko,0.6355124060757267,96,96
1174,cov-sq_ShrunkCovariance,di_kernel_W-0.5,0.9739162832974706,96,96
1175,cov-sq_ShrunkCovariance,mi_gaussian,0.16666666666666666,96,96
1176,cov-sq_ShrunkCovariance,mi_kraskov_NN-4,0.7408761020736553,96,96
1177,cov-sq_ShrunkCovariance,mi_kraskov_NN-4_DCE,0.8236922647959412,96,96
1178,cov-sq_ShrunkCovariance,mi_kernel_W-0.25,0.6980237764916728,96,96
1179,cov-sq_ShrunkCovariance,tlmi_gaussian,0.5850952026637096,96,96
1180,cov-sq_ShrunkCovariance,tlmi_kraskov_NN-4,0.8204513132384368,96,96
1181,cov-sq_ShrunkCovariance,tlmi_kraskov_NN-4_DCE,0.7434449296313896,96,96
1182,cov-sq_ShrunkCovariance,tlmi_kernel_W-0.25,0.6464633211035489,96,96
1183,cov-sq_ShrunkCovariance,te_kraskov_NN-4_k-max-10_tau-max-4,0.2597561451480046,96,96
1184,cov-sq_ShrunkCovariance,te_kraskov_NN-4_DCE_k-max-10_tau-max-4,0.35592263651426115,96,96
1185,cov-sq_ShrunkCovariance,te_kraskov_NN-4_DCE_k-2_kt-1_l-1_lt-1,0.3589671730695101,96,96
1186,cov-sq_ShrunkCovariance,te_kraskov_NN-4_DCE_k-1_kt-1_l-1_lt-1,0.37637275583307556,96,96
1187,cov-sq_ShrunkCovariance,te_kraskov_NN-4_k-1_kt-1_l-1_lt-1,0.4178424309934528,96,96
1188,cov-sq_ShrunkCovariance,te_kernel_W-0.25_k-1,0.46131363460600094,96,96
1189,cov-sq_ShrunkCovariance,gc_gaussian_k-max-10_tau-max-2,1.0,96,96
1190,cov-sq_ShrunkCovariance,gc_gaussian_k-1_kt-1_l-1_lt-1,0.539001542881886,96,96
1191,cov-sq_ShrunkCovariance,te_symbolic_k-1_kt-1_l-1_lt-1,0.539001542881886,96,96
1192,cov-sq_ShrunkCovariance,te_symbolic_k-10_kt-1_l-1_lt-1,1.0,96,96
1193,cov-sq_ShrunkCovariance,psi_multitaper_mean_fs-1_fmin-0_fmax-0-5,0.07291666666666667,96,96
1194,cov-sq_ShrunkCovariance,psi_multitaper_mean_fs-1_fmin-0_fmax-0-25,0.125,96,96
1195,cov-sq_ShrunkCovariance,psi_multitaper_mean_fs-1_fmin-0-25_fmax-0-5,0.125,96,96
1196,cov-sq_ShrunkCovariance,psi_wavelet_mean_fs-1_fmin-0_fmax-0-5_mean,0.12388966426456816,96,96
1197,cov-sq_ShrunkCovariance,psi_wavelet_mean_fs-1_fmin-0_fmax-0-25_mean,0.12812839819107513,96,96
1198,cov-sq_ShrunkCovariance,psi_wavelet_mean_fs-1_fmin-0-25_fmax-0-5_mean,0.13296963352414515,96,96
1199,cov-sq_ShrunkCovariance,psi_wavelet_max_fs-1_fmin-0_fmax-0-5_max,0.14170664815920087,96,96
1200,cov-sq_ShrunkCovariance,psi_wavelet_max_fs-1_fmin-0_fmax-0-25_max,0.1291010921675435,96,96
1201,cov-sq_ShrunkCovariance,psi_wavelet_max_fs-1_fmin-0-25_fmax-0-5_max,0.14784708061898932,96,96
1202,cov-sq_ShrunkCovariance,pec,0.49595902483072846,96,96
1203,cov-sq_ShrunkCovariance,pec_orth,0.4429720090477848,96,96
1204,cov-sq_ShrunkCovariance,pec_log,0.5803804274365099,96,96
1205,cov-sq_ShrunkCovariance,pec_orth_log,0.39580729932199343,96,96
1206,cov-sq_ShrunkCovariance,pec_orth_abs,0.34363680522134166,96,96
1207,cov-sq_ShrunkCovariance,pec_orth_log_abs,0.31026423540423653,96,96
1208,prec_EmpiricalCovariance,prec_EllipticEnvelope,0.7913382542163618,96,96
1209,prec_EmpiricalCovariance,prec_GraphicalLasso,0.9970466924092602,96,96
1210,prec_EmpiricalCovariance,prec_GraphicalLassoCV,0.9985695304994475,96,96
1211,prec_EmpiricalCovariance,prec_LedoitWolf,0.9958820149180431,96,96
1212,prec_EmpiricalCovariance,prec_MinCovDet,0.7939943915822727,96,96
1213,prec_EmpiricalCovariance,prec_OAS,0.9969012445102672,96,96
1214,prec_EmpiricalCovariance,prec_ShrunkCovariance,0.9999999999984801,96,96
1215,prec_EmpiricalCovariance,prec-sq_EmpiricalCovariance,0.7189147643541075,96,96
1216,prec_EmpiricalCovariance,prec-sq_EllipticEnvelope,0.7622987456999563,96,96
1217,prec_EmpiricalCovariance,prec-sq_GraphicalLasso,0.23960719952098264,96,96
1218,prec_EmpiricalCovariance,prec-sq_GraphicalLassoCV,0.6451555654313617,96,96
1219,prec_EmpiricalCovariance,prec-sq_LedoitWolf,0.3182975414614346,96,96
1220,prec_EmpiricalCovariance,prec-sq_MinCovDet,0.7602209966492969,96,96
1221,prec_EmpiricalCovariance,prec-sq_OAS,0.3758999786159508,96,96
1222,prec_EmpiricalCovariance,prec-sq_ShrunkCovariance,0.5896561533374485,96,96
1223,prec_EmpiricalCovariance,spearmanr-sq,0.7115738858646643,96,96
1224,prec_EmpiricalCovariance,spearmanr,0.9999982199771216,96,96
1225,prec_EmpiricalCovariance,kendalltau-sq,0.7199719489418824,96,96
1226,prec_EmpiricalCovariance,kendalltau,0.9999979132639015,96,96
1227,prec_EmpiricalCovariance,xcorr_max_sig-True,0.6668666985299445,96,96
1228,prec_EmpiricalCovariance,xcorr-sq_max_sig-True,0.6575945678388624,96,96
1229,prec_EmpiricalCovariance,xcorr_mean_sig-True,0.3709021711797561,96,96
1230,prec_EmpiricalCovariance,xcorr-sq_mean_sig-True,0.6694433491095182,96,96
1231,prec_EmpiricalCovariance,xcorr_mean_sig-False,0.21543766341198028,96,96
1232,prec_EmpiricalCovariance,xcorr-sq_mean_sig-False,0.64862618772202,96,96
1233,prec_EmpiricalCovariance,pdist_euclidean,0.9999987048333246,96,96
1234,prec_EmpiricalCovariance,pdist_cityblock,0.9999910024665051,96,96
1235,prec_EmpiricalCovariance,pdist_cosine,0.9999987048333246,96,96
1236,prec_EmpiricalCovariance,pdist_chebyshev,0.546164374926484,96,96
1237,prec_EmpiricalCovariance,pdist_canberra,0.9988958031210919,96,96
1238,prec_EmpiricalCovariance,pdist_braycurtis,0.9999975690811364,96,96
1239,prec_EmpiricalCovariance,di_gaussian,1.0,96,96
1240,prec_EmpiricalCovariance,di_kozachenko,0.0936000193916719,96,96
1241,prec_EmpiricalCovariance,di_kernel_W-0.5,0.5024498815640434,96,96
1242,prec_EmpiricalCovariance,mi_gaussian,0.7086381930951325,96,96
1243,prec_EmpiricalCovariance,mi_kraskov_NN-4,0.25020276383320317,96,96
1244,prec_EmpiricalCovariance,mi_kraskov_NN-4_DCE,0.2756114764300295,96,96
1245,prec_EmpiricalCovariance,mi_kernel_W-0.25,0.5341225527181398,96,96
1246,prec_EmpiricalCovariance,tlmi_gaussian,0.6692749010109712,96,96
1247,prec_EmpiricalCovariance,tlmi_kraskov_NN-4,0.24335774132423832,96,96
1248,prec_EmpiricalCovariance,tlmi_kraskov_NN-4_DCE,0.24980928408542244,96,96
1249,prec_EmpiricalCovariance,tlmi_kernel_W-0.25,0.4619395206691241,96,96
1250,prec_EmpiricalCovariance,te_kraskov_NN-4_k-max-10_tau-max-4,0.7367050170974052,96,96
1251,prec_EmpiricalCovariance,te_kraskov_NN-4_DCE_k-max-10_tau-max-4,0.5146608217660137,96,96
1252,prec_EmpiricalCovariance,te_kraskov_NN-4_DCE_k-2_kt-1_l-1_lt-1,0.45287729987452063,96,96
1253,prec_EmpiricalCovariance,te_kraskov_NN-4_DCE_k-1_kt-1_l-1_lt-1,0.4717481509587139,96,96
1254,prec_EmpiricalCovariance,te_kraskov_NN-4_k-1_kt-1_l-1_lt-1,0.2912241190572862,96,96
1255,prec_EmpiricalCovariance,te_kernel_W-0.25_k-1,0.4065228290793129,96,96
1256,prec_EmpiricalCovariance,gc_gaussian_k-max-10_tau-max-2,1.0,96,96
1257,prec_EmpiricalCovariance,gc_gaussian_k-1_kt-1_l-1_lt-1,0.569790274958361,96,96
1258,prec_EmpiricalCovariance,te_symbolic_k-1_kt-1_l-1_lt-1,0.569790274958361,96,96
1259,prec_EmpiricalCovariance,te_symbolic_k-10_kt-1_l-1_lt-1,1.0,96,96
1260,prec_EmpiricalCovariance,psi_multitaper_mean_fs-1_fmin-0_fmax-0-5,0.1875,96,96
1261,prec_EmpiricalCovariance,psi_multitaper_mean_fs-1_fmin-0_fmax-0-25,0.0625,96,96
1262,prec_EmpiricalCovariance,psi_multitaper_mean_fs-1_fmin-0-25_fmax-0-5,0.125,96,96
1263,prec_EmpiricalCovariance,psi_wavelet_mean_fs-1_fmin-0_fmax-0-5_mean,0.19079342322842952,96,96
1264,prec_EmpiricalCovariance,psi_wavelet_mean_fs-1_fmin-0_fmax-0-25_mean,0.14758770881175332,96,96
1265,prec_EmpiricalCovariance,psi_wavelet_mean_fs-1_fmin-0-25_fmax-0-5_mean,0.19386628326463318,96,96
1266,prec_EmpiricalCovariance,psi_wavelet_max_fs-1_fmin-0_fmax-0-5_max,0.16469980159004816,96,96
1267,prec_EmpiricalCovariance,psi_wavelet_max_fs-1_fmin-0_fmax-0-25_max,0.14616811231454951,96,96
1268,prec_EmpiricalCovariance,psi_wavelet_max_fs-1_fmin-0-25_fmax-0-5_max,0.16645067288756954,96,96
1269,prec_EmpiricalCovariance,pec,0.43983121318990176,96,96
1270,prec_EmpiricalCovariance,pec_orth,0.5348060532487426,96,96
1271,prec_EmpiricalCovariance,pec_log,0.3415269267158799,96,96
1272,prec_EmpiricalCovariance,pec_orth_log,0.41733112464858246,96,96
1273,prec_EmpiricalCovariance,pec_orth_abs,0.42952290401552323,96,96
1274,prec_EmpiricalCovariance,pec_orth_log_abs,0.24315654057592617,96,96
1275,prec_EllipticEnvelope,prec_GraphicalLasso,0.9816240113717047,96,96
1276,prec_EllipticEnvelope,prec_GraphicalLassoCV,0.9981874874184603,96,96
1277,prec_EllipticEnvelope,prec_LedoitWolf,0.9690349443086111,96,96
1278,prec_EllipticEnvelope,prec_MinCovDet,0.9316757939713731,96,96
1279,prec_EllipticEnvelope,prec_OAS,0.97848591083312,96,96
1280,prec_EllipticEnvelope,prec_ShrunkCovariance,0.9999992965537293,96,96
1281,prec_EllipticEnvelope,prec-sq_EmpiricalCovariance,0.744607800592456,96,96
1282,prec_EllipticEnvelope,prec-sq_EllipticEnvelope,0.6942682199944531,96,96
1283,prec_EllipticEnvelope,prec-sq_GraphicalLasso,0.27893970776129967,96,96
1284,prec_EllipticEnvelope,prec-sq_GraphicalLassoCV,0.664648351488801,96,96
1285,prec_EllipticEnvelope,prec-sq_LedoitWolf,0.355600503516438,96,96
1286,prec_EllipticEnvelope,prec-sq_MinCovDet,0.7195344322738019,96,96
1287,prec_EllipticEnvelope,prec-sq_OAS,0.3983910763774199,96,96
1288,prec_EllipticEnvelope,prec-sq_ShrunkCovariance,0.6530587831246243,96,96
1289,prec_EllipticEnvelope,spearmanr-sq,0.7040276059795446,96,96
1290,prec_EllipticEnvelope,spearmanr,0.9999981696953292,96,96
1291,prec_EllipticEnvelope,kendalltau-sq,0.7070388314863405,96,96
1292,prec_EllipticEnvelope,kendalltau,0.9999937019652384,96,96
1293,prec_EllipticEnvelope,xcorr_max_sig-True,0.6404856648745535,96,96
1294,prec_EllipticEnvelope,xcorr-sq_max_sig-True,0.6320180863196004,96,96
1295,prec_EllipticEnvelope,xcorr_mean_sig-True,0.42008210135193225,96,96
1296,prec_EllipticEnvelope,xcorr-sq_mean_sig-True,0.7215963257512306,96,96
1297,prec_EllipticEnvelope,xcorr_mean_sig-False,0.2660982621530543,96,96
1298,prec_EllipticEnvelope,xcorr-sq_mean_sig-False,0.6755354586591438,96,96
1299,prec_EllipticEnvelope,pdist_euclidean,0.9999926413145241,96,96
1300,prec_EllipticEnvelope,pdist_cityblock,0.9999825019873045,96,96
1301,prec_EllipticEnvelope,pdist_cosine,0.9999926413145241,96,96
1302,prec_EllipticEnvelope,pdist_chebyshev,0.4460495499179655,96,96
1303,prec_EllipticEnvelope,pdist_canberra,0.9993866342295875,96,96
1304,prec_EllipticEnvelope,pdist_braycurtis,0.9999968545598249,96,96
1305,prec_EllipticEnvelope,di_gaussian,1.0,96,96
1306,prec_EllipticEnvelope,di_kozachenko,0.08130930113732247,96,96
1307,prec_EllipticEnvelope,di_kernel_W-0.5,0.44602440384774417,96,96
1308,prec_EllipticEnvelope,mi_gaussian,0.697265385924163,96,96
1309,prec_EllipticEnvelope,mi_kraskov_NN-4,0.24324088022394408,96,96
1310,prec_EllipticEnvelope,mi_kraskov_NN-4_DCE,0.24661198768636877,96,96
1311,prec_EllipticEnvelope,mi_kernel_W-0.25,0.5046962977418703,96,96
1312,prec_EllipticEnvelope,tlmi_gaussian,0.6494488557167036,96,96
1313,prec_EllipticEnvelope,tlmi_kraskov_NN-4,0.23257205631982308,96,96
1314,prec_EllipticEnvelope,tlmi_kraskov_NN-4_DCE,0.23412071052663352,96,96
1315,prec_EllipticEnvelope,tlmi_kernel_W-0.25,0.43781785365442516,96,96
1316,prec_EllipticEnvelope,te_kraskov_NN-4_k-max-10_tau-max-4,0.7332215281233647,96,96
1317,prec_EllipticEnvelope,te_kraskov_NN-4_DCE_k-max-10_tau-max-4,0.5632431976483329,96,96
1318,prec_EllipticEnvelope,te_kraskov_NN-4_DCE_k-2_kt-1_l-1_lt-1,0.5075913075933839,96,96
1319,prec_EllipticEnvelope,te_kraskov_NN-4_DCE_k-1_kt-1_l-1_lt-1,0.5220178605914098,96,96
1320,prec_EllipticEnvelope,te_kraskov_NN-4_k-1_kt-1_l-1_lt-1,0.29533009679830063,96,96
1321,prec_EllipticEnvelope,te_kernel_W-0.25_k-1,0.40354468417549727,96,96
1322,prec_EllipticEnvelope,gc_gaussian_k-max-10_tau-max-2,1.0,96,96
1323,prec_EllipticEnvelope,gc_gaussian_k-1_kt-1_l-1_lt-1,0.6015755827361774,96,96
1324,prec_EllipticEnvelope,te_symbolic_k-1_kt-1_l-1_lt-1,0.6015755827361774,96,96
1325,prec_EllipticEnvelope,te_symbolic_k-10_kt-1_l-1_lt-1,1.0,96,96
1326,prec_EllipticEnvelope,psi_multitaper_mean_fs-1_fmin-0_fmax-0-5,0.125,96,96
1327,prec_EllipticEnvelope,psi_multitaper_mean_fs-1_fmin-0_fmax-0-25,0.11458333333333333,96,96
1328,prec_EllipticEnvelope,psi_multitaper_mean_fs-1_fmin-0-25_fmax-0-5,0.13541666666666666,96,96
1329,prec_EllipticEnvelope,psi_wavelet_mean_fs-1_fmin-0_fmax-0-5_mean,0.1826860609776323,96,96
1330,prec_EllipticEnvelope,psi_wavelet_mean_fs-1_fmin-0_fmax-0-25_mean,0.12968586308674238,96,96
1331,prec_EllipticEnvelope,psi_wavelet_mean_fs-1_fmin-0-25_fmax-0-5_mean,0.1892641937272168,96,96
1332,prec_EllipticEnvelope,psi_wavelet_max_fs-1_fmin-0_fmax-0-5_max,0.14063261208341704,96,96
1333,prec_EllipticEnvelope,psi_wavelet_max_fs-1_fmin-0_fmax-0-25_max,0.1319715250859239,96,96
1334,prec_EllipticEnvelope,psi_wavelet_max_fs-1_fmin-0-25_fmax-0-5_max,0.1499334058557944,96,96
1335,prec_EllipticEnvelope,pec,0.45035822922816504,96,96
1336,prec_EllipticEnvelope,pec_orth,0.5967344583566586,96,96
1337,prec_EllipticEnvelope,pec_log,0.33430816152292936,96,96
1338,prec_EllipticEnvelope,pec_orth_log,0.46161927310892253,96,96
1339,prec_EllipticEnvelope,pec_orth_abs,0.4870848081982547,96,96
1340,prec_EllipticEnvelope,pec_orth_log_abs,0.24508312933629572,96,96
1341,prec_GraphicalLasso,prec_GraphicalLassoCV,0.7636880973027326,96,96
1342,prec_GraphicalLasso,prec_LedoitWolf,0.9891057027258545,96,96
1343,prec_GraphicalLasso,prec_MinCovDet,0.9768249905052212,96,96
1344,prec_GraphicalLasso,prec_OAS,0.9853444632715579,96,96
1345,prec_GraphicalLasso,prec_ShrunkCovariance,0.9787100731726274,96,96
1346,prec_GraphicalLasso,prec-sq_EmpiricalCovariance,0.5707807510419942,96,96
1347,prec_GraphicalLasso,prec-sq_EllipticEnvelope,0.6224460470675004,96,96
1348,prec_GraphicalLasso,prec-sq_GraphicalLasso,0.36177165614085305,96,96
1349,prec_GraphicalLasso,prec-sq_GraphicalLassoCV,0.27690024564784754,96,96
1350,prec_GraphicalLasso,prec-sq_LedoitWolf,0.30285799086856435,96,96
1351,prec_GraphicalLasso,prec-sq_MinCovDet,0.6450131909039349,96,96
1352,prec_GraphicalLasso,prec-sq_OAS,0.29909910372809356,96,96
1353,prec_GraphicalLasso,prec-sq_ShrunkCovariance,0.2680926279810776,96,96
1354,prec_GraphicalLasso,spearmanr-sq,0.2985325113548199,96,96
1355,prec_GraphicalLasso,spearmanr,0.9116317381960565,96,96
1356,prec_GraphicalLasso,kendalltau-sq,0.2964604123431905,96,96
1357,prec_GraphicalLasso,kendalltau,0.9102133816962755,96,96
1358,prec_GraphicalLasso,xcorr_max_sig-True,0.33324626062401824,96,96
1359,prec_GraphicalLasso,xcorr-sq_max_sig-True,0.33065105593392197,96,96
1360,prec_GraphicalLasso,xcorr_mean_sig-True,0.31798999067273576,96,96
1361,prec_GraphicalLasso,xcorr-sq_mean_sig-True,0.5586668982180081,96,96
1362,prec_GraphicalLasso,xcorr_mean_sig-False,0.35531421718833145,96,96
1363,prec_GraphicalLasso,xcorr-sq_mean_sig-False,0.5222121593444436,96,96
1364,prec_GraphicalLasso,pdist_euclidean,0.9194444602534229,96,96
1365,prec_GraphicalLasso,pdist_cityblock,0.8946666938735587,96,96
1366,prec_GraphicalLasso,pdist_cosine,0.9194444602534229,96,96
1367,prec_GraphicalLasso,pdist_chebyshev,0.21343912912047272,96,96
1368,prec_GraphicalLasso,pdist_canberra,0.8143728259974129,96,96
1369,prec_GraphicalLasso,pdist_braycurtis,0.9093003730161949,96,96
1370,prec_GraphicalLasso,di_gaussian,1.0,96,96
1371,prec_GraphicalLasso,di_kozachenko,0.15023938225360084,96,96
1372,prec_GraphicalLasso,di_kernel_W-0.5,0.39202068049475464,96,96
1373,prec_GraphicalLasso,mi_gaussian,0.2980270977044176,96,96
1374,prec_GraphicalLasso,mi_kraskov_NN-4,0.1269328350268849,96,96
1375,prec_GraphicalLasso,mi_kraskov_NN-4_DCE,0.21745450387698417,96,96
1376,prec_GraphicalLasso,mi_kernel_W-0.25,0.15494234352592628,96,96
1377,prec_GraphicalLasso,tlmi_gaussian,0.2878992788396876,96,96
1378,prec_GraphicalLasso,tlmi_kraskov_NN-4,0.17989995777468915,96,96
1379,prec_GraphicalLasso,tlmi_kraskov_NN-4_DCE,0.17299343217010005,96,96
1380,prec_GraphicalLasso,tlmi_kernel_W-0.25,0.15271279088537537,96,96
1381,prec_GraphicalLasso,te_kraskov_NN-4_k-max-10_tau-max-4,0.7463347728409652,96,96
1382,prec_GraphicalLasso,te_kraskov_NN-4_DCE_k-max-10_tau-max-4,0.3242549588600431,96,96
1383,prec_GraphicalLasso,te_kraskov_NN-4_DCE_k-2_kt-1_l-1_lt-1,0.2280098741427098,96,96
1384,prec_GraphicalLasso,te_kraskov_NN-4_DCE_k-1_kt-1_l-1_lt-1,0.272845868652043,96,96
1385,prec_GraphicalLasso,te_kraskov_NN-4_k-1_kt-1_l-1_lt-1,0.19662735426259453,96,96
1386,prec_GraphicalLasso,te_kernel_W-0.25_k-1,0.4363832432507208,96,96
1387,prec_GraphicalLasso,gc_gaussian_k-max-10_tau-max-2,1.0,96,96
1388,prec_GraphicalLasso,gc_gaussian_k-1_kt-1_l-1_lt-1,0.6381521858982004,96,96
1389,prec_GraphicalLasso,te_symbolic_k-1_kt-1_l-1_lt-1,0.6381521858982004,96,96
1390,prec_GraphicalLasso,te_symbolic_k-10_kt-1_l-1_lt-1,1.0,96,96
1391,prec_GraphicalLasso,psi_multitaper_mean_fs-1_fmin-0_fmax-0-5,0.17708333333333334,96,96
1392,prec_GraphicalLasso,psi_multitaper_mean_fs-1_fmin-0_fmax-0-25,0.11458333333333333,96,96
1393,prec_GraphicalLasso,psi_multitaper_mean_fs-1_fmin-0-25_fmax-0-5,0.15625,96,96
1394,prec_GraphicalLasso,psi_wavelet_mean_fs-1_fmin-0_fmax-0-5_mean,0.0752307011945702,96,96
1395,prec_GraphicalLasso,psi_wavelet_mean_fs-1_fmin-0_fmax-0-25_mean,0.04994345670401745,96,96
1396,prec_GraphicalLasso,psi_wavelet_mean_fs-1_fmin-0-25_fmax-0-5_mean,0.07678420226175398,96,96
1397,prec_GraphicalLasso,psi_wavelet_max_fs-1_fmin-0_fmax-0-5_max,0.05479425439655938,96,96
1398,prec_GraphicalLasso,psi_wavelet_max_fs-1_fmin-0_fmax-0-25_max,0.04962877060825044,96,96
1399,prec_GraphicalLasso,psi_wavelet_max_fs-1_fmin-0-25_fmax-0-5_max,0.05338682418404328,96,96
1400,prec_GraphicalLasso,pec,0.14799014123785925,96,96
1401,prec_GraphicalLasso,pec_orth,0.5831899902245163,96,96
1402,prec_GraphicalLasso,pec_log,0.08766893949126187,96,96
1403,prec_GraphicalLasso,pec_orth_log,0.4653923710834427,96,96
1404,prec_GraphicalLasso,pec_orth_abs,0.5333409680629797,96,96
1405,prec_GraphicalLasso,pec_orth_log_abs,0.32913699929267537,96,96
1406,prec_GraphicalLassoCV,prec_LedoitWolf,0.6810679369749729,96,96
1407,prec_GraphicalLassoCV,prec_MinCovDet,0.9987498999901371,96,96
1408,prec_GraphicalLassoCV,prec_OAS,0.6275409961654927,96,96
1409,prec_GraphicalLassoCV,prec_ShrunkCovariance,0.2536449232682413,96,96
1410,prec_GraphicalLassoCV,prec-sq_EmpiricalCovariance,0.26318463791486324,96,96
1411,prec_GraphicalLassoCV,prec-sq_EllipticEnvelope,0.4052230264092166,96,96
1412,prec_GraphicalLassoCV,prec-sq_GraphicalLasso,0.3337462709331225,96,96
1413,prec_GraphicalLassoCV,prec-sq_GraphicalLassoCV,0.1617560146173482,96,96
1414,prec_GraphicalLassoCV,prec-sq_LedoitWolf,0.11927903315257005,96,96
1415,prec_GraphicalLassoCV,prec-sq_MinCovDet,0.40833598558481005,96,96
1416,prec_GraphicalLassoCV,prec-sq_OAS,0.1279462593057199,96,96
1417,prec_GraphicalLassoCV,prec-sq_ShrunkCovariance,0.28134133218069407,96,96
1418,prec_GraphicalLassoCV,spearmanr-sq,0.16010393771403786,96,96
1419,prec_GraphicalLassoCV,spearmanr,0.10215217388429165,96,96
1420,prec_GraphicalLassoCV,kendalltau-sq,0.16008941944265265,96,96
1421,prec_GraphicalLassoCV,kendalltau,0.10771858256065159,96,96
1422,prec_GraphicalLassoCV,xcorr_max_sig-True,0.25496268609996425,96,96
1423,prec_GraphicalLassoCV,xcorr-sq_max_sig-True,0.2117351436910932,96,96
1424,prec_GraphicalLassoCV,xcorr_mean_sig-True,0.17747554236667973,96,96
1425,prec_GraphicalLassoCV,xcorr-sq_mean_sig-True,0.2945506064713135,96,96
1426,prec_GraphicalLassoCV,xcorr_mean_sig-False,0.1324669803849008,96,96
1427,prec_GraphicalLassoCV,xcorr-sq_mean_sig-False,0.3096963010373903,96,96
1428,prec_GraphicalLassoCV,pdist_euclidean,0.11506872326867959,96,96
1429,prec_GraphicalLassoCV,pdist_cityblock,0.07165234278800438,96,96
1430,prec_GraphicalLassoCV,pdist_cosine,0.11506872326867959,96,96
1431,prec_GraphicalLassoCV,pdist_chebyshev,0.7648687317884996,96,96
1432,prec_GraphicalLassoCV,pdist_canberra,0.1592000261306628,96,96
1433,prec_GraphicalLassoCV,pdist_braycurtis,0.08609804489327734,96,96
1434,prec_GraphicalLassoCV,di_gaussian,1.0,96,96
1435,prec_GraphicalLassoCV,di_kozachenko,0.5618119662583458,96,96
1436,prec_GraphicalLassoCV,di_kernel_W-0.5,0.7687282890612932,96,96
1437,prec_GraphicalLassoCV,mi_gaussian,0.16838166967703594,96,96
1438,prec_GraphicalLassoCV,mi_kraskov_NN-4,0.482284879001373,96,96
1439,prec_GraphicalLassoCV,mi_kraskov_NN-4_DCE,0.48958835954159896,96,96
1440,prec_GraphicalLassoCV,mi_kernel_W-0.25,0.34556112095816394,96,96
1441,prec_GraphicalLassoCV,tlmi_gaussian,0.23225984751866444,96,96
1442,prec_GraphicalLassoCV,tlmi_kraskov_NN-4,0.5914877471097163,96,96
1443,prec_GraphicalLassoCV,tlmi_kraskov_NN-4_DCE,0.6017846629645867,96,96
1444,prec_GraphicalLassoCV,tlmi_kernel_W-0.25,0.45403345761216896,96,96
1445,prec_GraphicalLassoCV,te_kraskov_NN-4_k-max-10_tau-max-4,0.44783025950792105,96,96
1446,prec_GraphicalLassoCV,te_kraskov_NN-4_DCE_k-max-10_tau-max-4,0.331674248930668,96,96
1447,prec_GraphicalLassoCV,te_kraskov_NN-4_DCE_k-2_kt-1_l-1_lt-1,0.29362618984525213,96,96
1448,prec_GraphicalLassoCV,te_kraskov_NN-4_DCE_k-1_kt-1_l-1_lt-1,0.3255219863349039,96,96
1449,prec_GraphicalLassoCV,te_kraskov_NN-4_k-1_kt-1_l-1_lt-1,0.3352120420369533,96,96
1450,prec_GraphicalLassoCV,te_kernel_W-0.25_k-1,0.2671024324182022,96,96
1451,prec_GraphicalLassoCV,gc_gaussian_k-max-10_tau-max-2,1.0,96,96
1452,prec_GraphicalLassoCV,gc_gaussian_k-1_kt-1_l-1_lt-1,0.2547682320170157,96,96
1453,prec_GraphicalLassoCV,te_symbolic_k-1_kt-1_l-1_lt-1,0.2547682320170157,96,96
1454,prec_GraphicalLassoCV,te_symbolic_k-10_kt-1_l-1_lt-1,1.0,96,96
1455,prec_GraphicalLassoCV,psi_multitaper_mean_fs-1_fmin-0_fmax-0-5,0.1875,96,96
1456,prec_GraphicalLassoCV,psi_multitaper_mean_fs-1_fmin-0_fmax-0-25,0.08333333333333333,96,96
1457,prec_GraphicalLassoCV,psi_multitaper_mean_fs-1_fmin-0-25_fmax-0-5,0.125,96,96
1458,prec_GraphicalLassoCV,psi_wavelet_mean_fs-1_fmin-0_fmax-0-5_mean,0.11804663840271784,96,96
1459,prec_GraphicalLassoCV,psi_wavelet_mean_fs-1_fmin-0_fmax-0-25_mean,0.112089901027005,96,96
1460,prec_GraphicalLassoCV,psi_wavelet_mean_fs-1_fmin-0-25_fmax-0-5_mean,0.12426700091107729,96,96
1461,prec_GraphicalLassoCV,psi_wavelet_max_fs-1_fmin-0_fmax-0-5_max,0.139084628631319,96,96
1462,prec_GraphicalLassoCV,psi_wavelet_max_fs-1_fmin-0_fmax-0-25_max,0.11446471351629511,96,96
1463,prec_GraphicalLassoCV,psi_wavelet_max_fs-1_fmin-0-25_fmax-0-5_max,0.14875697815819588,96,96
1464,prec_GraphicalLassoCV,pec,0.5754592397332405,96,96
1465,prec_GraphicalLassoCV,pec_orth,0.3553360976933444,96,96
1466,prec_GraphicalLassoCV,pec_log,0.6238765671604022,96,96
1467,prec_GraphicalLassoCV,pec_orth_log,0.296187285854686,96,96
1468,prec_GraphicalLassoCV,pec_orth_abs,0.31658404494755776,96,96
1469,prec_GraphicalLassoCV,pec_orth_log_abs,0.2022079385478457,96,96
1470,prec_LedoitWolf,prec_MinCovDet,0.964859491771701,96,96
1471,prec_LedoitWolf,prec_OAS,0.9961507328486647,96,96
1472,prec_LedoitWolf,prec_ShrunkCovariance,0.9926102354143624,96,96
1473,prec_LedoitWolf,prec-sq_EmpiricalCovariance,0.6045557944197307,96,96
1474,prec_LedoitWolf,prec-sq_EllipticEnvelope,0.648668334744745,96,96
1475,prec_LedoitWolf,prec-sq_GraphicalLasso,0.21617098337535612,96,96
1476,prec_LedoitWolf,prec-sq_GraphicalLassoCV,0.06960794994027986,96,96
1477,prec_LedoitWolf,prec-sq_LedoitWolf,0.12447380003923636,96,96
1478,prec_LedoitWolf,prec-sq_MinCovDet,0.650255284290836,96,96
1479,prec_LedoitWolf,prec-sq_OAS,0.07889178290425192,96,96
1480,prec_LedoitWolf,prec-sq_ShrunkCovariance,0.11196532013163663,96,96
1481,prec_LedoitWolf,spearmanr-sq,0.1293379138463676,96,96
1482,prec_LedoitWolf,spearmanr,0.8398245812303939,96,96
1483,prec_LedoitWolf,kendalltau-sq,0.12862183082283496,96,96
1484,prec_LedoitWolf,kendalltau,0.8380895250871989,96,96
1485,prec_LedoitWolf,xcorr_max_sig-True,0.12497912390968657,96,96
1486,prec_LedoitWolf,xcorr-sq_max_sig-True,0.11762795915082891,96,96
1487,prec_LedoitWolf,xcorr_mean_sig-True,0.22346930326441472,96,96
1488,prec_LedoitWolf,xcorr-sq_mean_sig-True,0.4257477371703689,96,96
1489,prec_LedoitWolf,xcorr_mean_sig-False,0.25878333734430947,96,96
1490,prec_LedoitWolf,xcorr-sq_mean_sig-False,0.4244735413820084,96,96
1491,prec_LedoitWolf,pdist_euclidean,0.8530965078206361,96,96
1492,prec_LedoitWolf,pdist_cityblock,0.8160916228021037,96,96
1493,prec_LedoitWolf,pdist_cosine,0.8530965078206361,96,96
1494,prec_LedoitWolf,pdist_chebyshev,0.1864464619486106,96,96
1495,prec_LedoitWolf,pdist_canberra,0.695491379071899,96,96
1496,prec_LedoitWolf,pdist_braycurtis,0.8375387764963564,96,96
1497,prec_LedoitWolf,di_gaussian,1.0,96,96
1498,prec_LedoitWolf,di_kozachenko,0.336207164144694,96,96
1499,prec_LedoitWolf,di_kernel_W-0.5,0.5550954098609339,96,96
1500,prec_LedoitWolf,mi_gaussian,0.1332950568755067,96,96
1501,prec_LedoitWolf,mi_kraskov_NN-4,0.2477638820317625,96,96
1502,prec_LedoitWolf,mi_kraskov_NN-4_DCE,0.2237891624342634,96,96
1503,prec_LedoitWolf,mi_kernel_W-0.25,0.12511795896061512,96,96
1504,prec_LedoitWolf,tlmi_gaussian,0.1323215947699189,96,96
1505,prec_LedoitWolf,tlmi_kraskov_NN-4,0.29214995301261804,96,96
1506,prec_LedoitWolf,tlmi_kraskov_NN-4_DCE,0.29488860476945516,96,96
1507,prec_LedoitWolf,tlmi_kernel_W-0.25,0.13420799669319622,96,96
1508,prec_LedoitWolf,te_kraskov_NN-4_k-max-10_tau-max-4,0.6377548458040644,96,96
1509,prec_LedoitWolf,te_kraskov_NN-4_DCE_k-max-10_tau-max-4,0.21058895549677503,96,96
1510,prec_LedoitWolf,te_kraskov_NN-4_DCE_k-2_kt-1_l-1_lt-1,0.11436899163282915,96,96
1511,prec_LedoitWolf,te_kraskov_NN-4_DCE_k-1_kt-1_l-1_lt-1,0.17800955222930703,96,96
1512,prec_LedoitWolf,te_kraskov_NN-4_k-1_kt-1_l-1_lt-1,0.2308813035554812,96,96
1513,prec_LedoitWolf,te_kernel_W-0.25_k-1,0.36739378337313067,96,96
1514,prec_LedoitWolf,gc_gaussian_k-max-10_tau-max-2,1.0,96,96
1515,prec_LedoitWolf,gc_gaussian_k-1_kt-1_l-1_lt-1,0.5551433487630797,96,96
1516,prec_LedoitWolf,te_symbolic_k-1_kt-1_l-1_lt-1,0.5551433487630797,96,96
1517,prec_LedoitWolf,te_symbolic_k-10_kt-1_l-1_lt-1,1.0,96,96
1518,prec_LedoitWolf,psi_multitaper_mean_fs-1_fmin-0_fmax-0-5,0.09375,96,96
1519,prec_LedoitWolf,psi_multitaper_mean_fs-1_fmin-0_fmax-0-25,0.13541666666666666,96,96
1520,prec_LedoitWolf,psi_multitaper_mean_fs-1_fmin-0-25_fmax-0-5,0.14583333333333334,96,96
1521,prec_LedoitWolf,psi_wavelet_mean_fs-1_fmin-0_fmax-0-5_mean,0.08819953842966727,96,96
1522,prec_LedoitWolf,psi_wavelet_mean_fs-1_fmin-0_fmax-0-25_mean,0.07889266773688125,96,96
1523,prec_LedoitWolf,psi_wavelet_mean_fs-1_fmin-0-25_fmax-0-5_mean,0.09946587666712128,96,96
1524,prec_LedoitWolf,psi_wavelet_max_fs-1_fmin-0_fmax-0-5_max,0.08997915737832096,96,96
1525,prec_LedoitWolf,psi_wavelet_max_fs-1_fmin-0_fmax-0-25_max,0.08388469214015484,96,96
1526,prec_LedoitWolf,psi_wavelet_max_fs-1_fmin-0-25_fmax-0-5_max,0.1048211762828044,96,96
1527,prec_LedoitWolf,pec,0.1911614604881656,96,96
1528,prec_LedoitWolf,pec_orth,0.5478166278157126,96,96
1529,prec_LedoitWolf,pec_log,0.23911210210239736,96,96
1530,prec_LedoitWolf,pec_orth_log,0.4623496220033979,96,96
1531,prec_LedoitWolf,pec_orth_abs,0.46441799407273643,96,96
1532,prec_LedoitWolf,pec_orth_log_abs,0.2859002486784429,96,96
1533,prec_MinCovDet,prec_OAS,0.9713711085078134,96,96
1534,prec_MinCovDet,prec_ShrunkCovariance,0.9999989408496143,96,96
1535,prec_MinCovDet,prec-sq_EmpiricalCovariance,0.7410259877552254,96,96
1536,prec_MinCovDet,prec-sq_EllipticEnvelope,0.6962068683975424,96,96
1537,prec_MinCovDet,prec-sq_GraphicalLasso,0.2896414877334508,96,96
1538,prec_MinCovDet,prec-sq_GraphicalLassoCV,0.6699676107734394,96,96
1539,prec_MinCovDet,prec-sq_LedoitWolf,0.3497013533150628,96,96
1540,prec_MinCovDet,prec-sq_MinCovDet,0.728013308083695,96,96
1541,prec_MinCovDet,prec-sq_OAS,0.3916884711867914,96,96
1542,prec_MinCovDet,prec-sq_ShrunkCovariance,0.6485815724972906,96,96
1543,prec_MinCovDet,spearmanr-sq,0.7147318438923187,96,96
1544,prec_MinCovDet,spearmanr,0.9999988150305336,96,96
1545,prec_MinCovDet,kendalltau-sq,0.719435544642464,96,96
1546,prec_MinCovDet,kendalltau,0.9999978886124249,96,96
1547,prec_MinCovDet,xcorr_max_sig-True,0.6539200398439518,96,96
1548,prec_MinCovDet,xcorr-sq_max_sig-True,0.6432494903939858,96,96
1549,prec_MinCovDet,xcorr_mean_sig-True,0.42267583685609267,96,96
1550,prec_MinCovDet,xcorr-sq_mean_sig-True,0.7245639510166566,96,96
1551,prec_MinCovDet,xcorr_mean_sig-False,0.26549024737463806,96,96
1552,prec_MinCovDet,xcorr-sq_mean_sig-False,0.6754578559148493,96,96
1553,prec_MinCovDet,pdist_euclidean,0.99998137733591,96,96
1554,prec_MinCovDet,pdist_cityblock,0.9999852029125673,96,96
1555,prec_MinCovDet,pdist_cosine,0.99998137733591,96,96
1556,prec_MinCovDet,pdist_chebyshev,0.45973778384371883,96,96
1557,prec_MinCovDet,pdist_canberra,0.9994884520180025,96,96
1558,prec_MinCovDet,pdist_braycurtis,0.9999971598643805,96,96
1559,prec_MinCovDet,di_gaussian,1.0,96,96
1560,prec_MinCovDet,di_kozachenko,0.08924833305684642,96,96
1561,prec_MinCovDet,di_kernel_W-0.5,0.4451432345096461,96,96
1562,prec_MinCovDet,mi_gaussian,0.7100679185984192,96,96
1563,prec_MinCovDet,mi_kraskov_NN-4,0.2541382935893053,96,96
1564,prec_MinCovDet,mi_kraskov_NN-4_DCE,0.25565043389623177,96,96
1565,prec_MinCovDet,mi_kernel_W-0.25,0.5151328451013995,96,96
1566,prec_MinCovDet,tlmi_gaussian,0.6607581243259254,96,96
1567,prec_MinCovDet,tlmi_kraskov_NN-4,0.23676180575958594,96,96
1568,prec_MinCovDet,tlmi_kraskov_NN-4_DCE,0.23823244826172546,96,96
1569,prec_MinCovDet,tlmi_kernel_W-0.25,0.44620887828840394,96,96
1570,prec_MinCovDet,te_kraskov_NN-4_k-max-10_tau-max-4,0.7241018338346396,96,96
1571,prec_MinCovDet,te_kraskov_NN-4_DCE_k-max-10_tau-max-4,0.5555895907166595,96,96
1572,prec_MinCovDet,te_kraskov_NN-4_DCE_k-2_kt-1_l-1_lt-1,0.5024300682515604,96,96
1573,prec_MinCovDet,te_kraskov_NN-4_DCE_k-1_kt-1_l-1_lt-1,0.5153845079788838,96,96
1574,prec_MinCovDet,te_kraskov_NN-4_k-1_kt-1_l-1_lt-1,0.29492140976302933,96,96
1575,prec_MinCovDet,te_kernel_W-0.25_k-1,0.39833723805303917,96,96
1576,prec_MinCovDet,gc_gaussian_k-max-10_tau-max-2,1.0,96,96
1577,prec_MinCovDet,gc_gaussian_k-1_kt-1_l-1_lt-1,0.6077037743822806,96,96
1578,prec_MinCovDet,te_symbolic_k-1_kt-1_l-1_lt-1,0.6077037743822806,96,96
1579,prec_MinCovDet,te_symbolic_k-10_kt-1_l-1_lt-1,1.0,96,96
1580,prec_MinCovDet,psi_multitaper_mean_fs-1_fmin-0_fmax-0-5,0.11458333333333333,96,96
1581,prec_MinCovDet,psi_multitaper_mean_fs-1_fmin-0_fmax-0-25,0.15625,96,96
1582,prec_MinCovDet,psi_multitaper_mean_fs-1_fmin-0-25_fmax-0-5,0.08333333333333333,96,96
1583,prec_MinCovDet,psi_wavelet_mean_fs-1_fmin-0_fmax-0-5_mean,0.18454035495288768,96,96
1584,prec_MinCovDet,psi_wavelet_mean_fs-1_fmin-0_fmax-0-25_mean,0.13419099125844602,96,96
1585,prec_MinCovDet,psi_wavelet_mean_fs-1_fmin-0-25_fmax-0-5_mean,0.1964655540211505,96,96
1586,prec_MinCovDet,psi_wavelet_max_fs-1_fmin-0_fmax-0-5_max,0.15128108177217903,96,96
1587,prec_MinCovDet,psi_wavelet_max_fs-1_fmin-0_fmax-0-25_max,0.13808075714006107,96,96
1588,prec_MinCovDet,psi_wavelet_max_fs-1_fmin-0-25_fmax-0-5_max,0.16023209413698047,96,96
1589,prec_MinCovDet,pec,0.46628508431107896,96,96
1590,prec_MinCovDet,pec_orth,0.5941531872962206,96,96
1591,prec_MinCovDet,pec_log,0.35157449467675933,96,96
1592,prec_MinCovDet,pec_orth_log,0.45880012448972973,96,96
1593,prec_MinCovDet,pec_orth_abs,0.4881547137761709,96,96
1594,prec_MinCovDet,pec_orth_log_abs,0.24762025210907807,96,96
1595,prec_OAS,prec_ShrunkCovariance,0.9907823355838971,96,96
1596,prec_OAS,prec-sq_EmpiricalCovariance,0.541260391604986,96,96
1597,prec_OAS,prec-sq_EllipticEnvelope,0.5954618294173826,96,96
1598,prec_OAS,prec-sq_GraphicalLasso,0.24852199800992858,96,96
1599,prec_OAS,prec-sq_GraphicalLassoCV,0.0893419222316324,96,96
1600,prec_OAS,prec-sq_LedoitWolf,0.10469431373541682,96,96
1601,prec_OAS,prec-sq_MinCovDet,0.6053269445398581,96,96
1602,prec_OAS,prec-sq_OAS,0.08705391317396516,96,96
1603,prec_OAS,prec-sq_ShrunkCovariance,0.1598325432635603,96,96
1604,prec_OAS,spearmanr-sq,0.10589697444326518,96,96
1605,prec_OAS,spearmanr,0.8217091421317348,96,96
1606,prec_OAS,kendalltau-sq,0.10658649127597186,96,96
1607,prec_OAS,kendalltau,0.8205478705761257,96,96
1608,prec_OAS,xcorr_max_sig-True,0.11444979934583321,96,96
1609,prec_OAS,xcorr-sq_max_sig-True,0.1045596264364268,96,96
1610,prec_OAS,xcorr_mean_sig-True,0.2308434024660534,96,96
1611,prec_OAS,xcorr-sq_mean_sig-True,0.3846608327246032,96,96
1612,prec_OAS,xcorr_mean_sig-False,0.23391637737244764,96,96
1613,prec_OAS,xcorr-sq_mean_sig-False,0.37161993905997487,96,96
1614,prec_OAS,pdist_euclidean,0.8340808591097592,96,96
1615,prec_OAS,pdist_cityblock,0.7944273942127916,96,96
1616,prec_OAS,pdist_cosine,0.8340808591097592,96,96
1617,prec_OAS,pdist_chebyshev,0.21949098067296513,96,96
1618,prec_OAS,pdist_canberra,0.6688572563211289,96,96
1619,prec_OAS,pdist_braycurtis,0.8187473294520843,96,96
1620,prec_OAS,di_gaussian,1.0,96,96
1621,prec_OAS,di_kozachenko,0.37869467009141006,96,96
1622,prec_OAS,di_kernel_W-0.5,0.5895783496534187,96,96
1623,prec_OAS,mi_gaussian,0.10681409181793489,96,96
1624,prec_OAS,mi_kraskov_NN-4,0.28435839544422087,96,96
1625,prec_OAS,mi_kraskov_NN-4_DCE,0.2640477952699958,96,96
1626,prec_OAS,mi_kernel_W-0.25,0.15741613183989833,96,96
1627,prec_OAS,tlmi_gaussian,0.09728164583735621,96,96
1628,prec_OAS,tlmi_kraskov_NN-4,0.33863825375902945,96,96
1629,prec_OAS,tlmi_kraskov_NN-4_DCE,0.34324109218381715,96,96
1630,prec_OAS,tlmi_kernel_W-0.25,0.19803518283708305,96,96
1631,prec_OAS,te_kraskov_NN-4_k-max-10_tau-max-4,0.6538161013104098,96,96
1632,prec_OAS,te_kraskov_NN-4_DCE_k-max-10_tau-max-4,0.16337432311067615,96,96
1633,prec_OAS,te_kraskov_NN-4_DCE_k-2_kt-1_l-1_lt-1,0.07759796689085521,96,96
1634,prec_OAS,te_kraskov_NN-4_DCE_k-1_kt-1_l-1_lt-1,0.13274412991100695,96,96
1635,prec_OAS,te_kraskov_NN-4_k-1_kt-1_l-1_lt-1,0.17734039663678147,96,96
1636,prec_OAS,te_kernel_W-0.25_k-1,0.3874247333955649,96,96
1637,prec_OAS,gc_gaussian_k-max-10_tau-max-2,1.0,96,96
1638,prec_OAS,gc_gaussian_k-1_kt-1_l-1_lt-1,0.5573143967103894,96,96
1639,prec_OAS,te_symbolic_k-1_kt-1_l-1_lt-1,0.5573143967103894,96,96
1640,prec_OAS,te_symbolic_k-10_kt-1_l-1_lt-1,1.0,96,96
1641,prec_OAS,psi_multitaper_mean_fs-1_fmin-0_fmax-0-5,0.16666666666666666,96,96
1642,prec_OAS,psi_multitaper_mean_fs-1_fmin-0_fmax-0-25,0.0625,96,96
1643,prec_OAS,psi_multitaper_mean_fs-1_fmin-0-25_fmax-0-5,0.13541666666666666,96,96
1644,prec_OAS,psi_wavelet_mean_fs-1_fmin-0_fmax-0-5_mean,0.10234756943417986,96,96
1645,prec_OAS,psi_wavelet_mean_fs-1_fmin-0_fmax-0-25_mean,0.09414965546397067,96,96
1646,prec_OAS,psi_wavelet_mean_fs-1_fmin-0-25_fmax-0-5_mean,0.11426697153236834,96,96
1647,prec_OAS,psi_wavelet_max_fs-1_fmin-0_fmax-0-5_max,0.10476067389399735,96,96
1648,prec_OAS,psi_wavelet_max_fs-1_fmin-0_fmax-0-25_max,0.09913947046762048,96,96
1649,prec_OAS,psi_wavelet_max_fs-1_fmin-0-25_fmax-0-5_max,0.11880255174142282,96,96
1650,prec_OAS,pec,0.22301480279345692,96,96
1651,prec_OAS,pec_orth,0.5362858954954697,96,96
1652,prec_OAS,pec_log,0.2708468498480221,96,96
1653,prec_OAS,pec_orth_log,0.4301885870514115,96,96
1654,prec_OAS,pec_orth_abs,0.45865128125163324,96,96
1655,prec_OAS,pec_orth_log_abs,0.2664613057915838,96,96
1656,prec_ShrunkCovariance,prec-sq_EmpiricalCovariance,0.244752980604945,96,96
1657,prec_ShrunkCovariance,prec-sq_EllipticEnvelope,0.37795022368092546,96,96
1658,prec_ShrunkCovariance,prec-sq_GraphicalLasso,0.35715443943916675,96,96
1659,prec_ShrunkCovariance,prec-sq_GraphicalLassoCV,0.24957093570171113,96,96
1660,prec_ShrunkCovariance,prec-sq_LedoitWolf,0.1813061143284816,96,96
1661,prec_ShrunkCovariance,prec-sq_MinCovDet,0.38539071246196627,96,96
1662,prec_ShrunkCovariance,prec-sq_OAS,0.19913204707675808,96,96
1663,prec_ShrunkCovariance,prec-sq_ShrunkCovariance,0.2504708199439806,96,96
1664,prec_ShrunkCovariance,spearmanr-sq,0.21880860529691132,96,96
1665,prec_ShrunkCovariance,spearmanr,0.6189976329629697,96,96
1666,prec_ShrunkCovariance,kendalltau-sq,0.21745251446500774,96,96
1667,prec_ShrunkCovariance,kendalltau,0.6232436330362744,96,96
1668,prec_ShrunkCovariance,xcorr_max_sig-True,0.222322376293126,96,96
1669,prec_ShrunkCovariance,xcorr-sq_max_sig-True,0.2016339737402293,96,96
1670,prec_ShrunkCovariance,xcorr_mean_sig-True,0.15964236571371349,96,96
1671,prec_ShrunkCovariance,xcorr-sq_mean_sig-True,0.23305454962193584,96,96
1672,prec_ShrunkCovariance,xcorr_mean_sig-False,0.09153643026574576,96,96
1673,prec_ShrunkCovariance,xcorr-sq_mean_sig-False,0.23873262802721618,96,96
1674,prec_ShrunkCovariance,pdist_euclidean,0.6514533361360981,96,96
1675,prec_ShrunkCovariance,pdist_cityblock,0.5541393895740792,96,96
1676,prec_ShrunkCovariance,pdist_cosine,0.6514533361360981,96,96
1677,prec_ShrunkCovariance,pdist_chebyshev,0.5085361441474193,96,96
1678,prec_ShrunkCovariance,pdist_canberra,0.32596163053592153,96,96
1679,prec_ShrunkCovariance,pdist_braycurtis,0.6037569204717875,96,96
1680,prec_ShrunkCovariance,di_gaussian,1.0,96,96
1681,prec_ShrunkCovariance,di_kozachenko,0.5484598642087779,96,96
1682,prec_ShrunkCovariance,di_kernel_W-0.5,0.8032387973367393,96,96
1683,prec_ShrunkCovariance,mi_gaussian,0.22803712709987367,96,96
1684,prec_ShrunkCovariance,mi_kraskov_NN-4,0.4998195089326852,96,96
1685,prec_ShrunkCovariance,mi_kraskov_NN-4_DCE,0.5188311662362922,96,96
1686,prec_ShrunkCovariance,mi_kernel_W-0.25,0.3649958548699214,96,96
1687,prec_ShrunkCovariance,tlmi_gaussian,0.29426038199237153,96,96
1688,prec_ShrunkCovariance,tlmi_kraskov_NN-4,0.5925250151392638,96,96
1689,prec_ShrunkCovariance,tlmi_kraskov_NN-4_DCE,0.6176547653234016,96,96
1690,prec_ShrunkCovariance,tlmi_kernel_W-0.25,0.4660116696255566,96,96
1691,prec_ShrunkCovariance,te_kraskov_NN-4_k-max-10_tau-max-4,0.524563564093478,96,96
1692,prec_ShrunkCovariance,te_kraskov_NN-4_DCE_k-max-10_tau-max-4,0.16037259786236668,96,96
1693,prec_ShrunkCovariance,te_kraskov_NN-4_DCE_k-2_kt-1_l-1_lt-1,0.12029975635301249,96,96
1694,prec_ShrunkCovariance,te_kraskov_NN-4_DCE_k-1_kt-1_l-1_lt-1,0.14302020934602677,96,96
1695,prec_ShrunkCovariance,te_kraskov_NN-4_k-1_kt-1_l-1_lt-1,0.27143327102213793,96,96
1696,prec_ShrunkCovariance,te_kernel_W-0.25_k-1,0.2621602532451668,96,96
1697,prec_ShrunkCovariance,gc_gaussian_k-max-10_tau-max-2,1.0,96,96
1698,prec_ShrunkCovariance,gc_gaussian_k-1_kt-1_l-1_lt-1,0.18027394598155766,96,96
1699,prec_ShrunkCovariance,te_symbolic_k-1_kt-1_l-1_lt-1,0.18027394598155766,96,96
1700,prec_ShrunkCovariance,te_symbolic_k-10_kt-1_l-1_lt-1,1.0,96,96
1701,prec_ShrunkCovariance,psi_multitaper_mean_fs-1_fmin-0_fmax-0-5,0.13541666666666666,96,96
1702,prec_ShrunkCovariance,psi_multitaper_mean_fs-1_fmin-0_fmax-0-25,0.15625,96,96
1703,prec_ShrunkCovariance,psi_multitaper_mean_fs-1_fmin-0-25_fmax-0-5,0.10416666666666667,96,96
1704,prec_ShrunkCovariance,psi_wavelet_mean_fs-1_fmin-0_fmax-0-5_mean,0.12214382875102292,96,96
1705,prec_ShrunkCovariance,psi_wavelet_mean_fs-1_fmin-0_fmax-0-25_mean,0.11474971225595043,96,96
1706,prec_ShrunkCovariance,psi_wavelet_mean_fs-1_fmin-0-25_fmax-0-5_mean,0.1334223110696712,96,96
1707,prec_ShrunkCovariance,psi_wavelet_max_fs-1_fmin-0_fmax-0-5_max,0.1253849393009969,96,96
1708,prec_ShrunkCovariance,psi_wavelet_max_fs-1_fmin-0_fmax-0-25_max,0.11922749709671965,96,96
1709,prec_ShrunkCovariance,psi_wavelet_max_fs-1_fmin-0-25_fmax-0-5_max,0.13816045267393356,96,96
1710,prec_ShrunkCovariance,pec,0.4466203080355173,96,96
1711,prec_ShrunkCovariance,pec_orth,0.31641522930555227,96,96
1712,prec_ShrunkCovariance,pec_log,0.5220942944089131,96,96
1713,prec_ShrunkCovariance,pec_orth_log,0.25824461159507284,96,96
1714,prec_ShrunkCovariance,pec_orth_abs,0.2802729630026265,96,96
1715,prec_ShrunkCovariance,pec_orth_log_abs,0.16313631229925207,96,96
1716,prec-sq_EmpiricalCovariance,prec-sq_EllipticEnvelope,0.7603886896874305,96,96
1717,prec-sq_EmpiricalCovariance,prec-sq_GraphicalLasso,0.9982542932961948,96,96
1718,prec-sq_EmpiricalCovariance,prec-sq_GraphicalLassoCV,0.8572028637082876,96,96
1719,prec-sq_EmpiricalCovariance,prec-sq_LedoitWolf,0.9899855560161606,96,96
1720,prec-sq_EmpiricalCovariance,prec-sq_MinCovDet,0.7563010587394751,96,96
1721,prec-sq_EmpiricalCovariance,prec-sq_OAS,0.9912305121634294,96,96
1722,prec-sq_EmpiricalCovariance,prec-sq_ShrunkCovariance,0.9962312559639886,96,96
1723,prec-sq_EmpiricalCovariance,spearmanr-sq,0.6955543667488285,96,96
1724,prec-sq_EmpiricalCovariance,spearmanr,0.08241200366069878,96,96
1725,prec-sq_EmpiricalCovariance,kendalltau-sq,0.6997386042221077,96,96
1726,prec-sq_EmpiricalCovariance,kendalltau,0.07782662179560759,96,96
1727,prec-sq_EmpiricalCovariance,xcorr_max_sig-True,0.265693360755623,96,96
1728,prec-sq_EmpiricalCovariance,xcorr-sq_max_sig-True,0.2733399258080982,96,96
1729,prec-sq_EmpiricalCovariance,xcorr_mean_sig-True,0.2850933667671901,96,96
1730,prec-sq_EmpiricalCovariance,xcorr-sq_mean_sig-True,0.4714840832677294,96,96
1731,prec-sq_EmpiricalCovariance,xcorr_mean_sig-False,0.2744588484877809,96,96
1732,prec-sq_EmpiricalCovariance,xcorr-sq_mean_sig-False,0.4117651284067348,96,96
1733,prec-sq_EmpiricalCovariance,pdist_euclidean,0.09017585393398597,96,96
1734,prec-sq_EmpiricalCovariance,pdist_cityblock,0.10560311677575396,96,96
1735,prec-sq_EmpiricalCovariance,pdist_cosine,0.09017585393398597,96,96
1736,prec-sq_EmpiricalCovariance,pdist_chebyshev,0.20073879417303486,96,96
1737,prec-sq_EmpiricalCovariance,pdist_canberra,0.12189868122327052,96,96
1738,prec-sq_EmpiricalCovariance,pdist_braycurtis,0.09208815625503197,96,96
1739,prec-sq_EmpiricalCovariance,di_gaussian,1.0,96,96
1740,prec-sq_EmpiricalCovariance,di_kozachenko,0.23404215521887084,96,96
1741,prec-sq_EmpiricalCovariance,di_kernel_W-0.5,0.45376445495377676,96,96
1742,prec-sq_EmpiricalCovariance,mi_gaussian,0.7392921892573436,96,96
1743,prec-sq_EmpiricalCovariance,mi_kraskov_NN-4,0.15388149224731007,96,96
1744,prec-sq_EmpiricalCovariance,mi_kraskov_NN-4_DCE,0.13045298076904366,96,96
1745,prec-sq_EmpiricalCovariance,mi_kernel_W-0.25,0.13850125273914213,96,96
1746,prec-sq_EmpiricalCovariance,tlmi_gaussian,0.5106060809947128,96,96
1747,prec-sq_EmpiricalCovariance,tlmi_kraskov_NN-4,0.3938043926724823,96,96
1748,prec-sq_EmpiricalCovariance,tlmi_kraskov_NN-4_DCE,0.28218477399818354,96,96
1749,prec-sq_EmpiricalCovariance,tlmi_kernel_W-0.25,0.04219968100838006,96,96
1750,prec-sq_EmpiricalCovariance,te_kraskov_NN-4_k-max-10_tau-max-4,0.1339700120683125,96,96
1751,prec-sq_EmpiricalCovariance,te_kraskov_NN-4_DCE_k-max-10_tau-max-4,0.49501264378614585,96,96
1752,prec-sq_EmpiricalCovariance,te_kraskov_NN-4_DCE_k-2_kt-1_l-1_lt-1,0.49633544946280783,96,96
1753,prec-sq_EmpiricalCovariance,te_kraskov_NN-4_DCE_k-1_kt-1_l-1_lt-1,0.5316660355738078,96,96
1754,prec-sq_EmpiricalCovariance,te_kraskov_NN-4_k-1_kt-1_l-1_lt-1,0.3916884604427029,96,96
1755,prec-sq_EmpiricalCovariance,te_kernel_W-0.25_k-1,0.31921195811601655,96,96
1756,prec-sq_EmpiricalCovariance,gc_gaussian_k-max-10_tau-max-2,1.0,96,96
1757,prec-sq_EmpiricalCovariance,gc_gaussian_k-1_kt-1_l-1_lt-1,0.3050401591925554,96,96
1758,prec-sq_EmpiricalCovariance,te_symbolic_k-1_kt-1_l-1_lt-1,0.3050401591925554,96,96
1759,prec-sq_EmpiricalCovariance,te_symbolic_k-10_kt-1_l-1_lt-1,1.0,96,96
1760,prec-sq_EmpiricalCovariance,psi_multitaper_mean_fs-1_fmin-0_fmax-0-5,0.14583333333333334,96,96
1761,prec-sq_EmpiricalCovariance,psi_multitaper_mean_fs-1_fmin-0_fmax-0-25,0.08333333333333333,96,96
1762,prec-sq_EmpiricalCovariance,psi_multitaper_mean_fs-1_fmin-0-25_fmax-0-5,0.125,96,96
1763,prec-sq_EmpiricalCovariance,psi_wavelet_mean_fs-1_fmin-0_fmax-0-5_mean,0.09871333812222016,96,96
1764,prec-sq_EmpiricalCovariance,psi_wavelet_mean_fs-1_fmin-0_fmax-0-25_mean,0.10223916411101389,96,96
1765,prec-sq_EmpiricalCovariance,psi_wavelet_mean_fs-1_fmin-0-25_fmax-0-5_mean,0.1264618966407728,96,96
1766,prec-sq_EmpiricalCovariance,psi_wavelet_max_fs-1_fmin-0_fmax-0-5_max,0.11251350309497143,96,96
1767,prec-sq_EmpiricalCovariance,psi_wavelet_max_fs-1_fmin-0_fmax-0-25_max,0.10757703464271637,96,96
1768,prec-sq_EmpiricalCovariance,psi_wavelet_max_fs-1_fmin-0-25_fmax-0-5_max,0.11321478231843085,96,96
1769,prec-sq_EmpiricalCovariance,pec,0.16787031287175944,96,96
1770,prec-sq_EmpiricalCovariance,pec_orth,0.30896458208697164,96,96
1771,prec-sq_EmpiricalCovariance,pec_log,0.10403974901460128,96,96
1772,prec-sq_EmpiricalCovariance,pec_orth_log,0.2901155052160481,96,96
1773,prec-sq_EmpiricalCovariance,pec_orth_abs,0.22657614464631465,96,96
1774,prec-sq_EmpiricalCovariance,pec_orth_log_abs,0.2070973892175064,96,96
1775,prec-sq_EllipticEnvelope,prec-sq_GraphicalLasso,0.9987278995656089,96,96
1776,prec-sq_EllipticEnvelope,prec-sq_GraphicalLassoCV,0.9105224750590898,96,96
1777,prec-sq_EllipticEnvelope,prec-sq_LedoitWolf,0.9634412047011218,96,96
1778,prec-sq_EllipticEnvelope,prec-sq_MinCovDet,0.828479148876689,96,96
1779,prec-sq_EllipticEnvelope,prec-sq_OAS,0.9685387077033971,96,96
1780,prec-sq_EllipticEnvelope,prec-sq_ShrunkCovariance,0.967928486805376,96,96
1781,prec-sq_EllipticEnvelope,spearmanr-sq,0.7853207180830639,96,96
1782,prec-sq_EllipticEnvelope,spearmanr,0.19740481523025277,96,96
1783,prec-sq_EllipticEnvelope,kendalltau-sq,0.7880125334243085,96,96
1784,prec-sq_EllipticEnvelope,kendalltau,0.19935132420487384,96,96
1785,prec-sq_EllipticEnvelope,xcorr_max_sig-True,0.36587625997773426,96,96
1786,prec-sq_EllipticEnvelope,xcorr-sq_max_sig-True,0.3789466684401325,96,96
1787,prec-sq_EllipticEnvelope,xcorr_mean_sig-True,0.34652486575874497,96,96
1788,prec-sq_EllipticEnvelope,xcorr-sq_mean_sig-True,0.5277685128225602,96,96
1789,prec-sq_EllipticEnvelope,xcorr_mean_sig-False,0.24852784098240221,96,96
1790,prec-sq_EllipticEnvelope,xcorr-sq_mean_sig-False,0.48904493515927916,96,96
1791,prec-sq_EllipticEnvelope,pdist_euclidean,0.19852594157801823,96,96
1792,prec-sq_EllipticEnvelope,pdist_cityblock,0.20932982882390883,96,96
1793,prec-sq_EllipticEnvelope,pdist_cosine,0.19852594157801823,96,96
1794,prec-sq_EllipticEnvelope,pdist_chebyshev,0.07515970429559904,96,96
1795,prec-sq_EllipticEnvelope,pdist_canberra,0.20559939525488646,96,96
1796,prec-sq_EllipticEnvelope,pdist_braycurtis,0.19023883989132573,96,96
1797,prec-sq_EllipticEnvelope,di_gaussian,1.0,96,96
1798,prec-sq_EllipticEnvelope,di_kozachenko,0.19548845800239534,96,96
1799,prec-sq_EllipticEnvelope,di_kernel_W-0.5,0.3314726958493661,96,96
1800,prec-sq_EllipticEnvelope,mi_gaussian,0.7818932453143066,96,96
1801,prec-sq_EllipticEnvelope,mi_kraskov_NN-4,0.07820542869768929,96,96
1802,prec-sq_EllipticEnvelope,mi_kraskov_NN-4_DCE,0.11128740217090899,96,96
1803,prec-sq_EllipticEnvelope,mi_kernel_W-0.25,0.21995807394674677,96,96
1804,prec-sq_EllipticEnvelope,tlmi_gaussian,0.5675536329847711,96,96
1805,prec-sq_EllipticEnvelope,tlmi_kraskov_NN-4,0.29963334562271987,96,96
1806,prec-sq_EllipticEnvelope,tlmi_kraskov_NN-4_DCE,0.15165436664098875,96,96
1807,prec-sq_EllipticEnvelope,tlmi_kernel_W-0.25,0.11862961596366833,96,96
1808,prec-sq_EllipticEnvelope,te_kraskov_NN-4_k-max-10_tau-max-4,0.16957433426954982,96,96
1809,prec-sq_EllipticEnvelope,te_kraskov_NN-4_DCE_k-max-10_tau-max-4,0.5520669741668625,96,96
1810,prec-sq_EllipticEnvelope,te_kraskov_NN-4_DCE_k-2_kt-1_l-1_lt-1,0.5640483404353764,96,96
1811,prec-sq_EllipticEnvelope,te_kraskov_NN-4_DCE_k-1_kt-1_l-1_lt-1,0.6002925697915636,96,96
1812,prec-sq_EllipticEnvelope,te_kraskov_NN-4_k-1_kt-1_l-1_lt-1,0.3961451141526516,96,96
1813,prec-sq_EllipticEnvelope,te_kernel_W-0.25_k-1,0.302558538598128,96,96
1814,prec-sq_EllipticEnvelope,gc_gaussian_k-max-10_tau-max-2,1.0,96,96
1815,prec-sq_EllipticEnvelope,gc_gaussian_k-1_kt-1_l-1_lt-1,0.26903437118882667,96,96
1816,prec-sq_EllipticEnvelope,te_symbolic_k-1_kt-1_l-1_lt-1,0.26903437118882667,96,96
1817,prec-sq_EllipticEnvelope,te_symbolic_k-10_kt-1_l-1_lt-1,1.0,96,96
1818,prec-sq_EllipticEnvelope,psi_multitaper_mean_fs-1_fmin-0_fmax-0-5,0.07291666666666667,96,96
1819,prec-sq_EllipticEnvelope,psi_multitaper_mean_fs-1_fmin-0_fmax-0-25,0.10416666666666667,96,96
1820,prec-sq_EllipticEnvelope,psi_multitaper_mean_fs-1_fmin-0-25_fmax-0-5,0.09375,96,96
1821,prec-sq_EllipticEnvelope,psi_wavelet_mean_fs-1_fmin-0_fmax-0-5_mean,0.15745418656665355,96,96
1822,prec-sq_EllipticEnvelope,psi_wavelet_mean_fs-1_fmin-0_fmax-0-25_mean,0.14018796167482273,96,96
1823,prec-sq_EllipticEnvelope,psi_wavelet_mean_fs-1_fmin-0-25_fmax-0-5_mean,0.15074765282199631,96,96
1824,prec-sq_EllipticEnvelope,psi_wavelet_max_fs-1_fmin-0_fmax-0-5_max,0.15523550266508435,96,96
1825,prec-sq_EllipticEnvelope,psi_wavelet_max_fs-1_fmin-0_fmax-0-25_max,0.14849571481931534,96,96
1826,prec-sq_EllipticEnvelope,psi_wavelet_max_fs-1_fmin-0-25_fmax-0-5_max,0.16716177037118085,96,96
1827,prec-sq_EllipticEnvelope,pec,0.21967461612665587,96,96
1828,prec-sq_EllipticEnvelope,pec_orth,0.32328106159327746,96,96
1829,prec-sq_EllipticEnvelope,pec_log,0.15191663648326534,96,96
1830,prec-sq_EllipticEnvelope,pec_orth_log,0.2868044973578785,96,96
1831,prec-sq_EllipticEnvelope,pec_orth_abs,0.2607976716457455,96,96
1832,prec-sq_EllipticEnvelope,pec_orth_log_abs,0.17857776792283644,96,96
1833,prec-sq_GraphicalLasso,prec-sq_GraphicalLassoCV,0.8394874155910532,96,96
1834,prec-sq_GraphicalLasso,prec-sq_LedoitWolf,0.981276453246946,96,96
1835,prec-sq_GraphicalLasso,prec-sq_MinCovDet,0.9988855870354685,96,96
1836,prec-sq_GraphicalLasso,prec-sq_OAS,0.9786609443965166,96,96
1837,prec-sq_GraphicalLasso,prec-sq_ShrunkCovariance,0.9792737630832152,96,96
1838,prec-sq_GraphicalLasso,spearmanr-sq,0.8404641418306382,96,96
1839,prec-sq_GraphicalLasso,spearmanr,0.23670400578113487,96,96
1840,prec-sq_GraphicalLasso,kendalltau-sq,0.8396559315562785,96,96
1841,prec-sq_GraphicalLasso,kendalltau,0.23590239318968717,96,96
1842,prec-sq_GraphicalLasso,xcorr_max_sig-True,0.30559621198684317,96,96
1843,prec-sq_GraphicalLasso,xcorr-sq_max_sig-True,0.31000115780544124,96,96
1844,prec-sq_GraphicalLasso,xcorr_mean_sig-True,0.22046265376762259,96,96
1845,prec-sq_GraphicalLasso,xcorr-sq_mean_sig-True,0.5838075713977404,96,96
1846,prec-sq_GraphicalLasso,xcorr_mean_sig-False,0.11639578034743309,96,96
1847,prec-sq_GraphicalLasso,xcorr-sq_mean_sig-False,0.43473356104152483,96,96
1848,prec-sq_GraphicalLasso,pdist_euclidean,0.2345728730171912,96,96
1849,prec-sq_GraphicalLasso,pdist_cityblock,0.24045032131082478,96,96
1850,prec-sq_GraphicalLasso,pdist_cosine,0.2345728730171912,96,96
1851,prec-sq_GraphicalLasso,pdist_chebyshev,0.0910632909061572,96,96
1852,prec-sq_GraphicalLasso,pdist_canberra,0.24570236634355025,96,96
1853,prec-sq_GraphicalLasso,pdist_braycurtis,0.2360718051653531,96,96
1854,prec-sq_GraphicalLasso,di_gaussian,1.0,96,96
1855,prec-sq_GraphicalLasso,di_kozachenko,0.1492696720132168,96,96
1856,prec-sq_GraphicalLasso,di_kernel_W-0.5,0.22047040134200557,96,96
1857,prec-sq_GraphicalLasso,mi_gaussian,0.858025922327864,96,96
1858,prec-sq_GraphicalLasso,mi_kraskov_NN-4,0.10911028815188736,96,96
1859,prec-sq_GraphicalLasso,mi_kraskov_NN-4_DCE,0.13247849645206564,96,96
1860,prec-sq_GraphicalLasso,mi_kernel_W-0.25,0.2683253146328758,96,96
1861,prec-sq_GraphicalLasso,tlmi_gaussian,0.7751984391722535,96,96
1862,prec-sq_GraphicalLasso,tlmi_kraskov_NN-4,0.15321592731114828,96,96
1863,prec-sq_GraphicalLasso,tlmi_kraskov_NN-4_DCE,0.18534870291036826,96,96
1864,prec-sq_GraphicalLasso,tlmi_kernel_W-0.25,0.406277733371828,96,96
1865,prec-sq_GraphicalLasso,te_kraskov_NN-4_k-max-10_tau-max-4,0.5643787866800879,96,96
1866,prec-sq_GraphicalLasso,te_kraskov_NN-4_DCE_k-max-10_tau-max-4,0.42285548678458607,96,96
1867,prec-sq_GraphicalLasso,te_kraskov_NN-4_DCE_k-2_kt-1_l-1_lt-1,0.39664839017774334,96,96
1868,prec-sq_GraphicalLasso,te_kraskov_NN-4_DCE_k-1_kt-1_l-1_lt-1,0.4842320801579643,96,96
1869,prec-sq_GraphicalLasso,te_kraskov_NN-4_k-1_kt-1_l-1_lt-1,0.11478279489825333,96,96
1870,prec-sq_GraphicalLasso,te_kernel_W-0.25_k-1,0.5354702349527243,96,96
1871,prec-sq_GraphicalLasso,gc_gaussian_k-max-10_tau-max-2,1.0,96,96
1872,prec-sq_GraphicalLasso,gc_gaussian_k-1_kt-1_l-1_lt-1,0.48224608742222586,96,96
1873,prec-sq_GraphicalLasso,te_symbolic_k-1_kt-1_l-1_lt-1,0.48224608742222586,96,96
1874,prec-sq_GraphicalLasso,te_symbolic_k-10_kt-1_l-1_lt-1,1.0,96,96
1875,prec-sq_GraphicalLasso,psi_multitaper_mean_fs-1_fmin-0_fmax-0-5,0.09375,96,96
1876,prec-sq_GraphicalLasso,psi_multitaper_mean_fs-1_fmin-0_fmax-0-25,0.15625,96,96
1877,prec-sq_GraphicalLasso,psi_multitaper_mean_fs-1_fmin-0-25_fmax-0-5,0.08333333333333333,96,96
1878,prec-sq_GraphicalLasso,psi_wavelet_mean_fs-1_fmin-0_fmax-0-5_mean,0.12605990601120623,96,96
1879,prec-sq_GraphicalLasso,psi_wavelet_mean_fs-1_fmin-0_fmax-0-25_mean,0.10914229944516962,96,96
1880,prec-sq_GraphicalLasso,psi_wavelet_mean_fs-1_fmin-0-25_fmax-0-5_mean,0.13848527073713532,96,96
1881,prec-sq_GraphicalLasso,psi_wavelet_max_fs-1_fmin-0_fmax-0-5_max,0.10747017091110958,96,96
1882,prec-sq_GraphicalLasso,psi_wavelet_max_fs-1_fmin-0_fmax-0-25_max,0.10337669807348782,96,96
1883,prec-sq_GraphicalLasso,psi_wavelet_max_fs-1_fmin-0-25_fmax-0-5_max,0.11830402242778781,96,96
1884,prec-sq_GraphicalLasso,pec,0.14329978788252984,96,96
1885,prec-sq_GraphicalLasso,pec_orth,0.34829721795172625,96,96
1886,prec-sq_GraphicalLasso,pec_log,0.11334941488037986,96,96
1887,prec-sq_GraphicalLasso,pec_orth_log,0.29683611134609944,96,96
1888,prec-sq_GraphicalLasso,pec_orth_abs,0.24730977222574374,96,96
1889,prec-sq_GraphicalLasso,pec_orth_log_abs,0.14007871361186292,96,96
1890,prec-sq_GraphicalLassoCV,prec-sq_LedoitWolf,0.6223961885041583,96,96
1891,prec-sq_GraphicalLassoCV,prec-sq_MinCovDet,0.9240570231640447,96,96
1892,prec-sq_GraphicalLassoCV,prec-sq_OAS,0.5970232195086942,96,96
1893,prec-sq_GraphicalLassoCV,prec-sq_ShrunkCovariance,0.34830479729580627,96,96
1894,prec-sq_GraphicalLassoCV,spearmanr-sq,0.1560116408374755,96,96
1895,prec-sq_GraphicalLassoCV,spearmanr,0.21509714334040952,96,96
1896,prec-sq_GraphicalLassoCV,kendalltau-sq,0.15944095880129394,96,96
1897,prec-sq_GraphicalLassoCV,kendalltau,0.21338741755395374,96,96
1898,prec-sq_GraphicalLassoCV,xcorr_max_sig-True,0.1988808377566592,96,96
1899,prec-sq_GraphicalLassoCV,xcorr-sq_max_sig-True,0.22166459285701223,96,96
1900,prec-sq_GraphicalLassoCV,xcorr_mean_sig-True,0.18079483423561518,96,96
1901,prec-sq_GraphicalLassoCV,xcorr-sq_mean_sig-True,0.33228784216716,96,96
1902,prec-sq_GraphicalLassoCV,xcorr_mean_sig-False,0.039315757502659254,96,96
1903,prec-sq_GraphicalLassoCV,xcorr-sq_mean_sig-False,0.36517282432792764,96,96
1904,prec-sq_GraphicalLassoCV,pdist_euclidean,0.21607130430598226,96,96
1905,prec-sq_GraphicalLassoCV,pdist_cityblock,0.2211745545553405,96,96
1906,prec-sq_GraphicalLassoCV,pdist_cosine,0.21607130430598226,96,96
1907,prec-sq_GraphicalLassoCV,pdist_chebyshev,0.5122579355098833,96,96
1908,prec-sq_GraphicalLassoCV,pdist_canberra,0.22550807528501918,96,96
1909,prec-sq_GraphicalLassoCV,pdist_braycurtis,0.21899043858322467,96,96
1910,prec-sq_GraphicalLassoCV,di_gaussian,1.0,96,96
1911,prec-sq_GraphicalLassoCV,di_kozachenko,0.636224157630976,96,96
1912,prec-sq_GraphicalLassoCV,di_kernel_W-0.5,0.9173547481057989,96,96
1913,prec-sq_GraphicalLassoCV,mi_gaussian,0.18197793243068333,96,96
1914,prec-sq_GraphicalLassoCV,mi_kraskov_NN-4,0.6900845002805585,96,96
1915,prec-sq_GraphicalLassoCV,mi_kraskov_NN-4_DCE,0.7205933634649194,96,96
1916,prec-sq_GraphicalLassoCV,mi_kernel_W-0.25,0.616431551795822,96,96
1917,prec-sq_GraphicalLassoCV,tlmi_gaussian,0.3233275865034442,96,96
1918,prec-sq_GraphicalLassoCV,tlmi_kraskov_NN-4,0.720267550870169,96,96
1919,prec-sq_GraphicalLassoCV,tlmi_kraskov_NN-4_DCE,0.7099021310056834,96,96
1920,prec-sq_GraphicalLassoCV,tlmi_kernel_W-0.25,0.6036737043997399,96,96
1921,prec-sq_GraphicalLassoCV,te_kraskov_NN-4_k-max-10_tau-max-4,0.4281126910398194,96,96
1922,prec-sq_GraphicalLassoCV,te_kraskov_NN-4_DCE_k-max-10_tau-max-4,0.29120546483857,96,96
1923,prec-sq_GraphicalLassoCV,te_kraskov_NN-4_DCE_k-2_kt-1_l-1_lt-1,0.27227221734004886,96,96
1924,prec-sq_GraphicalLassoCV,te_kraskov_NN-4_DCE_k-1_kt-1_l-1_lt-1,0.30749092624129004,96,96
1925,prec-sq_GraphicalLassoCV,te_kraskov_NN-4_k-1_kt-1_l-1_lt-1,0.3570901894541219,96,96
1926,prec-sq_GraphicalLassoCV,te_kernel_W-0.25_k-1,0.4253894572663901,96,96
1927,prec-sq_GraphicalLassoCV,gc_gaussian_k-max-10_tau-max-2,1.0,96,96
1928,prec-sq_GraphicalLassoCV,gc_gaussian_k-1_kt-1_l-1_lt-1,0.48724461019224047,96,96
1929,prec-sq_GraphicalLassoCV,te_symbolic_k-1_kt-1_l-1_lt-1,0.48724461019224047,96,96
1930,prec-sq_GraphicalLassoCV,te_symbolic_k-10_kt-1_l-1_lt-1,1.0,96,96
1931,prec-sq_GraphicalLassoCV,psi_multitaper_mean_fs-1_fmin-0_fmax-0-5,0.14583333333333334,96,96
1932,prec-sq_GraphicalLassoCV,psi_multitaper_mean_fs-1_fmin-0_fmax-0-25,0.19791666666666666,96,96
1933,prec-sq_GraphicalLassoCV,psi_multitaper_mean_fs-1_fmin-0-25_fmax-0-5,0.1875,96,96
1934,prec-sq_GraphicalLassoCV,psi_wavelet_mean_fs-1_fmin-0_fmax-0-5_mean,0.1351023754999503,96,96
1935,prec-sq_GraphicalLassoCV,psi_wavelet_mean_fs-1_fmin-0_fmax-0-25_mean,0.1462826083590537,96,96
1936,prec-sq_GraphicalLassoCV,psi_wavelet_mean_fs-1_fmin-0-25_fmax-0-5_mean,0.15354670020037664,96,96
1937,prec-sq_GraphicalLassoCV,psi_wavelet_max_fs-1_fmin-0_fmax-0-5_max,0.14280843542324673,96,96
1938,prec-sq_GraphicalLassoCV,psi_wavelet_max_fs-1_fmin-0_fmax-0-25_max,0.1527065345867099,96,96
1939,prec-sq_GraphicalLassoCV,psi_wavelet_max_fs-1_fmin-0-25_fmax-0-5_max,0.14430062381336706,96,96
1940,prec-sq_GraphicalLassoCV,pec,0.43346784753426465,96,96
1941,prec-sq_GraphicalLassoCV,pec_orth,0.4401205007266631,96,96
1942,prec-sq_GraphicalLassoCV,pec_log,0.5178806538297507,96,96
1943,prec-sq_GraphicalLassoCV,pec_orth_log,0.3806390632003195,96,96
1944,prec-sq_GraphicalLassoCV,pec_orth_abs,0.3143925608980256,96,96
1945,prec-sq_GraphicalLassoCV,pec_orth_log_abs,0.2525762302912026,96,96
1946,prec-sq_LedoitWolf,prec-sq_MinCovDet,0.9640228887138057,96,96
1947,prec-sq_LedoitWolf,prec-sq_OAS,0.9970342221232046,96,96
1948,prec-sq_LedoitWolf,prec-sq_ShrunkCovariance,0.9911131271736332,96,96
1949,prec-sq_LedoitWolf,spearmanr-sq,0.47701203862879693,96,96
1950,prec-sq_LedoitWolf,spearmanr,0.26408790809230187,96,96
1951,prec-sq_LedoitWolf,kendalltau-sq,0.4847664297523494,96,96
1952,prec-sq_LedoitWolf,kendalltau,0.2594773543935774,96,96
1953,prec-sq_LedoitWolf,xcorr_max_sig-True,0.15696522512725777,96,96
1954,prec-sq_LedoitWolf,xcorr-sq_max_sig-True,0.16357510753347893,96,96
1955,prec-sq_LedoitWolf,xcorr_mean_sig-True,0.116981989093769,96,96
1956,prec-sq_LedoitWolf,xcorr-sq_mean_sig-True,0.2814677925643253,96,96
1957,prec-sq_LedoitWolf,xcorr_mean_sig-False,0.11771850583426013,96,96
1958,prec-sq_LedoitWolf,xcorr-sq_mean_sig-False,0.2879590564329608,96,96
1959,prec-sq_LedoitWolf,pdist_euclidean,0.27927713076560895,96,96
1960,prec-sq_LedoitWolf,pdist_cityblock,0.25210688467015746,96,96
1961,prec-sq_LedoitWolf,pdist_cosine,0.27927713076560895,96,96
1962,prec-sq_LedoitWolf,pdist_chebyshev,0.5915084896791248,96,96
1963,prec-sq_LedoitWolf,pdist_canberra,0.20973948175170343,96,96
1964,prec-sq_LedoitWolf,pdist_braycurtis,0.2668683589649572,96,96
1965,prec-sq_LedoitWolf,di_gaussian,1.0,96,96
1966,prec-sq_LedoitWolf,di_kozachenko,0.4338172914364128,96,96
1967,prec-sq_LedoitWolf,di_kernel_W-0.5,0.692327481606993,96,96
1968,prec-sq_LedoitWolf,mi_gaussian,0.523421485635453,96,96
1969,prec-sq_LedoitWolf,mi_kraskov_NN-4,0.4044040701021692,96,96
1970,prec-sq_LedoitWolf,mi_kraskov_NN-4_DCE,0.4699864186424195,96,96
1971,prec-sq_LedoitWolf,mi_kernel_W-0.25,0.2692482858659646,96,96
1972,prec-sq_LedoitWolf,tlmi_gaussian,0.23450509158808153,96,96
1973,prec-sq_LedoitWolf,tlmi_kraskov_NN-4,0.5622557762270632,96,96
1974,prec-sq_LedoitWolf,tlmi_kraskov_NN-4_DCE,0.5027312745198336,96,96
1975,prec-sq_LedoitWolf,tlmi_kernel_W-0.25,0.23211720736848873,96,96
1976,prec-sq_LedoitWolf,te_kraskov_NN-4_k-max-10_tau-max-4,0.197819572769803,96,96
1977,prec-sq_LedoitWolf,te_kraskov_NN-4_DCE_k-max-10_tau-max-4,0.39167450948710314,96,96
1978,prec-sq_LedoitWolf,te_kraskov_NN-4_DCE_k-2_kt-1_l-1_lt-1,0.3688457515139975,96,96
1979,prec-sq_LedoitWolf,te_kraskov_NN-4_DCE_k-1_kt-1_l-1_lt-1,0.44784052146657216,96,96
1980,prec-sq_LedoitWolf,te_kraskov_NN-4_k-1_kt-1_l-1_lt-1,0.4239347119102574,96,96
1981,prec-sq_LedoitWolf,te_kernel_W-0.25_k-1,0.30086759059801904,96,96
1982,prec-sq_LedoitWolf,gc_gaussian_k-max-10_tau-max-2,1.0,96,96
1983,prec-sq_LedoitWolf,gc_gaussian_k-1_kt-1_l-1_lt-1,0.25713081246241776,96,96
1984,prec-sq_LedoitWolf,te_symbolic_k-1_kt-1_l-1_lt-1,0.25713081246241776,96,96
1985,prec-sq_LedoitWolf,te_symbolic_k-10_kt-1_l-1_lt-1,1.0,96,96
1986,prec-sq_LedoitWolf,psi_multitaper_mean_fs-1_fmin-0_fmax-0-5,0.10416666666666667,96,96
1987,prec-sq_LedoitWolf,psi_multitaper_mean_fs-1_fmin-0_fmax-0-25,0.10416666666666667,96,96
1988,prec-sq_LedoitWolf,psi_multitaper_mean_fs-1_fmin-0-25_fmax-0-5,0.09375,96,96
1989,prec-sq_LedoitWolf,psi_wavelet_mean_fs-1_fmin-0_fmax-0-5_mean,0.07434017895649236,96,96
1990,prec-sq_LedoitWolf,psi_wavelet_mean_fs-1_fmin-0_fmax-0-25_mean,0.09796670663107365,96,96
1991,prec-sq_LedoitWolf,psi_wavelet_mean_fs-1_fmin-0-25_fmax-0-5_mean,0.10079320764531552,96,96
1992,prec-sq_LedoitWolf,psi_wavelet_max_fs-1_fmin-0_fmax-0-5_max,0.09370818012049331,96,96
1993,prec-sq_LedoitWolf,psi_wavelet_max_fs-1_fmin-0_fmax-0-25_max,0.1027011812501103,96,96
1994,prec-sq_LedoitWolf,psi_wavelet_max_fs-1_fmin-0-25_fmax-0-5_max,0.0963175954514861,96,96
1995,prec-sq_LedoitWolf,pec,0.41792222227578285,96,96
1996,prec-sq_LedoitWolf,pec_orth,0.25422828353000304,96,96
1997,prec-sq_LedoitWolf,pec_log,0.4822912410973704,96,96
1998,prec-sq_LedoitWolf,pec_orth_log,0.19596672917297506,96,96
1999,prec-sq_LedoitWolf,pec_orth_abs,0.1875389414867123,96,96
2000,prec-sq_LedoitWolf,pec_orth_log_abs,0.10596857130976392,96,96
2001,prec-sq_MinCovDet,prec-sq_OAS,0.9700651646234678,96,96
2002,prec-sq_MinCovDet,prec-sq_ShrunkCovariance,0.9778951245518411,96,96
2003,prec-sq_MinCovDet,spearmanr-sq,0.7875556346790167,96,96
2004,prec-sq_MinCovDet,spearmanr,0.20077343806457093,96,96
2005,prec-sq_MinCovDet,kendalltau-sq,0.789394221755766,96,96
2006,prec-sq_MinCovDet,kendalltau,0.20149595900729594,96,96
2007,prec-sq_MinCovDet,xcorr_max_sig-True,0.3638762097087076,96,96
2008,prec-sq_MinCovDet,xcorr-sq_max_sig-True,0.37019303778986923,96,96
2009,prec-sq_MinCovDet,xcorr_mean_sig-True,0.3406100773719743,96,96
2010,prec-sq_MinCovDet,xcorr-sq_mean_sig-True,0.5235680379910224,96,96
2011,prec-sq_MinCovDet,xcorr_mean_sig-False,0.25596488217521784,96,96
2012,prec-sq_MinCovDet,xcorr-sq_mean_sig-False,0.4831406581091343,96,96
2013,prec-sq_MinCovDet,pdist_euclidean,0.19985896816426152,96,96
2014,prec-sq_MinCovDet,pdist_cityblock,0.21092251872780476,96,96
2015,prec-sq_MinCovDet,pdist_cosine,0.19985896816426152,96,96
2016,prec-sq_MinCovDet,pdist_chebyshev,0.09626648389736742,96,96
2017,prec-sq_MinCovDet,pdist_canberra,0.20836265441044788,96,96
2018,prec-sq_MinCovDet,pdist_braycurtis,0.19222819841601058,96,96
2019,prec-sq_MinCovDet,di_gaussian,1.0,96,96
2020,prec-sq_MinCovDet,di_kozachenko,0.18850364297528155,96,96
2021,prec-sq_MinCovDet,di_kernel_W-0.5,0.3272297311991772,96,96
2022,prec-sq_MinCovDet,mi_gaussian,0.7847790647268634,96,96
2023,prec-sq_MinCovDet,mi_kraskov_NN-4,0.0855340940784062,96,96
2024,prec-sq_MinCovDet,mi_kraskov_NN-4_DCE,0.10090362677969042,96,96
2025,prec-sq_MinCovDet,mi_kernel_W-0.25,0.21547293070010515,96,96
2026,prec-sq_MinCovDet,tlmi_gaussian,0.5870675864915853,96,96
2027,prec-sq_MinCovDet,tlmi_kraskov_NN-4,0.2943568169691386,96,96
2028,prec-sq_MinCovDet,tlmi_kraskov_NN-4_DCE,0.15221520346893158,96,96
2029,prec-sq_MinCovDet,tlmi_kernel_W-0.25,0.11552205146710065,96,96
2030,prec-sq_MinCovDet,te_kraskov_NN-4_k-max-10_tau-max-4,0.17503168588830964,96,96
2031,prec-sq_MinCovDet,te_kraskov_NN-4_DCE_k-max-10_tau-max-4,0.5588167975598253,96,96
2032,prec-sq_MinCovDet,te_kraskov_NN-4_DCE_k-2_kt-1_l-1_lt-1,0.5727861336686724,96,96
2033,prec-sq_MinCovDet,te_kraskov_NN-4_DCE_k-1_kt-1_l-1_lt-1,0.6181030927446737,96,96
2034,prec-sq_MinCovDet,te_kraskov_NN-4_k-1_kt-1_l-1_lt-1,0.38433190409912776,96,96
2035,prec-sq_MinCovDet,te_kernel_W-0.25_k-1,0.3184918466384665,96,96
2036,prec-sq_MinCovDet,gc_gaussian_k-max-10_tau-max-2,1.0,96,96
2037,prec-sq_MinCovDet,gc_gaussian_k-1_kt-1_l-1_lt-1,0.3053649798524583,96,96
2038,prec-sq_MinCovDet,te_symbolic_k-1_kt-1_l-1_lt-1,0.3053649798524583,96,96
2039,prec-sq_MinCovDet,te_symbolic_k-10_kt-1_l-1_lt-1,1.0,96,96
2040,prec-sq_MinCovDet,psi_multitaper_mean_fs-1_fmin-0_fmax-0-5,0.125,96,96
2041,prec-sq_MinCovDet,psi_multitaper_mean_fs-1_fmin-0_fmax-0-25,0.07291666666666667,96,96
2042,prec-sq_MinCovDet,psi_multitaper_mean_fs-1_fmin-0-25_fmax-0-5,0.16666666666666666,96,96
2043,prec-sq_MinCovDet,psi_wavelet_mean_fs-1_fmin-0_fmax-0-5_mean,0.14433145700637973,96,96
2044,prec-sq_MinCovDet,psi_wavelet_mean_fs-1_fmin-0_fmax-0-25_mean,0.1291008339645735,96,96
2045,prec-sq_MinCovDet,psi_wavelet_mean_fs-1_fmin-0-25_fmax-0-5_mean,0.14673876383874718,96,96
2046,prec-sq_MinCovDet,psi_wavelet_max_fs-1_fmin-0_fmax-0-5_max,0.14737123083150439,96,96
2047,prec-sq_MinCovDet,psi_wavelet_max_fs-1_fmin-0_fmax-0-25_max,0.13893508499577856,96,96
2048,prec-sq_MinCovDet,psi_wavelet_max_fs-1_fmin-0-25_fmax-0-5_max,0.16029040928815674,96,96
2049,prec-sq_MinCovDet,pec,0.22305792379540176,96,96
2050,prec-sq_MinCovDet,pec_orth,0.33152149451979834,96,96
2051,prec-sq_MinCovDet,pec_log,0.14743669153053401,96,96
2052,prec-sq_MinCovDet,pec_orth_log,0.29324127772013225,96,96
2053,prec-sq_MinCovDet,pec_orth_abs,0.27065958652336664,96,96
2054,prec-sq_MinCovDet,pec_orth_log_abs,0.1928211399407216,96,96
2055,prec-sq_OAS,prec-sq_ShrunkCovariance,0.9899825407394428,96,96
2056,prec-sq_OAS,spearmanr-sq,0.4614374161538808,96,96
2057,prec-sq_OAS,spearmanr,0.2791728137479573,96,96
2058,prec-sq_OAS,kendalltau-sq,0.4639401386302313,96,96
2059,prec-sq_OAS,kendalltau,0.27605558108927236,96,96
2060,prec-sq_OAS,xcorr_max_sig-True,0.16389397364667868,96,96
2061,prec-sq_OAS,xcorr-sq_max_sig-True,0.17294088449774508,96,96
2062,prec-sq_OAS,xcorr_mean_sig-True,0.1125579307525757,96,96
2063,prec-sq_OAS,xcorr-sq_mean_sig-True,0.27814764717768375,96,96
2064,prec-sq_OAS,xcorr_mean_sig-False,0.10960863783386776,96,96
2065,prec-sq_OAS,xcorr-sq_mean_sig-False,0.28481983499652486,96,96
2066,prec-sq_OAS,pdist_euclidean,0.29414957787980184,96,96
2067,prec-sq_OAS,pdist_cityblock,0.2692442810480346,96,96
2068,prec-sq_OAS,pdist_cosine,0.29414957787980184,96,96
2069,prec-sq_OAS,pdist_chebyshev,0.6035716178322817,96,96
2070,prec-sq_OAS,pdist_canberra,0.2261795873494183,96,96
2071,prec-sq_OAS,pdist_braycurtis,0.2846391146313944,96,96
2072,prec-sq_OAS,di_gaussian,1.0,96,96
2073,prec-sq_OAS,di_kozachenko,0.4342858715119373,96,96
2074,prec-sq_OAS,di_kernel_W-0.5,0.6944406139798025,96,96
2075,prec-sq_OAS,mi_gaussian,0.5069192177746491,96,96
2076,prec-sq_OAS,mi_kraskov_NN-4,0.4102664584914127,96,96
2077,prec-sq_OAS,mi_kraskov_NN-4_DCE,0.48191623550934487,96,96
2078,prec-sq_OAS,mi_kernel_W-0.25,0.29107598743484425,96,96
2079,prec-sq_OAS,tlmi_gaussian,0.2484713178842548,96,96
2080,prec-sq_OAS,tlmi_kraskov_NN-4,0.5594264853592243,96,96
2081,prec-sq_OAS,tlmi_kraskov_NN-4_DCE,0.5012864662449195,96,96
2082,prec-sq_OAS,tlmi_kernel_W-0.25,0.23338475278022652,96,96
2083,prec-sq_OAS,te_kraskov_NN-4_k-max-10_tau-max-4,0.1966957616610529,96,96
2084,prec-sq_OAS,te_kraskov_NN-4_DCE_k-max-10_tau-max-4,0.3821474333365765,96,96
2085,prec-sq_OAS,te_kraskov_NN-4_DCE_k-2_kt-1_l-1_lt-1,0.3577835380018557,96,96
2086,prec-sq_OAS,te_kraskov_NN-4_DCE_k-1_kt-1_l-1_lt-1,0.44567685286978664,96,96
2087,prec-sq_OAS,te_kraskov_NN-4_k-1_kt-1_l-1_lt-1,0.43222705283453255,96,96
2088,prec-sq_OAS,te_kernel_W-0.25_k-1,0.3023446800170686,96,96
2089,prec-sq_OAS,gc_gaussian_k-max-10_tau-max-2,1.0,96,96
2090,prec-sq_OAS,gc_gaussian_k-1_kt-1_l-1_lt-1,0.27324661630907066,96,96
2091,prec-sq_OAS,te_symbolic_k-1_kt-1_l-1_lt-1,0.27324661630907066,96,96
2092,prec-sq_OAS,te_symbolic_k-10_kt-1_l-1_lt-1,1.0,96,96
2093,prec-sq_OAS,psi_multitaper_mean_fs-1_fmin-0_fmax-0-5,0.08333333333333333,96,96
2094,prec-sq_OAS,psi_multitaper_mean_fs-1_fmin-0_fmax-0-25,0.14583333333333334,96,96
2095,prec-sq_OAS,psi_multitaper_mean_fs-1_fmin-0-25_fmax-0-5,0.10416666666666667,96,96
2096,prec-sq_OAS,psi_wavelet_mean_fs-1_fmin-0_fmax-0-5_mean,0.08002709998320823,96,96
2097,prec-sq_OAS,psi_wavelet_mean_fs-1_fmin-0_fmax-0-25_mean,0.11146115362432985,96,96
2098,prec-sq_OAS,psi_wavelet_mean_fs-1_fmin-0-25_fmax-0-5_mean,0.10590843131713157,96,96
2099,prec-sq_OAS,psi_wavelet_max_fs-1_fmin-0_fmax-0-5_max,0.09962876105478524,96,96
2100,prec-sq_OAS,psi_wavelet_max_fs-1_fmin-0_fmax-0-25_max,0.1161077260221961,96,96
2101,prec-sq_OAS,psi_wavelet_max_fs-1_fmin-0-25_fmax-0-5_max,0.10038646752035585,96,96
2102,prec-sq_OAS,pec,0.4278508736408453,96,96
2103,prec-sq_OAS,pec_orth,0.2546459608004846,96,96
2104,prec-sq_OAS,pec_log,0.4859160645312969,96,96
2105,prec-sq_OAS,pec_orth_log,0.19913434587187523,96,96
2106,prec-sq_OAS,pec_orth_abs,0.17748457868394024,96,96
2107,prec-sq_OAS,pec_orth_log_abs,0.11141786093487818,96,96
2108,prec-sq_ShrunkCovariance,spearmanr-sq,0.32894886200649753,96,96
2109,prec-sq_ShrunkCovariance,spearmanr,0.34511618001172295,96,96
2110,prec-sq_ShrunkCovariance,kendalltau-sq,0.32731652523507293,96,96
2111,prec-sq_ShrunkCovariance,kendalltau,0.3403103688213901,96,96
2112,prec-sq_ShrunkCovariance,xcorr_max_sig-True,0.23309204412128248,96,96
2113,prec-sq_ShrunkCovariance,xcorr-sq_max_sig-True,0.23895834297770863,96,96
2114,prec-sq_ShrunkCovariance,xcorr_mean_sig-True,0.18243514946871153,96,96
2115,prec-sq_ShrunkCovariance,xcorr-sq_mean_sig-True,0.27252087796376523,96,96
2116,prec-sq_ShrunkCovariance,xcorr_mean_sig-False,0.10053571395194172,96,96
2117,prec-sq_ShrunkCovariance,xcorr-sq_mean_sig-False,0.19006727816272231,96,96
2118,prec-sq_ShrunkCovariance,pdist_euclidean,0.35581243594929984,96,96
2119,prec-sq_ShrunkCovariance,pdist_cityblock,0.34277507668533747,96,96
2120,prec-sq_ShrunkCovariance,pdist_cosine,0.35581243594929984,96,96
2121,prec-sq_ShrunkCovariance,pdist_chebyshev,0.6450372006937293,96,96
2122,prec-sq_ShrunkCovariance,pdist_canberra,0.3160177993190748,96,96
2123,prec-sq_ShrunkCovariance,pdist_braycurtis,0.35069075994289806,96,96
2124,prec-sq_ShrunkCovariance,di_gaussian,1.0,96,96
2125,prec-sq_ShrunkCovariance,di_kozachenko,0.515227520536973,96,96
2126,prec-sq_ShrunkCovariance,di_kernel_W-0.5,0.7455015079453836,96,96
2127,prec-sq_ShrunkCovariance,mi_gaussian,0.3856846612968961,96,96
2128,prec-sq_ShrunkCovariance,mi_kraskov_NN-4,0.5059386848653472,96,96
2129,prec-sq_ShrunkCovariance,mi_kraskov_NN-4_DCE,0.5370339806361776,96,96
2130,prec-sq_ShrunkCovariance,mi_kernel_W-0.25,0.3985147140796467,96,96
2131,prec-sq_ShrunkCovariance,tlmi_gaussian,0.17641191998480393,96,96
2132,prec-sq_ShrunkCovariance,tlmi_kraskov_NN-4,0.6301452522632917,96,96
2133,prec-sq_ShrunkCovariance,tlmi_kraskov_NN-4_DCE,0.5346021233303816,96,96
2134,prec-sq_ShrunkCovariance,tlmi_kernel_W-0.25,0.343014958207378,96,96
2135,prec-sq_ShrunkCovariance,te_kraskov_NN-4_k-max-10_tau-max-4,0.21952934627179513,96,96
2136,prec-sq_ShrunkCovariance,te_kraskov_NN-4_DCE_k-max-10_tau-max-4,0.3881086854930602,96,96
2137,prec-sq_ShrunkCovariance,te_kraskov_NN-4_DCE_k-2_kt-1_l-1_lt-1,0.35160473159758376,96,96
2138,prec-sq_ShrunkCovariance,te_kraskov_NN-4_DCE_k-1_kt-1_l-1_lt-1,0.4588366341347251,96,96
2139,prec-sq_ShrunkCovariance,te_kraskov_NN-4_k-1_kt-1_l-1_lt-1,0.44502277164742804,96,96
2140,prec-sq_ShrunkCovariance,te_kernel_W-0.25_k-1,0.33215213534507676,96,96
2141,prec-sq_ShrunkCovariance,gc_gaussian_k-max-10_tau-max-2,1.0,96,96
2142,prec-sq_ShrunkCovariance,gc_gaussian_k-1_kt-1_l-1_lt-1,0.3162907488353651,96,96
2143,prec-sq_ShrunkCovariance,te_symbolic_k-1_kt-1_l-1_lt-1,0.3162907488353651,96,96
2144,prec-sq_ShrunkCovariance,te_symbolic_k-10_kt-1_l-1_lt-1,1.0,96,96
2145,prec-sq_ShrunkCovariance,psi_multitaper_mean_fs-1_fmin-0_fmax-0-5,0.13541666666666666,96,96
2146,prec-sq_ShrunkCovariance,psi_multitaper_mean_fs-1_fmin-0_fmax-0-25,0.15625,96,96
2147,prec-sq_ShrunkCovariance,psi_multitaper_mean_fs-1_fmin-0-25_fmax-0-5,0.07291666666666667,96,96
2148,prec-sq_ShrunkCovariance,psi_wavelet_mean_fs-1_fmin-0_fmax-0-5_mean,0.13698123975424348,96,96
2149,prec-sq_ShrunkCovariance,psi_wavelet_mean_fs-1_fmin-0_fmax-0-25_mean,0.13412201730227769,96,96
2150,prec-sq_ShrunkCovariance,psi_wavelet_mean_fs-1_fmin-0-25_fmax-0-5_mean,0.16069779342319612,96,96
2151,prec-sq_ShrunkCovariance,psi_wavelet_max_fs-1_fmin-0_fmax-0-5_max,0.1536836699514741,96,96
2152,prec-sq_ShrunkCovariance,psi_wavelet_max_fs-1_fmin-0_fmax-0-25_max,0.1443813712412193,96,96
2153,prec-sq_ShrunkCovariance,psi_wavelet_max_fs-1_fmin-0-25_fmax-0-5_max,0.15413154587000966,96,96
2154,prec-sq_ShrunkCovariance,pec,0.5075223729497047,96,96
2155,prec-sq_ShrunkCovariance,pec_orth,0.31961183246999875,96,96
2156,prec-sq_ShrunkCovariance,pec_log,0.5440293436688834,96,96
2157,prec-sq_ShrunkCovariance,pec_orth_log,0.2555929020323162,96,96
2158,prec-sq_ShrunkCovariance,pec_orth_abs,0.2393597892347173,96,96
2159,prec-sq_ShrunkCovariance,pec_orth_log_abs,0.14917254780362005,96,96
2160,spearmanr-sq,spearmanr,0.16922194788678957,96,96
2161,spearmanr-sq,kendalltau-sq,0.6595210471147824,96,96
2162,spearmanr-sq,kendalltau,0.1695135814042571,96,96
2163,spearmanr-sq,xcorr_max_sig-True,0.23285971495434782,96,96
2164,spearmanr-sq,xcorr-sq_max_sig-True,0.26630851076088763,96,96
2165,spearmanr-sq,xcorr_mean_sig-True,0.18091189679954256,96,96
2166,spearmanr-sq,xcorr-sq_mean_sig-True,0.25465852584694687,96,96
2167,spearmanr-sq,xcorr_mean_sig-False,0.08634811839924761,96,96
2168,spearmanr-sq,xcorr-sq_mean_sig-False,0.34439080539508077,96,96
2169,spearmanr-sq,pdist_euclidean,0.17243724783010606,96,96
2170,spearmanr-sq,pdist_cityblock,0.1730641138653845,96,96
2171,spearmanr-sq,pdist_cosine,0.17243724783010606,96,96
2172,spearmanr-sq,pdist_chebyshev,0.5764522523300201,96,96
2173,spearmanr-sq,pdist_canberra,0.19069470325525423,96,96
2174,spearmanr-sq,pdist_braycurtis,0.16911158986786873,96,96
2175,spearmanr-sq,di_gaussian,1.0,96,96
2176,spearmanr-sq,di_kozachenko,0.6292239347426959,96,96
2177,spearmanr-sq,di_kernel_W-0.5,0.9767061103611899,96,96
2178,spearmanr-sq,mi_gaussian,0.4312100363069481,96,96
2179,spearmanr-sq,mi_kraskov_NN-4,0.7305377479345663,96,96
2180,spearmanr-sq,mi_kraskov_NN-4_DCE,0.8319853757522523,96,96
2181,spearmanr-sq,mi_kernel_W-0.25,0.7190574635125622,96,96
2182,spearmanr-sq,tlmi_gaussian,0.6094834013363103,96,96
2183,spearmanr-sq,tlmi_kraskov_NN-4,0.8283969707272614,96,96
2184,spearmanr-sq,tlmi_kraskov_NN-4_DCE,0.7558805067276424,96,96
2185,spearmanr-sq,tlmi_kernel_W-0.25,0.654752485888122,96,96
2186,spearmanr-sq,te_kraskov_NN-4_k-max-10_tau-max-4,0.2668115545554752,96,96
2187,spearmanr-sq,te_kraskov_NN-4_DCE_k-max-10_tau-max-4,0.36145450215672487,96,96
2188,spearmanr-sq,te_kraskov_NN-4_DCE_k-2_kt-1_l-1_lt-1,0.352010412923765,96,96
2189,spearmanr-sq,te_kraskov_NN-4_DCE_k-1_kt-1_l-1_lt-1,0.3863919080978091,96,96
2190,spearmanr-sq,te_kraskov_NN-4_k-1_kt-1_l-1_lt-1,0.4140515053888708,96,96
2191,spearmanr-sq,te_kernel_W-0.25_k-1,0.46854649969331785,96,96
2192,spearmanr-sq,gc_gaussian_k-max-10_tau-max-2,1.0,96,96
2193,spearmanr-sq,gc_gaussian_k-1_kt-1_l-1_lt-1,0.5232569524941204,96,96
2194,spearmanr-sq,te_symbolic_k-1_kt-1_l-1_lt-1,0.5232569524941204,96,96
2195,spearmanr-sq,te_symbolic_k-10_kt-1_l-1_lt-1,1.0,96,96
2196,spearmanr-sq,psi_multitaper_mean_fs-1_fmin-0_fmax-0-5,0.16666666666666666,96,96
2197,spearmanr-sq,psi_multitaper_mean_fs-1_fmin-0_fmax-0-25,0.10416666666666667,96,96
2198,spearmanr-sq,psi_multitaper_mean_fs-1_fmin-0-25_fmax-0-5,0.09375,96,96
2199,spearmanr-sq,psi_wavelet_mean_fs-1_fmin-0_fmax-0-5_mean,0.12903014433491256,96,96
2200,spearmanr-sq,psi_wavelet_mean_fs-1_fmin-0_fmax-0-25_mean,0.13296714059324277,96,96
2201,spearmanr-sq,psi_wavelet_mean_fs-1_fmin-0-25_fmax-0-5_mean,0.1326920576127829,96,96
2202,spearmanr-sq,psi_wavelet_max_fs-1_fmin-0_fmax-0-5_max,0.13632302532138052,96,96
2203,spearmanr-sq,psi_wavelet_max_fs-1_fmin-0_fmax-0-25_max,0.13182179464515642,96,96
2204,spearmanr-sq,psi_wavelet_max_fs-1_fmin-0-25_fmax-0-5_max,0.14618103820768646,96,96
2205,spearmanr-sq,pec,0.4807520914760412,96,96
2206,spearmanr-sq,pec_orth,0.4417307008835487,96,96
2207,spearmanr-sq,pec_log,0.5711760194599638,96,96
2208,spearmanr-sq,pec_orth_log,0.40350782954892506,96,96
2209,spearmanr-sq,pec_orth_abs,0.3259237316385001,96,96
2210,spearmanr-sq,pec_orth_log_abs,0.2816775388168067,96,96
2211,spearmanr,kendalltau-sq,0.16575276904568548,96,96
2212,spearmanr,kendalltau,0.7629179478616774,96,96
2213,spearmanr,xcorr_max_sig-True,0.35193621124448093,96,96
2214,spearmanr,xcorr-sq_max_sig-True,0.29657048265832225,96,96
2215,spearmanr,xcorr_mean_sig-True,0.2020360166249079,96,96
2216,spearmanr,xcorr-sq_mean_sig-True,0.2120818047309906,96,96
2217,spearmanr,xcorr_mean_sig-False,0.14585691809569762,96,96
2218,spearmanr,xcorr-sq_mean_sig-False,0.26197877503155725,96,96
2219,spearmanr,pdist_euclidean,0.1510982325357797,96,96
2220,spearmanr,pdist_cityblock,0.19047913095462832,96,96
2221,spearmanr,pdist_cosine,0.1510982325357797,96,96
2222,spearmanr,pdist_chebyshev,0.9301627718489031,96,96
2223,spearmanr,pdist_canberra,0.4187185286175453,96,96
2224,spearmanr,pdist_braycurtis,0.6688026715578712,96,96
2225,spearmanr,di_gaussian,1.0,96,96
2226,spearmanr,di_kozachenko,0.5376027535148642,96,96
2227,spearmanr,di_kernel_W-0.5,0.7192464408354773,96,96
2228,spearmanr,mi_gaussian,0.175514293097497,96,96
2229,spearmanr,mi_kraskov_NN-4,0.49636643381975315,96,96
2230,spearmanr,mi_kraskov_NN-4_DCE,0.5148721846614708,96,96
2231,spearmanr,mi_kernel_W-0.25,0.33167147853174683,96,96
2232,spearmanr,tlmi_gaussian,0.22273050863139865,96,96
2233,spearmanr,tlmi_kraskov_NN-4,0.6018013042017769,96,96
2234,spearmanr,tlmi_kraskov_NN-4_DCE,0.6033809583029307,96,96
2235,spearmanr,tlmi_kernel_W-0.25,0.38152536966494977,96,96
2236,spearmanr,te_kraskov_NN-4_k-max-10_tau-max-4,0.32508373619603814,96,96
2237,spearmanr,te_kraskov_NN-4_DCE_k-max-10_tau-max-4,0.3391698337747422,96,96
2238,spearmanr,te_kraskov_NN-4_DCE_k-2_kt-1_l-1_lt-1,0.2757883788840194,96,96
2239,spearmanr,te_kraskov_NN-4_DCE_k-1_kt-1_l-1_lt-1,0.2952769960102736,96,96
2240,spearmanr,te_kraskov_NN-4_k-1_kt-1_l-1_lt-1,0.37346395871460525,96,96
2241,spearmanr,te_kernel_W-0.25_k-1,0.18464993273875044,96,96
2242,spearmanr,gc_gaussian_k-max-10_tau-max-2,1.0,96,96
2243,spearmanr,gc_gaussian_k-1_kt-1_l-1_lt-1,0.21693930022010058,96,96
2244,spearmanr,te_symbolic_k-1_kt-1_l-1_lt-1,0.21693930022010058,96,96
2245,spearmanr,te_symbolic_k-10_kt-1_l-1_lt-1,1.0,96,96
2246,spearmanr,psi_multitaper_mean_fs-1_fmin-0_fmax-0-5,0.07291666666666667,96,96
2247,spearmanr,psi_multitaper_mean_fs-1_fmin-0_fmax-0-25,0.08333333333333333,96,96
2248,spearmanr,psi_multitaper_mean_fs-1_fmin-0-25_fmax-0-5,0.08333333333333333,96,96
2249,spearmanr,psi_wavelet_mean_fs-1_fmin-0_fmax-0-5_mean,0.11406629891040299,96,96
2250,spearmanr,psi_wavelet_mean_fs-1_fmin-0_fmax-0-25_mean,0.10767266373342099,96,96
2251,spearmanr,psi_wavelet_mean_fs-1_fmin-0-25_fmax-0-5_mean,0.12412014946248917,96,96
2252,spearmanr,psi_wavelet_max_fs-1_fmin-0_fmax-0-5_max,0.1319470362451175,96,96
2253,spearmanr,psi_wavelet_max_fs-1_fmin-0_fmax-0-25_max,0.10892413090025577,96,96
2254,spearmanr,psi_wavelet_max_fs-1_fmin-0-25_fmax-0-5_max,0.15211444054331325,96,96
2255,spearmanr,pec,0.7007958165509824,96,96
2256,spearmanr,pec_orth,0.341895722655541,96,96
2257,spearmanr,pec_log,0.7198358148042198,96,96
2258,spearmanr,pec_orth_log,0.3269677424611989,96,96
2259,spearmanr,pec_orth_abs,0.3319217124934908,96,96
2260,spearmanr,pec_orth_log_abs,0.24473585484314286,96,96
2261,kendalltau-sq,kendalltau,0.16546608410029295,96,96
2262,kendalltau-sq,xcorr_max_sig-True,0.22248870300571866,96,96
2263,kendalltau-sq,xcorr-sq_max_sig-True,0.25387191972846,96,96
2264,kendalltau-sq,xcorr_mean_sig-True,0.18117597840757538,96,96
2265,kendalltau-sq,xcorr-sq_mean_sig-True,0.2577758543318731,96,96
2266,kendalltau-sq,xcorr_mean_sig-False,0.08822753239563541,96,96
2267,kendalltau-sq,xcorr-sq_mean_sig-False,0.35912659648581025,96,96
2268,kendalltau-sq,pdist_euclidean,0.16891809875190528,96,96
2269,kendalltau-sq,pdist_cityblock,0.1705101163964005,96,96
2270,kendalltau-sq,pdist_cosine,0.16891809875190528,96,96
2271,kendalltau-sq,pdist_chebyshev,0.569018408824404,96,96
2272,kendalltau-sq,pdist_canberra,0.18659489109009364,96,96
2273,kendalltau-sq,pdist_braycurtis,0.16614213579555953,96,96
2274,kendalltau-sq,di_gaussian,1.0,96,96
2275,kendalltau-sq,di_kozachenko,0.6342743674236122,96,96
2276,kendalltau-sq,di_kernel_W-0.5,0.9784910589565846,96,96
2277,kendalltau-sq,mi_gaussian,0.39496955217373025,96,96
2278,kendalltau-sq,mi_kraskov_NN-4,0.7438073084913999,96,96
2279,kendalltau-sq,mi_kraskov_NN-4_DCE,0.8302538102622034,96,96
2280,kendalltau-sq,mi_kernel_W-0.25,0.7273443807633455,96,96
2281,kendalltau-sq,tlmi_gaussian,0.6024551701949388,96,96
2282,kendalltau-sq,tlmi_kraskov_NN-4,0.8335148309632661,96,96
2283,kendalltau-sq,tlmi_kraskov_NN-4_DCE,0.7495532447649595,96,96
2284,kendalltau-sq,tlmi_kernel_W-0.25,0.6625295705952357,96,96
2285,kendalltau-sq,te_kraskov_NN-4_k-max-10_tau-max-4,0.266634419143031,96,96
2286,kendalltau-sq,te_kraskov_NN-4_DCE_k-max-10_tau-max-4,0.3679225036996583,96,96
2287,kendalltau-sq,te_kraskov_NN-4_DCE_k-2_kt-1_l-1_lt-1,0.35786185176316154,96,96
2288,kendalltau-sq,te_kraskov_NN-4_DCE_k-1_kt-1_l-1_lt-1,0.39100385114307096,96,96
2289,kendalltau-sq,te_kraskov_NN-4_k-1_kt-1_l-1_lt-1,0.40165960967860936,96,96
2290,kendalltau-sq,te_kernel_W-0.25_k-1,0.4741512532871408,96,96
2291,kendalltau-sq,gc_gaussian_k-max-10_tau-max-2,1.0,96,96
2292,kendalltau-sq,gc_gaussian_k-1_kt-1_l-1_lt-1,0.5388429706484384,96,96
2293,kendalltau-sq,te_symbolic_k-1_kt-1_l-1_lt-1,0.5388429706484384,96,96
2294,kendalltau-sq,te_symbolic_k-10_kt-1_l-1_lt-1,1.0,96,96
2295,kendalltau-sq,psi_multitaper_mean_fs-1_fmin-0_fmax-0-5,0.13541666666666666,96,96
2296,kendalltau-sq,psi_multitaper_mean_fs-1_fmin-0_fmax-0-25,0.08333333333333333,96,96
2297,kendalltau-sq,psi_multitaper_mean_fs-1_fmin-0-25_fmax-0-5,0.09375,96,96
2298,kendalltau-sq,psi_wavelet_mean_fs-1_fmin-0_fmax-0-5_mean,0.1200820441648035,96,96
2299,kendalltau-sq,psi_wavelet_mean_fs-1_fmin-0_fmax-0-25_mean,0.1262800388320766,96,96
2300,kendalltau-sq,psi_wavelet_mean_fs-1_fmin-0-25_fmax-0-5_mean,0.12507074125517292,96,96
2301,kendalltau-sq,psi_wavelet_max_fs-1_fmin-0_fmax-0-5_max,0.12892443351258487,96,96
2302,kendalltau-sq,psi_wavelet_max_fs-1_fmin-0_fmax-0-25_max,0.12498433175687496,96,96
2303,kendalltau-sq,psi_wavelet_max_fs-1_fmin-0-25_fmax-0-5_max,0.13835568105167784,96,96
2304,kendalltau-sq,pec,0.4815344819651779,96,96
2305,kendalltau-sq,pec_orth,0.4598703311456296,96,96
2306,kendalltau-sq,pec_log,0.5646139194700577,96,96
2307,kendalltau-sq,pec_orth_log,0.41882792610170544,96,96
2308,kendalltau-sq,pec_orth_abs,0.33583231019096493,96,96
2309,kendalltau-sq,pec_orth_log_abs,0.2932899788951917,96,96
2310,kendalltau,xcorr_max_sig-True,0.34092079016000476,96,96
2311,kendalltau,xcorr-sq_max_sig-True,0.2881559844489528,96,96
2312,kendalltau,xcorr_mean_sig-True,0.2030996948664705,96,96
2313,kendalltau,xcorr-sq_mean_sig-True,0.21477494217561882,96,96
2314,kendalltau,xcorr_mean_sig-False,0.1420038282686838,96,96
2315,kendalltau,xcorr-sq_mean_sig-False,0.27724192863045116,96,96
2316,kendalltau,pdist_euclidean,0.190941723199331,96,96
2317,kendalltau,pdist_cityblock,0.1438265639421741,96,96
2318,kendalltau,pdist_cosine,0.190941723199331,96,96
2319,kendalltau,pdist_chebyshev,0.9237845326568013,96,96
2320,kendalltau,pdist_canberra,0.4231777471744851,96,96
2321,kendalltau,pdist_braycurtis,0.5539427031747478,96,96
2322,kendalltau,di_gaussian,1.0,96,96
2323,kendalltau,di_kozachenko,0.5409758281617976,96,96
2324,kendalltau,di_kernel_W-0.5,0.7184793078462989,96,96
2325,kendalltau,mi_gaussian,0.17583477078527665,96,96
2326,kendalltau,mi_kraskov_NN-4,0.5045174100462806,96,96
2327,kendalltau,mi_kraskov_NN-4_DCE,0.5181447893034486,96,96
2328,kendalltau,mi_kernel_W-0.25,0.33289428214018313,96,96
2329,kendalltau,tlmi_gaussian,0.22273966296499226,96,96
2330,kendalltau,tlmi_kraskov_NN-4,0.5977864777864255,96,96
2331,kendalltau,tlmi_kraskov_NN-4_DCE,0.6015415339543618,96,96
2332,kendalltau,tlmi_kernel_W-0.25,0.3786511253256233,96,96
2333,kendalltau,te_kraskov_NN-4_k-max-10_tau-max-4,0.3223397535324619,96,96
2334,kendalltau,te_kraskov_NN-4_DCE_k-max-10_tau-max-4,0.3399040564381217,96,96
2335,kendalltau,te_kraskov_NN-4_DCE_k-2_kt-1_l-1_lt-1,0.27994161717688915,96,96
2336,kendalltau,te_kraskov_NN-4_DCE_k-1_kt-1_l-1_lt-1,0.29706339132196496,96,96
2337,kendalltau,te_kraskov_NN-4_k-1_kt-1_l-1_lt-1,0.36405959276408306,96,96
2338,kendalltau,te_kernel_W-0.25_k-1,0.1864535481998708,96,96
2339,kendalltau,gc_gaussian_k-max-10_tau-max-2,1.0,96,96
2340,kendalltau,gc_gaussian_k-1_kt-1_l-1_lt-1,0.22964706491907078,96,96
2341,kendalltau,te_symbolic_k-1_kt-1_l-1_lt-1,0.22964706491907078,96,96
2342,kendalltau,te_symbolic_k-10_kt-1_l-1_lt-1,1.0,96,96
2343,kendalltau,psi_multitaper_mean_fs-1_fmin-0_fmax-0-5,0.14583333333333334,96,96
2344,kendalltau,psi_multitaper_mean_fs-1_fmin-0_fmax-0-25,0.10416666666666667,96,96
2345,kendalltau,psi_multitaper_mean_fs-1_fmin-0-25_fmax-0-5,0.10416666666666667,96,96
2346,kendalltau,psi_wavelet_mean_fs-1_fmin-0_fmax-0-5_mean,0.10665661475447163,96,96
2347,kendalltau,psi_wavelet_mean_fs-1_fmin-0_fmax-0-25_mean,0.10413579174955556,96,96
2348,kendalltau,psi_wavelet_mean_fs-1_fmin-0-25_fmax-0-5_mean,0.11672087407512399,96,96
2349,kendalltau,psi_wavelet_max_fs-1_fmin-0_fmax-0-5_max,0.12443688308102363,96,96
2350,kendalltau,psi_wavelet_max_fs-1_fmin-0_fmax-0-25_max,0.10242393344321832,96,96
2351,kendalltau,psi_wavelet_max_fs-1_fmin-0-25_fmax-0-5_max,0.1452508690992914,96,96
2352,kendalltau,pec,0.7050436976576233,96,96
2353,kendalltau,pec_orth,0.3540819120585137,96,96
2354,kendalltau,pec_log,0.7183308480994129,96,96
2355,kendalltau,pec_orth_log,0.3351888664040124,96,96
2356,kendalltau,pec_orth_abs,0.3383834253130381,96,96
2357,kendalltau,pec_orth_log_abs,0.250858563551969,96,96
2358,xcorr_max_sig-True,xcorr-sq_max_sig-True,0.5482906085044539,96,96
2359,xcorr_max_sig-True,xcorr_mean_sig-True,0.3081186417990398,96,96
2360,xcorr_max_sig-True,xcorr-sq_mean_sig-True,0.5389325888568479,96,96
2361,xcorr_max_sig-True,xcorr_mean_sig-False,0.25000305209943385,96,96
2362,xcorr_max_sig-True,xcorr-sq_mean_sig-False,0.2747094939904875,96,96
2363,xcorr_max_sig-True,pdist_euclidean,0.33707668302350347,96,96
2364,xcorr_max_sig-True,pdist_cityblock,0.3155435475059151,96,96
2365,xcorr_max_sig-True,pdist_cosine,0.33707668302350347,96,96
2366,xcorr_max_sig-True,pdist_chebyshev,0.7570629336698025,96,96
2367,xcorr_max_sig-True,pdist_canberra,0.3905065651595145,96,96
2368,xcorr_max_sig-True,pdist_braycurtis,0.32725546894459456,96,96
2369,xcorr_max_sig-True,di_gaussian,1.0,96,96
2370,xcorr_max_sig-True,di_kozachenko,0.45469365742964224,96,96
2371,xcorr_max_sig-True,di_kernel_W-0.5,0.7165968352033593,96,96
2372,xcorr_max_sig-True,mi_gaussian,0.22633809202127214,96,96
2373,xcorr_max_sig-True,mi_kraskov_NN-4,0.4312249539278591,96,96
2374,xcorr_max_sig-True,mi_kraskov_NN-4_DCE,0.5558506647135352,96,96
2375,xcorr_max_sig-True,mi_kernel_W-0.25,0.33336985823021276,96,96
2376,xcorr_max_sig-True,tlmi_gaussian,0.1963651204030094,96,96
2377,xcorr_max_sig-True,tlmi_kraskov_NN-4,0.564826469978881,96,96
2378,xcorr_max_sig-True,tlmi_kraskov_NN-4_DCE,0.5799690475130526,96,96
2379,xcorr_max_sig-True,tlmi_kernel_W-0.25,0.28664673521433603,96,96
2380,xcorr_max_sig-True,te_kraskov_NN-4_k-max-10_tau-max-4,0.26833086490882296,96,96
2381,xcorr_max_sig-True,te_kraskov_NN-4_DCE_k-max-10_tau-max-4,0.19937883289325373,96,96
2382,xcorr_max_sig-True,te_kraskov_NN-4_DCE_k-2_kt-1_l-1_lt-1,0.17768566250007564,96,96
2383,xcorr_max_sig-True,te_kraskov_NN-4_DCE_k-1_kt-1_l-1_lt-1,0.26815044808002775,96,96
2384,xcorr_max_sig-True,te_kraskov_NN-4_k-1_kt-1_l-1_lt-1,0.4883935748992787,96,96
2385,xcorr_max_sig-True,te_kernel_W-0.25_k-1,0.2640265161917095,96,96
2386,xcorr_max_sig-True,gc_gaussian_k-max-10_tau-max-2,1.0,96,96
2387,xcorr_max_sig-True,gc_gaussian_k-1_kt-1_l-1_lt-1,0.19915468932895253,96,96
2388,xcorr_max_sig-True,te_symbolic_k-1_kt-1_l-1_lt-1,0.19915468932895253,96,96
2389,xcorr_max_sig-True,te_symbolic_k-10_kt-1_l-1_lt-1,1.0,96,96
2390,xcorr_max_sig-True,psi_multitaper_mean_fs-1_fmin-0_fmax-0-5,0.07291666666666667,96,96
2391,xcorr_max_sig-True,psi_multitaper_mean_fs-1_fmin-0_fmax-0-25,0.13541666666666666,96,96
2392,xcorr_max_sig-True,psi_multitaper_mean_fs-1_fmin-0-25_fmax-0-5,0.21875,96,96
2393,xcorr_max_sig-True,psi_wavelet_mean_fs-1_fmin-0_fmax-0-5_mean,0.19104277476012033,96,96
2394,xcorr_max_sig-True,psi_wavelet_mean_fs-1_fmin-0_fmax-0-25_mean,0.18377264084425993,96,96
2395,xcorr_max_sig-True,psi_wavelet_mean_fs-1_fmin-0-25_fmax-0-5_mean,0.1918202637124209,96,96
2396,xcorr_max_sig-True,psi_wavelet_max_fs-1_fmin-0_fmax-0-5_max,0.2145948830400728,96,96
2397,xcorr_max_sig-True,psi_wavelet_max_fs-1_fmin-0_fmax-0-25_max,0.19218521539304534,96,96
2398,xcorr_max_sig-True,psi_wavelet_max_fs-1_fmin-0-25_fmax-0-5_max,0.23954355417287498,96,96
2399,xcorr_max_sig-True,pec,0.6466640206487106,96,96
2400,xcorr_max_sig-True,pec_orth,0.16807308230006668,96,96
2401,xcorr_max_sig-True,pec_log,0.702899909772233,96,96
2402,xcorr_max_sig-True,pec_orth_log,0.11994630118794343,96,96
2403,xcorr_max_sig-True,pec_orth_abs,0.12900860264822311,96,96
2404,xcorr_max_sig-True,pec_orth_log_abs,0.14692236306243223,96,96
2405,xcorr-sq_max_sig-True,xcorr_mean_sig-True,0.18927343156682702,96,96
2406,xcorr-sq_max_sig-True,xcorr-sq_mean_sig-True,0.6112678581775276,96,96
2407,xcorr-sq_max_sig-True,xcorr_mean_sig-False,0.20352947715017683,96,96
2408,xcorr-sq_max_sig-True,xcorr-sq_mean_sig-False,0.32094622135606654,96,96
2409,xcorr-sq_max_sig-True,pdist_euclidean,0.29012427590655243,96,96
2410,xcorr-sq_max_sig-True,pdist_cityblock,0.2581619938276222,96,96
2411,xcorr-sq_max_sig-True,pdist_cosine,0.29012427590655243,96,96
2412,xcorr-sq_max_sig-True,pdist_chebyshev,0.6981032677756848,96,96
2413,xcorr-sq_max_sig-True,pdist_canberra,0.3305207245779612,96,96
2414,xcorr-sq_max_sig-True,pdist_braycurtis,0.2719690020296784,96,96
2415,xcorr-sq_max_sig-True,di_gaussian,1.0,96,96
2416,xcorr-sq_max_sig-True,di_kozachenko,0.4605528029963122,96,96
2417,xcorr-sq_max_sig-True,di_kernel_W-0.5,0.7902289829486313,96,96
2418,xcorr-sq_max_sig-True,mi_gaussian,0.2641992758763154,96,96
2419,xcorr-sq_max_sig-True,mi_kraskov_NN-4,0.48397083239574273,96,96
2420,xcorr-sq_max_sig-True,mi_kraskov_NN-4_DCE,0.6569122382570749,96,96
2421,xcorr-sq_max_sig-True,mi_kernel_W-0.25,0.3459186481286504,96,96
2422,xcorr-sq_max_sig-True,tlmi_gaussian,0.24999488463118802,96,96
2423,xcorr-sq_max_sig-True,tlmi_kraskov_NN-4,0.5809433305997111,96,96
2424,xcorr-sq_max_sig-True,tlmi_kraskov_NN-4_DCE,0.6346378313587613,96,96
2425,xcorr-sq_max_sig-True,tlmi_kernel_W-0.25,0.30741274574242705,96,96
2426,xcorr-sq_max_sig-True,te_kraskov_NN-4_k-max-10_tau-max-4,0.2621232509940991,96,96
2427,xcorr-sq_max_sig-True,te_kraskov_NN-4_DCE_k-max-10_tau-max-4,0.2276767401244105,96,96
2428,xcorr-sq_max_sig-True,te_kraskov_NN-4_DCE_k-2_kt-1_l-1_lt-1,0.21922009009059165,96,96
2429,xcorr-sq_max_sig-True,te_kraskov_NN-4_DCE_k-1_kt-1_l-1_lt-1,0.297430467570149,96,96
2430,xcorr-sq_max_sig-True,te_kraskov_NN-4_k-1_kt-1_l-1_lt-1,0.5226882574357223,96,96
2431,xcorr-sq_max_sig-True,te_kernel_W-0.25_k-1,0.2629599918590184,96,96
2432,xcorr-sq_max_sig-True,gc_gaussian_k-max-10_tau-max-2,1.0,96,96
2433,xcorr-sq_max_sig-True,gc_gaussian_k-1_kt-1_l-1_lt-1,0.20852482076420242,96,96
2434,xcorr-sq_max_sig-True,te_symbolic_k-1_kt-1_l-1_lt-1,0.20852482076420242,96,96
2435,xcorr-sq_max_sig-True,te_symbolic_k-10_kt-1_l-1_lt-1,1.0,96,96
2436,xcorr-sq_max_sig-True,psi_multitaper_mean_fs-1_fmin-0_fmax-0-5,0.17708333333333334,96,96
2437,xcorr-sq_max_sig-True,psi_multitaper_mean_fs-1_fmin-0_fmax-0-25,0.125,96,96
2438,xcorr-sq_max_sig-True,psi_multitaper_mean_fs-1_fmin-0-25_fmax-0-5,0.09375,96,96
2439,xcorr-sq_max_sig-True,psi_wavelet_mean_fs-1_fmin-0_fmax-0-5_mean,0.16979534230633664,96,96
2440,xcorr-sq_max_sig-True,psi_wavelet_mean_fs-1_fmin-0_fmax-0-25_mean,0.17381525838656608,96,96
2441,xcorr-sq_max_sig-True,psi_wavelet_mean_fs-1_fmin-0-25_fmax-0-5_mean,0.17418378895558118,96,96
2442,xcorr-sq_max_sig-True,psi_wavelet_max_fs-1_fmin-0_fmax-0-5_max,0.1836010873171543,96,96
2443,xcorr-sq_max_sig-True,psi_wavelet_max_fs-1_fmin-0_fmax-0-25_max,0.18212827280405863,96,96
2444,xcorr-sq_max_sig-True,psi_wavelet_max_fs-1_fmin-0-25_fmax-0-5_max,0.19027296893561296,96,96
2445,xcorr-sq_max_sig-True,pec,0.6288034381575013,96,96
2446,xcorr-sq_max_sig-True,pec_orth,0.17775012263024265,96,96
2447,xcorr-sq_max_sig-True,pec_log,0.7006285892408292,96,96
2448,xcorr-sq_max_sig-True,pec_orth_log,0.1338601846287452,96,96
2449,xcorr-sq_max_sig-True,pec_orth_abs,0.13135662019867744,96,96
2450,xcorr-sq_max_sig-True,pec_orth_log_abs,0.12814730993922507,96,96
2451,xcorr_mean_sig-True,xcorr-sq_mean_sig-True,0.3621121186057833,96,96
2452,xcorr_mean_sig-True,xcorr_mean_sig-False,0.32369392743079656,96,96
2453,xcorr_mean_sig-True,xcorr-sq_mean_sig-False,0.23125753068412505,96,96
2454,xcorr_mean_sig-True,pdist_euclidean,0.19681862457991148,96,96
2455,xcorr_mean_sig-True,pdist_cityblock,0.19403040095316912,96,96
2456,xcorr_mean_sig-True,pdist_cosine,0.19681862457991148,96,96
2457,xcorr_mean_sig-True,pdist_chebyshev,0.30932876264026676,96,96
2458,xcorr_mean_sig-True,pdist_canberra,0.18091089298204704,96,96
2459,xcorr_mean_sig-True,pdist_braycurtis,0.191230915864547,96,96
2460,xcorr_mean_sig-True,di_gaussian,0.9375,96,96
2461,xcorr_mean_sig-True,di_kozachenko,0.38734757992563207,96,96
2462,xcorr_mean_sig-True,di_kernel_W-0.5,0.48379057894519356,96,96
2463,xcorr_mean_sig-True,mi_gaussian,0.19236398571270552,96,96
2464,xcorr_mean_sig-True,mi_kraskov_NN-4,0.24440071736565105,96,96
2465,xcorr_mean_sig-True,mi_kraskov_NN-4_DCE,0.22051030112173964,96,96
2466,xcorr_mean_sig-True,mi_kernel_W-0.25,0.21898083305843175,96,96
2467,xcorr_mean_sig-True,tlmi_gaussian,0.3468369758112323,96,96
2468,xcorr_mean_sig-True,tlmi_kraskov_NN-4,0.44666452791481015,96,96
2469,xcorr_mean_sig-True,tlmi_kraskov_NN-4_DCE,0.48029172410182036,96,96
2470,xcorr_mean_sig-True,tlmi_kernel_W-0.25,0.379292725767273,96,96
2471,xcorr_mean_sig-True,te_kraskov_NN-4_k-max-10_tau-max-4,0.19586591615626336,96,96
2472,xcorr_mean_sig-True,te_kraskov_NN-4_DCE_k-max-10_tau-max-4,0.25437223375486434,96,96
2473,xcorr_mean_sig-True,te_kraskov_NN-4_DCE_k-2_kt-1_l-1_lt-1,0.27700111260651605,96,96
2474,xcorr_mean_sig-True,te_kraskov_NN-4_DCE_k-1_kt-1_l-1_lt-1,0.25776539558938355,96,96
2475,xcorr_mean_sig-True,te_kraskov_NN-4_k-1_kt-1_l-1_lt-1,0.5244387603372378,96,96
2476,xcorr_mean_sig-True,te_kernel_W-0.25_k-1,0.24858697063026947,96,96
2477,xcorr_mean_sig-True,gc_gaussian_k-max-10_tau-max-2,0.9166666666666666,96,96
2478,xcorr_mean_sig-True,gc_gaussian_k-1_kt-1_l-1_lt-1,0.3546674182867331,96,96
2479,xcorr_mean_sig-True,te_symbolic_k-1_kt-1_l-1_lt-1,0.3546674182867331,96,96
2480,xcorr_mean_sig-True,te_symbolic_k-10_kt-1_l-1_lt-1,0.9166666666666666,96,96
2481,xcorr_mean_sig-True,psi_multitaper_mean_fs-1_fmin-0_fmax-0-5,0.11458333333333333,96,96
2482,xcorr_mean_sig-True,psi_multitaper_mean_fs-1_fmin-0_fmax-0-25,0.11458333333333333,96,96
2483,xcorr_mean_sig-True,psi_multitaper_mean_fs-1_fmin-0-25_fmax-0-5,0.07291666666666667,96,96
2484,xcorr_mean_sig-True,psi_wavelet_mean_fs-1_fmin-0_fmax-0-5_mean,0.1400559746624355,96,96
2485,xcorr_mean_sig-True,psi_wavelet_mean_fs-1_fmin-0_fmax-0-25_mean,0.12237002547563129,96,96
2486,xcorr_mean_sig-True,psi_wavelet_mean_fs-1_fmin-0-25_fmax-0-5_mean,0.1343112446564321,96,96
2487,xcorr_mean_sig-True,psi_wavelet_max_fs-1_fmin-0_fmax-0-5_max,0.15270532688692579,96,96
2488,xcorr_mean_sig-True,psi_wavelet_max_fs-1_fmin-0_fmax-0-25_max,0.12115621064248229,96,96
2489,xcorr_mean_sig-True,psi_wavelet_max_fs-1_fmin-0-25_fmax-0-5_max,0.15342812384712617,96,96
2490,xcorr_mean_sig-True,pec,0.2481027060948986,96,96
2491,xcorr_mean_sig-True,pec_orth,0.22869233718219545,96,96
2492,xcorr_mean_sig-True,pec_log,0.2675845760042911,96,96
2493,xcorr_mean_sig-True,pec_orth_log,0.19652159863779736,96,96
2494,xcorr_mean_sig-True,pec_orth_abs,0.23339373256554283,96,96
2495,xcorr_mean_sig-True,pec_orth_log_abs,0.18483657564928177,96,96
2496,xcorr-sq_mean_sig-True,xcorr_mean_sig-False,0.20967086635389015,96,96
2497,xcorr-sq_mean_sig-True,xcorr-sq_mean_sig-False,0.6758030122010553,96,96
2498,xcorr-sq_mean_sig-True,pdist_euclidean,0.218419895669124,96,96
2499,xcorr-sq_mean_sig-True,pdist_cityblock,0.22819844487830987,96,96
2500,xcorr-sq_mean_sig-True,pdist_cosine,0.218419895669124,96,96
2501,xcorr-sq_mean_sig-True,pdist_chebyshev,0.2274307987647964,96,96
2502,xcorr-sq_mean_sig-True,pdist_canberra,0.22021511217675782,96,96
2503,xcorr-sq_mean_sig-True,pdist_braycurtis,0.22702987772412808,96,96
2504,xcorr-sq_mean_sig-True,di_gaussian,1.0,96,96
2505,xcorr-sq_mean_sig-True,di_kozachenko,0.24659122066520767,96,96
2506,xcorr-sq_mean_sig-True,di_kernel_W-0.5,0.5337531760247086,96,96
2507,xcorr-sq_mean_sig-True,mi_gaussian,0.26026407520338013,96,96
2508,xcorr-sq_mean_sig-True,mi_kraskov_NN-4,0.2247175121512428,96,96
2509,xcorr-sq_mean_sig-True,mi_kraskov_NN-4_DCE,0.2598939527274522,96,96
2510,xcorr-sq_mean_sig-True,mi_kernel_W-0.25,0.14532544548945595,96,96
2511,xcorr-sq_mean_sig-True,tlmi_gaussian,0.1553122169229406,96,96
2512,xcorr-sq_mean_sig-True,tlmi_kraskov_NN-4,0.436201643935551,96,96
2513,xcorr-sq_mean_sig-True,tlmi_kraskov_NN-4_DCE,0.43494801279863016,96,96
2514,xcorr-sq_mean_sig-True,tlmi_kernel_W-0.25,0.10524090426596551,96,96
2515,xcorr-sq_mean_sig-True,te_kraskov_NN-4_k-max-10_tau-max-4,0.13359260845997653,96,96
2516,xcorr-sq_mean_sig-True,te_kraskov_NN-4_DCE_k-max-10_tau-max-4,0.42903932095154984,96,96
2517,xcorr-sq_mean_sig-True,te_kraskov_NN-4_DCE_k-2_kt-1_l-1_lt-1,0.4395703829405254,96,96
2518,xcorr-sq_mean_sig-True,te_kraskov_NN-4_DCE_k-1_kt-1_l-1_lt-1,0.5064368463156281,96,96
2519,xcorr-sq_mean_sig-True,te_kraskov_NN-4_k-1_kt-1_l-1_lt-1,0.44993444025187485,96,96
2520,xcorr-sq_mean_sig-True,te_kernel_W-0.25_k-1,0.2910735702873193,96,96
2521,xcorr-sq_mean_sig-True,gc_gaussian_k-max-10_tau-max-2,1.0,96,96
2522,xcorr-sq_mean_sig-True,gc_gaussian_k-1_kt-1_l-1_lt-1,0.3185913981283807,96,96
2523,xcorr-sq_mean_sig-True,te_symbolic_k-1_kt-1_l-1_lt-1,0.3185913981283807,96,96
2524,xcorr-sq_mean_sig-True,te_symbolic_k-10_kt-1_l-1_lt-1,1.0,96,96
2525,xcorr-sq_mean_sig-True,psi_multitaper_mean_fs-1_fmin-0_fmax-0-5,0.08333333333333333,96,96
2526,xcorr-sq_mean_sig-True,psi_multitaper_mean_fs-1_fmin-0_fmax-0-25,0.19791666666666666,96,96
2527,xcorr-sq_mean_sig-True,psi_multitaper_mean_fs-1_fmin-0-25_fmax-0-5,0.125,96,96
2528,xcorr-sq_mean_sig-True,psi_wavelet_mean_fs-1_fmin-0_fmax-0-5_mean,0.14058712995130962,96,96
2529,xcorr-sq_mean_sig-True,psi_wavelet_mean_fs-1_fmin-0_fmax-0-25_mean,0.15839606103302462,96,96
2530,xcorr-sq_mean_sig-True,psi_wavelet_mean_fs-1_fmin-0-25_fmax-0-5_mean,0.14583460808924173,96,96
2531,xcorr-sq_mean_sig-True,psi_wavelet_max_fs-1_fmin-0_fmax-0-5_max,0.16089951293134264,96,96
2532,xcorr-sq_mean_sig-True,psi_wavelet_max_fs-1_fmin-0_fmax-0-25_max,0.16327105828871014,96,96
2533,xcorr-sq_mean_sig-True,psi_wavelet_max_fs-1_fmin-0-25_fmax-0-5_max,0.14481992908040647,96,96
2534,xcorr-sq_mean_sig-True,pec,0.1395883161338472,96,96
2535,xcorr-sq_mean_sig-True,pec_orth,0.387714109791275,96,96
2536,xcorr-sq_mean_sig-True,pec_log,0.1571154681657856,96,96
2537,xcorr-sq_mean_sig-True,pec_orth_log,0.3336631323096467,96,96
2538,xcorr-sq_mean_sig-True,pec_orth_abs,0.3207085781250951,96,96
2539,xcorr-sq_mean_sig-True,pec_orth_log_abs,0.20998003968014028,96,96
2540,xcorr_mean_sig-False,xcorr-sq_mean_sig-False,0.30342932620393803,96,96
2541,xcorr_mean_sig-False,pdist_euclidean,0.1537646132439694,96,96
2542,xcorr_mean_sig-False,pdist_cityblock,0.15208293215827495,96,96
2543,xcorr_mean_sig-False,pdist_cosine,0.1537646132439694,96,96
2544,xcorr_mean_sig-False,pdist_chebyshev,0.1984766865407131,96,96
2545,xcorr_mean_sig-False,pdist_canberra,0.18214520386428723,96,96
2546,xcorr_mean_sig-False,pdist_braycurtis,0.15681798529072455,96,96
2547,xcorr_mean_sig-False,di_gaussian,0.8333333333333334,96,96
2548,xcorr_mean_sig-False,di_kozachenko,0.3083123393636633,96,96
2549,xcorr_mean_sig-False,di_kernel_W-0.5,0.38224796030246766,96,96
2550,xcorr_mean_sig-False,mi_gaussian,0.08630121343535924,96,96
2551,xcorr_mean_sig-False,mi_kraskov_NN-4,0.17380819891826904,96,96
2552,xcorr_mean_sig-False,mi_kraskov_NN-4_DCE,0.17069481796552943,96,96
2553,xcorr_mean_sig-False,mi_kernel_W-0.25,0.10844387297120683,96,96
2554,xcorr_mean_sig-False,tlmi_gaussian,0.23295240503346293,96,96
2555,xcorr_mean_sig-False,tlmi_kraskov_NN-4,0.4012054755473611,96,96
2556,xcorr_mean_sig-False,tlmi_kraskov_NN-4_DCE,0.35971626859103856,96,96
2557,xcorr_mean_sig-False,tlmi_kernel_W-0.25,0.3059998834859653,96,96
2558,xcorr_mean_sig-False,te_kraskov_NN-4_k-max-10_tau-max-4,0.18134392421709478,96,96
2559,xcorr_mean_sig-False,te_kraskov_NN-4_DCE_k-max-10_tau-max-4,0.2242874762797802,96,96
2560,xcorr_mean_sig-False,te_kraskov_NN-4_DCE_k-2_kt-1_l-1_lt-1,0.243733996891003,96,96
2561,xcorr_mean_sig-False,te_kraskov_NN-4_DCE_k-1_kt-1_l-1_lt-1,0.237178033136433,96,96
2562,xcorr_mean_sig-False,te_kraskov_NN-4_k-1_kt-1_l-1_lt-1,0.3274101478171433,96,96
2563,xcorr_mean_sig-False,te_kernel_W-0.25_k-1,0.11905170802742138,96,96
2564,xcorr_mean_sig-False,gc_gaussian_k-max-10_tau-max-2,0.8020833333333334,96,96
2565,xcorr_mean_sig-False,gc_gaussian_k-1_kt-1_l-1_lt-1,0.2186600387816604,96,96
2566,xcorr_mean_sig-False,te_symbolic_k-1_kt-1_l-1_lt-1,0.2186600387816604,96,96
2567,xcorr_mean_sig-False,te_symbolic_k-10_kt-1_l-1_lt-1,0.78125,96,96
2568,xcorr_mean_sig-False,psi_multitaper_mean_fs-1_fmin-0_fmax-0-5,0.10416666666666667,96,96
2569,xcorr_mean_sig-False,psi_multitaper_mean_fs-1_fmin-0_fmax-0-25,0.125,96,96
2570,xcorr_mean_sig-False,psi_multitaper_mean_fs-1_fmin-0-25_fmax-0-5,0.09375,96,96
2571,xcorr_mean_sig-False,psi_wavelet_mean_fs-1_fmin-0_fmax-0-5_mean,0.07334340244707152,96,96
2572,xcorr_mean_sig-False,psi_wavelet_mean_fs-1_fmin-0_fmax-0-25_mean,0.047788666099711385,96,96
2573,xcorr_mean_sig-False,psi_wavelet_mean_fs-1_fmin-0-25_fmax-0-5_mean,0.06560325278415882,96,96
2574,xcorr_mean_sig-False,psi_wavelet_max_fs-1_fmin-0_fmax-0-5_max,0.05311677039564164,96,96
2575,xcorr_mean_sig-False,psi_wavelet_max_fs-1_fmin-0_fmax-0-25_max,0.06258515562983524,96,96
2576,xcorr_mean_sig-False,psi_wavelet_max_fs-1_fmin-0-25_fmax-0-5_max,0.05502882568503206,96,96
2577,xcorr_mean_sig-False,pec,0.18876359243588592,96,96
2578,xcorr_mean_sig-False,pec_orth,0.20401131224042499,96,96
2579,xcorr_mean_sig-False,pec_log,0.1506438600406932,96,96
2580,xcorr_mean_sig-False,pec_orth_log,0.21606603178541287,96,96
2581,xcorr_mean_sig-False,pec_orth_abs,0.14370480961215282,96,96
2582,xcorr_mean_sig-False,pec_orth_log_abs,0.16175195637775452,96,96
2583,xcorr-sq_mean_sig-False,pdist_euclidean,0.2780396674709352,96,96
2584,xcorr-sq_mean_sig-False,pdist_cityblock,0.30488400372790725,96,96
2585,xcorr-sq_mean_sig-False,pdist_cosine,0.2780396674709352,96,96
2586,xcorr-sq_mean_sig-False,pdist_chebyshev,0.2134625748991011,96,96
2587,xcorr-sq_mean_sig-False,pdist_canberra,0.24751120593669118,96,96
2588,xcorr-sq_mean_sig-False,pdist_braycurtis,0.29804132330691535,96,96
2589,xcorr-sq_mean_sig-False,di_gaussian,1.0,96,96
2590,xcorr-sq_mean_sig-False,di_kozachenko,0.1586346097896849,96,96
2591,xcorr-sq_mean_sig-False,di_kernel_W-0.5,0.44123774349798006,96,96
2592,xcorr-sq_mean_sig-False,mi_gaussian,0.3586012977987232,96,96
2593,xcorr-sq_mean_sig-False,mi_kraskov_NN-4,0.16006353655840555,96,96
2594,xcorr-sq_mean_sig-False,mi_kraskov_NN-4_DCE,0.2542446404433325,96,96
2595,xcorr-sq_mean_sig-False,mi_kernel_W-0.25,0.1925711972388126,96,96
2596,xcorr-sq_mean_sig-False,tlmi_gaussian,0.2737477644967315,96,96
2597,xcorr-sq_mean_sig-False,tlmi_kraskov_NN-4,0.38256969543742686,96,96
2598,xcorr-sq_mean_sig-False,tlmi_kraskov_NN-4_DCE,0.3858617876358139,96,96
2599,xcorr-sq_mean_sig-False,tlmi_kernel_W-0.25,0.1738510735071782,96,96
2600,xcorr-sq_mean_sig-False,te_kraskov_NN-4_k-max-10_tau-max-4,0.10599120209905777,96,96
2601,xcorr-sq_mean_sig-False,te_kraskov_NN-4_DCE_k-max-10_tau-max-4,0.2913141523325456,96,96
2602,xcorr-sq_mean_sig-False,te_kraskov_NN-4_DCE_k-2_kt-1_l-1_lt-1,0.2823336030363863,96,96
2603,xcorr-sq_mean_sig-False,te_kraskov_NN-4_DCE_k-1_kt-1_l-1_lt-1,0.34644327377092204,96,96
2604,xcorr-sq_mean_sig-False,te_kraskov_NN-4_k-1_kt-1_l-1_lt-1,0.4690424753922755,96,96
2605,xcorr-sq_mean_sig-False,te_kernel_W-0.25_k-1,0.07638061830204865,96,96
2606,xcorr-sq_mean_sig-False,gc_gaussian_k-max-10_tau-max-2,1.0,96,96
2607,xcorr-sq_mean_sig-False,gc_gaussian_k-1_kt-1_l-1_lt-1,0.22821799755018768,96,96
2608,xcorr-sq_mean_sig-False,te_symbolic_k-1_kt-1_l-1_lt-1,0.22821799755018768,96,96
2609,xcorr-sq_mean_sig-False,te_symbolic_k-10_kt-1_l-1_lt-1,1.0,96,96
2610,xcorr-sq_mean_sig-False,psi_multitaper_mean_fs-1_fmin-0_fmax-0-5,0.17708333333333334,96,96
2611,xcorr-sq_mean_sig-False,psi_multitaper_mean_fs-1_fmin-0_fmax-0-25,0.125,96,96
2612,xcorr-sq_mean_sig-False,psi_multitaper_mean_fs-1_fmin-0-25_fmax-0-5,0.125,96,96
2613,xcorr-sq_mean_sig-False,psi_wavelet_mean_fs-1_fmin-0_fmax-0-5_mean,0.12114543742750938,96,96
2614,xcorr-sq_mean_sig-False,psi_wavelet_mean_fs-1_fmin-0_fmax-0-25_mean,0.15567463381808178,96,96
2615,xcorr-sq_mean_sig-False,psi_wavelet_mean_fs-1_fmin-0-25_fmax-0-5_mean,0.12328598806060864,96,96
2616,xcorr-sq_mean_sig-False,psi_wavelet_max_fs-1_fmin-0_fmax-0-5_max,0.16719534191196772,96,96
2617,xcorr-sq_mean_sig-False,psi_wavelet_max_fs-1_fmin-0_fmax-0-25_max,0.16029983378721835,96,96
2618,xcorr-sq_mean_sig-False,psi_wavelet_max_fs-1_fmin-0-25_fmax-0-5_max,0.1426081157506266,96,96
2619,xcorr-sq_mean_sig-False,pec,0.1468063121426475,96,96
2620,xcorr-sq_mean_sig-False,pec_orth,0.15554006408264195,96,96
2621,xcorr-sq_mean_sig-False,pec_log,0.13671687642257946,96,96
2622,xcorr-sq_mean_sig-False,pec_orth_log,0.12438816828576305,96,96
2623,xcorr-sq_mean_sig-False,pec_orth_abs,0.13219433517824697,96,96
2624,xcorr-sq_mean_sig-False,pec_orth_log_abs,0.19547961156475668,96,96
2625,pdist_euclidean,pdist_cityblock,0.5489245394147686,96,96
2626,pdist_euclidean,pdist_cosine,0.09375,96,96
2627,pdist_euclidean,pdist_chebyshev,0.9539391829062075,96,96
2628,pdist_euclidean,pdist_canberra,0.5958312747299395,96,96
2629,pdist_euclidean,pdist_braycurtis,0.32419843160979583,96,96
2630,pdist_euclidean,di_gaussian,0.6875,96,96
2631,pdist_euclidean,di_kozachenko,0.49901377508992073,96,96
2632,pdist_euclidean,di_kernel_W-0.5,0.7744164373478009,96,96
2633,pdist_euclidean,mi_gaussian,0.171019420220695,96,96
2634,pdist_euclidean,mi_kraskov_NN-4,0.5090251928151122,96,96
2635,pdist_euclidean,mi_kraskov_NN-4_DCE,0.5222869990936961,96,96
2636,pdist_euclidean,mi_kernel_W-0.25,0.340509577620682,96,96
2637,pdist_euclidean,tlmi_gaussian,0.3249049502833862,96,96
2638,pdist_euclidean,tlmi_kraskov_NN-4,0.3054241811818109,96,96
2639,pdist_euclidean,tlmi_kraskov_NN-4_DCE,0.4447740609020825,96,96
2640,pdist_euclidean,tlmi_kernel_W-0.25,0.5788899878982249,96,96
2641,pdist_euclidean,te_kraskov_NN-4_k-max-10_tau-max-4,0.8772907657069776,96,96
2642,pdist_euclidean,te_kraskov_NN-4_DCE_k-max-10_tau-max-4,0.46159915272780194,96,96
2643,pdist_euclidean,te_kraskov_NN-4_DCE_k-2_kt-1_l-1_lt-1,0.5172359332063993,96,96
2644,pdist_euclidean,te_kraskov_NN-4_DCE_k-1_kt-1_l-1_lt-1,0.4917947043767897,96,96
2645,pdist_euclidean,te_kraskov_NN-4_k-1_kt-1_l-1_lt-1,0.5120229790923863,96,96
2646,pdist_euclidean,te_kernel_W-0.25_k-1,0.21950333832239266,96,96
2647,pdist_euclidean,gc_gaussian_k-max-10_tau-max-2,0.6979166666666666,96,96
2648,pdist_euclidean,gc_gaussian_k-1_kt-1_l-1_lt-1,0.3776654351602673,96,96
2649,pdist_euclidean,te_symbolic_k-1_kt-1_l-1_lt-1,0.3776654351602673,96,96
2650,pdist_euclidean,te_symbolic_k-10_kt-1_l-1_lt-1,0.65625,96,96
2651,pdist_euclidean,psi_multitaper_mean_fs-1_fmin-0_fmax-0-5,0.09375,96,96
2652,pdist_euclidean,psi_multitaper_mean_fs-1_fmin-0_fmax-0-25,0.125,96,96
2653,pdist_euclidean,psi_multitaper_mean_fs-1_fmin-0-25_fmax-0-5,0.07291666666666667,96,96
2654,pdist_euclidean,psi_wavelet_mean_fs-1_fmin-0_fmax-0-5_mean,0.11178695643714043,96,96
2655,pdist_euclidean,psi_wavelet_mean_fs-1_fmin-0_fmax-0-25_mean,0.10713999992940615,96,96
2656,pdist_euclidean,psi_wavelet_mean_fs-1_fmin-0-25_fmax-0-5_mean,0.11714650841768914,96,96
2657,pdist_euclidean,psi_wavelet_max_fs-1_fmin-0_fmax-0-5_max,0.12705175862342377,96,96
2658,pdist_euclidean,psi_wavelet_max_fs-1_fmin-0_fmax-0-25_max,0.10986489576543224,96,96
2659,pdist_euclidean,psi_wavelet_max_fs-1_fmin-0-25_fmax-0-5_max,0.1418520710771552,96,96
2660,pdist_euclidean,pec,0.7345931367843872,96,96
2661,pdist_euclidean,pec_orth,0.34173052144416816,96,96
2662,pdist_euclidean,pec_log,0.7405074021199394,96,96
2663,pdist_euclidean,pec_orth_log,0.3234228619290902,96,96
2664,pdist_euclidean,pec_orth_abs,0.34695233953062143,96,96
2665,pdist_euclidean,pec_orth_log_abs,0.25806357805759705,96,96
2666,pdist_cityblock,pdist_cosine,0.5489245394147686,96,96
2667,pdist_cityblock,pdist_chebyshev,0.9304680670590215,96,96
2668,pdist_cityblock,pdist_canberra,0.368965398051761,96,96
2669,pdist_cityblock,pdist_braycurtis,0.8027807011793613,96,96
2670,pdist_cityblock,di_gaussian,0.6979166666666666,96,96
2671,pdist_cityblock,di_kozachenko,0.4983289797943051,96,96
2672,pdist_cityblock,di_kernel_W-0.5,0.7852913334078544,96,96
2673,pdist_cityblock,mi_gaussian,0.178471402203923,96,96
2674,pdist_cityblock,mi_kraskov_NN-4,0.5088540431381516,96,96
2675,pdist_cityblock,mi_kraskov_NN-4_DCE,0.5093270387945178,96,96
2676,pdist_cityblock,mi_kernel_W-0.25,0.33228004954082363,96,96
2677,pdist_cityblock,tlmi_gaussian,0.3364368171768295,96,96
2678,pdist_cityblock,tlmi_kraskov_NN-4,0.29841186726350766,96,96
2679,pdist_cityblock,tlmi_kraskov_NN-4_DCE,0.4176411345531572,96,96
2680,pdist_cityblock,tlmi_kernel_W-0.25,0.5645157286282789,96,96
2681,pdist_cityblock,te_kraskov_NN-4_k-max-10_tau-max-4,0.8717355199751365,96,96
2682,pdist_cityblock,te_kraskov_NN-4_DCE_k-max-10_tau-max-4,0.43559425097916377,96,96
2683,pdist_cityblock,te_kraskov_NN-4_DCE_k-2_kt-1_l-1_lt-1,0.5088822412607484,96,96
2684,pdist_cityblock,te_kraskov_NN-4_DCE_k-1_kt-1_l-1_lt-1,0.4669983638135148,96,96
2685,pdist_cityblock,te_kraskov_NN-4_k-1_kt-1_l-1_lt-1,0.5115792180350742,96,96
2686,pdist_cityblock,te_kernel_W-0.25_k-1,0.22877622624501937,96,96
2687,pdist_cityblock,gc_gaussian_k-max-10_tau-max-2,0.7083333333333334,96,96
2688,pdist_cityblock,gc_gaussian_k-1_kt-1_l-1_lt-1,0.3927023861612896,96,96
2689,pdist_cityblock,te_symbolic_k-1_kt-1_l-1_lt-1,0.3927023861612896,96,96
2690,pdist_cityblock,te_symbolic_k-10_kt-1_l-1_lt-1,0.65625,96,96
2691,pdist_cityblock,psi_multitaper_mean_fs-1_fmin-0_fmax-0-5,0.13541666666666666,96,96
2692,pdist_cityblock,psi_multitaper_mean_fs-1_fmin-0_fmax-0-25,0.19791666666666666,96,96
2693,pdist_cityblock,psi_multitaper_mean_fs-1_fmin-0-25_fmax-0-5,0.15625,96,96
2694,pdist_cityblock,psi_wavelet_mean_fs-1_fmin-0_fmax-0-5_mean,0.10292762989230825,96,96
2695,pdist_cityblock,psi_wavelet_mean_fs-1_fmin-0_fmax-0-25_mean,0.09977693829066558,96,96
2696,pdist_cityblock,psi_wavelet_mean_fs-1_fmin-0-25_fmax-0-5_mean,0.11092103720827981,96,96
2697,pdist_cityblock,psi_wavelet_max_fs-1_fmin-0_fmax-0-5_max,0.11332408812689043,96,96
2698,pdist_cityblock,psi_wavelet_max_fs-1_fmin-0_fmax-0-25_max,0.09200431056468733,96,96
2699,pdist_cityblock,psi_wavelet_max_fs-1_fmin-0-25_fmax-0-5_max,0.13808287746487835,96,96
2700,pdist_cityblock,pec,0.6963633993460864,96,96
2701,pdist_cityblock,pec_orth,0.4108380165376691,96,96
2702,pdist_cityblock,pec_log,0.7113465106638409,96,96
2703,pdist_cityblock,pec_orth_log,0.38046137855302653,96,96
2704,pdist_cityblock,pec_orth_abs,0.3624574411844619,96,96
2705,pdist_cityblock,pec_orth_log_abs,0.27034930689367886,96,96
2706,pdist_cosine,pdist_chebyshev,0.9539391829062075,96,96
2707,pdist_cosine,pdist_canberra,0.5958312747299395,96,96
2708,pdist_cosine,pdist_braycurtis,0.32419843160979583,96,96
2709,pdist_cosine,di_gaussian,0.6875,96,96
2710,pdist_cosine,di_kozachenko,0.49901377508992073,96,96
2711,pdist_cosine,di_kernel_W-0.5,0.7744164373478009,96,96
2712,pdist_cosine,mi_gaussian,0.171019420220695,96,96
2713,pdist_cosine,mi_kraskov_NN-4,0.5090251928151122,96,96
2714,pdist_cosine,mi_kraskov_NN-4_DCE,0.5222869990936961,96,96
2715,pdist_cosine,mi_kernel_W-0.25,0.340509577620682,96,96
2716,pdist_cosine,tlmi_gaussian,0.3249049502833862,96,96
2717,pdist_cosine,tlmi_kraskov_NN-4,0.3054241811818109,96,96
2718,pdist_cosine,tlmi_kraskov_NN-4_DCE,0.4447740609020825,96,96
2719,pdist_cosine,tlmi_kernel_W-0.25,0.5788899878982249,96,96
2720,pdist_cosine,te_kraskov_NN-4_k-max-10_tau-max-4,0.8772907657069776,96,96
2721,pdist_cosine,te_kraskov_NN-4_DCE_k-max-10_tau-max-4,0.46159915272780194,96,96
2722,pdist_cosine,te_kraskov_NN-4_DCE_k-2_kt-1_l-1_lt-1,0.5172359332063993,96,96
2723,pdist_cosine,te_kraskov_NN-4_DCE_k-1_kt-1_l-1_lt-1,0.4917947043767897,96,96
2724,pdist_cosine,te_kraskov_NN-4_k-1_kt-1_l-1_lt-1,0.5120229790923863,96,96
2725,pdist_cosine,te_kernel_W-0.25_k-1,0.21950333832239266,96,96
2726,pdist_cosine,gc_gaussian_k-max-10_tau-max-2,0.6979166666666666,96,96
2727,pdist_cosine,gc_gaussian_k-1_kt-1_l-1_lt-1,0.3776654351602673,96,96
2728,pdist_cosine,te_symbolic_k-1_kt-1_l-1_lt-1,0.3776654351602673,96,96
2729,pdist_cosine,te_symbolic_k-10_kt-1_l-1_lt-1,0.65625,96,96
2730,pdist_cosine,psi_multitaper_mean_fs-1_fmin-0_fmax-0-5,0.10416666666666667,96,96
2731,pdist_cosine,psi_multitaper_mean_fs-1_fmin-0_fmax-0-25,0.10416666666666667,96,96
2732,pdist_cosine,psi_multitaper_mean_fs-1_fmin-0-25_fmax-0-5,0.07291666666666667,96,96
2733,pdist_cosine,psi_wavelet_mean_fs-1_fmin-0_fmax-0-5_mean,0.11178695643714043,96,96
2734,pdist_cosine,psi_wavelet_mean_fs-1_fmin-0_fmax-0-25_mean,0.10713999992940615,96,96
2735,pdist_cosine,psi_wavelet_mean_fs-1_fmin-0-25_fmax-0-5_mean,0.11714650841768914,96,96
2736,pdist_cosine,psi_wavelet_max_fs-1_fmin-0_fmax-0-5_max,0.12705175862342377,96,96
2737,pdist_cosine,psi_wavelet_max_fs-1_fmin-0_fmax-0-25_max,0.10986489576543224,96,96
2738,pdist_cosine,psi_wavelet_max_fs-1_fmin-0-25_fmax-0-5_max,0.1418520710771552,96,96
2739,pdist_cosine,pec,0.7345931367843872,96,96
2740,pdist_cosine,pec_orth,0.34173052144416816,96,96
2741,pdist_cosine,pec_log,0.7405074021199394,96,96
2742,pdist_cosine,pec_orth_log,0.3234228619290902,96,96
2743,pdist_cosine,pec_orth_abs,0.34695233953062143,96,96
2744,pdist_cosine,pec_orth_log_abs,0.25806357805759705,96,96
2745,pdist_chebyshev,pdist_canberra,0.913965291799688,96,96
2746,pdist_chebyshev,pdist_braycurtis,0.9253392191662314,96,96
2747,pdist_chebyshev,di_gaussian,0.84375,96,96
2748,pdist_chebyshev,di_kozachenko,0.5653553953189803,96,96
2749,pdist_chebyshev,di_kernel_W-0.5,0.7432369537664812,96,96
2750,pdist_chebyshev,mi_gaussian,0.5855583276239178,96,96
2751,pdist_chebyshev,mi_kraskov_NN-4,0.6161244845014074,96,96
2752,pdist_chebyshev,mi_kraskov_NN-4_DCE,0.6730593155343717,96,96
2753,pdist_chebyshev,mi_kernel_W-0.25,0.6335190487562887,96,96
2754,pdist_chebyshev,tlmi_gaussian,0.6381903907652093,96,96
2755,pdist_chebyshev,tlmi_kraskov_NN-4,0.36172480324404765,96,96
2756,pdist_chebyshev,tlmi_kraskov_NN-4_DCE,0.5273184367219744,96,96
2757,pdist_chebyshev,tlmi_kernel_W-0.25,0.6996802259073022,96,96
2758,pdist_chebyshev,te_kraskov_NN-4_k-max-10_tau-max-4,0.8460138943429989,96,96
2759,pdist_chebyshev,te_kraskov_NN-4_DCE_k-max-10_tau-max-4,0.5929612547390858,96,96
2760,pdist_chebyshev,te_kraskov_NN-4_DCE_k-2_kt-1_l-1_lt-1,0.6710859175930768,96,96
2761,pdist_chebyshev,te_kraskov_NN-4_DCE_k-1_kt-1_l-1_lt-1,0.6733595262211728,96,96
2762,pdist_chebyshev,te_kraskov_NN-4_k-1_kt-1_l-1_lt-1,0.44741143639689224,96,96
2763,pdist_chebyshev,te_kernel_W-0.25_k-1,0.19770728359578052,96,96
2764,pdist_chebyshev,gc_gaussian_k-max-10_tau-max-2,1.0,96,96
2765,pdist_chebyshev,gc_gaussian_k-1_kt-1_l-1_lt-1,0.27761324585233804,96,96
2766,pdist_chebyshev,te_symbolic_k-1_kt-1_l-1_lt-1,0.27761324585233804,96,96
2767,pdist_chebyshev,te_symbolic_k-10_kt-1_l-1_lt-1,0.9791666666666666,96,96
2768,pdist_chebyshev,psi_multitaper_mean_fs-1_fmin-0_fmax-0-5,0.11458333333333333,96,96
2769,pdist_chebyshev,psi_multitaper_mean_fs-1_fmin-0_fmax-0-25,0.10416666666666667,96,96
2770,pdist_chebyshev,psi_multitaper_mean_fs-1_fmin-0-25_fmax-0-5,0.08333333333333333,96,96
2771,pdist_chebyshev,psi_wavelet_mean_fs-1_fmin-0_fmax-0-5_mean,0.10702483100533156,96,96
2772,pdist_chebyshev,psi_wavelet_mean_fs-1_fmin-0_fmax-0-25_mean,0.14227803354787327,96,96
2773,pdist_chebyshev,psi_wavelet_mean_fs-1_fmin-0-25_fmax-0-5_mean,0.09652389261170849,96,96
2774,pdist_chebyshev,psi_wavelet_max_fs-1_fmin-0_fmax-0-5_max,0.1593630849463091,96,96
2775,pdist_chebyshev,psi_wavelet_max_fs-1_fmin-0_fmax-0-25_max,0.13205661118928794,96,96
2776,pdist_chebyshev,psi_wavelet_max_fs-1_fmin-0-25_fmax-0-5_max,0.1492996449774971,96,96
2777,pdist_chebyshev,pec,0.9231382276350301,96,96
2778,pdist_chebyshev,pec_orth,0.16700399678259042,96,96
2779,pdist_chebyshev,pec_log,0.8884289172987243,96,96
2780,pdist_chebyshev,pec_orth_log,0.1545217054825573,96,96
2781,pdist_chebyshev,pec_orth_abs,0.16924415759146272,96,96
2782,pdist_chebyshev,pec_orth_log_abs,0.18440820241190337,96,96
2783,pdist_canberra,pdist_braycurtis,0.47661535614066924,96,96
2784,pdist_canberra,di_gaussian,0.6354166666666666,96,96
2785,pdist_canberra,di_kozachenko,0.46956155137705435,96,96
2786,pdist_canberra,di_kernel_W-0.5,0.7437292355944296,96,96
2787,pdist_canberra,mi_gaussian,0.20543259088954452,96,96
2788,pdist_canberra,mi_kraskov_NN-4,0.5008283769618516,96,96
2789,pdist_canberra,mi_kraskov_NN-4_DCE,0.5192429588071353,96,96
2790,pdist_canberra,mi_kernel_W-0.25,0.36536336838285866,96,96
2791,pdist_canberra,tlmi_gaussian,0.37993358777575803,96,96
2792,pdist_canberra,tlmi_kraskov_NN-4,0.28843160374555254,96,96
2793,pdist_canberra,tlmi_kraskov_NN-4_DCE,0.40522897390907947,96,96
2794,pdist_canberra,tlmi_kernel_W-0.25,0.5723456758217595,96,96
2795,pdist_canberra,te_kraskov_NN-4_k-max-10_tau-max-4,0.8787727691228715,96,96
2796,pdist_canberra,te_kraskov_NN-4_DCE_k-max-10_tau-max-4,0.47003784568514595,96,96
2797,pdist_canberra,te_kraskov_NN-4_DCE_k-2_kt-1_l-1_lt-1,0.5258091520746808,96,96
2798,pdist_canberra,te_kraskov_NN-4_DCE_k-1_kt-1_l-1_lt-1,0.49050698955175615,96,96
2799,pdist_canberra,te_kraskov_NN-4_k-1_kt-1_l-1_lt-1,0.5069924001018482,96,96
2800,pdist_canberra,te_kernel_W-0.25_k-1,0.21354456841671876,96,96
2801,pdist_canberra,gc_gaussian_k-max-10_tau-max-2,0.7395833333333334,96,96
2802,pdist_canberra,gc_gaussian_k-1_kt-1_l-1_lt-1,0.3716401482758256,96,96
2803,pdist_canberra,te_symbolic_k-1_kt-1_l-1_lt-1,0.3716401482758256,96,96
2804,pdist_canberra,te_symbolic_k-10_kt-1_l-1_lt-1,0.6458333333333334,96,96
2805,pdist_canberra,psi_multitaper_mean_fs-1_fmin-0_fmax-0-5,0.10416666666666667,96,96
2806,pdist_canberra,psi_multitaper_mean_fs-1_fmin-0_fmax-0-25,0.10416666666666667,96,96
2807,pdist_canberra,psi_multitaper_mean_fs-1_fmin-0-25_fmax-0-5,0.09375,96,96
2808,pdist_canberra,psi_wavelet_mean_fs-1_fmin-0_fmax-0-5_mean,0.13401499421582289,96,96
2809,pdist_canberra,psi_wavelet_mean_fs-1_fmin-0_fmax-0-25_mean,0.13354348070729696,96,96
2810,pdist_canberra,psi_wavelet_mean_fs-1_fmin-0-25_fmax-0-5_mean,0.14467554161137655,96,96
2811,pdist_canberra,psi_wavelet_max_fs-1_fmin-0_fmax-0-5_max,0.1436322496101329,96,96
2812,pdist_canberra,psi_wavelet_max_fs-1_fmin-0_fmax-0-25_max,0.13038865913287562,96,96
2813,pdist_canberra,psi_wavelet_max_fs-1_fmin-0-25_fmax-0-5_max,0.160647457627943,96,96
2814,pdist_canberra,pec,0.6549448253147779,96,96
2815,pdist_canberra,pec_orth,0.3463888748916013,96,96
2816,pdist_canberra,pec_log,0.6984636778621398,96,96
2817,pdist_canberra,pec_orth_log,0.3280554432872037,96,96
2818,pdist_canberra,pec_orth_abs,0.2893268286233419,96,96
2819,pdist_canberra,pec_orth_log_abs,0.22233269239567388,96,96
2820,pdist_braycurtis,di_gaussian,0.6875,96,96
2821,pdist_braycurtis,di_kozachenko,0.48774333509082013,96,96
2822,pdist_braycurtis,di_kernel_W-0.5,0.7723406124621236,96,96
2823,pdist_braycurtis,mi_gaussian,0.17722694408374917,96,96
2824,pdist_braycurtis,mi_kraskov_NN-4,0.5019919642856205,96,96
2825,pdist_braycurtis,mi_kraskov_NN-4_DCE,0.5132089272844143,96,96
2826,pdist_braycurtis,mi_kernel_W-0.25,0.3358245270170138,96,96
2827,pdist_braycurtis,tlmi_gaussian,0.3281571732476427,96,96
2828,pdist_braycurtis,tlmi_kraskov_NN-4,0.3027195696401208,96,96
2829,pdist_braycurtis,tlmi_kraskov_NN-4_DCE,0.4318167341159559,96,96
2830,pdist_braycurtis,tlmi_kernel_W-0.25,0.5803053601066271,96,96
2831,pdist_braycurtis,te_kraskov_NN-4_k-max-10_tau-max-4,0.8735169984263272,96,96
2832,pdist_braycurtis,te_kraskov_NN-4_DCE_k-max-10_tau-max-4,0.44842259859725353,96,96
2833,pdist_braycurtis,te_kraskov_NN-4_DCE_k-2_kt-1_l-1_lt-1,0.5019849958654157,96,96
2834,pdist_braycurtis,te_kraskov_NN-4_DCE_k-1_kt-1_l-1_lt-1,0.47168945883193447,96,96
2835,pdist_braycurtis,te_kraskov_NN-4_k-1_kt-1_l-1_lt-1,0.517938007533129,96,96
2836,pdist_braycurtis,te_kernel_W-0.25_k-1,0.2205892723584847,96,96
2837,pdist_braycurtis,gc_gaussian_k-max-10_tau-max-2,0.7083333333333334,96,96
2838,pdist_braycurtis,gc_gaussian_k-1_kt-1_l-1_lt-1,0.38860240587600514,96,96
2839,pdist_braycurtis,te_symbolic_k-1_kt-1_l-1_lt-1,0.38860240587600514,96,96
2840,pdist_braycurtis,te_symbolic_k-10_kt-1_l-1_lt-1,0.65625,96,96
2841,pdist_braycurtis,psi_multitaper_mean_fs-1_fmin-0_fmax-0-5,0.125,96,96
2842,pdist_braycurtis,psi_multitaper_mean_fs-1_fmin-0_fmax-0-25,0.17708333333333334,96,96
2843,pdist_braycurtis,psi_multitaper_mean_fs-1_fmin-0-25_fmax-0-5,0.14583333333333334,96,96
2844,pdist_braycurtis,psi_wavelet_mean_fs-1_fmin-0_fmax-0-5_mean,0.10227850305696079,96,96
2845,pdist_braycurtis,psi_wavelet_mean_fs-1_fmin-0_fmax-0-25_mean,0.10480101941909259,96,96
2846,pdist_braycurtis,psi_wavelet_mean_fs-1_fmin-0-25_fmax-0-5_mean,0.11579622950557047,96,96
2847,pdist_braycurtis,psi_wavelet_max_fs-1_fmin-0_fmax-0-5_max,0.11851147354054778,96,96
2848,pdist_braycurtis,psi_wavelet_max_fs-1_fmin-0_fmax-0-25_max,0.09756729998580196,96,96
2849,pdist_braycurtis,psi_wavelet_max_fs-1_fmin-0-25_fmax-0-5_max,0.13997553939256385,96,96
2850,pdist_braycurtis,pec,0.7263102953097731,96,96
2851,pdist_braycurtis,pec_orth,0.3677611077576032,96,96
2852,pdist_braycurtis,pec_log,0.7406784639171418,96,96
2853,pdist_braycurtis,pec_orth_log,0.3521745985965814,96,96
2854,pdist_braycurtis,pec_orth_abs,0.36201229022500825,96,96
2855,pdist_braycurtis,pec_orth_log_abs,0.26946063517233065,96,96
2856,di_gaussian,di_kozachenko,1.0,96,96
2857,di_gaussian,di_kernel_W-0.5,0.5208333333333334,96,96
2858,di_gaussian,mi_gaussian,1.0,96,96
2859,di_gaussian,mi_kraskov_NN-4,1.0,96,96
2860,di_gaussian,mi_kraskov_NN-4_DCE,1.0,96,96
2861,di_gaussian,mi_kernel_W-0.25,1.0,96,96
2862,di_gaussian,tlmi_gaussian,1.0,96,96
2863,di_gaussian,tlmi_kraskov_NN-4,1.0,96,96
2864,di_gaussian,tlmi_kraskov_NN-4_DCE,1.0,96,96
2865,di_gaussian,tlmi_kernel_W-0.25,1.0,96,96
2866,di_gaussian,te_kraskov_NN-4_k-max-10_tau-max-4,1.0,96,96
2867,di_gaussian,te_kraskov_NN-4_DCE_k-max-10_tau-max-4,1.0,96,96
2868,di_gaussian,te_kraskov_NN-4_DCE_k-2_kt-1_l-1_lt-1,1.0,96,96
2869,di_gaussian,te_kraskov_NN-4_DCE_k-1_kt-1_l-1_lt-1,1.0,96,96
2870,di_gaussian,te_kraskov_NN-4_k-1_kt-1_l-1_lt-1,1.0,96,96
2871,di_gaussian,te_kernel_W-0.25_k-1,0.8125,96,96
2872,di_gaussian,gc_gaussian_k-max-10_tau-max-2,1.0,96,96
2873,di_gaussian,gc_gaussian_k-1_kt-1_l-1_lt-1,1.0,96,96
2874,di_gaussian,te_symbolic_k-1_kt-1_l-1_lt-1,1.0,96,96
2875,di_gaussian,te_symbolic_k-10_kt-1_l-1_lt-1,1.0,96,96
2876,di_gaussian,psi_multitaper_mean_fs-1_fmin-0_fmax-0-5,1.0,96,96
2877,di_gaussian,psi_multitaper_mean_fs-1_fmin-0_fmax-0-25,1.0,96,96
2878,di_gaussian,psi_multitaper_mean_fs-1_fmin-0-25_fmax-0-5,1.0,96,96
2879,di_gaussian,psi_wavelet_mean_fs-1_fmin-0_fmax-0-5_mean,0.5104166666666666,96,96
2880,di_gaussian,psi_wavelet_mean_fs-1_fmin-0_fmax-0-25_mean,0.5625,96,96
2881,di_gaussian,psi_wavelet_mean_fs-1_fmin-0-25_fmax-0-5_mean,0.5104166666666666,96,96
2882,di_gaussian,psi_wavelet_max_fs-1_fmin-0_fmax-0-5_max,0.9791666666666666,96,96
2883,di_gaussian,psi_wavelet_max_fs-1_fmin-0_fmax-0-25_max,0.6354166666666666,96,96
2884,di_gaussian,psi_wavelet_max_fs-1_fmin-0-25_fmax-0-5_max,0.9791666666666666,96,96
2885,di_gaussian,pec,1.0,96,96
2886,di_gaussian,pec_orth,1.0,96,96
2887,di_gaussian,pec_log,0.9895833333333334,96,96
2888,di_gaussian,pec_orth_log,0.96875,96,96
2889,di_gaussian,pec_orth_abs,1.0,96,96
2890,di_gaussian,pec_orth_log_abs,1.0,96,96
2891,di_kozachenko,di_kernel_W-0.5,0.8335613616022008,96,96
2892,di_kozachenko,mi_gaussian,0.6355124060757267,96,96
2893,di_kozachenko,mi_kraskov_NN-4,0.9808549817800639,96,96
2894,di_kozachenko,mi_kraskov_NN-4_DCE,0.5421848264716032,96,96
2895,di_kozachenko,mi_kernel_W-0.25,0.793357314579697,96,96
2896,di_kozachenko,tlmi_gaussian,0.587727871383458,96,96
2897,di_kozachenko,tlmi_kraskov_NN-4,0.9698268234261651,96,96
2898,di_kozachenko,tlmi_kraskov_NN-4_DCE,0.5500239500643628,96,96
2899,di_kozachenko,tlmi_kernel_W-0.25,0.7685969242671511,96,96
2900,di_kozachenko,te_kraskov_NN-4_k-max-10_tau-max-4,0.18000262377751441,96,96
2901,di_kozachenko,te_kraskov_NN-4_DCE_k-max-10_tau-max-4,0.3002398876885355,96,96
2902,di_kozachenko,te_kraskov_NN-4_DCE_k-2_kt-1_l-1_lt-1,0.36086259148331207,96,96
2903,di_kozachenko,te_kraskov_NN-4_DCE_k-1_kt-1_l-1_lt-1,0.41617671982975024,96,96
2904,di_kozachenko,te_kraskov_NN-4_k-1_kt-1_l-1_lt-1,0.5003759012595766,96,96
2905,di_kozachenko,te_kernel_W-0.25_k-1,0.229464516172516,96,96
2906,di_kozachenko,gc_gaussian_k-max-10_tau-max-2,1.0,96,96
2907,di_kozachenko,gc_gaussian_k-1_kt-1_l-1_lt-1,0.22544321470414083,96,96
2908,di_kozachenko,te_symbolic_k-1_kt-1_l-1_lt-1,0.22544321470414083,96,96
2909,di_kozachenko,te_symbolic_k-10_kt-1_l-1_lt-1,1.0,96,96
2910,di_kozachenko,psi_multitaper_mean_fs-1_fmin-0_fmax-0-5,0.4483886986005146,96,96
2911,di_kozachenko,psi_multitaper_mean_fs-1_fmin-0_fmax-0-25,0.4483886986005146,96,96
2912,di_kozachenko,psi_multitaper_mean_fs-1_fmin-0-25_fmax-0-5,0.4483886986005146,96,96
2913,di_kozachenko,psi_wavelet_mean_fs-1_fmin-0_fmax-0-5_mean,0.031481371430337524,96,96
2914,di_kozachenko,psi_wavelet_mean_fs-1_fmin-0_fmax-0-25_mean,0.034918175011925734,96,96
2915,di_kozachenko,psi_wavelet_mean_fs-1_fmin-0-25_fmax-0-5_mean,0.03221195726623502,96,96
2916,di_kozachenko,psi_wavelet_max_fs-1_fmin-0_fmax-0-5_max,0.3984683705603631,96,96
2917,di_kozachenko,psi_wavelet_max_fs-1_fmin-0_fmax-0-25_max,0.06725847919784753,96,96
2918,di_kozachenko,psi_wavelet_max_fs-1_fmin-0-25_fmax-0-5_max,0.3774535564512447,96,96
2919,di_kozachenko,pec,0.6997421258740814,96,96
2920,di_kozachenko,pec_orth,0.1507827098054785,96,96
2921,di_kozachenko,pec_log,0.7148434407517857,96,96
2922,di_kozachenko,pec_orth_log,0.10609374850193706,96,96
2923,di_kozachenko,pec_orth_abs,0.06210022483706468,96,96
2924,di_kozachenko,pec_orth_log_abs,0.08014449913573854,96,96
2925,di_kernel_W-0.5,mi_gaussian,0.9739162832974706,96,96
2926,di_kernel_W-0.5,mi_kraskov_NN-4,0.9917767320758307,96,96
2927,di_kernel_W-0.5,mi_kraskov_NN-4_DCE,0.8777507221487395,96,96
2928,di_kernel_W-0.5,mi_kernel_W-0.25,0.9779742298434964,96,96
2929,di_kernel_W-0.5,tlmi_gaussian,0.9604193890965343,96,96
2930,di_kernel_W-0.5,tlmi_kraskov_NN-4,0.9893049611143646,96,96
2931,di_kernel_W-0.5,tlmi_kraskov_NN-4_DCE,0.8372662206463554,96,96
2932,di_kernel_W-0.5,tlmi_kernel_W-0.25,0.9898447938193362,96,96
2933,di_kernel_W-0.5,te_kraskov_NN-4_k-max-10_tau-max-4,0.11705597246101951,96,96
2934,di_kernel_W-0.5,te_kraskov_NN-4_DCE_k-max-10_tau-max-4,0.06025149364113014,96,96
2935,di_kernel_W-0.5,te_kraskov_NN-4_DCE_k-2_kt-1_l-1_lt-1,0.0831916558146939,96,96
2936,di_kernel_W-0.5,te_kraskov_NN-4_DCE_k-1_kt-1_l-1_lt-1,0.062421972592757224,96,96
2937,di_kernel_W-0.5,te_kraskov_NN-4_k-1_kt-1_l-1_lt-1,0.6215537971762253,96,96
2938,di_kernel_W-0.5,te_kernel_W-0.25_k-1,0.5052706641580091,96,96
2939,di_kernel_W-0.5,gc_gaussian_k-max-10_tau-max-2,1.0,96,96
2940,di_kernel_W-0.5,gc_gaussian_k-1_kt-1_l-1_lt-1,0.2709220863605639,96,96
2941,di_kernel_W-0.5,te_symbolic_k-1_kt-1_l-1_lt-1,0.2709220863605639,96,96
2942,di_kernel_W-0.5,te_symbolic_k-10_kt-1_l-1_lt-1,1.0,96,96
2943,di_kernel_W-0.5,psi_multitaper_mean_fs-1_fmin-0_fmax-0-5,0.5307433723046716,96,96
2944,di_kernel_W-0.5,psi_multitaper_mean_fs-1_fmin-0_fmax-0-25,0.5307433723046716,96,96
2945,di_kernel_W-0.5,psi_multitaper_mean_fs-1_fmin-0-25_fmax-0-5,0.5307433723046716,96,96
2946,di_kernel_W-0.5,psi_wavelet_mean_fs-1_fmin-0_fmax-0-5_mean,0.05013159032752723,96,96
2947,di_kernel_W-0.5,psi_wavelet_mean_fs-1_fmin-0_fmax-0-25_mean,0.04887157351127244,96,96
2948,di_kernel_W-0.5,psi_wavelet_mean_fs-1_fmin-0-25_fmax-0-5_mean,0.05794329488657013,96,96
2949,di_kernel_W-0.5,psi_wavelet_max_fs-1_fmin-0_fmax-0-5_max,0.39992385230306304,96,96
2950,di_kernel_W-0.5,psi_wavelet_max_fs-1_fmin-0_fmax-0-25_max,0.09168247726903556,96,96
2951,di_kernel_W-0.5,psi_wavelet_max_fs-1_fmin-0-25_fmax-0-5_max,0.3870051999420098,96,96
2952,di_kernel_W-0.5,pec,0.841639370073913,96,96
2953,di_kernel_W-0.5,pec_orth,0.12900195334334957,96,96
2954,di_kernel_W-0.5,pec_log,0.8590617382596111,96,96
2955,di_kernel_W-0.5,pec_orth_log,0.13345092014726223,96,96
2956,di_kernel_W-0.5,pec_orth_abs,0.10605837306305911,96,96
2957,di_kernel_W-0.5,pec_orth_log_abs,0.12594798695735737,96,96
2958,mi_gaussian,mi_kraskov_NN-4,0.7408761020736553,96,96
2959,mi_gaussian,mi_kraskov_NN-4_DCE,0.8236922647959412,96,96
2960,mi_gaussian,mi_kernel_W-0.25,0.6980237764916728,96,96
2961,mi_gaussian,tlmi_gaussian,0.5850952026637096,96,96
2962,mi_gaussian,tlmi_kraskov_NN-4,0.8204513132384368,96,96
2963,mi_gaussian,tlmi_kraskov_NN-4_DCE,0.7434449296313896,96,96
2964,mi_gaussian,tlmi_kernel_W-0.25,0.6464633211035489,96,96
2965,mi_gaussian,te_kraskov_NN-4_k-max-10_tau-max-4,0.2597561451480046,96,96
2966,mi_gaussian,te_kraskov_NN-4_DCE_k-max-10_tau-max-4,0.35592263651426115,96,96
2967,mi_gaussian,te_kraskov_NN-4_DCE_k-2_kt-1_l-1_lt-1,0.3589671730695101,96,96
2968,mi_gaussian,te_kraskov_NN-4_DCE_k-1_kt-1_l-1_lt-1,0.37637275583307556,96,96
2969,mi_gaussian,te_kraskov_NN-4_k-1_kt-1_l-1_lt-1,0.4178424309934528,96,96
2970,mi_gaussian,te_kernel_W-0.25_k-1,0.46131363460600094,96,96
2971,mi_gaussian,gc_gaussian_k-max-10_tau-max-2,1.0,96,96
2972,mi_gaussian,gc_gaussian_k-1_kt-1_l-1_lt-1,0.539001542881886,96,96
2973,mi_gaussian,te_symbolic_k-1_kt-1_l-1_lt-1,0.539001542881886,96,96
2974,mi_gaussian,te_symbolic_k-10_kt-1_l-1_lt-1,1.0,96,96
2975,mi_gaussian,psi_multitaper_mean_fs-1_fmin-0_fmax-0-5,0.13541666666666666,96,96
2976,mi_gaussian,psi_multitaper_mean_fs-1_fmin-0_fmax-0-25,0.10416666666666667,96,96
2977,mi_gaussian,psi_multitaper_mean_fs-1_fmin-0-25_fmax-0-5,0.11458333333333333,96,96
2978,mi_gaussian,psi_wavelet_mean_fs-1_fmin-0_fmax-0-5_mean,0.12388966426456816,96,96
2979,mi_gaussian,psi_wavelet_mean_fs-1_fmin-0_fmax-0-25_mean,0.12812839819107513,96,96
2980,mi_gaussian,psi_wavelet_mean_fs-1_fmin-0-25_fmax-0-5_mean,0.13296963352414515,96,96
2981,mi_gaussian,psi_wavelet_max_fs-1_fmin-0_fmax-0-5_max,0.14170664815920087,96,96
2982,mi_gaussian,psi_wavelet_max_fs-1_fmin-0_fmax-0-25_max,0.1291010921675435,96,96
2983,mi_gaussian,psi_wavelet_max_fs-1_fmin-0-25_fmax-0-5_max,0.14784708061898932,96,96
2984,mi_gaussian,pec,0.49595902483072846,96,96
2985,mi_gaussian,pec_orth,0.4429720090477848,96,96
2986,mi_gaussian,pec_log,0.5803804274365099,96,96
2987,mi_gaussian,pec_orth_log,0.39580729932199343,96,96
2988,mi_gaussian,pec_orth_abs,0.34363680522134166,96,96
2989,mi_gaussian,pec_orth_log_abs,0.31026423540423653,96,96
2990,mi_kraskov_NN-4,mi_kraskov_NN-4_DCE,0.8980586625834138,96,96
2991,mi_kraskov_NN-4,mi_kernel_W-0.25,0.9425036063006587,96,96
2992,mi_kraskov_NN-4,tlmi_gaussian,0.8180110991103322,96,96
2993,mi_kraskov_NN-4,tlmi_kraskov_NN-4,0.9793213859837265,96,96
2994,mi_kraskov_NN-4,tlmi_kraskov_NN-4_DCE,0.6906027795054444,96,96
2995,mi_kraskov_NN-4,tlmi_kernel_W-0.25,0.9785733556419159,96,96
2996,mi_kraskov_NN-4,te_kraskov_NN-4_k-max-10_tau-max-4,0.05119510289869314,96,96
2997,mi_kraskov_NN-4,te_kraskov_NN-4_DCE_k-max-10_tau-max-4,0.24553058393210386,96,96
2998,mi_kraskov_NN-4,te_kraskov_NN-4_DCE_k-2_kt-1_l-1_lt-1,0.18937487999225067,96,96
2999,mi_kraskov_NN-4,te_kraskov_NN-4_DCE_k-1_kt-1_l-1_lt-1,0.27117911676166695,96,96
3000,mi_kraskov_NN-4,te_kraskov_NN-4_k-1_kt-1_l-1_lt-1,0.530622416555546,96,96
3001,mi_kraskov_NN-4,te_kernel_W-0.25_k-1,0.11511129771165174,96,96
3002,mi_kraskov_NN-4,gc_gaussian_k-max-10_tau-max-2,0.9375,96,96
3003,mi_kraskov_NN-4,gc_gaussian_k-1_kt-1_l-1_lt-1,0.1837490351909027,96,96
3004,mi_kraskov_NN-4,te_symbolic_k-1_kt-1_l-1_lt-1,0.1837490351909027,96,96
3005,mi_kraskov_NN-4,te_symbolic_k-10_kt-1_l-1_lt-1,0.9895833333333334,96,96
3006,mi_kraskov_NN-4,psi_multitaper_mean_fs-1_fmin-0_fmax-0-5,0.08333333333333333,96,96
3007,mi_kraskov_NN-4,psi_multitaper_mean_fs-1_fmin-0_fmax-0-25,0.20833333333333334,96,96
3008,mi_kraskov_NN-4,psi_multitaper_mean_fs-1_fmin-0-25_fmax-0-5,0.10416666666666667,96,96
3009,mi_kraskov_NN-4,psi_wavelet_mean_fs-1_fmin-0_fmax-0-5_mean,0.10591581094448765,96,96
3010,mi_kraskov_NN-4,psi_wavelet_mean_fs-1_fmin-0_fmax-0-25_mean,0.1254311207599397,96,96
3011,mi_kraskov_NN-4,psi_wavelet_mean_fs-1_fmin-0-25_fmax-0-5_mean,0.10373123578844345,96,96
3012,mi_kraskov_NN-4,psi_wavelet_max_fs-1_fmin-0_fmax-0-5_max,0.10172838992288193,96,96
3013,mi_kraskov_NN-4,psi_wavelet_max_fs-1_fmin-0_fmax-0-25_max,0.11232858329295924,96,96
3014,mi_kraskov_NN-4,psi_wavelet_max_fs-1_fmin-0-25_fmax-0-5_max,0.12099913193122691,96,96
3015,mi_kraskov_NN-4,pec,0.6115000143991765,96,96
3016,mi_kraskov_NN-4,pec_orth,0.3577804016929121,96,96
3017,mi_kraskov_NN-4,pec_log,0.6384485463185245,96,96
3018,mi_kraskov_NN-4,pec_orth_log,0.3266581072801604,96,96
3019,mi_kraskov_NN-4,pec_orth_abs,0.22702734580848244,96,96
3020,mi_kraskov_NN-4,pec_orth_log_abs,0.24032299767572815,96,96
3021,mi_kraskov_NN-4_DCE,mi_kernel_W-0.25,0.6035543382238449,96,96
3022,mi_kraskov_NN-4_DCE,tlmi_gaussian,0.7393648098866538,96,96
3023,mi_kraskov_NN-4_DCE,tlmi_kraskov_NN-4,0.6762002155310035,96,96
3024,mi_kraskov_NN-4_DCE,tlmi_kraskov_NN-4_DCE,0.9800793731517687,96,96
3025,mi_kraskov_NN-4_DCE,tlmi_kernel_W-0.25,0.7181282655293084,96,96
3026,mi_kraskov_NN-4_DCE,te_kraskov_NN-4_k-max-10_tau-max-4,0.24412422306481765,96,96
3027,mi_kraskov_NN-4_DCE,te_kraskov_NN-4_DCE_k-max-10_tau-max-4,0.23776789779816876,96,96
3028,mi_kraskov_NN-4_DCE,te_kraskov_NN-4_DCE_k-2_kt-1_l-1_lt-1,0.2844824757752047,96,96
3029,mi_kraskov_NN-4_DCE,te_kraskov_NN-4_DCE_k-1_kt-1_l-1_lt-1,0.22598641600825065,96,96
3030,mi_kraskov_NN-4_DCE,te_kraskov_NN-4_k-1_kt-1_l-1_lt-1,0.4295488410034061,96,96
3031,mi_kraskov_NN-4_DCE,te_kernel_W-0.25_k-1,0.15155826664530397,96,96
3032,mi_kraskov_NN-4_DCE,gc_gaussian_k-max-10_tau-max-2,0.9895833333333334,96,96
3033,mi_kraskov_NN-4_DCE,gc_gaussian_k-1_kt-1_l-1_lt-1,0.23260604505103932,96,96
3034,mi_kraskov_NN-4_DCE,te_symbolic_k-1_kt-1_l-1_lt-1,0.23260604505103932,96,96
3035,mi_kraskov_NN-4_DCE,te_symbolic_k-10_kt-1_l-1_lt-1,0.9895833333333334,96,96
3036,mi_kraskov_NN-4_DCE,psi_multitaper_mean_fs-1_fmin-0_fmax-0-5,0.15625,96,96
3037,mi_kraskov_NN-4_DCE,psi_multitaper_mean_fs-1_fmin-0_fmax-0-25,0.08333333333333333,96,96
3038,mi_kraskov_NN-4_DCE,psi_multitaper_mean_fs-1_fmin-0-25_fmax-0-5,0.13541666666666666,96,96
3039,mi_kraskov_NN-4_DCE,psi_wavelet_mean_fs-1_fmin-0_fmax-0-5_mean,0.17756381544995403,96,96
3040,mi_kraskov_NN-4_DCE,psi_wavelet_mean_fs-1_fmin-0_fmax-0-25_mean,0.1608500477399073,96,96
3041,mi_kraskov_NN-4_DCE,psi_wavelet_mean_fs-1_fmin-0-25_fmax-0-5_mean,0.17336952456283106,96,96
3042,mi_kraskov_NN-4_DCE,psi_wavelet_max_fs-1_fmin-0_fmax-0-5_max,0.18000420109982695,96,96
3043,mi_kraskov_NN-4_DCE,psi_wavelet_max_fs-1_fmin-0_fmax-0-25_max,0.15114876268359867,96,96
3044,mi_kraskov_NN-4_DCE,psi_wavelet_max_fs-1_fmin-0-25_fmax-0-5_max,0.19070121117376493,96,96
3045,mi_kraskov_NN-4_DCE,pec,0.6210870771210366,96,96
3046,mi_kraskov_NN-4_DCE,pec_orth,0.2668621750466236,96,96
3047,mi_kraskov_NN-4_DCE,pec_log,0.6489689425653336,96,96
3048,mi_kraskov_NN-4_DCE,pec_orth_log,0.22332771931656162,96,96
3049,mi_kraskov_NN-4_DCE,pec_orth_abs,0.20183622388976805,96,96
3050,mi_kraskov_NN-4_DCE,pec_orth_log_abs,0.19212847071160696,96,96
3051,mi_kernel_W-0.25,tlmi_gaussian,0.6362629842951881,96,96
3052,mi_kernel_W-0.25,tlmi_kraskov_NN-4,0.9773400806155391,96,96
3053,mi_kernel_W-0.25,tlmi_kraskov_NN-4_DCE,0.7151466841366677,96,96
3054,mi_kernel_W-0.25,tlmi_kernel_W-0.25,0.8983574396584396,96,96
3055,mi_kernel_W-0.25,te_kraskov_NN-4_k-max-10_tau-max-4,0.17355415710595679,96,96
3056,mi_kernel_W-0.25,te_kraskov_NN-4_DCE_k-max-10_tau-max-4,0.28154046120245346,96,96
3057,mi_kernel_W-0.25,te_kraskov_NN-4_DCE_k-2_kt-1_l-1_lt-1,0.29199424778961824,96,96
3058,mi_kernel_W-0.25,te_kraskov_NN-4_DCE_k-1_kt-1_l-1_lt-1,0.3646058933725415,96,96
3059,mi_kernel_W-0.25,te_kraskov_NN-4_k-1_kt-1_l-1_lt-1,0.4778345518493745,96,96
3060,mi_kernel_W-0.25,te_kernel_W-0.25_k-1,0.37358236285015034,96,96
3061,mi_kernel_W-0.25,gc_gaussian_k-max-10_tau-max-2,1.0,96,96
3062,mi_kernel_W-0.25,gc_gaussian_k-1_kt-1_l-1_lt-1,0.42211079979470517,96,96
3063,mi_kernel_W-0.25,te_symbolic_k-1_kt-1_l-1_lt-1,0.42211079979470517,96,96
3064,mi_kernel_W-0.25,te_symbolic_k-10_kt-1_l-1_lt-1,1.0,96,96
3065,mi_kernel_W-0.25,psi_multitaper_mean_fs-1_fmin-0_fmax-0-5,0.10416666666666667,96,96
3066,mi_kernel_W-0.25,psi_multitaper_mean_fs-1_fmin-0_fmax-0-25,0.08333333333333333,96,96
3067,mi_kernel_W-0.25,psi_multitaper_mean_fs-1_fmin-0-25_fmax-0-5,0.19791666666666666,96,96
3068,mi_kernel_W-0.25,psi_wavelet_mean_fs-1_fmin-0_fmax-0-5_mean,0.1685993122279189,96,96
3069,mi_kernel_W-0.25,psi_wavelet_mean_fs-1_fmin-0_fmax-0-25_mean,0.1591861911724125,96,96
3070,mi_kernel_W-0.25,psi_wavelet_mean_fs-1_fmin-0-25_fmax-0-5_mean,0.15935335868604938,96,96
3071,mi_kernel_W-0.25,psi_wavelet_max_fs-1_fmin-0_fmax-0-5_max,0.16378214512003453,96,96
3072,mi_kernel_W-0.25,psi_wavelet_max_fs-1_fmin-0_fmax-0-25_max,0.1536123219385649,96,96
3073,mi_kernel_W-0.25,psi_wavelet_max_fs-1_fmin-0-25_fmax-0-5_max,0.16030474192627409,96,96
3074,mi_kernel_W-0.25,pec,0.4139419612399977,96,96
3075,mi_kernel_W-0.25,pec_orth,0.5079186399588272,96,96
3076,mi_kernel_W-0.25,pec_log,0.47105710820571556,96,96
3077,mi_kernel_W-0.25,pec_orth_log,0.443029247340055,96,96
3078,mi_kernel_W-0.25,pec_orth_abs,0.27768600427840084,96,96
3079,mi_kernel_W-0.25,pec_orth_log_abs,0.25675764110996047,96,96
3080,tlmi_gaussian,tlmi_kraskov_NN-4,0.80192337501006,96,96
3081,tlmi_gaussian,tlmi_kraskov_NN-4_DCE,0.7188836134232262,96,96
3082,tlmi_gaussian,tlmi_kernel_W-0.25,0.6259880024919218,96,96
3083,tlmi_gaussian,te_kraskov_NN-4_k-max-10_tau-max-4,0.26301498405653084,96,96
3084,tlmi_gaussian,te_kraskov_NN-4_DCE_k-max-10_tau-max-4,0.2782859824838969,96,96
3085,tlmi_gaussian,te_kraskov_NN-4_DCE_k-2_kt-1_l-1_lt-1,0.2639943179335301,96,96
3086,tlmi_gaussian,te_kraskov_NN-4_DCE_k-1_kt-1_l-1_lt-1,0.2998025459266862,96,96
3087,tlmi_gaussian,te_kraskov_NN-4_k-1_kt-1_l-1_lt-1,0.453091898250498,96,96
3088,tlmi_gaussian,te_kernel_W-0.25_k-1,0.360995940103617,96,96
3089,tlmi_gaussian,gc_gaussian_k-max-10_tau-max-2,1.0,96,96
3090,tlmi_gaussian,gc_gaussian_k-1_kt-1_l-1_lt-1,0.8486323562758458,96,96
3091,tlmi_gaussian,te_symbolic_k-1_kt-1_l-1_lt-1,0.8486323562758458,96,96
3092,tlmi_gaussian,te_symbolic_k-10_kt-1_l-1_lt-1,1.0,96,96
3093,tlmi_gaussian,psi_multitaper_mean_fs-1_fmin-0_fmax-0-5,0.6869438373546047,96,96
3094,tlmi_gaussian,psi_multitaper_mean_fs-1_fmin-0_fmax-0-25,0.6869438373546047,96,96
3095,tlmi_gaussian,psi_multitaper_mean_fs-1_fmin-0-25_fmax-0-5,0.6869438373546047,96,96
3096,tlmi_gaussian,psi_wavelet_mean_fs-1_fmin-0_fmax-0-5_mean,0.10103840722550272,96,96
3097,tlmi_gaussian,psi_wavelet_mean_fs-1_fmin-0_fmax-0-25_mean,0.08279446259240697,96,96
3098,tlmi_gaussian,psi_wavelet_mean_fs-1_fmin-0-25_fmax-0-5_mean,0.11384131463545566,96,96
3099,tlmi_gaussian,psi_wavelet_max_fs-1_fmin-0_fmax-0-5_max,0.4364618109427116,96,96
3100,tlmi_gaussian,psi_wavelet_max_fs-1_fmin-0_fmax-0-25_max,0.12168551659898658,96,96
3101,tlmi_gaussian,psi_wavelet_max_fs-1_fmin-0-25_fmax-0-5_max,0.4255043863275503,96,96
3102,tlmi_gaussian,pec,0.5754986684641088,96,96
3103,tlmi_gaussian,pec_orth,0.3156168303875809,96,96
3104,tlmi_gaussian,pec_log,0.653150767836876,96,96
3105,tlmi_gaussian,pec_orth_log,0.2540885981608056,96,96
3106,tlmi_gaussian,pec_orth_abs,0.23029633137992078,96,96
3107,tlmi_gaussian,pec_orth_log_abs,0.20854755121210297,96,96
3108,tlmi_kraskov_NN-4,tlmi_kraskov_NN-4_DCE,0.9290525508947128,96,96
3109,tlmi_kraskov_NN-4,tlmi_kernel_W-0.25,0.9847605090458614,96,96
3110,tlmi_kraskov_NN-4,te_kraskov_NN-4_k-max-10_tau-max-4,0.187269286589061,96,96
3111,tlmi_kraskov_NN-4,te_kraskov_NN-4_DCE_k-max-10_tau-max-4,0.348342801762935,96,96
3112,tlmi_kraskov_NN-4,te_kraskov_NN-4_DCE_k-2_kt-1_l-1_lt-1,0.351058203952509,96,96
3113,tlmi_kraskov_NN-4,te_kraskov_NN-4_DCE_k-1_kt-1_l-1_lt-1,0.5287563394916858,96,96
3114,tlmi_kraskov_NN-4,te_kraskov_NN-4_k-1_kt-1_l-1_lt-1,0.4141912383983862,96,96
3115,tlmi_kraskov_NN-4,te_kernel_W-0.25_k-1,0.29657054112809733,96,96
3116,tlmi_kraskov_NN-4,gc_gaussian_k-max-10_tau-max-2,1.0,96,96
3117,tlmi_kraskov_NN-4,gc_gaussian_k-1_kt-1_l-1_lt-1,0.2505404983901416,96,96
3118,tlmi_kraskov_NN-4,te_symbolic_k-1_kt-1_l-1_lt-1,0.2505404983901416,96,96
3119,tlmi_kraskov_NN-4,te_symbolic_k-10_kt-1_l-1_lt-1,1.0,96,96
3120,tlmi_kraskov_NN-4,psi_multitaper_mean_fs-1_fmin-0_fmax-0-5,0.6169568089078702,96,96
3121,tlmi_kraskov_NN-4,psi_multitaper_mean_fs-1_fmin-0_fmax-0-25,0.6169568089078702,96,96
3122,tlmi_kraskov_NN-4,psi_multitaper_mean_fs-1_fmin-0-25_fmax-0-5,0.6169568089078702,96,96
3123,tlmi_kraskov_NN-4,psi_wavelet_mean_fs-1_fmin-0_fmax-0-5_mean,0.10209240161469824,96,96
3124,tlmi_kraskov_NN-4,psi_wavelet_mean_fs-1_fmin-0_fmax-0-25_mean,0.09175942437240325,96,96
3125,tlmi_kraskov_NN-4,psi_wavelet_mean_fs-1_fmin-0-25_fmax-0-5_mean,0.10606330247395324,96,96
3126,tlmi_kraskov_NN-4,psi_wavelet_max_fs-1_fmin-0_fmax-0-5_max,0.12594688001687038,96,96
3127,tlmi_kraskov_NN-4,psi_wavelet_max_fs-1_fmin-0_fmax-0-25_max,0.08420121540812898,96,96
3128,tlmi_kraskov_NN-4,psi_wavelet_max_fs-1_fmin-0-25_fmax-0-5_max,0.10750755139585261,96,96
3129,tlmi_kraskov_NN-4,pec,0.6691916011411081,96,96
3130,tlmi_kraskov_NN-4,pec_orth,0.27453543038047734,96,96
3131,tlmi_kraskov_NN-4,pec_log,0.6896479185105332,96,96
3132,tlmi_kraskov_NN-4,pec_orth_log,0.22789510416511474,96,96
3133,tlmi_kraskov_NN-4,pec_orth_abs,0.21313862660556326,96,96
3134,tlmi_kraskov_NN-4,pec_orth_log_abs,0.2743033961858785,96,96
3135,tlmi_kraskov_NN-4_DCE,tlmi_kernel_W-0.25,0.5794979364293842,96,96
3136,tlmi_kraskov_NN-4_DCE,te_kraskov_NN-4_k-max-10_tau-max-4,0.3592684658550791,96,96
3137,tlmi_kraskov_NN-4_DCE,te_kraskov_NN-4_DCE_k-max-10_tau-max-4,0.1817196028393041,96,96
3138,tlmi_kraskov_NN-4_DCE,te_kraskov_NN-4_DCE_k-2_kt-1_l-1_lt-1,0.2024021758994582,96,96
3139,tlmi_kraskov_NN-4_DCE,te_kraskov_NN-4_DCE_k-1_kt-1_l-1_lt-1,0.1373235806045049,96,96
3140,tlmi_kraskov_NN-4_DCE,te_kraskov_NN-4_k-1_kt-1_l-1_lt-1,0.21967328454764434,96,96
3141,tlmi_kraskov_NN-4_DCE,te_kernel_W-0.25_k-1,0.3220181575481891,96,96
3142,tlmi_kraskov_NN-4_DCE,gc_gaussian_k-max-10_tau-max-2,1.0,96,96
3143,tlmi_kraskov_NN-4_DCE,gc_gaussian_k-1_kt-1_l-1_lt-1,0.21295404400751672,96,96
3144,tlmi_kraskov_NN-4_DCE,te_symbolic_k-1_kt-1_l-1_lt-1,0.21295404400751672,96,96
3145,tlmi_kraskov_NN-4_DCE,te_symbolic_k-10_kt-1_l-1_lt-1,1.0,96,96
3146,tlmi_kraskov_NN-4_DCE,psi_multitaper_mean_fs-1_fmin-0_fmax-0-5,0.6197953773649626,96,96
3147,tlmi_kraskov_NN-4_DCE,psi_multitaper_mean_fs-1_fmin-0_fmax-0-25,0.6197953773649626,96,96
3148,tlmi_kraskov_NN-4_DCE,psi_multitaper_mean_fs-1_fmin-0-25_fmax-0-5,0.6197953773649626,96,96
3149,tlmi_kraskov_NN-4_DCE,psi_wavelet_mean_fs-1_fmin-0_fmax-0-5_mean,0.17374356750555908,96,96
3150,tlmi_kraskov_NN-4_DCE,psi_wavelet_mean_fs-1_fmin-0_fmax-0-25_mean,0.16288408471006655,96,96
3151,tlmi_kraskov_NN-4_DCE,psi_wavelet_mean_fs-1_fmin-0-25_fmax-0-5_mean,0.18395910644533464,96,96
3152,tlmi_kraskov_NN-4_DCE,psi_wavelet_max_fs-1_fmin-0_fmax-0-5_max,0.1365151903551295,96,96
3153,tlmi_kraskov_NN-4_DCE,psi_wavelet_max_fs-1_fmin-0_fmax-0-25_max,0.1475005709821019,96,96
3154,tlmi_kraskov_NN-4_DCE,psi_wavelet_max_fs-1_fmin-0-25_fmax-0-5_max,0.12138043492523742,96,96
3155,tlmi_kraskov_NN-4_DCE,pec,0.6596035661171833,96,96
3156,tlmi_kraskov_NN-4_DCE,pec_orth,0.20719011331022663,96,96
3157,tlmi_kraskov_NN-4_DCE,pec_log,0.664036591722444,96,96
3158,tlmi_kraskov_NN-4_DCE,pec_orth_log,0.14621494225650764,96,96
3159,tlmi_kraskov_NN-4_DCE,pec_orth_abs,0.1422052920443665,96,96
3160,tlmi_kraskov_NN-4_DCE,pec_orth_log_abs,0.23339937534635868,96,96
3161,tlmi_kernel_W-0.25,te_kraskov_NN-4_k-max-10_tau-max-4,0.2642663763132551,96,96
3162,tlmi_kernel_W-0.25,te_kraskov_NN-4_DCE_k-max-10_tau-max-4,0.3255755278230455,96,96
3163,tlmi_kernel_W-0.25,te_kraskov_NN-4_DCE_k-2_kt-1_l-1_lt-1,0.38256086391930294,96,96
3164,tlmi_kernel_W-0.25,te_kraskov_NN-4_DCE_k-1_kt-1_l-1_lt-1,0.5969497633829418,96,96
3165,tlmi_kernel_W-0.25,te_kraskov_NN-4_k-1_kt-1_l-1_lt-1,0.26217377080373305,96,96
3166,tlmi_kernel_W-0.25,te_kernel_W-0.25_k-1,0.6328867550705521,96,96
3167,tlmi_kernel_W-0.25,gc_gaussian_k-max-10_tau-max-2,1.0,96,96
3168,tlmi_kernel_W-0.25,gc_gaussian_k-1_kt-1_l-1_lt-1,0.5231141915897276,96,96
3169,tlmi_kernel_W-0.25,te_symbolic_k-1_kt-1_l-1_lt-1,0.5231141915897276,96,96
3170,tlmi_kernel_W-0.25,te_symbolic_k-10_kt-1_l-1_lt-1,1.0,96,96
3171,tlmi_kernel_W-0.25,psi_multitaper_mean_fs-1_fmin-0_fmax-0-5,0.638075075941525,96,96
3172,tlmi_kernel_W-0.25,psi_multitaper_mean_fs-1_fmin-0_fmax-0-25,0.638075075941525,96,96
3173,tlmi_kernel_W-0.25,psi_multitaper_mean_fs-1_fmin-0-25_fmax-0-5,0.638075075941525,96,96
3174,tlmi_kernel_W-0.25,psi_wavelet_mean_fs-1_fmin-0_fmax-0-5_mean,0.11946440379271239,96,96
3175,tlmi_kernel_W-0.25,psi_wavelet_mean_fs-1_fmin-0_fmax-0-25_mean,0.07824126277490773,96,96
3176,tlmi_kernel_W-0.25,psi_wavelet_mean_fs-1_fmin-0-25_fmax-0-5_mean,0.12006117428957552,96,96
3177,tlmi_kernel_W-0.25,psi_wavelet_max_fs-1_fmin-0_fmax-0-5_max,0.4153890992307926,96,96
3178,tlmi_kernel_W-0.25,psi_wavelet_max_fs-1_fmin-0_fmax-0-25_max,0.1427270912545659,96,96
3179,tlmi_kernel_W-0.25,psi_wavelet_max_fs-1_fmin-0-25_fmax-0-5_max,0.3952081887469767,96,96
3180,tlmi_kernel_W-0.25,pec,0.5537462717380264,96,96
3181,tlmi_kernel_W-0.25,pec_orth,0.42918594715135683,96,96
3182,tlmi_kernel_W-0.25,pec_log,0.6269867116728406,96,96
3183,tlmi_kernel_W-0.25,pec_orth_log,0.3309562071171722,96,96
3184,tlmi_kernel_W-0.25,pec_orth_abs,0.2737080758795043,96,96
3185,tlmi_kernel_W-0.25,pec_orth_log_abs,0.19945004693674004,96,96
3186,te_kraskov_NN-4_k-max-10_tau-max-4,te_kraskov_NN-4_DCE_k-max-10_tau-max-4,0.9190320635773096,96,96
3187,te_kraskov_NN-4_k-max-10_tau-max-4,te_kraskov_NN-4_DCE_k-2_kt-1_l-1_lt-1,0.6170289543529704,96,96
3188,te_kraskov_NN-4_k-max-10_tau-max-4,te_kraskov_NN-4_DCE_k-1_kt-1_l-1_lt-1,0.5524835827187015,96,96
3189,te_kraskov_NN-4_k-max-10_tau-max-4,te_kraskov_NN-4_k-1_kt-1_l-1_lt-1,0.281348666381782,96,96
3190,te_kraskov_NN-4_k-max-10_tau-max-4,te_kernel_W-0.25_k-1,0.4787618413701715,96,96
3191,te_kraskov_NN-4_k-max-10_tau-max-4,gc_gaussian_k-max-10_tau-max-2,1.0,96,96
3192,te_kraskov_NN-4_k-max-10_tau-max-4,gc_gaussian_k-1_kt-1_l-1_lt-1,0.07020290584520594,96,96
3193,te_kraskov_NN-4_k-max-10_tau-max-4,te_symbolic_k-1_kt-1_l-1_lt-1,0.07020290584520594,96,96
3194,te_kraskov_NN-4_k-max-10_tau-max-4,te_symbolic_k-10_kt-1_l-1_lt-1,1.0,96,96
3195,te_kraskov_NN-4_k-max-10_tau-max-4,psi_multitaper_mean_fs-1_fmin-0_fmax-0-5,0.6463834721927456,96,96
3196,te_kraskov_NN-4_k-max-10_tau-max-4,psi_multitaper_mean_fs-1_fmin-0_fmax-0-25,0.6463834721927456,96,96
3197,te_kraskov_NN-4_k-max-10_tau-max-4,psi_multitaper_mean_fs-1_fmin-0-25_fmax-0-5,0.6463834721927456,96,96
3198,te_kraskov_NN-4_k-max-10_tau-max-4,psi_wavelet_mean_fs-1_fmin-0_fmax-0-5_mean,0.14728744040718236,96,96
3199,te_kraskov_NN-4_k-max-10_tau-max-4,psi_wavelet_mean_fs-1_fmin-0_fmax-0-25_mean,0.15745647300600224,96,96
3200,te_kraskov_NN-4_k-max-10_tau-max-4,psi_wavelet_mean_fs-1_fmin-0-25_fmax-0-5_mean,0.16269153317192958,96,96
3201,te_kraskov_NN-4_k-max-10_tau-max-4,psi_wavelet_max_fs-1_fmin-0_fmax-0-5_max,0.2267304355081561,96,96
3202,te_kraskov_NN-4_k-max-10_tau-max-4,psi_wavelet_max_fs-1_fmin-0_fmax-0-25_max,0.16767232216215255,96,96
3203,te_kraskov_NN-4_k-max-10_tau-max-4,psi_wavelet_max_fs-1_fmin-0-25_fmax-0-5_max,0.23351598769476506,96,96
3204,te_kraskov_NN-4_k-max-10_tau-max-4,pec,0.1614425292842622,96,96
3205,te_kraskov_NN-4_k-max-10_tau-max-4,pec_orth,0.0973126940244754,96,96
3206,te_kraskov_NN-4_k-max-10_tau-max-4,pec_log,0.16193424333833786,96,96
3207,te_kraskov_NN-4_k-max-10_tau-max-4,pec_orth_log,0.12617281999592334,96,96
3208,te_kraskov_NN-4_k-max-10_tau-max-4,pec_orth_abs,0.34453156876562535,96,96
3209,te_kraskov_NN-4_k-max-10_tau-max-4,pec_orth_log_abs,0.45923594358511866,96,96
3210,te_kraskov_NN-4_DCE_k-max-10_tau-max-4,te_kraskov_NN-4_DCE_k-2_kt-1_l-1_lt-1,0.9810259614600176,96,96
3211,te_kraskov_NN-4_DCE_k-max-10_tau-max-4,te_kraskov_NN-4_DCE_k-1_kt-1_l-1_lt-1,0.9774656079931513,96,96
3212,te_kraskov_NN-4_DCE_k-max-10_tau-max-4,te_kraskov_NN-4_k-1_kt-1_l-1_lt-1,0.13146650518973244,96,96
3213,te_kraskov_NN-4_DCE_k-max-10_tau-max-4,te_kernel_W-0.25_k-1,0.34533642899742323,96,96
3214,te_kraskov_NN-4_DCE_k-max-10_tau-max-4,gc_gaussian_k-max-10_tau-max-2,1.0,96,96
3215,te_kraskov_NN-4_DCE_k-max-10_tau-max-4,gc_gaussian_k-1_kt-1_l-1_lt-1,0.3846933513394739,96,96
3216,te_kraskov_NN-4_DCE_k-max-10_tau-max-4,te_symbolic_k-1_kt-1_l-1_lt-1,0.3846933513394739,96,96
3217,te_kraskov_NN-4_DCE_k-max-10_tau-max-4,te_symbolic_k-10_kt-1_l-1_lt-1,1.0,96,96
3218,te_kraskov_NN-4_DCE_k-max-10_tau-max-4,psi_multitaper_mean_fs-1_fmin-0_fmax-0-5,0.6588366978566372,96,96
3219,te_kraskov_NN-4_DCE_k-max-10_tau-max-4,psi_multitaper_mean_fs-1_fmin-0_fmax-0-25,0.6588366978566372,96,96
3220,te_kraskov_NN-4_DCE_k-max-10_tau-max-4,psi_multitaper_mean_fs-1_fmin-0-25_fmax-0-5,0.6588366978566372,96,96
3221,te_kraskov_NN-4_DCE_k-max-10_tau-max-4,psi_wavelet_mean_fs-1_fmin-0_fmax-0-5_mean,0.1108776095403039,96,96
3222,te_kraskov_NN-4_DCE_k-max-10_tau-max-4,psi_wavelet_mean_fs-1_fmin-0_fmax-0-25_mean,0.08968436874657226,96,96
3223,te_kraskov_NN-4_DCE_k-max-10_tau-max-4,psi_wavelet_mean_fs-1_fmin-0-25_fmax-0-5_mean,0.13940541046107124,96,96
3224,te_kraskov_NN-4_DCE_k-max-10_tau-max-4,psi_wavelet_max_fs-1_fmin-0_fmax-0-5_max,0.11363458493054257,96,96
3225,te_kraskov_NN-4_DCE_k-max-10_tau-max-4,psi_wavelet_max_fs-1_fmin-0_fmax-0-25_max,0.09565558577565947,96,96
3226,te_kraskov_NN-4_DCE_k-max-10_tau-max-4,psi_wavelet_max_fs-1_fmin-0-25_fmax-0-5_max,0.14081181413915844,96,96
3227,te_kraskov_NN-4_DCE_k-max-10_tau-max-4,pec,0.18673629621412338,96,96
3228,te_kraskov_NN-4_DCE_k-max-10_tau-max-4,pec_orth,0.26212339928856576,96,96
3229,te_kraskov_NN-4_DCE_k-max-10_tau-max-4,pec_log,0.138662853353701,96,96
3230,te_kraskov_NN-4_DCE_k-max-10_tau-max-4,pec_orth_log,0.2405353344154963,96,96
3231,te_kraskov_NN-4_DCE_k-max-10_tau-max-4,pec_orth_abs,0.3607858746566288,96,96
3232,te_kraskov_NN-4_DCE_k-max-10_tau-max-4,pec_orth_log_abs,0.34258800573932807,96,96
3233,te_kraskov_NN-4_DCE_k-2_kt-1_l-1_lt-1,te_kraskov_NN-4_DCE_k-1_kt-1_l-1_lt-1,0.9997599377030935,96,96
3234,te_kraskov_NN-4_DCE_k-2_kt-1_l-1_lt-1,te_kraskov_NN-4_k-1_kt-1_l-1_lt-1,0.3596380362293241,96,96
3235,te_kraskov_NN-4_DCE_k-2_kt-1_l-1_lt-1,te_kernel_W-0.25_k-1,0.3094155401987373,96,96
3236,te_kraskov_NN-4_DCE_k-2_kt-1_l-1_lt-1,gc_gaussian_k-max-10_tau-max-2,1.0,96,96
3237,te_kraskov_NN-4_DCE_k-2_kt-1_l-1_lt-1,gc_gaussian_k-1_kt-1_l-1_lt-1,0.3965142898473024,96,96
3238,te_kraskov_NN-4_DCE_k-2_kt-1_l-1_lt-1,te_symbolic_k-1_kt-1_l-1_lt-1,0.3965142898473024,96,96
3239,te_kraskov_NN-4_DCE_k-2_kt-1_l-1_lt-1,te_symbolic_k-10_kt-1_l-1_lt-1,1.0,96,96
3240,te_kraskov_NN-4_DCE_k-2_kt-1_l-1_lt-1,psi_multitaper_mean_fs-1_fmin-0_fmax-0-5,0.6495137546385249,96,96
3241,te_kraskov_NN-4_DCE_k-2_kt-1_l-1_lt-1,psi_multitaper_mean_fs-1_fmin-0_fmax-0-25,0.6495137546385249,96,96
3242,te_kraskov_NN-4_DCE_k-2_kt-1_l-1_lt-1,psi_multitaper_mean_fs-1_fmin-0-25_fmax-0-5,0.6495137546385249,96,96
3243,te_kraskov_NN-4_DCE_k-2_kt-1_l-1_lt-1,psi_wavelet_mean_fs-1_fmin-0_fmax-0-5_mean,0.17721783521607648,96,96
3244,te_kraskov_NN-4_DCE_k-2_kt-1_l-1_lt-1,psi_wavelet_mean_fs-1_fmin-0_fmax-0-25_mean,0.1327713325322144,96,96
3245,te_kraskov_NN-4_DCE_k-2_kt-1_l-1_lt-1,psi_wavelet_mean_fs-1_fmin-0-25_fmax-0-5_mean,0.14718286970703376,96,96
3246,te_kraskov_NN-4_DCE_k-2_kt-1_l-1_lt-1,psi_wavelet_max_fs-1_fmin-0_fmax-0-5_max,0.15458425665437736,96,96
3247,te_kraskov_NN-4_DCE_k-2_kt-1_l-1_lt-1,psi_wavelet_max_fs-1_fmin-0_fmax-0-25_max,0.13547341739066876,96,96
3248,te_kraskov_NN-4_DCE_k-2_kt-1_l-1_lt-1,psi_wavelet_max_fs-1_fmin-0-25_fmax-0-5_max,0.1745462904689461,96,96
3249,te_kraskov_NN-4_DCE_k-2_kt-1_l-1_lt-1,pec,0.16559874174897743,96,96
3250,te_kraskov_NN-4_DCE_k-2_kt-1_l-1_lt-1,pec_orth,0.288198617712228,96,96
3251,te_kraskov_NN-4_DCE_k-2_kt-1_l-1_lt-1,pec_log,0.10443075265549834,96,96
3252,te_kraskov_NN-4_DCE_k-2_kt-1_l-1_lt-1,pec_orth_log,0.287766383663699,96,96
3253,te_kraskov_NN-4_DCE_k-2_kt-1_l-1_lt-1,pec_orth_abs,0.3890196158123339,96,96
3254,te_kraskov_NN-4_DCE_k-2_kt-1_l-1_lt-1,pec_orth_log_abs,0.35390584103329364,96,96
3255,te_kraskov_NN-4_DCE_k-1_kt-1_l-1_lt-1,te_kraskov_NN-4_k-1_kt-1_l-1_lt-1,0.9985149493234817,96,96
3256,te_kraskov_NN-4_DCE_k-1_kt-1_l-1_lt-1,te_kernel_W-0.25_k-1,0.42376940016597936,96,96
3257,te_kraskov_NN-4_DCE_k-1_kt-1_l-1_lt-1,gc_gaussian_k-max-10_tau-max-2,1.0,96,96
3258,te_kraskov_NN-4_DCE_k-1_kt-1_l-1_lt-1,gc_gaussian_k-1_kt-1_l-1_lt-1,0.39650535682693155,96,96
3259,te_kraskov_NN-4_DCE_k-1_kt-1_l-1_lt-1,te_symbolic_k-1_kt-1_l-1_lt-1,0.39650535682693155,96,96
3260,te_kraskov_NN-4_DCE_k-1_kt-1_l-1_lt-1,te_symbolic_k-10_kt-1_l-1_lt-1,1.0,96,96
3261,te_kraskov_NN-4_DCE_k-1_kt-1_l-1_lt-1,psi_multitaper_mean_fs-1_fmin-0_fmax-0-5,0.626259858951029,96,96
3262,te_kraskov_NN-4_DCE_k-1_kt-1_l-1_lt-1,psi_multitaper_mean_fs-1_fmin-0_fmax-0-25,0.626259858951029,96,96
3263,te_kraskov_NN-4_DCE_k-1_kt-1_l-1_lt-1,psi_multitaper_mean_fs-1_fmin-0-25_fmax-0-5,0.626259858951029,96,96
3264,te_kraskov_NN-4_DCE_k-1_kt-1_l-1_lt-1,psi_wavelet_mean_fs-1_fmin-0_fmax-0-5_mean,0.14818679215935449,96,96
3265,te_kraskov_NN-4_DCE_k-1_kt-1_l-1_lt-1,psi_wavelet_mean_fs-1_fmin-0_fmax-0-25_mean,0.11355265234423462,96,96
3266,te_kraskov_NN-4_DCE_k-1_kt-1_l-1_lt-1,psi_wavelet_mean_fs-1_fmin-0-25_fmax-0-5_mean,0.13506382301466768,96,96
3267,te_kraskov_NN-4_DCE_k-1_kt-1_l-1_lt-1,psi_wavelet_max_fs-1_fmin-0_fmax-0-5_max,0.09941025786680728,96,96
3268,te_kraskov_NN-4_DCE_k-1_kt-1_l-1_lt-1,psi_wavelet_max_fs-1_fmin-0_fmax-0-25_max,0.11447232147500208,96,96
3269,te_kraskov_NN-4_DCE_k-1_kt-1_l-1_lt-1,psi_wavelet_max_fs-1_fmin-0-25_fmax-0-5_max,0.10331337892518488,96,96
3270,te_kraskov_NN-4_DCE_k-1_kt-1_l-1_lt-1,pec,0.19025929398854083,96,96
3271,te_kraskov_NN-4_DCE_k-1_kt-1_l-1_lt-1,pec_orth,0.2799588139188197,96,96
3272,te_kraskov_NN-4_DCE_k-1_kt-1_l-1_lt-1,pec_log,0.1336542904374909,96,96
3273,te_kraskov_NN-4_DCE_k-1_kt-1_l-1_lt-1,pec_orth_log,0.2716707555118921,96,96
3274,te_kraskov_NN-4_DCE_k-1_kt-1_l-1_lt-1,pec_orth_abs,0.4159867571764213,96,96
3275,te_kraskov_NN-4_DCE_k-1_kt-1_l-1_lt-1,pec_orth_log_abs,0.35635330520079944,96,96
3276,te_kraskov_NN-4_k-1_kt-1_l-1_lt-1,te_kernel_W-0.25_k-1,0.2267403240099657,96,96
3277,te_kraskov_NN-4_k-1_kt-1_l-1_lt-1,gc_gaussian_k-max-10_tau-max-2,1.0,96,96
3278,te_kraskov_NN-4_k-1_kt-1_l-1_lt-1,gc_gaussian_k-1_kt-1_l-1_lt-1,0.46901535021903,96,96
3279,te_kraskov_NN-4_k-1_kt-1_l-1_lt-1,te_symbolic_k-1_kt-1_l-1_lt-1,0.46901535021903,96,96
3280,te_kraskov_NN-4_k-1_kt-1_l-1_lt-1,te_symbolic_k-10_kt-1_l-1_lt-1,1.0,96,96
3281,te_kraskov_NN-4_k-1_kt-1_l-1_lt-1,psi_multitaper_mean_fs-1_fmin-0_fmax-0-5,0.705115868565589,96,96
3282,te_kraskov_NN-4_k-1_kt-1_l-1_lt-1,psi_multitaper_mean_fs-1_fmin-0_fmax-0-25,0.705115868565589,96,96
3283,te_kraskov_NN-4_k-1_kt-1_l-1_lt-1,psi_multitaper_mean_fs-1_fmin-0-25_fmax-0-5,0.705115868565589,96,96
3284,te_kraskov_NN-4_k-1_kt-1_l-1_lt-1,psi_wavelet_mean_fs-1_fmin-0_fmax-0-5_mean,0.10209993864028244,96,96
3285,te_kraskov_NN-4_k-1_kt-1_l-1_lt-1,psi_wavelet_mean_fs-1_fmin-0_fmax-0-25_mean,0.0668546438356461,96,96
3286,te_kraskov_NN-4_k-1_kt-1_l-1_lt-1,psi_wavelet_mean_fs-1_fmin-0-25_fmax-0-5_mean,0.09240674565807783,96,96
3287,te_kraskov_NN-4_k-1_kt-1_l-1_lt-1,psi_wavelet_max_fs-1_fmin-0_fmax-0-5_max,0.06772143534763411,96,96
3288,te_kraskov_NN-4_k-1_kt-1_l-1_lt-1,psi_wavelet_max_fs-1_fmin-0_fmax-0-25_max,0.06555756110348421,96,96
3289,te_kraskov_NN-4_k-1_kt-1_l-1_lt-1,psi_wavelet_max_fs-1_fmin-0-25_fmax-0-5_max,0.07294527450485669,96,96
3290,te_kraskov_NN-4_k-1_kt-1_l-1_lt-1,pec,0.5157427842800939,96,96
3291,te_kraskov_NN-4_k-1_kt-1_l-1_lt-1,pec_orth,0.404955788882078,96,96
3292,te_kraskov_NN-4_k-1_kt-1_l-1_lt-1,pec_log,0.5602078870503113,96,96
3293,te_kraskov_NN-4_k-1_kt-1_l-1_lt-1,pec_orth_log,0.46586382459270514,96,96
3294,te_kraskov_NN-4_k-1_kt-1_l-1_lt-1,pec_orth_abs,0.5685649288245553,96,96
3295,te_kraskov_NN-4_k-1_kt-1_l-1_lt-1,pec_orth_log_abs,0.6701345861971563,96,96
3296,te_kernel_W-0.25_k-1,gc_gaussian_k-max-10_tau-max-2,1.0,96,96
3297,te_kernel_W-0.25_k-1,gc_gaussian_k-1_kt-1_l-1_lt-1,0.09016169504500826,96,96
3298,te_kernel_W-0.25_k-1,te_symbolic_k-1_kt-1_l-1_lt-1,0.09016169504500826,96,96
3299,te_kernel_W-0.25_k-1,te_symbolic_k-10_kt-1_l-1_lt-1,1.0,96,96
3300,te_kernel_W-0.25_k-1,psi_multitaper_mean_fs-1_fmin-0_fmax-0-5,0.6651404364199749,96,96
3301,te_kernel_W-0.25_k-1,psi_multitaper_mean_fs-1_fmin-0_fmax-0-25,0.6651404364199749,96,96
3302,te_kernel_W-0.25_k-1,psi_multitaper_mean_fs-1_fmin-0-25_fmax-0-5,0.6651404364199749,96,96
3303,te_kernel_W-0.25_k-1,psi_wavelet_mean_fs-1_fmin-0_fmax-0-5_mean,0.049822263717235415,96,96
3304,te_kernel_W-0.25_k-1,psi_wavelet_mean_fs-1_fmin-0_fmax-0-25_mean,0.07141149992305529,96,96
3305,te_kernel_W-0.25_k-1,psi_wavelet_mean_fs-1_fmin-0-25_fmax-0-5_mean,0.019653815677198885,96,96
3306,te_kernel_W-0.25_k-1,psi_wavelet_max_fs-1_fmin-0_fmax-0-5_max,0.5519626416801241,96,96
3307,te_kernel_W-0.25_k-1,psi_wavelet_max_fs-1_fmin-0_fmax-0-25_max,0.16342715858082696,96,96
3308,te_kernel_W-0.25_k-1,psi_wavelet_max_fs-1_fmin-0-25_fmax-0-5_max,0.5251285587301439,96,96
3309,te_kernel_W-0.25_k-1,pec,0.20751162498008496,96,96
3310,te_kernel_W-0.25_k-1,pec_orth,0.2601597073377786,96,96
3311,te_kernel_W-0.25_k-1,pec_log,0.15685666901572404,96,96
3312,te_kernel_W-0.25_k-1,pec_orth_log,0.3560337658093143,96,96
3313,te_kernel_W-0.25_k-1,pec_orth_abs,0.043618004150023926,96,96
3314,te_kernel_W-0.25_k-1,pec_orth_log_abs,0.1618298949102175,96,96
3315,gc_gaussian_k-max-10_tau-max-2,gc_gaussian_k-1_kt-1_l-1_lt-1,1.0,96,96
3316,gc_gaussian_k-max-10_tau-max-2,te_symbolic_k-1_kt-1_l-1_lt-1,1.0,96,96
3317,gc_gaussian_k-max-10_tau-max-2,te_symbolic_k-10_kt-1_l-1_lt-1,1.0,96,96
3318,gc_gaussian_k-max-10_tau-max-2,psi_multitaper_mean_fs-1_fmin-0_fmax-0-5,1.0,96,96
3319,gc_gaussian_k-max-10_tau-max-2,psi_multitaper_mean_fs-1_fmin-0_fmax-0-25,1.0,96,96
3320,gc_gaussian_k-max-10_tau-max-2,psi_multitaper_mean_fs-1_fmin-0-25_fmax-0-5,1.0,96,96
3321,gc_gaussian_k-max-10_tau-max-2,psi_wavelet_mean_fs-1_fmin-0_fmax-0-5_mean,0.625,96,96
3322,gc_gaussian_k-max-10_tau-max-2,psi_wavelet_mean_fs-1_fmin-0_fmax-0-25_mean,0.5104166666666666,96,96
3323,gc_gaussian_k-max-10_tau-max-2,psi_wavelet_mean_fs-1_fmin-0-25_fmax-0-5_mean,0.5833333333333334,96,96
3324,gc_gaussian_k-max-10_tau-max-2,psi_wavelet_max_fs-1_fmin-0_fmax-0-5_max,1.0,96,96
3325,gc_gaussian_k-max-10_tau-max-2,psi_wavelet_max_fs-1_fmin-0_fmax-0-25_max,0.6458333333333334,96,96
3326,gc_gaussian_k-max-10_tau-max-2,psi_wavelet_max_fs-1_fmin-0-25_fmax-0-5_max,1.0,96,96
3327,gc_gaussian_k-max-10_tau-max-2,pec,1.0,96,96
3328,gc_gaussian_k-max-10_tau-max-2,pec_orth,0.9791666666666666,96,96
3329,gc_gaussian_k-max-10_tau-max-2,pec_log,0.9895833333333334,96,96
3330,gc_gaussian_k-max-10_tau-max-2,pec_orth_log,0.9375,96,96
3331,gc_gaussian_k-max-10_tau-max-2,pec_orth_abs,1.0,96,96
3332,gc_gaussian_k-max-10_tau-max-2,pec_orth_log_abs,1.0,96,96
3333,gc_gaussian_k-1_kt-1_l-1_lt-1,te_symbolic_k-1_kt-1_l-1_lt-1,0.14583333333333334,96,96
3334,gc_gaussian_k-1_kt-1_l-1_lt-1,te_symbolic_k-10_kt-1_l-1_lt-1,1.0,96,96
3335,gc_gaussian_k-1_kt-1_l-1_lt-1,psi_multitaper_mean_fs-1_fmin-0_fmax-0-5,0.9862732125479721,96,96
3336,gc_gaussian_k-1_kt-1_l-1_lt-1,psi_multitaper_mean_fs-1_fmin-0_fmax-0-25,0.9862732125479721,96,96
3337,gc_gaussian_k-1_kt-1_l-1_lt-1,psi_multitaper_mean_fs-1_fmin-0-25_fmax-0-5,0.9862732125479721,96,96
3338,gc_gaussian_k-1_kt-1_l-1_lt-1,psi_wavelet_mean_fs-1_fmin-0_fmax-0-5_mean,0.19977877944087263,96,96
3339,gc_gaussian_k-1_kt-1_l-1_lt-1,psi_wavelet_mean_fs-1_fmin-0_fmax-0-25_mean,0.21508446680365156,96,96
3340,gc_gaussian_k-1_kt-1_l-1_lt-1,psi_wavelet_mean_fs-1_fmin-0-25_fmax-0-5_mean,0.1972798262222547,96,96
3341,gc_gaussian_k-1_kt-1_l-1_lt-1,psi_wavelet_max_fs-1_fmin-0_fmax-0-5_max,0.4849772256948718,96,96
3342,gc_gaussian_k-1_kt-1_l-1_lt-1,psi_wavelet_max_fs-1_fmin-0_fmax-0-25_max,0.24024587144228693,96,96
3343,gc_gaussian_k-1_kt-1_l-1_lt-1,psi_wavelet_max_fs-1_fmin-0-25_fmax-0-5_max,0.47651818641306853,96,96
3344,gc_gaussian_k-1_kt-1_l-1_lt-1,pec,0.3934459329958285,96,96
3345,gc_gaussian_k-1_kt-1_l-1_lt-1,pec_orth,0.5962419652524507,96,96
3346,gc_gaussian_k-1_kt-1_l-1_lt-1,pec_log,0.4693944003653784,96,96
3347,gc_gaussian_k-1_kt-1_l-1_lt-1,pec_orth_log,0.6207292897935097,96,96
3348,gc_gaussian_k-1_kt-1_l-1_lt-1,pec_orth_abs,0.4037182640997938,96,96
3349,gc_gaussian_k-1_kt-1_l-1_lt-1,pec_orth_log_abs,0.4562721987350102,96,96
3350,te_symbolic_k-1_kt-1_l-1_lt-1,te_symbolic_k-10_kt-1_l-1_lt-1,1.0,96,96
3351,te_symbolic_k-1_kt-1_l-1_lt-1,psi_multitaper_mean_fs-1_fmin-0_fmax-0-5,0.9862732125479721,96,96
3352,te_symbolic_k-1_kt-1_l-1_lt-1,psi_multitaper_mean_fs-1_fmin-0_fmax-0-25,0.9862732125479721,96,96
3353,te_symbolic_k-1_kt-1_l-1_lt-1,psi_multitaper_mean_fs-1_fmin-0-25_fmax-0-5,0.9862732125479721,96,96
3354,te_symbolic_k-1_kt-1_l-1_lt-1,psi_wavelet_mean_fs-1_fmin-0_fmax-0-5_mean,0.19977877944087263,96,96
3355,te_symbolic_k-1_kt-1_l-1_lt-1,psi_wavelet_mean_fs-1_fmin-0_fmax-0-25_mean,0.21508446680365156,96,96
3356,te_symbolic_k-1_kt-1_l-1_lt-1,psi_wavelet_mean_fs-1_fmin-0-25_fmax-0-5_mean,0.1972798262222547,96,96
3357,te_symbolic_k-1_kt-1_l-1_lt-1,psi_wavelet_max_fs-1_fmin-0_fmax-0-5_max,0.4849772256948718,96,96
3358,te_symbolic_k-1_kt-1_l-1_lt-1,psi_wavelet_max_fs-1_fmin-0_fmax-0-25_max,0.24024587144228693,96,96
3359,te_symbolic_k-1_kt-1_l-1_lt-1,psi_wavelet_max_fs-1_fmin-0-25_fmax-0-5_max,0.47651818641306853,96,96
3360,te_symbolic_k-1_kt-1_l-1_lt-1,pec,0.3934459329958285,96,96
3361,te_symbolic_k-1_kt-1_l-1_lt-1,pec_orth,0.5962419652524507,96,96
3362,te_symbolic_k-1_kt-1_l-1_lt-1,pec_log,0.4693944003653784,96,96
3363,te_symbolic_k-1_kt-1_l-1_lt-1,pec_orth_log,0.6207292897935097,96,96
3364,te_symbolic_k-1_kt-1_l-1_lt-1,pec_orth_abs,0.4037182640997938,96,96
3365,te_symbolic_k-1_kt-1_l-1_lt-1,pec_orth_log_abs,0.4562721987350102,96,96
3366,te_symbolic_k-10_kt-1_l-1_lt-1,psi_multitaper_mean_fs-1_fmin-0_fmax-0-5,1.0,96,96
3367,te_symbolic_k-10_kt-1_l-1_lt-1,psi_multitaper_mean_fs-1_fmin-0_fmax-0-25,1.0,96,96
3368,te_symbolic_k-10_kt-1_l-1_lt-1,psi_multitaper_mean_fs-1_fmin-0-25_fmax-0-5,1.0,96,96
3369,te_symbolic_k-10_kt-1_l-1_lt-1,psi_wavelet_mean_fs-1_fmin-0_fmax-0-5_mean,0.5729166666666666,96,96
3370,te_symbolic_k-10_kt-1_l-1_lt-1,psi_wavelet_mean_fs-1_fmin-0_fmax-0-25_mean,0.6145833333333334,96,96
3371,te_symbolic_k-10_kt-1_l-1_lt-1,psi_wavelet_mean_fs-1_fmin-0-25_fmax-0-5_mean,0.5104166666666666,96,96
3372,te_symbolic_k-10_kt-1_l-1_lt-1,psi_wavelet_max_fs-1_fmin-0_fmax-0-5_max,1.0,96,96
3373,te_symbolic_k-10_kt-1_l-1_lt-1,psi_wavelet_max_fs-1_fmin-0_fmax-0-25_max,0.78125,96,96
3374,te_symbolic_k-10_kt-1_l-1_lt-1,psi_wavelet_max_fs-1_fmin-0-25_fmax-0-5_max,1.0,96,96
3375,te_symbolic_k-10_kt-1_l-1_lt-1,pec,1.0,96,96
3376,te_symbolic_k-10_kt-1_l-1_lt-1,pec_orth,0.9791666666666666,96,96
3377,te_symbolic_k-10_kt-1_l-1_lt-1,pec_log,1.0,96,96
3378,te_symbolic_k-10_kt-1_l-1_lt-1,pec_orth_log,0.9479166666666666,96,96
3379,te_symbolic_k-10_kt-1_l-1_lt-1,pec_orth_abs,1.0,96,96
3380,te_symbolic_k-10_kt-1_l-1_lt-1,pec_orth_log_abs,1.0,96,96
3381,psi_multitaper_mean_fs-1_fmin-0_fmax-0-5,psi_multitaper_mean_fs-1_fmin-0_fmax-0-25,0.17708333333333334,96,96
3382,psi_multitaper_mean_fs-1_fmin-0_fmax-0-5,psi_multitaper_mean_fs-1_fmin-0-25_fmax-0-5,0.125,96,96
3383,psi_multitaper_mean_fs-1_fmin-0_fmax-0-5,psi_wavelet_mean_fs-1_fmin-0_fmax-0-5_mean,0.15625,96,96
3384,psi_multitaper_mean_fs-1_fmin-0_fmax-0-5,psi_wavelet_mean_fs-1_fmin-0_fmax-0-25_mean,0.10416666666666667,96,96
3385,psi_multitaper_mean_fs-1_fmin-0_fmax-0-5,psi_wavelet_mean_fs-1_fmin-0-25_fmax-0-5_mean,0.08333333333333333,96,96
3386,psi_multitaper_mean_fs-1_fmin-0_fmax-0-5,psi_wavelet_max_fs-1_fmin-0_fmax-0-5_max,0.15625,96,96
3387,psi_multitaper_mean_fs-1_fmin-0_fmax-0-5,psi_wavelet_max_fs-1_fmin-0_fmax-0-25_max,0.09375,96,96
3388,psi_multitaper_mean_fs-1_fmin-0_fmax-0-5,psi_wavelet_max_fs-1_fmin-0-25_fmax-0-5_max,0.08333333333333333,96,96
3389,psi_multitaper_mean_fs-1_fmin-0_fmax-0-5,pec,0.10416666666666667,96,96
3390,psi_multitaper_mean_fs-1_fmin-0_fmax-0-5,pec_orth,0.20833333333333334,96,96
3391,psi_multitaper_mean_fs-1_fmin-0_fmax-0-5,pec_log,0.10416666666666667,96,96
3392,psi_multitaper_mean_fs-1_fmin-0_fmax-0-5,pec_orth_log,0.11458333333333333,96,96
3393,psi_multitaper_mean_fs-1_fmin-0_fmax-0-5,pec_orth_abs,0.10416666666666667,96,96
3394,psi_multitaper_mean_fs-1_fmin-0_fmax-0-5,pec_orth_log_abs,0.125,96,96
3395,psi_multitaper_mean_fs-1_fmin-0_fmax-0-25,psi_multitaper_mean_fs-1_fmin-0-25_fmax-0-5,0.21875,96,96
3396,psi_multitaper_mean_fs-1_fmin-0_fmax-0-25,psi_wavelet_mean_fs-1_fmin-0_fmax-0-5_mean,0.125,96,96
3397,psi_multitaper_mean_fs-1_fmin-0_fmax-0-25,psi_wavelet_mean_fs-1_fmin-0_fmax-0-25_mean,0.09375,96,96
3398,psi_multitaper_mean_fs-1_fmin-0_fmax-0-25,psi_wavelet_mean_fs-1_fmin-0-25_fmax-0-5_mean,0.14583333333333334,96,96
3399,psi_multitaper_mean_fs-1_fmin-0_fmax-0-25,psi_wavelet_max_fs-1_fmin-0_fmax-0-5_max,0.125,96,96
3400,psi_multitaper_mean_fs-1_fmin-0_fmax-0-25,psi_wavelet_max_fs-1_fmin-0_fmax-0-25_max,0.08333333333333333,96,96
3401,psi_multitaper_mean_fs-1_fmin-0_fmax-0-25,psi_wavelet_max_fs-1_fmin-0-25_fmax-0-5_max,0.11458333333333333,96,96
3402,psi_multitaper_mean_fs-1_fmin-0_fmax-0-25,pec,0.09375,96,96
3403,psi_multitaper_mean_fs-1_fmin-0_fmax-0-25,pec_orth,0.09375,96,96
3404,psi_multitaper_mean_fs-1_fmin-0_fmax-0-25,pec_log,0.125,96,96
3405,psi_multitaper_mean_fs-1_fmin-0_fmax-0-25,pec_orth_log,0.10416666666666667,96,96
3406,psi_multitaper_mean_fs-1_fmin-0_fmax-0-25,pec_orth_abs,0.07291666666666667,96,96
3407,psi_multitaper_mean_fs-1_fmin-0_fmax-0-25,pec_orth_log_abs,0.11458333333333333,96,96
3408,psi_multitaper_mean_fs-1_fmin-0-25_fmax-0-5,psi_wavelet_mean_fs-1_fmin-0_fmax-0-5_mean,0.13541666666666666,96,96
3409,psi_multitaper_mean_fs-1_fmin-0-25_fmax-0-5,psi_wavelet_mean_fs-1_fmin-0_fmax-0-25_mean,0.09375,96,96
3410,psi_multitaper_mean_fs-1_fmin-0-25_fmax-0-5,psi_wavelet_mean_fs-1_fmin-0-25_fmax-0-5_mean,0.09375,96,96
3411,psi_multitaper_mean_fs-1_fmin-0-25_fmax-0-5,psi_wavelet_max_fs-1_fmin-0_fmax-0-5_max,0.09375,96,96
3412,psi_multitaper_mean_fs-1_fmin-0-25_fmax-0-5,psi_wavelet_max_fs-1_fmin-0_fmax-0-25_max,0.11458333333333333,96,96
3413,psi_multitaper_mean_fs-1_fmin-0-25_fmax-0-5,psi_wavelet_max_fs-1_fmin-0-25_fmax-0-5_max,0.1875,96,96
3414,psi_multitaper_mean_fs-1_fmin-0-25_fmax-0-5,pec,0.11458333333333333,96,96
3415,psi_multitaper_mean_fs-1_fmin-0-25_fmax-0-5,pec_orth,0.16666666666666666,96,96
3416,psi_multitaper_mean_fs-1_fmin-0-25_fmax-0-5,pec_log,0.19791666666666666,96,96
3417,psi_multitaper_mean_fs-1_fmin-0-25_fmax-0-5,pec_orth_log,0.14583333333333334,96,96
3418,psi_multitaper_mean_fs-1_fmin-0-25_fmax-0-5,pec_orth_abs,0.07291666666666667,96,96
3419,psi_multitaper_mean_fs-1_fmin-0-25_fmax-0-5,pec_orth_log_abs,0.1875,96,96
3420,psi_wavelet_mean_fs-1_fmin-0_fmax-0-5_mean,psi_wavelet_mean_fs-1_fmin-0_fmax-0-25_mean,0.998205117986382,96,96
3421,psi_wavelet_mean_fs-1_fmin-0_fmax-0-5_mean,psi_wavelet_mean_fs-1_fmin-0-25_fmax-0-5_mean,0.4870198036794583,96,96
3422,psi_wavelet_mean_fs-1_fmin-0_fmax-0-5_mean,psi_wavelet_max_fs-1_fmin-0_fmax-0-5_max,0.8855873557522477,96,96
3423,psi_wavelet_mean_fs-1_fmin-0_fmax-0-5_mean,psi_wavelet_max_fs-1_fmin-0_fmax-0-25_max,0.9983795721402103,96,96
3424,psi_wavelet_mean_fs-1_fmin-0_fmax-0-5_mean,psi_wavelet_max_fs-1_fmin-0-25_fmax-0-5_max,0.8941628880415968,96,96
3425,psi_wavelet_mean_fs-1_fmin-0_fmax-0-5_mean,pec,0.11192343810771266,96,96
3426,psi_wavelet_mean_fs-1_fmin-0_fmax-0-5_mean,pec_orth,0.13168178924492968,96,96
3427,psi_wavelet_mean_fs-1_fmin-0_fmax-0-5_mean,pec_log,0.16134441291399715,96,96
3428,psi_wavelet_mean_fs-1_fmin-0_fmax-0-5_mean,pec_orth_log,0.1466875177067637,96,96
3429,psi_wavelet_mean_fs-1_fmin-0_fmax-0-5_mean,pec_orth_abs,0.11607132864001912,96,96
3430,psi_wavelet_mean_fs-1_fmin-0_fmax-0-5_mean,pec_orth_log_abs,0.1408417011806875,96,96
3431,psi_wavelet_mean_fs-1_fmin-0_fmax-0-25_mean,psi_wavelet_mean_fs-1_fmin-0-25_fmax-0-5_mean,0.9456108124677381,96,96
3432,psi_wavelet_mean_fs-1_fmin-0_fmax-0-25_mean,psi_wavelet_max_fs-1_fmin-0_fmax-0-5_max,0.9337495014994874,96,96
3433,psi_wavelet_mean_fs-1_fmin-0_fmax-0-25_mean,psi_wavelet_max_fs-1_fmin-0_fmax-0-25_max,0.9914614664457967,96,96
3434,psi_wavelet_mean_fs-1_fmin-0_fmax-0-25_mean,psi_wavelet_max_fs-1_fmin-0-25_fmax-0-5_max,0.9588183508015851,96,96
3435,psi_wavelet_mean_fs-1_fmin-0_fmax-0-25_mean,pec,0.10329698707372026,96,96
3436,psi_wavelet_mean_fs-1_fmin-0_fmax-0-25_mean,pec_orth,0.11715659292792624,96,96
3437,psi_wavelet_mean_fs-1_fmin-0_fmax-0-25_mean,pec_log,0.14496548118871566,96,96
3438,psi_wavelet_mean_fs-1_fmin-0_fmax-0-25_mean,pec_orth_log,0.14327429156073246,96,96
3439,psi_wavelet_mean_fs-1_fmin-0_fmax-0-25_mean,pec_orth_abs,0.1114488984146208,96,96
3440,psi_wavelet_mean_fs-1_fmin-0_fmax-0-25_mean,pec_orth_log_abs,0.13050222112638488,96,96
3441,psi_wavelet_mean_fs-1_fmin-0-25_fmax-0-5_mean,psi_wavelet_max_fs-1_fmin-0_fmax-0-5_max,0.9583736623689298,96,96
3442,psi_wavelet_mean_fs-1_fmin-0-25_fmax-0-5_mean,psi_wavelet_max_fs-1_fmin-0_fmax-0-25_max,0.9488500511738835,96,96
3443,psi_wavelet_mean_fs-1_fmin-0-25_fmax-0-5_mean,psi_wavelet_max_fs-1_fmin-0-25_fmax-0-5_max,0.9564341415767661,96,96
3444,psi_wavelet_mean_fs-1_fmin-0-25_fmax-0-5_mean,pec,0.12464417687380891,96,96
3445,psi_wavelet_mean_fs-1_fmin-0-25_fmax-0-5_mean,pec_orth,0.13786697752942834,96,96
3446,psi_wavelet_mean_fs-1_fmin-0-25_fmax-0-5_mean,pec_log,0.16440231707718866,96,96
3447,psi_wavelet_mean_fs-1_fmin-0-25_fmax-0-5_mean,pec_orth_log,0.13490352985560616,96,96
3448,psi_wavelet_mean_fs-1_fmin-0-25_fmax-0-5_mean,pec_orth_abs,0.10046499052006785,96,96
3449,psi_wavelet_mean_fs-1_fmin-0-25_fmax-0-5_mean,pec_orth_log_abs,0.09463979098510633,96,96
3450,psi_wavelet_max_fs-1_fmin-0_fmax-0-5_max,psi_wavelet_max_fs-1_fmin-0_fmax-0-25_max,0.9320936523814728,96,96
3451,psi_wavelet_max_fs-1_fmin-0_fmax-0-5_max,psi_wavelet_max_fs-1_fmin-0-25_fmax-0-5_max,0.9942497212438872,96,96
3452,psi_wavelet_max_fs-1_fmin-0_fmax-0-5_max,pec,0.11073267266025077,96,96
3453,psi_wavelet_max_fs-1_fmin-0_fmax-0-5_max,pec_orth,0.12788877814503674,96,96
3454,psi_wavelet_max_fs-1_fmin-0_fmax-0-5_max,pec_log,0.1723884132892297,96,96
3455,psi_wavelet_max_fs-1_fmin-0_fmax-0-5_max,pec_orth_log,0.14892962214749872,96,96
3456,psi_wavelet_max_fs-1_fmin-0_fmax-0-5_max,pec_orth_abs,0.12233558599521333,96,96
3457,psi_wavelet_max_fs-1_fmin-0_fmax-0-5_max,pec_orth_log_abs,0.1317428285443517,96,96
3458,psi_wavelet_max_fs-1_fmin-0_fmax-0-25_max,psi_wavelet_max_fs-1_fmin-0-25_fmax-0-5_max,0.9583741394228483,96,96
3459,psi_wavelet_max_fs-1_fmin-0_fmax-0-25_max,pec,0.09757094130361599,96,96
3460,psi_wavelet_max_fs-1_fmin-0_fmax-0-25_max,pec_orth,0.11580654260372081,96,96
3461,psi_wavelet_max_fs-1_fmin-0_fmax-0-25_max,pec_log,0.14568023496497184,96,96
3462,psi_wavelet_max_fs-1_fmin-0_fmax-0-25_max,pec_orth_log,0.1411273014600002,96,96
3463,psi_wavelet_max_fs-1_fmin-0_fmax-0-25_max,pec_orth_abs,0.11344755098885839,96,96
3464,psi_wavelet_max_fs-1_fmin-0_fmax-0-25_max,pec_orth_log_abs,0.1429165310849455,96,96
3465,psi_wavelet_max_fs-1_fmin-0-25_fmax-0-5_max,pec,0.11616433026605566,96,96
3466,psi_wavelet_max_fs-1_fmin-0-25_fmax-0-5_max,pec_orth,0.12253386086573659,96,96
3467,psi_wavelet_max_fs-1_fmin-0-25_fmax-0-5_max,pec_log,0.17841030074136754,96,96
3468,psi_wavelet_max_fs-1_fmin-0-25_fmax-0-5_max,pec_orth_log,0.15988780047754858,96,96
3469,psi_wavelet_max_fs-1_fmin-0-25_fmax-0-5_max,pec_orth_abs,0.12310221110297281,96,96
3470,psi_wavelet_max_fs-1_fmin-0-25_fmax-0-5_max,pec_orth_log_abs,0.10998299136960332,96,96
3471,pec,pec_orth,0.8339977602647446,96,96
3472,pec,pec_log,0.38545547806429276,96,96
3473,pec,pec_orth_log,0.7006659507243599,96,96
3474,pec,pec_orth_abs,0.27599316129027884,96,96
3475,pec,pec_orth_log_abs,0.1891312632193661,96,96
3476,pec_orth,pec_log,0.7523518359043344,96,96
3477,pec_orth,pec_orth_log,0.441070833211734,96,96
3478,pec_orth,pec_orth_abs,0.29650219739456607,96,96
3479,pec_orth,pec_orth_log_abs,0.4708868644036223,96,96
3480,pec_log,pec_orth_log,0.7568508145527391,96,96
3481,pec_log,pec_orth_abs,0.23217749730289974,96,96
3482,pec_log,pec_orth_log_abs,0.16936433645770468,96,96
3483,pec_orth_log,pec_orth_abs,0.3495075138200806,96,96
3484,pec_orth_log,pec_orth_log_abs,0.3982360875949432,96,96
3485,pec_orth_abs,pec_orth_log_abs,0.6105720774491242,96,96
