feature_index,SPI-1,SPI-2,ks_statistic,n_VAR(1)-Symmetric,n_VAR(1)-Unidirectional
0,xcorr_max_sig-True,xcorr-sq_max_sig-True,0.820084047033696,96,96
1,xcorr_max_sig-True,xcorr_mean_sig-True,0.2702349718560124,96,96
2,xcorr_max_sig-True,xcorr-sq_mean_sig-True,0.3819580846162819,96,96
3,xcorr_max_sig-True,xcorr_mean_sig-False,0.10714086016942861,96,96
4,xcorr_max_sig-True,xcorr-sq_mean_sig-False,0.1561805673172667,96,96
5,xcorr_max_sig-True,je_gaussian,0.826045284301463,96,96
6,xcorr_max_sig-True,je_kozachenko,0.9462372433919812,96,96
7,xcorr_max_sig-True,je_kernel_W-0.5,0.8609885113214638,96,96
8,xcorr_max_sig-True,ce_gaussian,0.826045284301463,96,96
9,xcorr_max_sig-True,ce_kozachenko,0.9471600453272417,96,96
10,xcorr_max_sig-True,ce_kernel_W-0.5,0.870529691905815,96,96
11,xcorr_max_sig-True,cce_gaussian__ij,0.3892369015822382,96,96
12,xcorr_max_sig-True,cce_gaussian__ji,0.11760155407066891,96,96
13,xcorr_max_sig-True,cce_kozachenko__ij,0.549306607318053,96,96
14,xcorr_max_sig-True,cce_kozachenko__ji,0.10412883496434039,96,96
15,xcorr_max_sig-True,cce_kernel_W-0.5__ij,0.5921364664689373,96,96
16,xcorr_max_sig-True,cce_kernel_W-0.5__ji,0.1281766353198852,96,96
17,xcorr_max_sig-True,di_gaussian__ij,0.639040037026574,96,96
18,xcorr_max_sig-True,di_gaussian__ji,0.13471274968837954,96,96
19,xcorr_max_sig-True,di_kozachenko__ij,0.7263253314671463,96,96
20,xcorr_max_sig-True,di_kozachenko__ji,0.1343291651748139,96,96
21,xcorr_max_sig-True,di_kernel_W-0.5__ij,0.6102987959879685,96,96
22,xcorr_max_sig-True,di_kernel_W-0.5__ji,0.15418970678513233,96,96
23,xcorr_max_sig-True,mi_gaussian,0.8260452843014628,96,96
24,xcorr_max_sig-True,mi_kraskov_NN-4,0.9217167419516566,96,96
25,xcorr_max_sig-True,mi_kraskov_NN-4_DCE,0.930812526039854,96,96
26,xcorr_max_sig-True,mi_kernel_W-0.25,0.8739351202601634,96,96
27,xcorr_max_sig-True,tlmi_gaussian__ij,0.846670113978867,96,96
28,xcorr_max_sig-True,tlmi_gaussian__ji,0.1467693355748333,96,96
29,xcorr_max_sig-True,tlmi_kraskov_NN-4__ij,0.885299525696909,96,96
30,xcorr_max_sig-True,tlmi_kraskov_NN-4__ji,0.17992377075110313,96,96
31,xcorr_max_sig-True,tlmi_kraskov_NN-4_DCE__ij,0.9129048417385164,96,96
32,xcorr_max_sig-True,tlmi_kraskov_NN-4_DCE__ji,0.17929055661422807,96,96
33,xcorr_max_sig-True,tlmi_kernel_W-0.25__ij,0.859781414138786,96,96
34,xcorr_max_sig-True,tlmi_kernel_W-0.25__ji,0.2179966611014103,96,96
35,xcorr_max_sig-True,te_kraskov_NN-4_k-max-10_tau-max-4__ij,0.18781761334554908,96,96
36,xcorr_max_sig-True,te_kraskov_NN-4_k-max-10_tau-max-4__ji,0.1382562570678076,96,96
37,xcorr_max_sig-True,te_kraskov_NN-4_DCE_k-max-10_tau-max-4__ij,0.3788591281533397,96,96
38,xcorr_max_sig-True,te_kraskov_NN-4_DCE_k-max-10_tau-max-4__ji,0.22131712524399325,96,96
39,xcorr_max_sig-True,te_kraskov_NN-4_DCE_k-2_kt-1_l-1_lt-1__ij,0.402203626979738,96,96
40,xcorr_max_sig-True,te_kraskov_NN-4_DCE_k-2_kt-1_l-1_lt-1__ji,0.09189553079815088,96,96
41,xcorr_max_sig-True,te_kraskov_NN-4_DCE_k-1_kt-1_l-1_lt-1__ij,0.49275340285408664,96,96
42,xcorr_max_sig-True,te_kraskov_NN-4_DCE_k-1_kt-1_l-1_lt-1__ji,0.09601033795934794,96,96
43,xcorr_max_sig-True,te_kraskov_NN-4_k-1_kt-1_l-1_lt-1__ij,0.37329632254237605,96,96
44,xcorr_max_sig-True,te_kraskov_NN-4_k-1_kt-1_l-1_lt-1__ji,0.07396865125573493,96,96
45,xcorr_max_sig-True,te_kernel_W-0.25_k-1__ij,0.21301993136593733,96,96
46,xcorr_max_sig-True,te_kernel_W-0.25_k-1__ji,0.04358016066588999,96,96
47,xcorr_max_sig-True,gc_gaussian_k-max-10_tau-max-2__ij,0.6687653664153168,96,96
48,xcorr_max_sig-True,gc_gaussian_k-max-10_tau-max-2__ji,0.156296637424232,96,96
49,xcorr_max_sig-True,gc_gaussian_k-1_kt-1_l-1_lt-1__ij,0.8710808332154905,96,96
50,xcorr_max_sig-True,gc_gaussian_k-1_kt-1_l-1_lt-1__ji,0.24339816384105994,96,96
51,xcorr_max_sig-True,te_symbolic_k-1_kt-1_l-1_lt-1__ij,0.8710808332154905,96,96
52,xcorr_max_sig-True,te_symbolic_k-1_kt-1_l-1_lt-1__ji,0.24339816384105994,96,96
53,xcorr_max_sig-True,te_symbolic_k-10_kt-1_l-1_lt-1__ij,0.7073229127186735,96,96
54,xcorr_max_sig-True,te_symbolic_k-10_kt-1_l-1_lt-1__ji,0.2289679579277989,96,96
55,xcorr-sq_max_sig-True,xcorr_mean_sig-True,0.10612326590659722,96,96
56,xcorr-sq_max_sig-True,xcorr-sq_mean_sig-True,0.4778743154566582,96,96
57,xcorr-sq_max_sig-True,xcorr_mean_sig-False,0.11022229918615933,96,96
58,xcorr-sq_max_sig-True,xcorr-sq_mean_sig-False,0.22728491705240678,96,96
59,xcorr-sq_max_sig-True,je_gaussian,0.8155929674072797,96,96
60,xcorr-sq_max_sig-True,je_kozachenko,0.9481461558026487,96,96
61,xcorr-sq_max_sig-True,je_kernel_W-0.5,0.8524135827261851,96,96
62,xcorr-sq_max_sig-True,ce_gaussian,0.8155929674072797,96,96
63,xcorr-sq_max_sig-True,ce_kozachenko,0.9514509439109261,96,96
64,xcorr-sq_max_sig-True,ce_kernel_W-0.5,0.8635202309315317,96,96
65,xcorr-sq_max_sig-True,cce_gaussian__ij,0.37671371418683924,96,96
66,xcorr-sq_max_sig-True,cce_gaussian__ji,0.0911224055882196,96,96
67,xcorr-sq_max_sig-True,cce_kozachenko__ij,0.555088986115945,96,96
68,xcorr-sq_max_sig-True,cce_kozachenko__ji,0.08818000609898041,96,96
69,xcorr-sq_max_sig-True,cce_kernel_W-0.5__ij,0.5657572353171316,96,96
70,xcorr-sq_max_sig-True,cce_kernel_W-0.5__ji,0.11057183855094727,96,96
71,xcorr-sq_max_sig-True,di_gaussian__ij,0.6325024509936434,96,96
72,xcorr-sq_max_sig-True,di_gaussian__ji,0.08865711697176681,96,96
73,xcorr-sq_max_sig-True,di_kozachenko__ij,0.7220663233136567,96,96
74,xcorr-sq_max_sig-True,di_kozachenko__ji,0.1169585847266828,96,96
75,xcorr-sq_max_sig-True,di_kernel_W-0.5__ij,0.612019124485806,96,96
76,xcorr-sq_max_sig-True,di_kernel_W-0.5__ji,0.1719522866706945,96,96
77,xcorr-sq_max_sig-True,mi_gaussian,0.8155929674072794,96,96
78,xcorr-sq_max_sig-True,mi_kraskov_NN-4,0.9396991632581645,96,96
79,xcorr-sq_max_sig-True,mi_kraskov_NN-4_DCE,0.9455898185906734,96,96
80,xcorr-sq_max_sig-True,mi_kernel_W-0.25,0.8583275786515167,96,96
81,xcorr-sq_max_sig-True,tlmi_gaussian__ij,0.8395997132054918,96,96
82,xcorr-sq_max_sig-True,tlmi_gaussian__ji,0.12964335961863588,96,96
83,xcorr-sq_max_sig-True,tlmi_kraskov_NN-4__ij,0.8778192841205859,96,96
84,xcorr-sq_max_sig-True,tlmi_kraskov_NN-4__ji,0.17227562786106657,96,96
85,xcorr-sq_max_sig-True,tlmi_kraskov_NN-4_DCE__ij,0.9060561524888986,96,96
86,xcorr-sq_max_sig-True,tlmi_kraskov_NN-4_DCE__ji,0.16567966015794816,96,96
87,xcorr-sq_max_sig-True,tlmi_kernel_W-0.25__ij,0.8628226538087262,96,96
88,xcorr-sq_max_sig-True,tlmi_kernel_W-0.25__ji,0.21276576612011533,96,96
89,xcorr-sq_max_sig-True,te_kraskov_NN-4_k-max-10_tau-max-4__ij,0.1776268457586181,96,96
90,xcorr-sq_max_sig-True,te_kraskov_NN-4_k-max-10_tau-max-4__ji,0.11275433130115664,96,96
91,xcorr-sq_max_sig-True,te_kraskov_NN-4_DCE_k-max-10_tau-max-4__ij,0.3719341480745221,96,96
92,xcorr-sq_max_sig-True,te_kraskov_NN-4_DCE_k-max-10_tau-max-4__ji,0.1951209176468937,96,96
93,xcorr-sq_max_sig-True,te_kraskov_NN-4_DCE_k-2_kt-1_l-1_lt-1__ij,0.3965064008686172,96,96
94,xcorr-sq_max_sig-True,te_kraskov_NN-4_DCE_k-2_kt-1_l-1_lt-1__ji,0.11521961023548266,96,96
95,xcorr-sq_max_sig-True,te_kraskov_NN-4_DCE_k-1_kt-1_l-1_lt-1__ij,0.5050925172994525,96,96
96,xcorr-sq_max_sig-True,te_kraskov_NN-4_DCE_k-1_kt-1_l-1_lt-1__ji,0.11663052408286223,96,96
97,xcorr-sq_max_sig-True,te_kraskov_NN-4_k-1_kt-1_l-1_lt-1__ij,0.3947024741632871,96,96
98,xcorr-sq_max_sig-True,te_kraskov_NN-4_k-1_kt-1_l-1_lt-1__ji,0.09132092427815691,96,96
99,xcorr-sq_max_sig-True,te_kernel_W-0.25_k-1__ij,0.21023280277128414,96,96
100,xcorr-sq_max_sig-True,te_kernel_W-0.25_k-1__ji,0.07177171421956186,96,96
101,xcorr-sq_max_sig-True,gc_gaussian_k-max-10_tau-max-2__ij,0.6700575679809704,96,96
102,xcorr-sq_max_sig-True,gc_gaussian_k-max-10_tau-max-2__ji,0.1409026983229104,96,96
103,xcorr-sq_max_sig-True,gc_gaussian_k-1_kt-1_l-1_lt-1__ij,0.887491538248629,96,96
104,xcorr-sq_max_sig-True,gc_gaussian_k-1_kt-1_l-1_lt-1__ji,0.22861123508541387,96,96
105,xcorr-sq_max_sig-True,te_symbolic_k-1_kt-1_l-1_lt-1__ij,0.887491538248629,96,96
106,xcorr-sq_max_sig-True,te_symbolic_k-1_kt-1_l-1_lt-1__ji,0.22861123508541387,96,96
107,xcorr-sq_max_sig-True,te_symbolic_k-10_kt-1_l-1_lt-1__ij,0.7305702030603,96,96
108,xcorr-sq_max_sig-True,te_symbolic_k-10_kt-1_l-1_lt-1__ji,0.22364810487571612,96,96
109,xcorr_mean_sig-True,xcorr-sq_mean_sig-True,0.4316955816224286,96,96
110,xcorr_mean_sig-True,xcorr_mean_sig-False,0.23562602279185788,96,96
111,xcorr_mean_sig-True,xcorr-sq_mean_sig-False,0.28852197368381216,96,96
112,xcorr_mean_sig-True,je_gaussian,0.11594891898027565,96,96
113,xcorr_mean_sig-True,je_kozachenko,0.26824891754219804,96,96
114,xcorr_mean_sig-True,je_kernel_W-0.5,0.13401670253073064,96,96
115,xcorr_mean_sig-True,ce_gaussian,0.11594891898027565,96,96
116,xcorr_mean_sig-True,ce_kozachenko,0.3012321523894115,96,96
117,xcorr_mean_sig-True,ce_kernel_W-0.5,0.13757535584772632,96,96
118,xcorr_mean_sig-True,cce_gaussian__ij,0.15599136133581035,96,96
119,xcorr_mean_sig-True,cce_gaussian__ji,0.1345155397231258,96,96
120,xcorr_mean_sig-True,cce_kozachenko__ij,0.24742527006802884,96,96
121,xcorr_mean_sig-True,cce_kozachenko__ji,0.08708608688656738,96,96
122,xcorr_mean_sig-True,cce_kernel_W-0.5__ij,0.19984401264799165,96,96
123,xcorr_mean_sig-True,cce_kernel_W-0.5__ji,0.06940688245443194,96,96
124,xcorr_mean_sig-True,di_gaussian__ij,0.1410166845382348,96,96
125,xcorr_mean_sig-True,di_gaussian__ji,0.13646075458481166,96,96
126,xcorr_mean_sig-True,di_kozachenko__ij,0.2190502255980885,96,96
127,xcorr_mean_sig-True,di_kozachenko__ji,0.08088394427317142,96,96
128,xcorr_mean_sig-True,di_kernel_W-0.5__ij,0.1081448156580459,96,96
129,xcorr_mean_sig-True,di_kernel_W-0.5__ji,0.030243189605873133,96,96
130,xcorr_mean_sig-True,mi_gaussian,0.11594891898027604,96,96
131,xcorr_mean_sig-True,mi_kraskov_NN-4,0.18391071832959227,96,96
132,xcorr_mean_sig-True,mi_kraskov_NN-4_DCE,0.22011668653781458,96,96
133,xcorr_mean_sig-True,mi_kernel_W-0.25,0.15735287496767547,96,96
134,xcorr_mean_sig-True,tlmi_gaussian__ij,0.12883641884183117,96,96
135,xcorr_mean_sig-True,tlmi_gaussian__ji,0.11006838624542803,96,96
136,xcorr_mean_sig-True,tlmi_kraskov_NN-4__ij,0.16973259037859512,96,96
137,xcorr_mean_sig-True,tlmi_kraskov_NN-4__ji,0.15411864602902836,96,96
138,xcorr_mean_sig-True,tlmi_kraskov_NN-4_DCE__ij,0.20334795405371398,96,96
139,xcorr_mean_sig-True,tlmi_kraskov_NN-4_DCE__ji,0.1495979650886946,96,96
140,xcorr_mean_sig-True,tlmi_kernel_W-0.25__ij,0.14897443961920975,96,96
141,xcorr_mean_sig-True,tlmi_kernel_W-0.25__ji,0.11793398338896466,96,96
142,xcorr_mean_sig-True,te_kraskov_NN-4_k-max-10_tau-max-4__ij,0.07454324950290853,96,96
143,xcorr_mean_sig-True,te_kraskov_NN-4_k-max-10_tau-max-4__ji,0.10550058857317629,96,96
144,xcorr_mean_sig-True,te_kraskov_NN-4_DCE_k-max-10_tau-max-4__ij,0.07158355096740285,96,96
145,xcorr_mean_sig-True,te_kraskov_NN-4_DCE_k-max-10_tau-max-4__ji,0.0976345094204576,96,96
146,xcorr_mean_sig-True,te_kraskov_NN-4_DCE_k-2_kt-1_l-1_lt-1__ij,0.10272648333466503,96,96
147,xcorr_mean_sig-True,te_kraskov_NN-4_DCE_k-2_kt-1_l-1_lt-1__ji,0.08496390689019323,96,96
148,xcorr_mean_sig-True,te_kraskov_NN-4_DCE_k-1_kt-1_l-1_lt-1__ij,0.08706404412541624,96,96
149,xcorr_mean_sig-True,te_kraskov_NN-4_DCE_k-1_kt-1_l-1_lt-1__ji,0.08338394074339167,96,96
150,xcorr_mean_sig-True,te_kraskov_NN-4_k-1_kt-1_l-1_lt-1__ij,0.07666591529025324,96,96
151,xcorr_mean_sig-True,te_kraskov_NN-4_k-1_kt-1_l-1_lt-1__ji,0.0729970894046103,96,96
152,xcorr_mean_sig-True,te_kernel_W-0.25_k-1__ij,0.2619453679136429,96,96
153,xcorr_mean_sig-True,te_kernel_W-0.25_k-1__ji,0.02809954979835627,96,96
154,xcorr_mean_sig-True,gc_gaussian_k-max-10_tau-max-2__ij,0.0619728283471197,96,96
155,xcorr_mean_sig-True,gc_gaussian_k-max-10_tau-max-2__ji,0.07463191263131697,96,96
156,xcorr_mean_sig-True,gc_gaussian_k-1_kt-1_l-1_lt-1__ij,0.13361982489692603,96,96
157,xcorr_mean_sig-True,gc_gaussian_k-1_kt-1_l-1_lt-1__ji,0.11947726496870026,96,96
158,xcorr_mean_sig-True,te_symbolic_k-1_kt-1_l-1_lt-1__ij,0.13361982489692603,96,96
159,xcorr_mean_sig-True,te_symbolic_k-1_kt-1_l-1_lt-1__ji,0.11947726496870026,96,96
160,xcorr_mean_sig-True,te_symbolic_k-10_kt-1_l-1_lt-1__ij,0.08937257166167445,96,96
161,xcorr_mean_sig-True,te_symbolic_k-10_kt-1_l-1_lt-1__ji,0.12407720732496763,96,96
162,xcorr-sq_mean_sig-True,xcorr_mean_sig-False,0.23744535276869894,96,96
163,xcorr-sq_mean_sig-True,xcorr-sq_mean_sig-False,0.4460999759113554,96,96
164,xcorr-sq_mean_sig-True,je_gaussian,0.08470214136164955,96,96
165,xcorr-sq_mean_sig-True,je_kozachenko,0.514156952481388,96,96
166,xcorr-sq_mean_sig-True,je_kernel_W-0.5,0.1489319937900377,96,96
167,xcorr-sq_mean_sig-True,ce_gaussian,0.08470214136164955,96,96
168,xcorr-sq_mean_sig-True,ce_kozachenko,0.5385462876355683,96,96
169,xcorr-sq_mean_sig-True,ce_kernel_W-0.5,0.1460971418530517,96,96
170,xcorr-sq_mean_sig-True,cce_gaussian__ij,0.15876145693586838,96,96
171,xcorr-sq_mean_sig-True,cce_gaussian__ji,0.08590115898235628,96,96
172,xcorr-sq_mean_sig-True,cce_kozachenko__ij,0.3244556202471787,96,96
173,xcorr-sq_mean_sig-True,cce_kozachenko__ji,0.08732690041533925,96,96
174,xcorr-sq_mean_sig-True,cce_kernel_W-0.5__ij,0.3222767664931736,96,96
175,xcorr-sq_mean_sig-True,cce_kernel_W-0.5__ji,0.11727739938580717,96,96
176,xcorr-sq_mean_sig-True,di_gaussian__ij,0.12135599442319733,96,96
177,xcorr-sq_mean_sig-True,di_gaussian__ji,0.06267589363147885,96,96
178,xcorr-sq_mean_sig-True,di_kozachenko__ij,0.3254044578114519,96,96
179,xcorr-sq_mean_sig-True,di_kozachenko__ji,0.08366352893769974,96,96
180,xcorr-sq_mean_sig-True,di_kernel_W-0.5__ij,0.29943836677056923,96,96
181,xcorr-sq_mean_sig-True,di_kernel_W-0.5__ji,0.13521432059552785,96,96
182,xcorr-sq_mean_sig-True,mi_gaussian,0.08470214136164902,96,96
183,xcorr-sq_mean_sig-True,mi_kraskov_NN-4,0.36429593891439216,96,96
184,xcorr-sq_mean_sig-True,mi_kraskov_NN-4_DCE,0.40467776691990626,96,96
185,xcorr-sq_mean_sig-True,mi_kernel_W-0.25,0.19624323891468676,96,96
186,xcorr-sq_mean_sig-True,tlmi_gaussian__ij,0.1200501386651236,96,96
187,xcorr-sq_mean_sig-True,tlmi_gaussian__ji,0.08536188330366501,96,96
188,xcorr-sq_mean_sig-True,tlmi_kraskov_NN-4__ij,0.2284481480447249,96,96
189,xcorr-sq_mean_sig-True,tlmi_kraskov_NN-4__ji,0.08701231396388875,96,96
190,xcorr-sq_mean_sig-True,tlmi_kraskov_NN-4_DCE__ij,0.27179530966525006,96,96
191,xcorr-sq_mean_sig-True,tlmi_kraskov_NN-4_DCE__ji,0.08642373455153862,96,96
192,xcorr-sq_mean_sig-True,tlmi_kernel_W-0.25__ij,0.1789606790497862,96,96
193,xcorr-sq_mean_sig-True,tlmi_kernel_W-0.25__ji,0.13162311372362406,96,96
194,xcorr-sq_mean_sig-True,te_kraskov_NN-4_k-max-10_tau-max-4__ij,0.14814839302452604,96,96
195,xcorr-sq_mean_sig-True,te_kraskov_NN-4_k-max-10_tau-max-4__ji,0.13305156876598168,96,96
196,xcorr-sq_mean_sig-True,te_kraskov_NN-4_DCE_k-max-10_tau-max-4__ij,0.09777600959128997,96,96
197,xcorr-sq_mean_sig-True,te_kraskov_NN-4_DCE_k-max-10_tau-max-4__ji,0.14645833574413963,96,96
198,xcorr-sq_mean_sig-True,te_kraskov_NN-4_DCE_k-2_kt-1_l-1_lt-1__ij,0.08993485830268211,96,96
199,xcorr-sq_mean_sig-True,te_kraskov_NN-4_DCE_k-2_kt-1_l-1_lt-1__ji,0.15329945397068745,96,96
200,xcorr-sq_mean_sig-True,te_kraskov_NN-4_DCE_k-1_kt-1_l-1_lt-1__ij,0.07034604504820208,96,96
201,xcorr-sq_mean_sig-True,te_kraskov_NN-4_DCE_k-1_kt-1_l-1_lt-1__ji,0.1667109555177944,96,96
202,xcorr-sq_mean_sig-True,te_kraskov_NN-4_k-1_kt-1_l-1_lt-1__ij,0.06207893283642728,96,96
203,xcorr-sq_mean_sig-True,te_kraskov_NN-4_k-1_kt-1_l-1_lt-1__ji,0.16702598206354297,96,96
204,xcorr-sq_mean_sig-True,te_kernel_W-0.25_k-1__ij,0.2706267561633485,96,96
205,xcorr-sq_mean_sig-True,te_kernel_W-0.25_k-1__ji,0.06556059218823079,96,96
206,xcorr-sq_mean_sig-True,gc_gaussian_k-max-10_tau-max-2__ij,0.16574785618626714,96,96
207,xcorr-sq_mean_sig-True,gc_gaussian_k-max-10_tau-max-2__ji,0.10827896018649674,96,96
208,xcorr-sq_mean_sig-True,gc_gaussian_k-1_kt-1_l-1_lt-1__ij,0.19539663437929744,96,96
209,xcorr-sq_mean_sig-True,gc_gaussian_k-1_kt-1_l-1_lt-1__ji,0.20258991940605903,96,96
210,xcorr-sq_mean_sig-True,te_symbolic_k-1_kt-1_l-1_lt-1__ij,0.19539663437929744,96,96
211,xcorr-sq_mean_sig-True,te_symbolic_k-1_kt-1_l-1_lt-1__ji,0.20258991940605903,96,96
212,xcorr-sq_mean_sig-True,te_symbolic_k-10_kt-1_l-1_lt-1__ij,0.15803749844367587,96,96
213,xcorr-sq_mean_sig-True,te_symbolic_k-10_kt-1_l-1_lt-1__ji,0.19139215344114452,96,96
214,xcorr_mean_sig-False,xcorr-sq_mean_sig-False,0.2633045392422585,96,96
215,xcorr_mean_sig-False,je_gaussian,0.06410258094898433,96,96
216,xcorr_mean_sig-False,je_kozachenko,0.2446912048784931,96,96
217,xcorr_mean_sig-False,je_kernel_W-0.5,0.11274547878081304,96,96
218,xcorr_mean_sig-False,ce_gaussian,0.06410258094898433,96,96
219,xcorr_mean_sig-False,ce_kozachenko,0.21369081362260117,96,96
220,xcorr_mean_sig-False,ce_kernel_W-0.5,0.12156879442201896,96,96
221,xcorr_mean_sig-False,cce_gaussian__ij,0.15037111634024272,96,96
222,xcorr_mean_sig-False,cce_gaussian__ji,0.09787603080506055,96,96
223,xcorr_mean_sig-False,cce_kozachenko__ij,0.18015721998217493,96,96
224,xcorr_mean_sig-False,cce_kozachenko__ji,0.10393477136154927,96,96
225,xcorr_mean_sig-False,cce_kernel_W-0.5__ij,0.17041403278395792,96,96
226,xcorr_mean_sig-False,cce_kernel_W-0.5__ji,0.07044470890671034,96,96
227,xcorr_mean_sig-False,di_gaussian__ij,0.12434258221632566,96,96
228,xcorr_mean_sig-False,di_gaussian__ji,0.05659602736520375,96,96
229,xcorr_mean_sig-False,di_kozachenko__ij,0.21197484102263908,96,96
230,xcorr_mean_sig-False,di_kozachenko__ji,0.11219447916942332,96,96
231,xcorr_mean_sig-False,di_kernel_W-0.5__ij,0.026661199477911568,96,96
232,xcorr_mean_sig-False,di_kernel_W-0.5__ji,0.029043017826612894,96,96
233,xcorr_mean_sig-False,mi_gaussian,0.0641025809489838,96,96
234,xcorr_mean_sig-False,mi_kraskov_NN-4,0.13801056122832056,96,96
235,xcorr_mean_sig-False,mi_kraskov_NN-4_DCE,0.17565754488081076,96,96
236,xcorr_mean_sig-False,mi_kernel_W-0.25,0.13950717718996442,96,96
237,xcorr_mean_sig-False,tlmi_gaussian__ij,0.052221584440349855,96,96
238,xcorr_mean_sig-False,tlmi_gaussian__ji,0.05229452442615856,96,96
239,xcorr_mean_sig-False,tlmi_kraskov_NN-4__ij,0.1390281100964622,96,96
240,xcorr_mean_sig-False,tlmi_kraskov_NN-4__ji,0.16266247309061466,96,96
241,xcorr_mean_sig-False,tlmi_kraskov_NN-4_DCE__ij,0.1847555176222485,96,96
242,xcorr_mean_sig-False,tlmi_kraskov_NN-4_DCE__ji,0.15232733761762396,96,96
243,xcorr_mean_sig-False,tlmi_kernel_W-0.25__ij,0.08852180967773171,96,96
244,xcorr_mean_sig-False,tlmi_kernel_W-0.25__ji,0.07772134707615486,96,96
245,xcorr_mean_sig-False,te_kraskov_NN-4_k-max-10_tau-max-4__ij,0.09943276626264907,96,96
246,xcorr_mean_sig-False,te_kraskov_NN-4_k-max-10_tau-max-4__ji,0.0786443068478308,96,96
247,xcorr_mean_sig-False,te_kraskov_NN-4_DCE_k-max-10_tau-max-4__ij,0.08383903506963919,96,96
248,xcorr_mean_sig-False,te_kraskov_NN-4_DCE_k-max-10_tau-max-4__ji,0.03622362750244937,96,96
249,xcorr_mean_sig-False,te_kraskov_NN-4_DCE_k-2_kt-1_l-1_lt-1__ij,0.08753162650643781,96,96
250,xcorr_mean_sig-False,te_kraskov_NN-4_DCE_k-2_kt-1_l-1_lt-1__ji,0.045580020791246845,96,96
251,xcorr_mean_sig-False,te_kraskov_NN-4_DCE_k-1_kt-1_l-1_lt-1__ij,0.021339134071848953,96,96
252,xcorr_mean_sig-False,te_kraskov_NN-4_DCE_k-1_kt-1_l-1_lt-1__ji,0.09820819923714666,96,96
253,xcorr_mean_sig-False,te_kraskov_NN-4_k-1_kt-1_l-1_lt-1__ij,0.033615436026133594,96,96
254,xcorr_mean_sig-False,te_kraskov_NN-4_k-1_kt-1_l-1_lt-1__ji,0.10519331866242049,96,96
255,xcorr_mean_sig-False,te_kernel_W-0.25_k-1__ij,0.2377963882236664,96,96
256,xcorr_mean_sig-False,te_kernel_W-0.25_k-1__ji,0.04355654756842753,96,96
257,xcorr_mean_sig-False,gc_gaussian_k-max-10_tau-max-2__ij,0.0611160971521546,96,96
258,xcorr_mean_sig-False,gc_gaussian_k-max-10_tau-max-2__ji,0.01852994696323884,96,96
259,xcorr_mean_sig-False,gc_gaussian_k-1_kt-1_l-1_lt-1__ij,0.02282296281139584,96,96
260,xcorr_mean_sig-False,gc_gaussian_k-1_kt-1_l-1_lt-1__ji,0.07441722714205906,96,96
261,xcorr_mean_sig-False,te_symbolic_k-1_kt-1_l-1_lt-1__ij,0.02282296281139584,96,96
262,xcorr_mean_sig-False,te_symbolic_k-1_kt-1_l-1_lt-1__ji,0.07441722714205906,96,96
263,xcorr_mean_sig-False,te_symbolic_k-10_kt-1_l-1_lt-1__ij,0.03831602198518996,96,96
264,xcorr_mean_sig-False,te_symbolic_k-10_kt-1_l-1_lt-1__ji,0.07575792421045713,96,96
265,xcorr-sq_mean_sig-False,je_gaussian,0.12264032171313835,96,96
266,xcorr-sq_mean_sig-False,je_kozachenko,0.525559038756487,96,96
267,xcorr-sq_mean_sig-False,je_kernel_W-0.5,0.1897885226457327,96,96
268,xcorr-sq_mean_sig-False,ce_gaussian,0.12264032171313835,96,96
269,xcorr-sq_mean_sig-False,ce_kozachenko,0.5236493384018062,96,96
270,xcorr-sq_mean_sig-False,ce_kernel_W-0.5,0.18719889195576195,96,96
271,xcorr-sq_mean_sig-False,cce_gaussian__ij,0.14035711927279856,96,96
272,xcorr-sq_mean_sig-False,cce_gaussian__ji,0.12603646830600024,96,96
273,xcorr-sq_mean_sig-False,cce_kozachenko__ij,0.37278683337744445,96,96
274,xcorr-sq_mean_sig-False,cce_kozachenko__ji,0.12883884888084912,96,96
275,xcorr-sq_mean_sig-False,cce_kernel_W-0.5__ij,0.31897536473332877,96,96
276,xcorr-sq_mean_sig-False,cce_kernel_W-0.5__ji,0.1434603855102181,96,96
277,xcorr-sq_mean_sig-False,di_gaussian__ij,0.10471025718566851,96,96
278,xcorr-sq_mean_sig-False,di_gaussian__ji,0.08266817545413313,96,96
279,xcorr-sq_mean_sig-False,di_kozachenko__ij,0.35019763760091155,96,96
280,xcorr-sq_mean_sig-False,di_kozachenko__ji,0.1362619487457858,96,96
281,xcorr-sq_mean_sig-False,di_kernel_W-0.5__ij,0.31427034001683307,96,96
282,xcorr-sq_mean_sig-False,di_kernel_W-0.5__ji,0.17086084155038217,96,96
283,xcorr-sq_mean_sig-False,mi_gaussian,0.1226403217131381,96,96
284,xcorr-sq_mean_sig-False,mi_kraskov_NN-4,0.40320716682172286,96,96
285,xcorr-sq_mean_sig-False,mi_kraskov_NN-4_DCE,0.4954975816244046,96,96
286,xcorr-sq_mean_sig-False,mi_kernel_W-0.25,0.21807063964818774,96,96
287,xcorr-sq_mean_sig-False,tlmi_gaussian__ij,0.12896984508979814,96,96
288,xcorr-sq_mean_sig-False,tlmi_gaussian__ji,0.08717796760307317,96,96
289,xcorr-sq_mean_sig-False,tlmi_kraskov_NN-4__ij,0.26401365545002486,96,96
290,xcorr-sq_mean_sig-False,tlmi_kraskov_NN-4__ji,0.06803948776072982,96,96
291,xcorr-sq_mean_sig-False,tlmi_kraskov_NN-4_DCE__ij,0.355849712273545,96,96
292,xcorr-sq_mean_sig-False,tlmi_kraskov_NN-4_DCE__ji,0.07886502283147379,96,96
293,xcorr-sq_mean_sig-False,tlmi_kernel_W-0.25__ij,0.21278992041583672,96,96
294,xcorr-sq_mean_sig-False,tlmi_kernel_W-0.25__ji,0.10617966066277162,96,96
295,xcorr-sq_mean_sig-False,te_kraskov_NN-4_k-max-10_tau-max-4__ij,0.19337485621778774,96,96
296,xcorr-sq_mean_sig-False,te_kraskov_NN-4_k-max-10_tau-max-4__ji,0.0887830412397917,96,96
297,xcorr-sq_mean_sig-False,te_kraskov_NN-4_DCE_k-max-10_tau-max-4__ij,0.12932598122121003,96,96
298,xcorr-sq_mean_sig-False,te_kraskov_NN-4_DCE_k-max-10_tau-max-4__ji,0.0793968043277144,96,96
299,xcorr-sq_mean_sig-False,te_kraskov_NN-4_DCE_k-2_kt-1_l-1_lt-1__ij,0.015170954608554582,96,96
300,xcorr-sq_mean_sig-False,te_kraskov_NN-4_DCE_k-2_kt-1_l-1_lt-1__ji,0.08324296451411944,96,96
301,xcorr-sq_mean_sig-False,te_kraskov_NN-4_DCE_k-1_kt-1_l-1_lt-1__ij,0.05620057252565386,96,96
302,xcorr-sq_mean_sig-False,te_kraskov_NN-4_DCE_k-1_kt-1_l-1_lt-1__ji,0.13725486755452665,96,96
303,xcorr-sq_mean_sig-False,te_kraskov_NN-4_k-1_kt-1_l-1_lt-1__ij,0.023904547671406998,96,96
304,xcorr-sq_mean_sig-False,te_kraskov_NN-4_k-1_kt-1_l-1_lt-1__ji,0.15053001124164755,96,96
305,xcorr-sq_mean_sig-False,te_kernel_W-0.25_k-1__ij,0.24681063235130118,96,96
306,xcorr-sq_mean_sig-False,te_kernel_W-0.25_k-1__ji,0.0023506349991798126,96,96
307,xcorr-sq_mean_sig-False,gc_gaussian_k-max-10_tau-max-2__ij,0.1303969957820007,96,96
308,xcorr-sq_mean_sig-False,gc_gaussian_k-max-10_tau-max-2__ji,0.08895791951524601,96,96
309,xcorr-sq_mean_sig-False,gc_gaussian_k-1_kt-1_l-1_lt-1__ij,0.1955412300370799,96,96
310,xcorr-sq_mean_sig-False,gc_gaussian_k-1_kt-1_l-1_lt-1__ji,0.18627344625443343,96,96
311,xcorr-sq_mean_sig-False,te_symbolic_k-1_kt-1_l-1_lt-1__ij,0.1955412300370799,96,96
312,xcorr-sq_mean_sig-False,te_symbolic_k-1_kt-1_l-1_lt-1__ji,0.18627344625443343,96,96
313,xcorr-sq_mean_sig-False,te_symbolic_k-10_kt-1_l-1_lt-1__ij,0.14571647634014728,96,96
314,xcorr-sq_mean_sig-False,te_symbolic_k-10_kt-1_l-1_lt-1__ji,0.1607371930823741,96,96
315,je_gaussian,je_kozachenko,0.9506145760051598,96,96
316,je_gaussian,je_kernel_W-0.5,0.8495184427179867,96,96
317,je_gaussian,ce_gaussian,0.17708333333333334,96,96
318,je_gaussian,ce_kozachenko,0.9632129597930708,96,96
319,je_gaussian,ce_kernel_W-0.5,0.875819740607136,96,96
320,je_gaussian,cce_gaussian__ij,0.36605135792924487,96,96
321,je_gaussian,cce_gaussian__ji,0.09653999926848483,96,96
322,je_gaussian,cce_kozachenko__ij,0.5801504128301609,96,96
323,je_gaussian,cce_kozachenko__ji,0.08377553701598961,96,96
324,je_gaussian,cce_kernel_W-0.5__ij,0.5983494588225359,96,96
325,je_gaussian,cce_kernel_W-0.5__ji,0.13713264273177483,96,96
326,je_gaussian,di_gaussian__ij,0.6198178582735626,96,96
327,je_gaussian,di_gaussian__ji,0.13875848427611603,96,96
328,je_gaussian,di_kozachenko__ij,0.7673660171581071,96,96
329,je_gaussian,di_kozachenko__ji,0.08888204472947248,96,96
330,je_gaussian,di_kernel_W-0.5__ij,0.6262006123250766,96,96
331,je_gaussian,di_kernel_W-0.5__ji,0.16054639162166517,96,96
332,je_gaussian,mi_gaussian,0.15625,96,96
333,je_gaussian,mi_kraskov_NN-4,0.9512083744029717,96,96
334,je_gaussian,mi_kraskov_NN-4_DCE,0.9569856862518548,96,96
335,je_gaussian,mi_kernel_W-0.25,0.9032797522214407,96,96
336,je_gaussian,tlmi_gaussian__ij,0.9614537910464326,96,96
337,je_gaussian,tlmi_gaussian__ji,0.13682212909229363,96,96
338,je_gaussian,tlmi_kraskov_NN-4__ij,0.9188496567906989,96,96
339,je_gaussian,tlmi_kraskov_NN-4__ji,0.17083516163326562,96,96
340,je_gaussian,tlmi_kraskov_NN-4_DCE__ij,0.9418400644411624,96,96
341,je_gaussian,tlmi_kraskov_NN-4_DCE__ji,0.18249355701347603,96,96
342,je_gaussian,tlmi_kernel_W-0.25__ij,0.8824040853855128,96,96
343,je_gaussian,tlmi_kernel_W-0.25__ji,0.2165353088419426,96,96
344,je_gaussian,te_kraskov_NN-4_k-max-10_tau-max-4__ij,0.19256028531851482,96,96
345,je_gaussian,te_kraskov_NN-4_k-max-10_tau-max-4__ji,0.13611373944309146,96,96
346,je_gaussian,te_kraskov_NN-4_DCE_k-max-10_tau-max-4__ij,0.3954421913277278,96,96
347,je_gaussian,te_kraskov_NN-4_DCE_k-max-10_tau-max-4__ji,0.18749931509736928,96,96
348,je_gaussian,te_kraskov_NN-4_DCE_k-2_kt-1_l-1_lt-1__ij,0.43435111224575274,96,96
349,je_gaussian,te_kraskov_NN-4_DCE_k-2_kt-1_l-1_lt-1__ji,0.08189074995954704,96,96
350,je_gaussian,te_kraskov_NN-4_DCE_k-1_kt-1_l-1_lt-1__ij,0.503629898197152,96,96
351,je_gaussian,te_kraskov_NN-4_DCE_k-1_kt-1_l-1_lt-1__ji,0.14339253297718846,96,96
352,je_gaussian,te_kraskov_NN-4_k-1_kt-1_l-1_lt-1__ij,0.39011741231754427,96,96
353,je_gaussian,te_kraskov_NN-4_k-1_kt-1_l-1_lt-1__ji,0.11228611550935186,96,96
354,je_gaussian,te_kernel_W-0.25_k-1__ij,0.2553368916552068,96,96
355,je_gaussian,te_kernel_W-0.25_k-1__ji,0.08154144602776425,96,96
356,je_gaussian,gc_gaussian_k-max-10_tau-max-2__ij,0.6268888450920341,96,96
357,je_gaussian,gc_gaussian_k-max-10_tau-max-2__ji,0.17983309931291708,96,96
358,je_gaussian,gc_gaussian_k-1_kt-1_l-1_lt-1__ij,0.877285872047976,96,96
359,je_gaussian,gc_gaussian_k-1_kt-1_l-1_lt-1__ji,0.23798650394883153,96,96
360,je_gaussian,te_symbolic_k-1_kt-1_l-1_lt-1__ij,0.877285872047976,96,96
361,je_gaussian,te_symbolic_k-1_kt-1_l-1_lt-1__ji,0.23798650394883153,96,96
362,je_gaussian,te_symbolic_k-10_kt-1_l-1_lt-1__ij,0.7030136322785924,96,96
363,je_gaussian,te_symbolic_k-10_kt-1_l-1_lt-1__ji,0.22435879926245877,96,96
364,je_kozachenko,je_kernel_W-0.5,0.9443968614019398,96,96
365,je_kozachenko,ce_gaussian,0.9506145760051598,96,96
366,je_kozachenko,ce_kozachenko,0.6211259829130541,96,96
367,je_kozachenko,ce_kernel_W-0.5,0.942388015900018,96,96
368,je_kozachenko,cce_gaussian__ij,0.7346915522017438,96,96
369,je_kozachenko,cce_gaussian__ji,0.09357375379337382,96,96
370,je_kozachenko,cce_kozachenko__ij,0.483086541398945,96,96
371,je_kozachenko,cce_kozachenko__ji,0.034390415847163736,96,96
372,je_kozachenko,cce_kernel_W-0.5__ij,0.7128493908383906,96,96
373,je_kozachenko,cce_kernel_W-0.5__ji,0.10666356225537654,96,96
374,je_kozachenko,di_gaussian__ij,0.9146110235984525,96,96
375,je_kozachenko,di_gaussian__ji,0.11305140694138383,96,96
376,je_kozachenko,di_kozachenko__ij,0.7189190673238631,96,96
377,je_kozachenko,di_kozachenko__ji,0.0310999535957433,96,96
378,je_kozachenko,di_kernel_W-0.5__ij,0.6545529488560524,96,96
379,je_kozachenko,di_kernel_W-0.5__ji,0.13312076553403018,96,96
380,je_kozachenko,mi_gaussian,0.9506145760051605,96,96
381,je_kozachenko,mi_kraskov_NN-4,0.8987631908006563,96,96
382,je_kozachenko,mi_kraskov_NN-4_DCE,0.879705297629426,96,96
383,je_kozachenko,mi_kernel_W-0.25,0.9283869125861955,96,96
384,je_kozachenko,tlmi_gaussian__ij,0.9383657798288711,96,96
385,je_kozachenko,tlmi_gaussian__ji,0.08703466142110305,96,96
386,je_kozachenko,tlmi_kraskov_NN-4__ij,0.9558172037420583,96,96
387,je_kozachenko,tlmi_kraskov_NN-4__ji,0.14039699081284052,96,96
388,je_kozachenko,tlmi_kraskov_NN-4_DCE__ij,0.9562919483373495,96,96
389,je_kozachenko,tlmi_kraskov_NN-4_DCE__ji,0.15130487524486214,96,96
390,je_kozachenko,tlmi_kernel_W-0.25__ij,0.9679289704321431,96,96
391,je_kozachenko,tlmi_kernel_W-0.25__ji,0.16088029866484788,96,96
392,je_kozachenko,te_kraskov_NN-4_k-max-10_tau-max-4__ij,0.618535300611032,96,96
393,je_kozachenko,te_kraskov_NN-4_k-max-10_tau-max-4__ji,0.09629162606105934,96,96
394,je_kozachenko,te_kraskov_NN-4_DCE_k-max-10_tau-max-4__ij,0.7695663453714067,96,96
395,je_kozachenko,te_kraskov_NN-4_DCE_k-max-10_tau-max-4__ji,0.11630085901250209,96,96
396,je_kozachenko,te_kraskov_NN-4_DCE_k-2_kt-1_l-1_lt-1__ij,0.7269310359476904,96,96
397,je_kozachenko,te_kraskov_NN-4_DCE_k-2_kt-1_l-1_lt-1__ji,0.09275819648055206,96,96
398,je_kozachenko,te_kraskov_NN-4_DCE_k-1_kt-1_l-1_lt-1__ij,0.7877027807476618,96,96
399,je_kozachenko,te_kraskov_NN-4_DCE_k-1_kt-1_l-1_lt-1__ji,0.06552570921041745,96,96
400,je_kozachenko,te_kraskov_NN-4_k-1_kt-1_l-1_lt-1__ij,0.7291650763937012,96,96
401,je_kozachenko,te_kraskov_NN-4_k-1_kt-1_l-1_lt-1__ji,0.05906374117972191,96,96
402,je_kozachenko,te_kernel_W-0.25_k-1__ij,0.21231518358216747,96,96
403,je_kozachenko,te_kernel_W-0.25_k-1__ji,0.02407955183839014,96,96
404,je_kozachenko,gc_gaussian_k-max-10_tau-max-2__ij,0.8493114784509918,96,96
405,je_kozachenko,gc_gaussian_k-max-10_tau-max-2__ji,0.15277697690663644,96,96
406,je_kozachenko,gc_gaussian_k-1_kt-1_l-1_lt-1__ij,0.9331427622573133,96,96
407,je_kozachenko,gc_gaussian_k-1_kt-1_l-1_lt-1__ji,0.18478591943315115,96,96
408,je_kozachenko,te_symbolic_k-1_kt-1_l-1_lt-1__ij,0.9331427622573133,96,96
409,je_kozachenko,te_symbolic_k-1_kt-1_l-1_lt-1__ji,0.18478591943315115,96,96
410,je_kozachenko,te_symbolic_k-10_kt-1_l-1_lt-1__ij,0.8919824229098743,96,96
411,je_kozachenko,te_symbolic_k-10_kt-1_l-1_lt-1__ji,0.18922109031141432,96,96
412,je_kernel_W-0.5,ce_gaussian,0.8495184427179867,96,96
413,je_kernel_W-0.5,ce_kozachenko,0.9396009943617397,96,96
414,je_kernel_W-0.5,ce_kernel_W-0.5,0.5865641763268344,96,96
415,je_kernel_W-0.5,cce_gaussian__ij,0.4714255528751193,96,96
416,je_kernel_W-0.5,cce_gaussian__ji,0.0645659067190339,96,96
417,je_kernel_W-0.5,cce_kozachenko__ij,0.5972010848763634,96,96
418,je_kernel_W-0.5,cce_kozachenko__ji,0.07105766858009399,96,96
419,je_kernel_W-0.5,cce_kernel_W-0.5__ij,0.5542595434209637,96,96
420,je_kernel_W-0.5,cce_kernel_W-0.5__ji,0.0720056434591887,96,96
421,je_kernel_W-0.5,di_gaussian__ij,0.7626959840819143,96,96
422,je_kernel_W-0.5,di_gaussian__ji,0.09532336639136019,96,96
423,je_kernel_W-0.5,di_kozachenko__ij,0.75711148520514,96,96
424,je_kernel_W-0.5,di_kozachenko__ji,0.08952862921337207,96,96
425,je_kernel_W-0.5,di_kernel_W-0.5__ij,0.5611349075906858,96,96
426,je_kernel_W-0.5,di_kernel_W-0.5__ji,0.14946836992940138,96,96
427,je_kernel_W-0.5,mi_gaussian,0.8495184427179863,96,96
428,je_kernel_W-0.5,mi_kraskov_NN-4,0.9636998713076192,96,96
429,je_kernel_W-0.5,mi_kraskov_NN-4_DCE,0.9430339962475824,96,96
430,je_kernel_W-0.5,mi_kernel_W-0.25,0.8993500106014398,96,96
431,je_kernel_W-0.5,tlmi_gaussian__ij,0.8785104025905804,96,96
432,je_kernel_W-0.5,tlmi_gaussian__ji,0.12083061338277484,96,96
433,je_kernel_W-0.5,tlmi_kraskov_NN-4__ij,0.9498342647487857,96,96
434,je_kernel_W-0.5,tlmi_kraskov_NN-4__ji,0.15028991644519896,96,96
435,je_kernel_W-0.5,tlmi_kraskov_NN-4_DCE__ij,0.9410122263732074,96,96
436,je_kernel_W-0.5,tlmi_kraskov_NN-4_DCE__ji,0.14798791675294143,96,96
437,je_kernel_W-0.5,tlmi_kernel_W-0.25__ij,0.9450850545371086,96,96
438,je_kernel_W-0.5,tlmi_kernel_W-0.25__ji,0.14758416581696043,96,96
439,je_kernel_W-0.5,te_kraskov_NN-4_k-max-10_tau-max-4__ij,0.23145991198592558,96,96
440,je_kernel_W-0.5,te_kraskov_NN-4_k-max-10_tau-max-4__ji,0.11712690309995955,96,96
441,je_kernel_W-0.5,te_kraskov_NN-4_DCE_k-max-10_tau-max-4__ij,0.44325481444358533,96,96
442,je_kernel_W-0.5,te_kraskov_NN-4_DCE_k-max-10_tau-max-4__ji,0.14444048381576224,96,96
443,je_kernel_W-0.5,te_kraskov_NN-4_DCE_k-2_kt-1_l-1_lt-1__ij,0.4606065649662271,96,96
444,je_kernel_W-0.5,te_kraskov_NN-4_DCE_k-2_kt-1_l-1_lt-1__ji,0.05242222103631933,96,96
445,je_kernel_W-0.5,te_kraskov_NN-4_DCE_k-1_kt-1_l-1_lt-1__ij,0.5161805729219634,96,96
446,je_kernel_W-0.5,te_kraskov_NN-4_DCE_k-1_kt-1_l-1_lt-1__ji,0.10309222275187346,96,96
447,je_kernel_W-0.5,te_kraskov_NN-4_k-1_kt-1_l-1_lt-1__ij,0.4060473306356967,96,96
448,je_kernel_W-0.5,te_kraskov_NN-4_k-1_kt-1_l-1_lt-1__ji,0.07692114992203425,96,96
449,je_kernel_W-0.5,te_kernel_W-0.25_k-1__ij,0.20362629022204282,96,96
450,je_kernel_W-0.5,te_kernel_W-0.25_k-1__ji,0.06276781501350726,96,96
451,je_kernel_W-0.5,gc_gaussian_k-max-10_tau-max-2__ij,0.6861432803361319,96,96
452,je_kernel_W-0.5,gc_gaussian_k-max-10_tau-max-2__ji,0.14739797912925012,96,96
453,je_kernel_W-0.5,gc_gaussian_k-1_kt-1_l-1_lt-1__ij,0.8877162705736179,96,96
454,je_kernel_W-0.5,gc_gaussian_k-1_kt-1_l-1_lt-1__ji,0.21684431150155775,96,96
455,je_kernel_W-0.5,te_symbolic_k-1_kt-1_l-1_lt-1__ij,0.8877162705736179,96,96
456,je_kernel_W-0.5,te_symbolic_k-1_kt-1_l-1_lt-1__ji,0.21684431150155775,96,96
457,je_kernel_W-0.5,te_symbolic_k-10_kt-1_l-1_lt-1__ij,0.7627797495172385,96,96
458,je_kernel_W-0.5,te_symbolic_k-10_kt-1_l-1_lt-1__ji,0.22065929113660498,96,96
459,ce_gaussian,ce_kozachenko,0.9632129597930708,96,96
460,ce_gaussian,ce_kernel_W-0.5,0.875819740607136,96,96
461,ce_gaussian,cce_gaussian__ij,0.36605135792924487,96,96
462,ce_gaussian,cce_gaussian__ji,0.09653999926848483,96,96
463,ce_gaussian,cce_kozachenko__ij,0.5801504128301609,96,96
464,ce_gaussian,cce_kozachenko__ji,0.08377553701598961,96,96
465,ce_gaussian,cce_kernel_W-0.5__ij,0.5983494588225359,96,96
466,ce_gaussian,cce_kernel_W-0.5__ji,0.13713264273177483,96,96
467,ce_gaussian,di_gaussian__ij,0.6198178582735626,96,96
468,ce_gaussian,di_gaussian__ji,0.13875848427611603,96,96
469,ce_gaussian,di_kozachenko__ij,0.7673660171581071,96,96
470,ce_gaussian,di_kozachenko__ji,0.08888204472947248,96,96
471,ce_gaussian,di_kernel_W-0.5__ij,0.6262006123250766,96,96
472,ce_gaussian,di_kernel_W-0.5__ji,0.16054639162166517,96,96
473,ce_gaussian,mi_gaussian,0.07291666666666667,96,96
474,ce_gaussian,mi_kraskov_NN-4,0.9512083744029717,96,96
475,ce_gaussian,mi_kraskov_NN-4_DCE,0.9569856862518548,96,96
476,ce_gaussian,mi_kernel_W-0.25,0.9032797522214407,96,96
477,ce_gaussian,tlmi_gaussian__ij,0.9614537910464326,96,96
478,ce_gaussian,tlmi_gaussian__ji,0.13682212909229363,96,96
479,ce_gaussian,tlmi_kraskov_NN-4__ij,0.9188496567906989,96,96
480,ce_gaussian,tlmi_kraskov_NN-4__ji,0.17083516163326562,96,96
481,ce_gaussian,tlmi_kraskov_NN-4_DCE__ij,0.9418400644411624,96,96
482,ce_gaussian,tlmi_kraskov_NN-4_DCE__ji,0.18249355701347603,96,96
483,ce_gaussian,tlmi_kernel_W-0.25__ij,0.8824040853855128,96,96
484,ce_gaussian,tlmi_kernel_W-0.25__ji,0.2165353088419426,96,96
485,ce_gaussian,te_kraskov_NN-4_k-max-10_tau-max-4__ij,0.19256028531851482,96,96
486,ce_gaussian,te_kraskov_NN-4_k-max-10_tau-max-4__ji,0.13611373944309146,96,96
487,ce_gaussian,te_kraskov_NN-4_DCE_k-max-10_tau-max-4__ij,0.3954421913277278,96,96
488,ce_gaussian,te_kraskov_NN-4_DCE_k-max-10_tau-max-4__ji,0.18749931509736928,96,96
489,ce_gaussian,te_kraskov_NN-4_DCE_k-2_kt-1_l-1_lt-1__ij,0.43435111224575274,96,96
490,ce_gaussian,te_kraskov_NN-4_DCE_k-2_kt-1_l-1_lt-1__ji,0.08189074995954704,96,96
491,ce_gaussian,te_kraskov_NN-4_DCE_k-1_kt-1_l-1_lt-1__ij,0.503629898197152,96,96
492,ce_gaussian,te_kraskov_NN-4_DCE_k-1_kt-1_l-1_lt-1__ji,0.14339253297718846,96,96
493,ce_gaussian,te_kraskov_NN-4_k-1_kt-1_l-1_lt-1__ij,0.39011741231754427,96,96
494,ce_gaussian,te_kraskov_NN-4_k-1_kt-1_l-1_lt-1__ji,0.11228611550935186,96,96
495,ce_gaussian,te_kernel_W-0.25_k-1__ij,0.2553368916552068,96,96
496,ce_gaussian,te_kernel_W-0.25_k-1__ji,0.08154144602776425,96,96
497,ce_gaussian,gc_gaussian_k-max-10_tau-max-2__ij,0.6268888450920341,96,96
498,ce_gaussian,gc_gaussian_k-max-10_tau-max-2__ji,0.17983309931291708,96,96
499,ce_gaussian,gc_gaussian_k-1_kt-1_l-1_lt-1__ij,0.877285872047976,96,96
500,ce_gaussian,gc_gaussian_k-1_kt-1_l-1_lt-1__ji,0.23798650394883153,96,96
501,ce_gaussian,te_symbolic_k-1_kt-1_l-1_lt-1__ij,0.877285872047976,96,96
502,ce_gaussian,te_symbolic_k-1_kt-1_l-1_lt-1__ji,0.23798650394883153,96,96
503,ce_gaussian,te_symbolic_k-10_kt-1_l-1_lt-1__ij,0.7030136322785924,96,96
504,ce_gaussian,te_symbolic_k-10_kt-1_l-1_lt-1__ji,0.22435879926245877,96,96
505,ce_kozachenko,ce_kernel_W-0.5,0.9441400880155754,96,96
506,ce_kozachenko,cce_gaussian__ij,0.6926854269893898,96,96
507,ce_kozachenko,cce_gaussian__ji,0.08653609998997885,96,96
508,ce_kozachenko,cce_kozachenko__ij,0.4262878430146399,96,96
509,ce_kozachenko,cce_kozachenko__ji,0.0370397795615135,96,96
510,ce_kozachenko,cce_kernel_W-0.5__ij,0.6977212529702949,96,96
511,ce_kozachenko,cce_kernel_W-0.5__ji,0.09340234325856894,96,96
512,ce_kozachenko,di_gaussian__ij,0.9184156759475625,96,96
513,ce_kozachenko,di_gaussian__ji,0.12157136850485573,96,96
514,ce_kozachenko,di_kozachenko__ij,0.7031369225969777,96,96
515,ce_kozachenko,di_kozachenko__ji,0.032873636623880764,96,96
516,ce_kozachenko,di_kernel_W-0.5__ij,0.6507324036631105,96,96
517,ce_kozachenko,di_kernel_W-0.5__ji,0.11253302939921556,96,96
518,ce_kozachenko,mi_gaussian,0.9632129597930716,96,96
519,ce_kozachenko,mi_kraskov_NN-4,0.918201250591867,96,96
520,ce_kozachenko,mi_kraskov_NN-4_DCE,0.9124893215301524,96,96
521,ce_kozachenko,mi_kernel_W-0.25,0.9471076645766009,96,96
522,ce_kozachenko,tlmi_gaussian__ij,0.9553322125833884,96,96
523,ce_kozachenko,tlmi_gaussian__ji,0.08583612370070293,96,96
524,ce_kozachenko,tlmi_kraskov_NN-4__ij,0.9687172061307441,96,96
525,ce_kozachenko,tlmi_kraskov_NN-4__ji,0.13994566111607676,96,96
526,ce_kozachenko,tlmi_kraskov_NN-4_DCE__ij,0.9680671033223606,96,96
527,ce_kozachenko,tlmi_kraskov_NN-4_DCE__ji,0.15063553552295117,96,96
528,ce_kozachenko,tlmi_kernel_W-0.25__ij,0.9710938695604341,96,96
529,ce_kozachenko,tlmi_kernel_W-0.25__ji,0.1481005217316107,96,96
530,ce_kozachenko,te_kraskov_NN-4_k-max-10_tau-max-4__ij,0.633005777555849,96,96
531,ce_kozachenko,te_kraskov_NN-4_k-max-10_tau-max-4__ji,0.1433802611622571,96,96
532,ce_kozachenko,te_kraskov_NN-4_DCE_k-max-10_tau-max-4__ij,0.7592573289156219,96,96
533,ce_kozachenko,te_kraskov_NN-4_DCE_k-max-10_tau-max-4__ji,0.11987941851088058,96,96
534,ce_kozachenko,te_kraskov_NN-4_DCE_k-2_kt-1_l-1_lt-1__ij,0.759976842068214,96,96
535,ce_kozachenko,te_kraskov_NN-4_DCE_k-2_kt-1_l-1_lt-1__ji,0.1173134294477387,96,96
536,ce_kozachenko,te_kraskov_NN-4_DCE_k-1_kt-1_l-1_lt-1__ij,0.7726965552137978,96,96
537,ce_kozachenko,te_kraskov_NN-4_DCE_k-1_kt-1_l-1_lt-1__ji,0.07414360240491835,96,96
538,ce_kozachenko,te_kraskov_NN-4_k-1_kt-1_l-1_lt-1__ij,0.7096990705548227,96,96
539,ce_kozachenko,te_kraskov_NN-4_k-1_kt-1_l-1_lt-1__ji,0.05908132674170208,96,96
540,ce_kozachenko,te_kernel_W-0.25_k-1__ij,0.23797393730647518,96,96
541,ce_kozachenko,te_kernel_W-0.25_k-1__ji,0.011527890927640366,96,96
542,ce_kozachenko,gc_gaussian_k-max-10_tau-max-2__ij,0.8551153519179715,96,96
543,ce_kozachenko,gc_gaussian_k-max-10_tau-max-2__ji,0.1364933502726995,96,96
544,ce_kozachenko,gc_gaussian_k-1_kt-1_l-1_lt-1__ij,0.9400790518566969,96,96
545,ce_kozachenko,gc_gaussian_k-1_kt-1_l-1_lt-1__ji,0.16939325554040585,96,96
546,ce_kozachenko,te_symbolic_k-1_kt-1_l-1_lt-1__ij,0.9400790518566969,96,96
547,ce_kozachenko,te_symbolic_k-1_kt-1_l-1_lt-1__ji,0.16939325554040585,96,96
548,ce_kozachenko,te_symbolic_k-10_kt-1_l-1_lt-1__ij,0.909488790131997,96,96
549,ce_kozachenko,te_symbolic_k-10_kt-1_l-1_lt-1__ji,0.17452950119804755,96,96
550,ce_kernel_W-0.5,cce_gaussian__ij,0.4579348681750391,96,96
551,ce_kernel_W-0.5,cce_gaussian__ji,0.06298239932938732,96,96
552,ce_kernel_W-0.5,cce_kozachenko__ij,0.6001281988897563,96,96
553,ce_kernel_W-0.5,cce_kozachenko__ji,0.07585617080640461,96,96
554,ce_kernel_W-0.5,cce_kernel_W-0.5__ij,0.5588490475086362,96,96
555,ce_kernel_W-0.5,cce_kernel_W-0.5__ji,0.07263654491952909,96,96
556,ce_kernel_W-0.5,di_gaussian__ij,0.7653848441606769,96,96
557,ce_kernel_W-0.5,di_gaussian__ji,0.09830794907461515,96,96
558,ce_kernel_W-0.5,di_kozachenko__ij,0.7779124933894743,96,96
559,ce_kernel_W-0.5,di_kozachenko__ji,0.09904780553649223,96,96
560,ce_kernel_W-0.5,di_kernel_W-0.5__ij,0.5896774133375434,96,96
561,ce_kernel_W-0.5,di_kernel_W-0.5__ji,0.16041582687754602,96,96
562,ce_kernel_W-0.5,mi_gaussian,0.8758197406071356,96,96
563,ce_kernel_W-0.5,mi_kraskov_NN-4,0.9752930403386461,96,96
564,ce_kernel_W-0.5,mi_kraskov_NN-4_DCE,0.9576221606261537,96,96
565,ce_kernel_W-0.5,mi_kernel_W-0.25,0.9327980100886861,96,96
566,ce_kernel_W-0.5,tlmi_gaussian__ij,0.9030516373398899,96,96
567,ce_kernel_W-0.5,tlmi_gaussian__ji,0.1333743093036348,96,96
568,ce_kernel_W-0.5,tlmi_kraskov_NN-4__ij,0.9525943791896412,96,96
569,ce_kernel_W-0.5,tlmi_kraskov_NN-4__ji,0.1511344383746539,96,96
570,ce_kernel_W-0.5,tlmi_kraskov_NN-4_DCE__ij,0.9443319112860531,96,96
571,ce_kernel_W-0.5,tlmi_kraskov_NN-4_DCE__ji,0.14524941615687348,96,96
572,ce_kernel_W-0.5,tlmi_kernel_W-0.25__ij,0.963571303222288,96,96
573,ce_kernel_W-0.5,tlmi_kernel_W-0.25__ji,0.1384977229322258,96,96
574,ce_kernel_W-0.5,te_kraskov_NN-4_k-max-10_tau-max-4__ij,0.23367236561095567,96,96
575,ce_kernel_W-0.5,te_kraskov_NN-4_k-max-10_tau-max-4__ji,0.11763071311187201,96,96
576,ce_kernel_W-0.5,te_kraskov_NN-4_DCE_k-max-10_tau-max-4__ij,0.45229034357771153,96,96
577,ce_kernel_W-0.5,te_kraskov_NN-4_DCE_k-max-10_tau-max-4__ji,0.1534313414342684,96,96
578,ce_kernel_W-0.5,te_kraskov_NN-4_DCE_k-2_kt-1_l-1_lt-1__ij,0.46219729047124675,96,96
579,ce_kernel_W-0.5,te_kraskov_NN-4_DCE_k-2_kt-1_l-1_lt-1__ji,0.052101853029658196,96,96
580,ce_kernel_W-0.5,te_kraskov_NN-4_DCE_k-1_kt-1_l-1_lt-1__ij,0.5215423692724728,96,96
581,ce_kernel_W-0.5,te_kraskov_NN-4_DCE_k-1_kt-1_l-1_lt-1__ji,0.10746758972556236,96,96
582,ce_kernel_W-0.5,te_kraskov_NN-4_k-1_kt-1_l-1_lt-1__ij,0.4067204165652889,96,96
583,ce_kernel_W-0.5,te_kraskov_NN-4_k-1_kt-1_l-1_lt-1__ji,0.07920383638672424,96,96
584,ce_kernel_W-0.5,te_kernel_W-0.25_k-1__ij,0.20717228560433154,96,96
585,ce_kernel_W-0.5,te_kernel_W-0.25_k-1__ji,0.059400672626538475,96,96
586,ce_kernel_W-0.5,gc_gaussian_k-max-10_tau-max-2__ij,0.7047908907491252,96,96
587,ce_kernel_W-0.5,gc_gaussian_k-max-10_tau-max-2__ji,0.14098545822128783,96,96
588,ce_kernel_W-0.5,gc_gaussian_k-1_kt-1_l-1_lt-1__ij,0.9055266092100439,96,96
589,ce_kernel_W-0.5,gc_gaussian_k-1_kt-1_l-1_lt-1__ji,0.22151405932257107,96,96
590,ce_kernel_W-0.5,te_symbolic_k-1_kt-1_l-1_lt-1__ij,0.9055266092100439,96,96
591,ce_kernel_W-0.5,te_symbolic_k-1_kt-1_l-1_lt-1__ji,0.22151405932257107,96,96
592,ce_kernel_W-0.5,te_symbolic_k-10_kt-1_l-1_lt-1__ij,0.7772206388002656,96,96
593,ce_kernel_W-0.5,te_symbolic_k-10_kt-1_l-1_lt-1__ji,0.2292965846457199,96,96
594,cce_gaussian__ij,cce_gaussian__ji,0.06402507030573856,96,96
595,cce_gaussian__ij,cce_kozachenko__ij,0.7442527473699131,96,96
596,cce_gaussian__ij,cce_kozachenko__ji,0.07812625304458537,96,96
597,cce_gaussian__ij,cce_kernel_W-0.5__ij,0.6557004686892189,96,96
598,cce_gaussian__ij,cce_kernel_W-0.5__ji,0.1406680185369279,96,96
599,cce_gaussian__ij,di_gaussian__ij,0.24490064035648546,96,96
600,cce_gaussian__ij,di_gaussian__ji,0.06703932340343777,96,96
601,cce_gaussian__ij,di_kozachenko__ij,0.6107794283692217,96,96
602,cce_gaussian__ij,di_kozachenko__ji,0.056915710001196884,96,96
603,cce_gaussian__ij,di_kernel_W-0.5__ij,0.49297289115035114,96,96
604,cce_gaussian__ij,di_kernel_W-0.5__ji,0.10227229525031001,96,96
605,cce_gaussian__ij,mi_gaussian,0.36605135792924437,96,96
606,cce_gaussian__ij,mi_kraskov_NN-4,0.6019428262977246,96,96
607,cce_gaussian__ij,mi_kraskov_NN-4_DCE,0.5724497621078574,96,96
608,cce_gaussian__ij,mi_kernel_W-0.25,0.46250828611852746,96,96
609,cce_gaussian__ij,tlmi_gaussian__ij,0.3263518123455641,96,96
610,cce_gaussian__ij,tlmi_gaussian__ji,0.06196762320141555,96,96
611,cce_gaussian__ij,tlmi_kraskov_NN-4__ij,0.502960441592344,96,96
612,cce_gaussian__ij,tlmi_kraskov_NN-4__ji,0.08987937392226286,96,96
613,cce_gaussian__ij,tlmi_kraskov_NN-4_DCE__ij,0.4754878917368013,96,96
614,cce_gaussian__ij,tlmi_kraskov_NN-4_DCE__ji,0.08368072538937132,96,96
615,cce_gaussian__ij,tlmi_kernel_W-0.25__ij,0.42630551512716636,96,96
616,cce_gaussian__ij,tlmi_kernel_W-0.25__ji,0.11124642463744044,96,96
617,cce_gaussian__ij,te_kraskov_NN-4_k-max-10_tau-max-4__ij,0.0708584378064277,96,96
618,cce_gaussian__ij,te_kraskov_NN-4_k-max-10_tau-max-4__ji,0.09255328051882938,96,96
619,cce_gaussian__ij,te_kraskov_NN-4_DCE_k-max-10_tau-max-4__ij,0.08151820912293056,96,96
620,cce_gaussian__ij,te_kraskov_NN-4_DCE_k-max-10_tau-max-4__ji,0.125863157121613,96,96
621,cce_gaussian__ij,te_kraskov_NN-4_DCE_k-2_kt-1_l-1_lt-1__ij,0.14143319066153687,96,96
622,cce_gaussian__ij,te_kraskov_NN-4_DCE_k-2_kt-1_l-1_lt-1__ji,0.07967693695056599,96,96
623,cce_gaussian__ij,te_kraskov_NN-4_DCE_k-1_kt-1_l-1_lt-1__ij,0.146408515798563,96,96
624,cce_gaussian__ij,te_kraskov_NN-4_DCE_k-1_kt-1_l-1_lt-1__ji,0.11817062924840704,96,96
625,cce_gaussian__ij,te_kraskov_NN-4_k-1_kt-1_l-1_lt-1__ij,0.11615697455035995,96,96
626,cce_gaussian__ij,te_kraskov_NN-4_k-1_kt-1_l-1_lt-1__ji,0.11476089837925474,96,96
627,cce_gaussian__ij,te_kernel_W-0.25_k-1__ij,0.17579588571875893,96,96
628,cce_gaussian__ij,te_kernel_W-0.25_k-1__ji,0.06007691423264294,96,96
629,cce_gaussian__ij,gc_gaussian_k-max-10_tau-max-2__ij,0.15562069289861608,96,96
630,cce_gaussian__ij,gc_gaussian_k-max-10_tau-max-2__ji,0.08460303795555807,96,96
631,cce_gaussian__ij,gc_gaussian_k-1_kt-1_l-1_lt-1__ij,0.1744139388563385,96,96
632,cce_gaussian__ij,gc_gaussian_k-1_kt-1_l-1_lt-1__ji,0.11030072200837904,96,96
633,cce_gaussian__ij,te_symbolic_k-1_kt-1_l-1_lt-1__ij,0.1744139388563385,96,96
634,cce_gaussian__ij,te_symbolic_k-1_kt-1_l-1_lt-1__ji,0.11030072200837904,96,96
635,cce_gaussian__ij,te_symbolic_k-10_kt-1_l-1_lt-1__ij,0.16802743019641103,96,96
636,cce_gaussian__ij,te_symbolic_k-10_kt-1_l-1_lt-1__ji,0.11277010473385268,96,96
637,cce_gaussian__ji,cce_kozachenko__ij,0.060353189876739544,96,96
638,cce_gaussian__ji,cce_kozachenko__ji,0.8340837451772475,96,96
639,cce_gaussian__ji,cce_kernel_W-0.5__ij,0.10374366111279809,96,96
640,cce_gaussian__ji,cce_kernel_W-0.5__ji,0.8374619059938145,96,96
641,cce_gaussian__ji,di_gaussian__ij,0.08227780560765696,96,96
642,cce_gaussian__ji,di_gaussian__ji,0.4044327708713835,96,96
643,cce_gaussian__ji,di_kozachenko__ij,0.0740403857317834,96,96
644,cce_gaussian__ji,di_kozachenko__ji,0.75376688065179,96,96
645,cce_gaussian__ji,di_kernel_W-0.5__ij,0.05957728873411772,96,96
646,cce_gaussian__ji,di_kernel_W-0.5__ji,0.7407656907706008,96,96
647,cce_gaussian__ji,mi_gaussian,0.09653999926848644,96,96
648,cce_gaussian__ji,mi_kraskov_NN-4,0.13757383310044546,96,96
649,cce_gaussian__ji,mi_kraskov_NN-4_DCE,0.13542258899944548,96,96
650,cce_gaussian__ji,mi_kernel_W-0.25,0.09721017677021326,96,96
651,cce_gaussian__ji,tlmi_gaussian__ij,0.07817877739760426,96,96
652,cce_gaussian__ji,tlmi_gaussian__ji,0.5582281326271485,96,96
653,cce_gaussian__ji,tlmi_kraskov_NN-4__ij,0.029044500405032814,96,96
654,cce_gaussian__ji,tlmi_kraskov_NN-4__ji,0.7646645983500369,96,96
655,cce_gaussian__ji,tlmi_kraskov_NN-4_DCE__ij,0.03849911605761608,96,96
656,cce_gaussian__ji,tlmi_kraskov_NN-4_DCE__ji,0.7541714450168963,96,96
657,cce_gaussian__ji,tlmi_kernel_W-0.25__ij,0.10104533753105105,96,96
658,cce_gaussian__ji,tlmi_kernel_W-0.25__ji,0.6494346767433454,96,96
659,cce_gaussian__ji,te_kraskov_NN-4_k-max-10_tau-max-4__ij,0.05234322418535797,96,96
660,cce_gaussian__ji,te_kraskov_NN-4_k-max-10_tau-max-4__ji,0.473211282116456,96,96
661,cce_gaussian__ji,te_kraskov_NN-4_DCE_k-max-10_tau-max-4__ij,0.0491395999802422,96,96
662,cce_gaussian__ji,te_kraskov_NN-4_DCE_k-max-10_tau-max-4__ji,0.5149777787763985,96,96
663,cce_gaussian__ji,te_kraskov_NN-4_DCE_k-2_kt-1_l-1_lt-1__ij,0.018821156995157184,96,96
664,cce_gaussian__ji,te_kraskov_NN-4_DCE_k-2_kt-1_l-1_lt-1__ji,0.5306472140371561,96,96
665,cce_gaussian__ji,te_kraskov_NN-4_DCE_k-1_kt-1_l-1_lt-1__ij,0.04352243811881873,96,96
666,cce_gaussian__ji,te_kraskov_NN-4_DCE_k-1_kt-1_l-1_lt-1__ji,0.5967430168056977,96,96
667,cce_gaussian__ji,te_kraskov_NN-4_k-1_kt-1_l-1_lt-1__ij,0.04245998752791347,96,96
668,cce_gaussian__ji,te_kraskov_NN-4_k-1_kt-1_l-1_lt-1__ji,0.6081569019756524,96,96
669,cce_gaussian__ji,te_kernel_W-0.25_k-1__ij,0.015001799298239082,96,96
670,cce_gaussian__ji,te_kernel_W-0.25_k-1__ji,0.2503678268396938,96,96
671,cce_gaussian__ji,gc_gaussian_k-max-10_tau-max-2__ij,0.03234674934720369,96,96
672,cce_gaussian__ji,gc_gaussian_k-max-10_tau-max-2__ji,0.6526692856654241,96,96
673,cce_gaussian__ji,gc_gaussian_k-1_kt-1_l-1_lt-1__ij,0.03604800046734136,96,96
674,cce_gaussian__ji,gc_gaussian_k-1_kt-1_l-1_lt-1__ji,0.5911023568454941,96,96
675,cce_gaussian__ji,te_symbolic_k-1_kt-1_l-1_lt-1__ij,0.03604800046734136,96,96
676,cce_gaussian__ji,te_symbolic_k-1_kt-1_l-1_lt-1__ji,0.5911023568454941,96,96
677,cce_gaussian__ji,te_symbolic_k-10_kt-1_l-1_lt-1__ij,0.02565654562534203,96,96
678,cce_gaussian__ji,te_symbolic_k-10_kt-1_l-1_lt-1__ji,0.5559971916387104,96,96
679,cce_kozachenko__ij,cce_kozachenko__ji,0.06748033179123994,96,96
680,cce_kozachenko__ij,cce_kernel_W-0.5__ij,0.6710152240711814,96,96
681,cce_kozachenko__ij,cce_kernel_W-0.5__ji,0.09339824295497112,96,96
682,cce_kozachenko__ij,di_gaussian__ij,0.6593468316836509,96,96
683,cce_kozachenko__ij,di_gaussian__ji,0.05676245167530081,96,96
684,cce_kozachenko__ij,di_kozachenko__ij,0.10540281753042335,96,96
685,cce_kozachenko__ij,di_kozachenko__ji,0.02057728717424817,96,96
686,cce_kozachenko__ij,di_kernel_W-0.5__ij,0.32248849343076325,96,96
687,cce_kozachenko__ij,di_kernel_W-0.5__ji,0.04118395030571487,96,96
688,cce_kozachenko__ij,mi_gaussian,0.5801504128301599,96,96
689,cce_kozachenko__ij,mi_kraskov_NN-4,0.603475299506869,96,96
690,cce_kozachenko__ij,mi_kraskov_NN-4_DCE,0.5730575218527366,96,96
691,cce_kozachenko__ij,mi_kernel_W-0.25,0.6029314960042578,96,96
692,cce_kozachenko__ij,tlmi_gaussian__ij,0.5460270923539882,96,96
693,cce_kozachenko__ij,tlmi_gaussian__ji,0.055070809901942575,96,96
694,cce_kozachenko__ij,tlmi_kraskov_NN-4__ij,0.6084613184140569,96,96
695,cce_kozachenko__ij,tlmi_kraskov_NN-4__ji,0.06657407203409432,96,96
696,cce_kozachenko__ij,tlmi_kraskov_NN-4_DCE__ij,0.5608672193230098,96,96
697,cce_kozachenko__ij,tlmi_kraskov_NN-4_DCE__ji,0.0744388501539916,96,96
698,cce_kozachenko__ij,tlmi_kernel_W-0.25__ij,0.5739890830804356,96,96
699,cce_kozachenko__ij,tlmi_kernel_W-0.25__ji,0.10452642087306696,96,96
700,cce_kozachenko__ij,te_kraskov_NN-4_k-max-10_tau-max-4__ij,0.2301216960799789,96,96
701,cce_kozachenko__ij,te_kraskov_NN-4_k-max-10_tau-max-4__ji,0.11961648453015139,96,96
702,cce_kozachenko__ij,te_kraskov_NN-4_DCE_k-max-10_tau-max-4__ij,0.22210166036213347,96,96
703,cce_kozachenko__ij,te_kraskov_NN-4_DCE_k-max-10_tau-max-4__ji,0.08386920803338366,96,96
704,cce_kozachenko__ij,te_kraskov_NN-4_DCE_k-2_kt-1_l-1_lt-1__ij,0.2371062517572199,96,96
705,cce_kozachenko__ij,te_kraskov_NN-4_DCE_k-2_kt-1_l-1_lt-1__ji,0.032526639218443676,96,96
706,cce_kozachenko__ij,te_kraskov_NN-4_DCE_k-1_kt-1_l-1_lt-1__ij,0.29775113974658396,96,96
707,cce_kozachenko__ij,te_kraskov_NN-4_DCE_k-1_kt-1_l-1_lt-1__ji,0.07527516784430599,96,96
708,cce_kozachenko__ij,te_kraskov_NN-4_k-1_kt-1_l-1_lt-1__ij,0.2888789568694696,96,96
709,cce_kozachenko__ij,te_kraskov_NN-4_k-1_kt-1_l-1_lt-1__ji,0.07639241102259975,96,96
710,cce_kozachenko__ij,te_kernel_W-0.25_k-1__ij,0.24350184100754657,96,96
711,cce_kozachenko__ij,te_kernel_W-0.25_k-1__ji,0.02869778585569288,96,96
712,cce_kozachenko__ij,gc_gaussian_k-max-10_tau-max-2__ij,0.3262292757921633,96,96
713,cce_kozachenko__ij,gc_gaussian_k-max-10_tau-max-2__ji,0.0804968746214681,96,96
714,cce_kozachenko__ij,gc_gaussian_k-1_kt-1_l-1_lt-1__ij,0.35567213651036966,96,96
715,cce_kozachenko__ij,gc_gaussian_k-1_kt-1_l-1_lt-1__ji,0.05909652514934427,96,96
716,cce_kozachenko__ij,te_symbolic_k-1_kt-1_l-1_lt-1__ij,0.35567213651036966,96,96
717,cce_kozachenko__ij,te_symbolic_k-1_kt-1_l-1_lt-1__ji,0.05909652514934427,96,96
718,cce_kozachenko__ij,te_symbolic_k-10_kt-1_l-1_lt-1__ij,0.35519750992823174,96,96
719,cce_kozachenko__ij,te_symbolic_k-10_kt-1_l-1_lt-1__ji,0.07972964808073957,96,96
720,cce_kozachenko__ji,cce_kernel_W-0.5__ij,0.13205441738502693,96,96
721,cce_kozachenko__ji,cce_kernel_W-0.5__ji,0.7612829148769967,96,96
722,cce_kozachenko__ji,di_gaussian__ij,0.1024766958342972,96,96
723,cce_kozachenko__ji,di_gaussian__ji,0.7349435735673455,96,96
724,cce_kozachenko__ji,di_kozachenko__ij,0.04224469515044588,96,96
725,cce_kozachenko__ji,di_kozachenko__ji,0.11832028080174273,96,96
726,cce_kozachenko__ji,di_kernel_W-0.5__ij,0.048540699350621,96,96
727,cce_kozachenko__ji,di_kernel_W-0.5__ji,0.33089673514953993,96,96
728,cce_kozachenko__ji,mi_gaussian,0.08377553701599005,96,96
729,cce_kozachenko__ji,mi_kraskov_NN-4,0.14019855489907873,96,96
730,cce_kozachenko__ji,mi_kraskov_NN-4_DCE,0.12214202281155895,96,96
731,cce_kozachenko__ji,mi_kernel_W-0.25,0.0819458027454889,96,96
732,cce_kozachenko__ji,tlmi_gaussian__ij,0.08546904777995223,96,96
733,cce_kozachenko__ji,tlmi_gaussian__ji,0.6650872339776073,96,96
734,cce_kozachenko__ji,tlmi_kraskov_NN-4__ij,0.07703455122853475,96,96
735,cce_kozachenko__ji,tlmi_kraskov_NN-4__ji,0.7675654300430986,96,96
736,cce_kozachenko__ji,tlmi_kraskov_NN-4_DCE__ij,0.07706311738865096,96,96
737,cce_kozachenko__ji,tlmi_kraskov_NN-4_DCE__ji,0.7627726753479727,96,96
738,cce_kozachenko__ji,tlmi_kernel_W-0.25__ij,0.08473907543146247,96,96
739,cce_kozachenko__ji,tlmi_kernel_W-0.25__ji,0.6789914598322708,96,96
740,cce_kozachenko__ji,te_kraskov_NN-4_k-max-10_tau-max-4__ij,0.04316610525818643,96,96
741,cce_kozachenko__ji,te_kraskov_NN-4_k-max-10_tau-max-4__ji,0.46231517104300457,96,96
742,cce_kozachenko__ji,te_kraskov_NN-4_DCE_k-max-10_tau-max-4__ij,0.06471389676780182,96,96
743,cce_kozachenko__ji,te_kraskov_NN-4_DCE_k-max-10_tau-max-4__ji,0.45895087656687295,96,96
744,cce_kozachenko__ji,te_kraskov_NN-4_DCE_k-2_kt-1_l-1_lt-1__ij,0.0505788472217793,96,96
745,cce_kozachenko__ji,te_kraskov_NN-4_DCE_k-2_kt-1_l-1_lt-1__ji,0.4390769140603422,96,96
746,cce_kozachenko__ji,te_kraskov_NN-4_DCE_k-1_kt-1_l-1_lt-1__ij,0.05406051642878762,96,96
747,cce_kozachenko__ji,te_kraskov_NN-4_DCE_k-1_kt-1_l-1_lt-1__ji,0.5366233857034775,96,96
748,cce_kozachenko__ji,te_kraskov_NN-4_k-1_kt-1_l-1_lt-1__ij,0.035623767288746944,96,96
749,cce_kozachenko__ji,te_kraskov_NN-4_k-1_kt-1_l-1_lt-1__ji,0.5495486579897408,96,96
750,cce_kozachenko__ji,te_kernel_W-0.25_k-1__ij,0.02983906497175881,96,96
751,cce_kozachenko__ji,te_kernel_W-0.25_k-1__ji,0.14777612789196282,96,96
752,cce_kozachenko__ji,gc_gaussian_k-max-10_tau-max-2__ij,0.05502855571125742,96,96
753,cce_kozachenko__ji,gc_gaussian_k-max-10_tau-max-2__ji,0.5802737983506899,96,96
754,cce_kozachenko__ji,gc_gaussian_k-1_kt-1_l-1_lt-1__ij,0.02735576854517563,96,96
755,cce_kozachenko__ji,gc_gaussian_k-1_kt-1_l-1_lt-1__ji,0.6286361281567248,96,96
756,cce_kozachenko__ji,te_symbolic_k-1_kt-1_l-1_lt-1__ij,0.02735576854517563,96,96
757,cce_kozachenko__ji,te_symbolic_k-1_kt-1_l-1_lt-1__ji,0.6286361281567248,96,96
758,cce_kozachenko__ji,te_symbolic_k-10_kt-1_l-1_lt-1__ij,0.02808762008316465,96,96
759,cce_kozachenko__ji,te_symbolic_k-10_kt-1_l-1_lt-1__ji,0.6057037252297327,96,96
760,cce_kernel_W-0.5__ij,cce_kernel_W-0.5__ji,0.1347976195618361,96,96
761,cce_kernel_W-0.5__ij,di_gaussian__ij,0.621843454759968,96,96
762,cce_kernel_W-0.5__ij,di_gaussian__ji,0.13712638005207456,96,96
763,cce_kernel_W-0.5__ij,di_kozachenko__ij,0.6228108688036852,96,96
764,cce_kernel_W-0.5__ij,di_kozachenko__ji,0.12859775923253525,96,96
765,cce_kernel_W-0.5__ij,di_kernel_W-0.5__ij,0.25411703364692734,96,96
766,cce_kernel_W-0.5__ij,di_kernel_W-0.5__ji,0.06076279027599191,96,96
767,cce_kernel_W-0.5__ij,mi_gaussian,0.5983494588225367,96,96
768,cce_kernel_W-0.5__ij,mi_kraskov_NN-4,0.6027040751385428,96,96
769,cce_kernel_W-0.5__ij,mi_kraskov_NN-4_DCE,0.5913879702856293,96,96
770,cce_kernel_W-0.5__ij,mi_kernel_W-0.25,0.5953163140997091,96,96
771,cce_kernel_W-0.5__ij,tlmi_gaussian__ij,0.5618540495784259,96,96
772,cce_kernel_W-0.5__ij,tlmi_gaussian__ji,0.07817953182696019,96,96
773,cce_kernel_W-0.5__ij,tlmi_kraskov_NN-4__ij,0.6011437904916219,96,96
774,cce_kernel_W-0.5__ij,tlmi_kraskov_NN-4__ji,0.08502139064019404,96,96
775,cce_kernel_W-0.5__ij,tlmi_kraskov_NN-4_DCE__ij,0.5839109738029821,96,96
776,cce_kernel_W-0.5__ij,tlmi_kraskov_NN-4_DCE__ji,0.09499901505325425,96,96
777,cce_kernel_W-0.5__ij,tlmi_kernel_W-0.25__ij,0.5620385533035669,96,96
778,cce_kernel_W-0.5__ij,tlmi_kernel_W-0.25__ji,0.1202897238796124,96,96
779,cce_kernel_W-0.5__ij,te_kraskov_NN-4_k-max-10_tau-max-4__ij,0.24377349707427381,96,96
780,cce_kernel_W-0.5__ij,te_kraskov_NN-4_k-max-10_tau-max-4__ji,0.08261659663926868,96,96
781,cce_kernel_W-0.5__ij,te_kraskov_NN-4_DCE_k-max-10_tau-max-4__ij,0.2261343707825879,96,96
782,cce_kernel_W-0.5__ij,te_kraskov_NN-4_DCE_k-max-10_tau-max-4__ji,0.0939992683594707,96,96
783,cce_kernel_W-0.5__ij,te_kraskov_NN-4_DCE_k-2_kt-1_l-1_lt-1__ij,0.28438413481541225,96,96
784,cce_kernel_W-0.5__ij,te_kraskov_NN-4_DCE_k-2_kt-1_l-1_lt-1__ji,0.024718348100163712,96,96
785,cce_kernel_W-0.5__ij,te_kraskov_NN-4_DCE_k-1_kt-1_l-1_lt-1__ij,0.28653233834409597,96,96
786,cce_kernel_W-0.5__ij,te_kraskov_NN-4_DCE_k-1_kt-1_l-1_lt-1__ji,0.1168334142984302,96,96
787,cce_kernel_W-0.5__ij,te_kraskov_NN-4_k-1_kt-1_l-1_lt-1__ij,0.25507072280058446,96,96
788,cce_kernel_W-0.5__ij,te_kraskov_NN-4_k-1_kt-1_l-1_lt-1__ji,0.10420272286777643,96,96
789,cce_kernel_W-0.5__ij,te_kernel_W-0.25_k-1__ij,0.20093094877099704,96,96
790,cce_kernel_W-0.5__ij,te_kernel_W-0.25_k-1__ji,0.04205968228205992,96,96
791,cce_kernel_W-0.5__ij,gc_gaussian_k-max-10_tau-max-2__ij,0.33491065953015575,96,96
792,cce_kernel_W-0.5__ij,gc_gaussian_k-max-10_tau-max-2__ji,0.10762091539076957,96,96
793,cce_kernel_W-0.5__ij,gc_gaussian_k-1_kt-1_l-1_lt-1__ij,0.3622918101455331,96,96
794,cce_kernel_W-0.5__ij,gc_gaussian_k-1_kt-1_l-1_lt-1__ji,0.08982074637810211,96,96
795,cce_kernel_W-0.5__ij,te_symbolic_k-1_kt-1_l-1_lt-1__ij,0.3622918101455331,96,96
796,cce_kernel_W-0.5__ij,te_symbolic_k-1_kt-1_l-1_lt-1__ji,0.08982074637810211,96,96
797,cce_kernel_W-0.5__ij,te_symbolic_k-10_kt-1_l-1_lt-1__ij,0.38061366442362554,96,96
798,cce_kernel_W-0.5__ij,te_symbolic_k-10_kt-1_l-1_lt-1__ji,0.1022507593168468,96,96
799,cce_kernel_W-0.5__ji,di_gaussian__ij,0.12166807103314259,96,96
800,cce_kernel_W-0.5__ji,di_gaussian__ji,0.8065021430251222,96,96
801,cce_kernel_W-0.5__ji,di_kozachenko__ij,0.06603966075051299,96,96
802,cce_kernel_W-0.5__ji,di_kozachenko__ji,0.6803882842541632,96,96
803,cce_kernel_W-0.5__ji,di_kernel_W-0.5__ij,0.016116277646971988,96,96
804,cce_kernel_W-0.5__ji,di_kernel_W-0.5__ji,0.16970446840769488,96,96
805,cce_kernel_W-0.5__ji,mi_gaussian,0.13713264273177433,96,96
806,cce_kernel_W-0.5__ji,mi_kraskov_NN-4,0.10674807851291745,96,96
807,cce_kernel_W-0.5__ji,mi_kraskov_NN-4_DCE,0.10355650141621064,96,96
808,cce_kernel_W-0.5__ji,mi_kernel_W-0.25,0.07947464157656586,96,96
809,cce_kernel_W-0.5__ji,tlmi_gaussian__ij,0.1111785732157553,96,96
810,cce_kernel_W-0.5__ji,tlmi_gaussian__ji,0.8209899400692013,96,96
811,cce_kernel_W-0.5__ji,tlmi_kraskov_NN-4__ij,0.0766985834091845,96,96
812,cce_kernel_W-0.5__ji,tlmi_kraskov_NN-4__ji,0.7604003004136056,96,96
813,cce_kernel_W-0.5__ji,tlmi_kraskov_NN-4_DCE__ij,0.08941944424786952,96,96
814,cce_kernel_W-0.5__ji,tlmi_kraskov_NN-4_DCE__ji,0.770722254471032,96,96
815,cce_kernel_W-0.5__ji,tlmi_kernel_W-0.25__ij,0.11193948970399575,96,96
816,cce_kernel_W-0.5__ji,tlmi_kernel_W-0.25__ji,0.8021831874450888,96,96
817,cce_kernel_W-0.5__ji,te_kraskov_NN-4_k-max-10_tau-max-4__ij,0.0532629743544169,96,96
818,cce_kernel_W-0.5__ji,te_kraskov_NN-4_k-max-10_tau-max-4__ji,0.49811497581225156,96,96
819,cce_kernel_W-0.5__ji,te_kraskov_NN-4_DCE_k-max-10_tau-max-4__ij,0.07227958062344508,96,96
820,cce_kernel_W-0.5__ji,te_kraskov_NN-4_DCE_k-max-10_tau-max-4__ji,0.5446088463334232,96,96
821,cce_kernel_W-0.5__ji,te_kraskov_NN-4_DCE_k-2_kt-1_l-1_lt-1__ij,0.08223486788230094,96,96
822,cce_kernel_W-0.5__ji,te_kraskov_NN-4_DCE_k-2_kt-1_l-1_lt-1__ji,0.5428970921745441,96,96
823,cce_kernel_W-0.5__ji,te_kraskov_NN-4_DCE_k-1_kt-1_l-1_lt-1__ij,0.062631177617125,96,96
824,cce_kernel_W-0.5__ji,te_kraskov_NN-4_DCE_k-1_kt-1_l-1_lt-1__ji,0.5392475579505017,96,96
825,cce_kernel_W-0.5__ji,te_kraskov_NN-4_k-1_kt-1_l-1_lt-1__ij,0.06398284557218759,96,96
826,cce_kernel_W-0.5__ji,te_kraskov_NN-4_k-1_kt-1_l-1_lt-1__ji,0.5228535751609356,96,96
827,cce_kernel_W-0.5__ji,te_kernel_W-0.25_k-1__ij,0.038505415066664384,96,96
828,cce_kernel_W-0.5__ji,te_kernel_W-0.25_k-1__ji,0.16158989220895792,96,96
829,cce_kernel_W-0.5__ji,gc_gaussian_k-max-10_tau-max-2__ij,0.07226656104774021,96,96
830,cce_kernel_W-0.5__ji,gc_gaussian_k-max-10_tau-max-2__ji,0.5391458147143475,96,96
831,cce_kernel_W-0.5__ji,gc_gaussian_k-1_kt-1_l-1_lt-1__ij,0.08226714306213057,96,96
832,cce_kernel_W-0.5__ji,gc_gaussian_k-1_kt-1_l-1_lt-1__ji,0.6470517146578776,96,96
833,cce_kernel_W-0.5__ji,te_symbolic_k-1_kt-1_l-1_lt-1__ij,0.08226714306213057,96,96
834,cce_kernel_W-0.5__ji,te_symbolic_k-1_kt-1_l-1_lt-1__ji,0.6470517146578776,96,96
835,cce_kernel_W-0.5__ji,te_symbolic_k-10_kt-1_l-1_lt-1__ij,0.05088043881111648,96,96
836,cce_kernel_W-0.5__ji,te_symbolic_k-10_kt-1_l-1_lt-1__ji,0.6207696421987051,96,96
837,di_gaussian__ij,di_gaussian__ji,0.12484956239396644,96,96
838,di_gaussian__ij,di_kozachenko__ij,0.7331156097171729,96,96
839,di_gaussian__ij,di_kozachenko__ji,0.097250844314403,96,96
840,di_gaussian__ij,di_kernel_W-0.5__ij,0.5801036973420808,96,96
841,di_gaussian__ij,di_kernel_W-0.5__ji,0.13415222759526696,96,96
842,di_gaussian__ij,mi_gaussian,0.6198178582735615,96,96
843,di_gaussian__ij,mi_kraskov_NN-4,0.8589302765120305,96,96
844,di_gaussian__ij,mi_kraskov_NN-4_DCE,0.821896404456774,96,96
845,di_gaussian__ij,mi_kernel_W-0.25,0.7546700959335256,96,96
846,di_gaussian__ij,tlmi_gaussian__ij,0.5546770230514456,96,96
847,di_gaussian__ij,tlmi_gaussian__ji,0.1004988683907091,96,96
848,di_gaussian__ij,tlmi_kraskov_NN-4__ij,0.7853421132893766,96,96
849,di_gaussian__ij,tlmi_kraskov_NN-4__ji,0.13360065143775096,96,96
850,di_gaussian__ij,tlmi_kraskov_NN-4_DCE__ij,0.7448908589460739,96,96
851,di_gaussian__ij,tlmi_kraskov_NN-4_DCE__ji,0.1426564687382898,96,96
852,di_gaussian__ij,tlmi_kernel_W-0.25__ij,0.6945910860573531,96,96
853,di_gaussian__ij,tlmi_kernel_W-0.25__ji,0.18068714205472192,96,96
854,di_gaussian__ij,te_kraskov_NN-4_k-max-10_tau-max-4__ij,0.1338699549429978,96,96
855,di_gaussian__ij,te_kraskov_NN-4_k-max-10_tau-max-4__ji,0.1213584531865956,96,96
856,di_gaussian__ij,te_kraskov_NN-4_DCE_k-max-10_tau-max-4__ij,0.20556681810560057,96,96
857,di_gaussian__ij,te_kraskov_NN-4_DCE_k-max-10_tau-max-4__ji,0.1555374257592747,96,96
858,di_gaussian__ij,te_kraskov_NN-4_DCE_k-2_kt-1_l-1_lt-1__ij,0.2355719742173198,96,96
859,di_gaussian__ij,te_kraskov_NN-4_DCE_k-2_kt-1_l-1_lt-1__ji,0.08783601144924735,96,96
860,di_gaussian__ij,te_kraskov_NN-4_DCE_k-1_kt-1_l-1_lt-1__ij,0.2984198835256774,96,96
861,di_gaussian__ij,te_kraskov_NN-4_DCE_k-1_kt-1_l-1_lt-1__ji,0.15090004747355773,96,96
862,di_gaussian__ij,te_kraskov_NN-4_k-1_kt-1_l-1_lt-1__ij,0.24026256931535955,96,96
863,di_gaussian__ij,te_kraskov_NN-4_k-1_kt-1_l-1_lt-1__ji,0.12827673262263734,96,96
864,di_gaussian__ij,te_kernel_W-0.25_k-1__ij,0.16654408761394546,96,96
865,di_gaussian__ij,te_kernel_W-0.25_k-1__ji,0.05991299416978668,96,96
866,di_gaussian__ij,gc_gaussian_k-max-10_tau-max-2__ij,0.28036222409671624,96,96
867,di_gaussian__ij,gc_gaussian_k-max-10_tau-max-2__ji,0.13080319942592689,96,96
868,di_gaussian__ij,gc_gaussian_k-1_kt-1_l-1_lt-1__ij,0.42354249059837246,96,96
869,di_gaussian__ij,gc_gaussian_k-1_kt-1_l-1_lt-1__ji,0.17120521986449838,96,96
870,di_gaussian__ij,te_symbolic_k-1_kt-1_l-1_lt-1__ij,0.42354249059837246,96,96
871,di_gaussian__ij,te_symbolic_k-1_kt-1_l-1_lt-1__ji,0.17120521986449838,96,96
872,di_gaussian__ij,te_symbolic_k-10_kt-1_l-1_lt-1__ij,0.3460468805265376,96,96
873,di_gaussian__ij,te_symbolic_k-10_kt-1_l-1_lt-1__ji,0.15964683974168287,96,96
874,di_gaussian__ji,di_kozachenko__ij,0.08017545540781168,96,96
875,di_gaussian__ji,di_kozachenko__ji,0.8568383664071122,96,96
876,di_gaussian__ji,di_kernel_W-0.5__ij,0.10175180295859065,96,96
877,di_gaussian__ji,di_kernel_W-0.5__ji,0.8448255596310377,96,96
878,di_gaussian__ji,mi_gaussian,0.1387584842761148,96,96
879,di_gaussian__ji,mi_kraskov_NN-4,0.1655391939693211,96,96
880,di_gaussian__ji,mi_kraskov_NN-4_DCE,0.14625775781247768,96,96
881,di_gaussian__ji,mi_kernel_W-0.25,0.12237598094281127,96,96
882,di_gaussian__ji,tlmi_gaussian__ij,0.13243722988606194,96,96
883,di_gaussian__ji,tlmi_gaussian__ji,0.7341714189960914,96,96
884,di_gaussian__ji,tlmi_kraskov_NN-4__ij,0.051483181884280194,96,96
885,di_gaussian__ji,tlmi_kraskov_NN-4__ji,0.9512771141377675,96,96
886,di_gaussian__ji,tlmi_kraskov_NN-4_DCE__ij,0.05469691524727405,96,96
887,di_gaussian__ji,tlmi_kraskov_NN-4_DCE__ji,0.9437751897515145,96,96
888,di_gaussian__ji,tlmi_kernel_W-0.25__ij,0.1251586281181577,96,96
889,di_gaussian__ji,tlmi_kernel_W-0.25__ji,0.8487443211722367,96,96
890,di_gaussian__ji,te_kraskov_NN-4_k-max-10_tau-max-4__ij,0.05624697035377771,96,96
891,di_gaussian__ji,te_kraskov_NN-4_k-max-10_tau-max-4__ji,0.6563611325329732,96,96
892,di_gaussian__ji,te_kraskov_NN-4_DCE_k-max-10_tau-max-4__ij,0.041523525276057516,96,96
893,di_gaussian__ji,te_kraskov_NN-4_DCE_k-max-10_tau-max-4__ji,0.7523765612787754,96,96
894,di_gaussian__ji,te_kraskov_NN-4_DCE_k-2_kt-1_l-1_lt-1__ij,0.020693650281876586,96,96
895,di_gaussian__ji,te_kraskov_NN-4_DCE_k-2_kt-1_l-1_lt-1__ji,0.734505151856218,96,96
896,di_gaussian__ji,te_kraskov_NN-4_DCE_k-1_kt-1_l-1_lt-1__ij,0.051852189353195854,96,96
897,di_gaussian__ji,te_kraskov_NN-4_DCE_k-1_kt-1_l-1_lt-1__ji,0.7886136234639148,96,96
898,di_gaussian__ji,te_kraskov_NN-4_k-1_kt-1_l-1_lt-1__ij,0.03375519191741905,96,96
899,di_gaussian__ji,te_kraskov_NN-4_k-1_kt-1_l-1_lt-1__ji,0.775070845554494,96,96
900,di_gaussian__ji,te_kernel_W-0.25_k-1__ij,0.041783791641893386,96,96
901,di_gaussian__ji,te_kernel_W-0.25_k-1__ji,0.3594372614808994,96,96
902,di_gaussian__ji,gc_gaussian_k-max-10_tau-max-2__ij,0.011215428973708974,96,96
903,di_gaussian__ji,gc_gaussian_k-max-10_tau-max-2__ji,0.8856340135965066,96,96
904,di_gaussian__ji,gc_gaussian_k-1_kt-1_l-1_lt-1__ij,0.07116220914004373,96,96
905,di_gaussian__ji,gc_gaussian_k-1_kt-1_l-1_lt-1__ji,0.8717112757633723,96,96
906,di_gaussian__ji,te_symbolic_k-1_kt-1_l-1_lt-1__ij,0.07116220914004373,96,96
907,di_gaussian__ji,te_symbolic_k-1_kt-1_l-1_lt-1__ji,0.8717112757633723,96,96
908,di_gaussian__ji,te_symbolic_k-10_kt-1_l-1_lt-1__ij,0.03367462543244931,96,96
909,di_gaussian__ji,te_symbolic_k-10_kt-1_l-1_lt-1__ji,0.8260968997492868,96,96
910,di_kozachenko__ij,di_kozachenko__ji,0.046723046787023104,96,96
911,di_kozachenko__ij,di_kernel_W-0.5__ij,0.3317855017779029,96,96
912,di_kozachenko__ij,di_kernel_W-0.5__ji,0.06867622031870979,96,96
913,di_kozachenko__ij,mi_gaussian,0.7673660171581077,96,96
914,di_kozachenko__ij,mi_kraskov_NN-4,0.8148440797856101,96,96
915,di_kozachenko__ij,mi_kraskov_NN-4_DCE,0.7955585900243627,96,96
916,di_kozachenko__ij,mi_kernel_W-0.25,0.7977331580027263,96,96
917,di_kozachenko__ij,tlmi_gaussian__ij,0.7447681060168547,96,96
918,di_kozachenko__ij,tlmi_gaussian__ji,0.0784998509815154,96,96
919,di_kozachenko__ij,tlmi_kraskov_NN-4__ij,0.7982164416259651,96,96
920,di_kozachenko__ij,tlmi_kraskov_NN-4__ji,0.10968527495162761,96,96
921,di_kozachenko__ij,tlmi_kraskov_NN-4_DCE__ij,0.7564838503545626,96,96
922,di_kozachenko__ij,tlmi_kraskov_NN-4_DCE__ji,0.13097935083146262,96,96
923,di_kozachenko__ij,tlmi_kernel_W-0.25__ij,0.800466603717739,96,96
924,di_kozachenko__ij,tlmi_kernel_W-0.25__ji,0.14620679224016248,96,96
925,di_kozachenko__ij,te_kraskov_NN-4_k-max-10_tau-max-4__ij,0.38201483182666407,96,96
926,di_kozachenko__ij,te_kraskov_NN-4_k-max-10_tau-max-4__ji,0.1598829957630366,96,96
927,di_kozachenko__ij,te_kraskov_NN-4_DCE_k-max-10_tau-max-4__ij,0.42545329457802716,96,96
928,di_kozachenko__ij,te_kraskov_NN-4_DCE_k-max-10_tau-max-4__ji,0.10678040900616415,96,96
929,di_kozachenko__ij,te_kraskov_NN-4_DCE_k-2_kt-1_l-1_lt-1__ij,0.4509147173015549,96,96
930,di_kozachenko__ij,te_kraskov_NN-4_DCE_k-2_kt-1_l-1_lt-1__ji,0.02851015225091247,96,96
931,di_kozachenko__ij,te_kraskov_NN-4_DCE_k-1_kt-1_l-1_lt-1__ij,0.4959789312065828,96,96
932,di_kozachenko__ij,te_kraskov_NN-4_DCE_k-1_kt-1_l-1_lt-1__ji,0.08614732465409225,96,96
933,di_kozachenko__ij,te_kraskov_NN-4_k-1_kt-1_l-1_lt-1__ij,0.47949847067409374,96,96
934,di_kozachenko__ij,te_kraskov_NN-4_k-1_kt-1_l-1_lt-1__ji,0.06831687828835409,96,96
935,di_kozachenko__ij,te_kernel_W-0.25_k-1__ij,0.1787053659214755,96,96
936,di_kozachenko__ij,te_kernel_W-0.25_k-1__ji,0.06462884823503912,96,96
937,di_kozachenko__ij,gc_gaussian_k-max-10_tau-max-2__ij,0.5494721158669733,96,96
938,di_kozachenko__ij,gc_gaussian_k-max-10_tau-max-2__ji,0.11660464307455487,96,96
939,di_kozachenko__ij,gc_gaussian_k-1_kt-1_l-1_lt-1__ij,0.6581541628562804,96,96
940,di_kozachenko__ij,gc_gaussian_k-1_kt-1_l-1_lt-1__ji,0.12783688206076804,96,96
941,di_kozachenko__ij,te_symbolic_k-1_kt-1_l-1_lt-1__ij,0.6581541628562804,96,96
942,di_kozachenko__ij,te_symbolic_k-1_kt-1_l-1_lt-1__ji,0.12783688206076804,96,96
943,di_kozachenko__ij,te_symbolic_k-10_kt-1_l-1_lt-1__ij,0.610295140022891,96,96
944,di_kozachenko__ij,te_symbolic_k-10_kt-1_l-1_lt-1__ji,0.13600754075097776,96,96
945,di_kozachenko__ji,di_kernel_W-0.5__ij,0.0629330927357093,96,96
946,di_kozachenko__ji,di_kernel_W-0.5__ji,0.3873541000133997,96,96
947,di_kozachenko__ji,mi_gaussian,0.08888204472947253,96,96
948,di_kozachenko__ji,mi_kraskov_NN-4,0.1218412129583546,96,96
949,di_kozachenko__ji,mi_kraskov_NN-4_DCE,0.10676693519514785,96,96
950,di_kozachenko__ji,mi_kernel_W-0.25,0.11900448595482677,96,96
951,di_kozachenko__ji,tlmi_gaussian__ij,0.08924633093748785,96,96
952,di_kozachenko__ji,tlmi_gaussian__ji,0.8848316250812445,96,96
953,di_kozachenko__ji,tlmi_kraskov_NN-4__ij,0.08924523384192007,96,96
954,di_kozachenko__ji,tlmi_kraskov_NN-4__ji,0.8965177775361789,96,96
955,di_kozachenko__ji,tlmi_kraskov_NN-4_DCE__ij,0.0779048481166894,96,96
956,di_kozachenko__ji,tlmi_kraskov_NN-4_DCE__ji,0.8948237370066247,96,96
957,di_kozachenko__ji,tlmi_kernel_W-0.25__ij,0.10040859640742222,96,96
958,di_kozachenko__ji,tlmi_kernel_W-0.25__ji,0.8673424618858486,96,96
959,di_kozachenko__ji,te_kraskov_NN-4_k-max-10_tau-max-4__ij,0.06030179745521963,96,96
960,di_kozachenko__ji,te_kraskov_NN-4_k-max-10_tau-max-4__ji,0.6733991550413351,96,96
961,di_kozachenko__ji,te_kraskov_NN-4_DCE_k-max-10_tau-max-4__ij,0.06832278487316157,96,96
962,di_kozachenko__ji,te_kraskov_NN-4_DCE_k-max-10_tau-max-4__ji,0.7243999221077319,96,96
963,di_kozachenko__ji,te_kraskov_NN-4_DCE_k-2_kt-1_l-1_lt-1__ij,0.05560362830066523,96,96
964,di_kozachenko__ji,te_kraskov_NN-4_DCE_k-2_kt-1_l-1_lt-1__ji,0.6456986245167787,96,96
965,di_kozachenko__ji,te_kraskov_NN-4_DCE_k-1_kt-1_l-1_lt-1__ij,0.06487812176694685,96,96
966,di_kozachenko__ji,te_kraskov_NN-4_DCE_k-1_kt-1_l-1_lt-1__ji,0.7072589775429138,96,96
967,di_kozachenko__ji,te_kraskov_NN-4_k-1_kt-1_l-1_lt-1__ij,0.05294896048358233,96,96
968,di_kozachenko__ji,te_kraskov_NN-4_k-1_kt-1_l-1_lt-1__ji,0.6993513462998749,96,96
969,di_kozachenko__ji,te_kernel_W-0.25_k-1__ij,0.049980484193737296,96,96
970,di_kozachenko__ji,te_kernel_W-0.25_k-1__ji,0.20549677070147,96,96
971,di_kozachenko__ji,gc_gaussian_k-max-10_tau-max-2__ij,0.0235257477171244,96,96
972,di_kozachenko__ji,gc_gaussian_k-max-10_tau-max-2__ji,0.8207750399628844,96,96
973,di_kozachenko__ji,gc_gaussian_k-1_kt-1_l-1_lt-1__ij,0.049147415576985876,96,96
974,di_kozachenko__ji,gc_gaussian_k-1_kt-1_l-1_lt-1__ji,0.890094270005518,96,96
975,di_kozachenko__ji,te_symbolic_k-1_kt-1_l-1_lt-1__ij,0.049147415576985876,96,96
976,di_kozachenko__ji,te_symbolic_k-1_kt-1_l-1_lt-1__ji,0.890094270005518,96,96
977,di_kozachenko__ji,te_symbolic_k-10_kt-1_l-1_lt-1__ij,0.01520278408480219,96,96
978,di_kozachenko__ji,te_symbolic_k-10_kt-1_l-1_lt-1__ji,0.8769484197625842,96,96
979,di_kernel_W-0.5__ij,di_kernel_W-0.5__ji,0.05652082727633345,96,96
980,di_kernel_W-0.5__ij,mi_gaussian,0.6262006123250773,96,96
981,di_kernel_W-0.5__ij,mi_kraskov_NN-4,0.5958889145972271,96,96
982,di_kernel_W-0.5__ij,mi_kraskov_NN-4_DCE,0.6148875143327679,96,96
983,di_kernel_W-0.5__ij,mi_kernel_W-0.25,0.6176335511987245,96,96
984,di_kernel_W-0.5__ij,tlmi_gaussian__ij,0.6164238129195252,96,96
985,di_kernel_W-0.5__ij,tlmi_gaussian__ji,0.12885433108064753,96,96
986,di_kernel_W-0.5__ij,tlmi_kraskov_NN-4__ij,0.5591913824468226,96,96
987,di_kernel_W-0.5__ij,tlmi_kraskov_NN-4__ji,0.12700601493310826,96,96
988,di_kernel_W-0.5__ij,tlmi_kraskov_NN-4_DCE__ij,0.5595000733099869,96,96
989,di_kernel_W-0.5__ij,tlmi_kraskov_NN-4_DCE__ji,0.14228492014784483,96,96
990,di_kernel_W-0.5__ij,tlmi_kernel_W-0.25__ij,0.5849358038185137,96,96
991,di_kernel_W-0.5__ij,tlmi_kernel_W-0.25__ji,0.17058971364505193,96,96
992,di_kernel_W-0.5__ij,te_kraskov_NN-4_k-max-10_tau-max-4__ij,0.38802422992383667,96,96
993,di_kernel_W-0.5__ij,te_kraskov_NN-4_k-max-10_tau-max-4__ji,0.15091777928625943,96,96
994,di_kernel_W-0.5__ij,te_kraskov_NN-4_DCE_k-max-10_tau-max-4__ij,0.477347002723382,96,96
995,di_kernel_W-0.5__ij,te_kraskov_NN-4_DCE_k-max-10_tau-max-4__ji,0.1328196191437761,96,96
996,di_kernel_W-0.5__ij,te_kraskov_NN-4_DCE_k-2_kt-1_l-1_lt-1__ij,0.4975806922177923,96,96
997,di_kernel_W-0.5__ij,te_kraskov_NN-4_DCE_k-2_kt-1_l-1_lt-1__ji,0.060326961441007576,96,96
998,di_kernel_W-0.5__ij,te_kraskov_NN-4_DCE_k-1_kt-1_l-1_lt-1__ij,0.5423321094643216,96,96
999,di_kernel_W-0.5__ij,te_kraskov_NN-4_DCE_k-1_kt-1_l-1_lt-1__ji,0.05686724481311553,96,96
1000,di_kernel_W-0.5__ij,te_kraskov_NN-4_k-1_kt-1_l-1_lt-1__ij,0.4347410997706936,96,96
1001,di_kernel_W-0.5__ij,te_kraskov_NN-4_k-1_kt-1_l-1_lt-1__ji,0.0382369584289759,96,96
1002,di_kernel_W-0.5__ij,te_kernel_W-0.25_k-1__ij,0.11841263999252805,96,96
1003,di_kernel_W-0.5__ij,te_kernel_W-0.25_k-1__ji,0.06923714620034316,96,96
1004,di_kernel_W-0.5__ij,gc_gaussian_k-max-10_tau-max-2__ij,0.5166929891858671,96,96
1005,di_kernel_W-0.5__ij,gc_gaussian_k-max-10_tau-max-2__ji,0.15564203490251155,96,96
1006,di_kernel_W-0.5__ij,gc_gaussian_k-1_kt-1_l-1_lt-1__ij,0.5874216043343172,96,96
1007,di_kernel_W-0.5__ij,gc_gaussian_k-1_kt-1_l-1_lt-1__ji,0.15424767860941885,96,96
1008,di_kernel_W-0.5__ij,te_symbolic_k-1_kt-1_l-1_lt-1__ij,0.5874216043343172,96,96
1009,di_kernel_W-0.5__ij,te_symbolic_k-1_kt-1_l-1_lt-1__ji,0.15424767860941885,96,96
1010,di_kernel_W-0.5__ij,te_symbolic_k-10_kt-1_l-1_lt-1__ij,0.5716159736524291,96,96
1011,di_kernel_W-0.5__ij,te_symbolic_k-10_kt-1_l-1_lt-1__ji,0.15744330510143834,96,96
1012,di_kernel_W-0.5__ji,mi_gaussian,0.1605463916216665,96,96
1013,di_kernel_W-0.5__ji,mi_kraskov_NN-4,0.13007288314149623,96,96
1014,di_kernel_W-0.5__ji,mi_kraskov_NN-4_DCE,0.11159312362260526,96,96
1015,di_kernel_W-0.5__ji,mi_kernel_W-0.25,0.12713535506488866,96,96
1016,di_kernel_W-0.5__ji,tlmi_gaussian__ij,0.15107882706848041,96,96
1017,di_kernel_W-0.5__ji,tlmi_gaussian__ji,0.8842305268326318,96,96
1018,di_kernel_W-0.5__ji,tlmi_kraskov_NN-4__ij,0.14190709086624942,96,96
1019,di_kernel_W-0.5__ji,tlmi_kraskov_NN-4__ji,0.7701143353394615,96,96
1020,di_kernel_W-0.5__ji,tlmi_kraskov_NN-4_DCE__ij,0.15228733538537975,96,96
1021,di_kernel_W-0.5__ji,tlmi_kraskov_NN-4_DCE__ji,0.7882147988700063,96,96
1022,di_kernel_W-0.5__ji,tlmi_kernel_W-0.25__ij,0.14602094117802655,96,96
1023,di_kernel_W-0.5__ji,tlmi_kernel_W-0.25__ji,0.8110222967961898,96,96
1024,di_kernel_W-0.5__ji,te_kraskov_NN-4_k-max-10_tau-max-4__ij,0.09835726044391901,96,96
1025,di_kernel_W-0.5__ji,te_kraskov_NN-4_k-max-10_tau-max-4__ji,0.6360157587304351,96,96
1026,di_kernel_W-0.5__ji,te_kraskov_NN-4_DCE_k-max-10_tau-max-4__ij,0.07706076452263128,96,96
1027,di_kernel_W-0.5__ji,te_kraskov_NN-4_DCE_k-max-10_tau-max-4__ji,0.7794627529653977,96,96
1028,di_kernel_W-0.5__ji,te_kraskov_NN-4_DCE_k-2_kt-1_l-1_lt-1__ij,0.14292411499853808,96,96
1029,di_kernel_W-0.5__ji,te_kraskov_NN-4_DCE_k-2_kt-1_l-1_lt-1__ji,0.7175715067422948,96,96
1030,di_kernel_W-0.5__ji,te_kraskov_NN-4_DCE_k-1_kt-1_l-1_lt-1__ij,0.13732239579813565,96,96
1031,di_kernel_W-0.5__ji,te_kraskov_NN-4_DCE_k-1_kt-1_l-1_lt-1__ji,0.6969325203907156,96,96
1032,di_kernel_W-0.5__ji,te_kraskov_NN-4_k-1_kt-1_l-1_lt-1__ij,0.10723531845846462,96,96
1033,di_kernel_W-0.5__ji,te_kraskov_NN-4_k-1_kt-1_l-1_lt-1__ji,0.6390625356274604,96,96
1034,di_kernel_W-0.5__ji,te_kernel_W-0.25_k-1__ij,0.06483768013076208,96,96
1035,di_kernel_W-0.5__ji,te_kernel_W-0.25_k-1__ji,0.3036001396659433,96,96
1036,di_kernel_W-0.5__ji,gc_gaussian_k-max-10_tau-max-2__ij,0.10862580870392757,96,96
1037,di_kernel_W-0.5__ji,gc_gaussian_k-max-10_tau-max-2__ji,0.6943692756465392,96,96
1038,di_kernel_W-0.5__ji,gc_gaussian_k-1_kt-1_l-1_lt-1__ij,0.15249861602160575,96,96
1039,di_kernel_W-0.5__ji,gc_gaussian_k-1_kt-1_l-1_lt-1__ji,0.7550545316596808,96,96
1040,di_kernel_W-0.5__ji,te_symbolic_k-1_kt-1_l-1_lt-1__ij,0.15249861602160575,96,96
1041,di_kernel_W-0.5__ji,te_symbolic_k-1_kt-1_l-1_lt-1__ji,0.7550545316596808,96,96
1042,di_kernel_W-0.5__ji,te_symbolic_k-10_kt-1_l-1_lt-1__ij,0.1334372158419993,96,96
1043,di_kernel_W-0.5__ji,te_symbolic_k-10_kt-1_l-1_lt-1__ji,0.7445969176671403,96,96
1044,mi_gaussian,mi_kraskov_NN-4,0.9512083744029726,96,96
1045,mi_gaussian,mi_kraskov_NN-4_DCE,0.9569856862518545,96,96
1046,mi_gaussian,mi_kernel_W-0.25,0.9032797522214399,96,96
1047,mi_gaussian,tlmi_gaussian__ij,0.9614537910464329,96,96
1048,mi_gaussian,tlmi_gaussian__ji,0.13682212909229535,96,96
1049,mi_gaussian,tlmi_kraskov_NN-4__ij,0.9188496567906972,96,96
1050,mi_gaussian,tlmi_kraskov_NN-4__ji,0.17083516163326634,96,96
1051,mi_gaussian,tlmi_kraskov_NN-4_DCE__ij,0.9418400644411616,96,96
1052,mi_gaussian,tlmi_kraskov_NN-4_DCE__ji,0.18249355701347586,96,96
1053,mi_gaussian,tlmi_kernel_W-0.25__ij,0.8824040853855113,96,96
1054,mi_gaussian,tlmi_kernel_W-0.25__ji,0.21653530884194316,96,96
1055,mi_gaussian,te_kraskov_NN-4_k-max-10_tau-max-4__ij,0.1925602853185157,96,96
1056,mi_gaussian,te_kraskov_NN-4_k-max-10_tau-max-4__ji,0.13611373944309185,96,96
1057,mi_gaussian,te_kraskov_NN-4_DCE_k-max-10_tau-max-4__ij,0.395442191327729,96,96
1058,mi_gaussian,te_kraskov_NN-4_DCE_k-max-10_tau-max-4__ji,0.18749931509736945,96,96
1059,mi_gaussian,te_kraskov_NN-4_DCE_k-2_kt-1_l-1_lt-1__ij,0.4343511122457533,96,96
1060,mi_gaussian,te_kraskov_NN-4_DCE_k-2_kt-1_l-1_lt-1__ji,0.0818907499595467,96,96
1061,mi_gaussian,te_kraskov_NN-4_DCE_k-1_kt-1_l-1_lt-1__ij,0.5036298981971514,96,96
1062,mi_gaussian,te_kraskov_NN-4_DCE_k-1_kt-1_l-1_lt-1__ji,0.14339253297718907,96,96
1063,mi_gaussian,te_kraskov_NN-4_k-1_kt-1_l-1_lt-1__ij,0.39011741231754354,96,96
1064,mi_gaussian,te_kraskov_NN-4_k-1_kt-1_l-1_lt-1__ji,0.11228611550935269,96,96
1065,mi_gaussian,te_kernel_W-0.25_k-1__ij,0.25533689165520657,96,96
1066,mi_gaussian,te_kernel_W-0.25_k-1__ji,0.08154144602776436,96,96
1067,mi_gaussian,gc_gaussian_k-max-10_tau-max-2__ij,0.6268888450920334,96,96
1068,mi_gaussian,gc_gaussian_k-max-10_tau-max-2__ji,0.17983309931291752,96,96
1069,mi_gaussian,gc_gaussian_k-1_kt-1_l-1_lt-1__ij,0.8772858720479766,96,96
1070,mi_gaussian,gc_gaussian_k-1_kt-1_l-1_lt-1__ji,0.23798650394883164,96,96
1071,mi_gaussian,te_symbolic_k-1_kt-1_l-1_lt-1__ij,0.8772858720479766,96,96
1072,mi_gaussian,te_symbolic_k-1_kt-1_l-1_lt-1__ji,0.23798650394883164,96,96
1073,mi_gaussian,te_symbolic_k-10_kt-1_l-1_lt-1__ij,0.7030136322785936,96,96
1074,mi_gaussian,te_symbolic_k-10_kt-1_l-1_lt-1__ji,0.22435879926245839,96,96
1075,mi_kraskov_NN-4,mi_kraskov_NN-4_DCE,0.39460942920313247,96,96
1076,mi_kraskov_NN-4,mi_kernel_W-0.25,0.9707983063144983,96,96
1077,mi_kraskov_NN-4,tlmi_gaussian__ij,0.95180243439258,96,96
1078,mi_kraskov_NN-4,tlmi_gaussian__ji,0.14582641374265687,96,96
1079,mi_kraskov_NN-4,tlmi_kraskov_NN-4__ij,0.9658386630137719,96,96
1080,mi_kraskov_NN-4,tlmi_kraskov_NN-4__ji,0.19276306877668586,96,96
1081,mi_kraskov_NN-4,tlmi_kraskov_NN-4_DCE__ij,0.962637796722599,96,96
1082,mi_kraskov_NN-4,tlmi_kraskov_NN-4_DCE__ji,0.1914087522658976,96,96
1083,mi_kraskov_NN-4,tlmi_kernel_W-0.25__ij,0.9664033698226966,96,96
1084,mi_kraskov_NN-4,tlmi_kernel_W-0.25__ji,0.18757785160208068,96,96
1085,mi_kraskov_NN-4,te_kraskov_NN-4_k-max-10_tau-max-4__ij,0.44585872210965316,96,96
1086,mi_kraskov_NN-4,te_kraskov_NN-4_k-max-10_tau-max-4__ji,0.07869499924407641,96,96
1087,mi_kraskov_NN-4,te_kraskov_NN-4_DCE_k-max-10_tau-max-4__ij,0.6094064816650675,96,96
1088,mi_kraskov_NN-4,te_kraskov_NN-4_DCE_k-max-10_tau-max-4__ji,0.15323325595710868,96,96
1089,mi_kraskov_NN-4,te_kraskov_NN-4_DCE_k-2_kt-1_l-1_lt-1__ij,0.6191552071970341,96,96
1090,mi_kraskov_NN-4,te_kraskov_NN-4_DCE_k-2_kt-1_l-1_lt-1__ji,0.08461122305262686,96,96
1091,mi_kraskov_NN-4,te_kraskov_NN-4_DCE_k-1_kt-1_l-1_lt-1__ij,0.7132809086383057,96,96
1092,mi_kraskov_NN-4,te_kraskov_NN-4_DCE_k-1_kt-1_l-1_lt-1__ji,0.1534078677070047,96,96
1093,mi_kraskov_NN-4,te_kraskov_NN-4_k-1_kt-1_l-1_lt-1__ij,0.6195711966651013,96,96
1094,mi_kraskov_NN-4,te_kraskov_NN-4_k-1_kt-1_l-1_lt-1__ji,0.1285501930233424,96,96
1095,mi_kraskov_NN-4,te_kernel_W-0.25_k-1__ij,0.13108529512770362,96,96
1096,mi_kraskov_NN-4,te_kernel_W-0.25_k-1__ji,0.08482972318661869,96,96
1097,mi_kraskov_NN-4,gc_gaussian_k-max-10_tau-max-2__ij,0.8305242311119125,96,96
1098,mi_kraskov_NN-4,gc_gaussian_k-max-10_tau-max-2__ji,0.12387689592502638,96,96
1099,mi_kraskov_NN-4,gc_gaussian_k-1_kt-1_l-1_lt-1__ij,0.949421062711028,96,96
1100,mi_kraskov_NN-4,gc_gaussian_k-1_kt-1_l-1_lt-1__ji,0.14590239632897395,96,96
1101,mi_kraskov_NN-4,te_symbolic_k-1_kt-1_l-1_lt-1__ij,0.949421062711028,96,96
1102,mi_kraskov_NN-4,te_symbolic_k-1_kt-1_l-1_lt-1__ji,0.14590239632897395,96,96
1103,mi_kraskov_NN-4,te_symbolic_k-10_kt-1_l-1_lt-1__ij,0.8987307398258189,96,96
1104,mi_kraskov_NN-4,te_symbolic_k-10_kt-1_l-1_lt-1__ji,0.13751918061487,96,96
1105,mi_kraskov_NN-4_DCE,mi_kernel_W-0.25,0.947781254715433,96,96
1106,mi_kraskov_NN-4_DCE,tlmi_gaussian__ij,0.9586692382035865,96,96
1107,mi_kraskov_NN-4_DCE,tlmi_gaussian__ji,0.13267890206883165,96,96
1108,mi_kraskov_NN-4_DCE,tlmi_kraskov_NN-4__ij,0.9555696409101767,96,96
1109,mi_kraskov_NN-4_DCE,tlmi_kraskov_NN-4__ji,0.16523744221170578,96,96
1110,mi_kraskov_NN-4_DCE,tlmi_kraskov_NN-4_DCE__ij,0.9786941937303132,96,96
1111,mi_kraskov_NN-4_DCE,tlmi_kraskov_NN-4_DCE__ji,0.17143063146807752,96,96
1112,mi_kraskov_NN-4_DCE,tlmi_kernel_W-0.25__ij,0.9522213184841385,96,96
1113,mi_kraskov_NN-4_DCE,tlmi_kernel_W-0.25__ji,0.1598916423725265,96,96
1114,mi_kraskov_NN-4_DCE,te_kraskov_NN-4_k-max-10_tau-max-4__ij,0.4326825271804465,96,96
1115,mi_kraskov_NN-4_DCE,te_kraskov_NN-4_k-max-10_tau-max-4__ji,0.06635205219749485,96,96
1116,mi_kraskov_NN-4_DCE,te_kraskov_NN-4_DCE_k-max-10_tau-max-4__ij,0.6273449500095357,96,96
1117,mi_kraskov_NN-4_DCE,te_kraskov_NN-4_DCE_k-max-10_tau-max-4__ji,0.14524140550041748,96,96
1118,mi_kraskov_NN-4_DCE,te_kraskov_NN-4_DCE_k-2_kt-1_l-1_lt-1__ij,0.616749657559838,96,96
1119,mi_kraskov_NN-4_DCE,te_kraskov_NN-4_DCE_k-2_kt-1_l-1_lt-1__ji,0.06700908325531252,96,96
1120,mi_kraskov_NN-4_DCE,te_kraskov_NN-4_DCE_k-1_kt-1_l-1_lt-1__ij,0.7207401756094189,96,96
1121,mi_kraskov_NN-4_DCE,te_kraskov_NN-4_DCE_k-1_kt-1_l-1_lt-1__ji,0.13807024264014167,96,96
1122,mi_kraskov_NN-4_DCE,te_kraskov_NN-4_k-1_kt-1_l-1_lt-1__ij,0.596327696333996,96,96
1123,mi_kraskov_NN-4_DCE,te_kraskov_NN-4_k-1_kt-1_l-1_lt-1__ji,0.11713306297644238,96,96
1124,mi_kraskov_NN-4_DCE,te_kernel_W-0.25_k-1__ij,0.13614548688977013,96,96
1125,mi_kraskov_NN-4_DCE,te_kernel_W-0.25_k-1__ji,0.07829038576525599,96,96
1126,mi_kraskov_NN-4_DCE,gc_gaussian_k-max-10_tau-max-2__ij,0.8288142868407635,96,96
1127,mi_kraskov_NN-4_DCE,gc_gaussian_k-max-10_tau-max-2__ji,0.11948592733944174,96,96
1128,mi_kraskov_NN-4_DCE,gc_gaussian_k-1_kt-1_l-1_lt-1__ij,0.950479970104174,96,96
1129,mi_kraskov_NN-4_DCE,gc_gaussian_k-1_kt-1_l-1_lt-1__ji,0.15315789867173618,96,96
1130,mi_kraskov_NN-4_DCE,te_symbolic_k-1_kt-1_l-1_lt-1__ij,0.950479970104174,96,96
1131,mi_kraskov_NN-4_DCE,te_symbolic_k-1_kt-1_l-1_lt-1__ji,0.15315789867173618,96,96
1132,mi_kraskov_NN-4_DCE,te_symbolic_k-10_kt-1_l-1_lt-1__ij,0.9041840088411777,96,96
1133,mi_kraskov_NN-4_DCE,te_symbolic_k-10_kt-1_l-1_lt-1__ji,0.1499051272024664,96,96
1134,mi_kernel_W-0.25,tlmi_gaussian__ij,0.9267437655858991,96,96
1135,mi_kernel_W-0.25,tlmi_gaussian__ji,0.1873546032921255,96,96
1136,mi_kernel_W-0.25,tlmi_kraskov_NN-4__ij,0.958413499703626,96,96
1137,mi_kernel_W-0.25,tlmi_kraskov_NN-4__ji,0.1606580590905467,96,96
1138,mi_kernel_W-0.25,tlmi_kraskov_NN-4_DCE__ij,0.9450376118276469,96,96
1139,mi_kernel_W-0.25,tlmi_kraskov_NN-4_DCE__ji,0.17162878172425655,96,96
1140,mi_kernel_W-0.25,tlmi_kernel_W-0.25__ij,0.9643904522513622,96,96
1141,mi_kernel_W-0.25,tlmi_kernel_W-0.25__ji,0.14343129766423113,96,96
1142,mi_kernel_W-0.25,te_kraskov_NN-4_k-max-10_tau-max-4__ij,0.2868214632682226,96,96
1143,mi_kernel_W-0.25,te_kraskov_NN-4_k-max-10_tau-max-4__ji,0.10056429969200159,96,96
1144,mi_kernel_W-0.25,te_kraskov_NN-4_DCE_k-max-10_tau-max-4__ij,0.46071870650424285,96,96
1145,mi_kernel_W-0.25,te_kraskov_NN-4_DCE_k-max-10_tau-max-4__ji,0.14652514438032838,96,96
1146,mi_kernel_W-0.25,te_kraskov_NN-4_DCE_k-2_kt-1_l-1_lt-1__ij,0.504142958271206,96,96
1147,mi_kernel_W-0.25,te_kraskov_NN-4_DCE_k-2_kt-1_l-1_lt-1__ji,0.07870853828925456,96,96
1148,mi_kernel_W-0.25,te_kraskov_NN-4_DCE_k-1_kt-1_l-1_lt-1__ij,0.5721124451572649,96,96
1149,mi_kernel_W-0.25,te_kraskov_NN-4_DCE_k-1_kt-1_l-1_lt-1__ji,0.09589024850233335,96,96
1150,mi_kernel_W-0.25,te_kraskov_NN-4_k-1_kt-1_l-1_lt-1__ij,0.46883404318429345,96,96
1151,mi_kernel_W-0.25,te_kraskov_NN-4_k-1_kt-1_l-1_lt-1__ji,0.059432641389696395,96,96
1152,mi_kernel_W-0.25,te_kernel_W-0.25_k-1__ij,0.11251542793752911,96,96
1153,mi_kernel_W-0.25,te_kernel_W-0.25_k-1__ji,0.04520730606273998,96,96
1154,mi_kernel_W-0.25,gc_gaussian_k-max-10_tau-max-2__ij,0.757348432565047,96,96
1155,mi_kernel_W-0.25,gc_gaussian_k-max-10_tau-max-2__ji,0.1411947098729176,96,96
1156,mi_kernel_W-0.25,gc_gaussian_k-1_kt-1_l-1_lt-1__ij,0.9355284330752948,96,96
1157,mi_kernel_W-0.25,gc_gaussian_k-1_kt-1_l-1_lt-1__ji,0.18833891259273178,96,96
1158,mi_kernel_W-0.25,te_symbolic_k-1_kt-1_l-1_lt-1__ij,0.9355284330752948,96,96
1159,mi_kernel_W-0.25,te_symbolic_k-1_kt-1_l-1_lt-1__ji,0.18833891259273178,96,96
1160,mi_kernel_W-0.25,te_symbolic_k-10_kt-1_l-1_lt-1__ij,0.8339655569615556,96,96
1161,mi_kernel_W-0.25,te_symbolic_k-10_kt-1_l-1_lt-1__ji,0.18892520566901977,96,96
1162,tlmi_gaussian__ij,tlmi_gaussian__ji,0.15611506686514942,96,96
1163,tlmi_gaussian__ij,tlmi_kraskov_NN-4__ij,0.9085618517570301,96,96
1164,tlmi_gaussian__ij,tlmi_kraskov_NN-4__ji,0.17296857566727375,96,96
1165,tlmi_gaussian__ij,tlmi_kraskov_NN-4_DCE__ij,0.9266527697272606,96,96
1166,tlmi_gaussian__ij,tlmi_kraskov_NN-4_DCE__ji,0.18937141510527652,96,96
1167,tlmi_gaussian__ij,tlmi_kernel_W-0.25__ij,0.8699985073395038,96,96
1168,tlmi_gaussian__ij,tlmi_kernel_W-0.25__ji,0.2102200807415326,96,96
1169,tlmi_gaussian__ij,te_kraskov_NN-4_k-max-10_tau-max-4__ij,0.11225683426497407,96,96
1170,tlmi_gaussian__ij,te_kraskov_NN-4_k-max-10_tau-max-4__ji,0.13046763781540932,96,96
1171,tlmi_gaussian__ij,te_kraskov_NN-4_DCE_k-max-10_tau-max-4__ij,0.3211246390924134,96,96
1172,tlmi_gaussian__ij,te_kraskov_NN-4_DCE_k-max-10_tau-max-4__ji,0.18639240559168235,96,96
1173,tlmi_gaussian__ij,te_kraskov_NN-4_DCE_k-2_kt-1_l-1_lt-1__ij,0.3826220382448011,96,96
1174,tlmi_gaussian__ij,te_kraskov_NN-4_DCE_k-2_kt-1_l-1_lt-1__ji,0.08565383899123846,96,96
1175,tlmi_gaussian__ij,te_kraskov_NN-4_DCE_k-1_kt-1_l-1_lt-1__ij,0.43576420837635743,96,96
1176,tlmi_gaussian__ij,te_kraskov_NN-4_DCE_k-1_kt-1_l-1_lt-1__ji,0.1374058767548358,96,96
1177,tlmi_gaussian__ij,te_kraskov_NN-4_k-1_kt-1_l-1_lt-1__ij,0.31598171098440564,96,96
1178,tlmi_gaussian__ij,te_kraskov_NN-4_k-1_kt-1_l-1_lt-1__ji,0.10000525094983526,96,96
1179,tlmi_gaussian__ij,te_kernel_W-0.25_k-1__ij,0.26457302188176246,96,96
1180,tlmi_gaussian__ij,te_kernel_W-0.25_k-1__ji,0.05625888943780871,96,96
1181,tlmi_gaussian__ij,gc_gaussian_k-max-10_tau-max-2__ij,0.42052996002039006,96,96
1182,tlmi_gaussian__ij,gc_gaussian_k-max-10_tau-max-2__ji,0.1750985215597306,96,96
1183,tlmi_gaussian__ij,gc_gaussian_k-1_kt-1_l-1_lt-1__ij,0.6563274344526174,96,96
1184,tlmi_gaussian__ij,gc_gaussian_k-1_kt-1_l-1_lt-1__ji,0.227493492002514,96,96
1185,tlmi_gaussian__ij,te_symbolic_k-1_kt-1_l-1_lt-1__ij,0.6563274344526174,96,96
1186,tlmi_gaussian__ij,te_symbolic_k-1_kt-1_l-1_lt-1__ji,0.227493492002514,96,96
1187,tlmi_gaussian__ij,te_symbolic_k-10_kt-1_l-1_lt-1__ij,0.26241393225952064,96,96
1188,tlmi_gaussian__ij,te_symbolic_k-10_kt-1_l-1_lt-1__ji,0.21168161774447153,96,96
1189,tlmi_gaussian__ji,tlmi_kraskov_NN-4__ij,0.15016777969934791,96,96
1190,tlmi_gaussian__ji,tlmi_kraskov_NN-4__ji,0.9789540547096189,96,96
1191,tlmi_gaussian__ji,tlmi_kraskov_NN-4_DCE__ij,0.1352684762623665,96,96
1192,tlmi_gaussian__ji,tlmi_kraskov_NN-4_DCE__ji,0.9860775417901934,96,96
1193,tlmi_gaussian__ji,tlmi_kernel_W-0.25__ij,0.15344278417866447,96,96
1194,tlmi_gaussian__ji,tlmi_kernel_W-0.25__ji,0.9374259557910022,96,96
1195,tlmi_gaussian__ji,te_kraskov_NN-4_k-max-10_tau-max-4__ij,0.0375017527872441,96,96
1196,tlmi_gaussian__ji,te_kraskov_NN-4_k-max-10_tau-max-4__ji,0.7496874526224617,96,96
1197,tlmi_gaussian__ji,te_kraskov_NN-4_DCE_k-max-10_tau-max-4__ij,0.02088739025605235,96,96
1198,tlmi_gaussian__ji,te_kraskov_NN-4_DCE_k-max-10_tau-max-4__ji,0.8786431478423022,96,96
1199,tlmi_gaussian__ji,te_kraskov_NN-4_DCE_k-2_kt-1_l-1_lt-1__ij,0.017027699466849122,96,96
1200,tlmi_gaussian__ji,te_kraskov_NN-4_DCE_k-2_kt-1_l-1_lt-1__ji,0.8278257106962824,96,96
1201,tlmi_gaussian__ji,te_kraskov_NN-4_DCE_k-1_kt-1_l-1_lt-1__ij,0.035679718566770324,96,96
1202,tlmi_gaussian__ji,te_kraskov_NN-4_DCE_k-1_kt-1_l-1_lt-1__ji,0.8510192166072673,96,96
1203,tlmi_gaussian__ji,te_kraskov_NN-4_k-1_kt-1_l-1_lt-1__ij,0.021773574261087017,96,96
1204,tlmi_gaussian__ji,te_kraskov_NN-4_k-1_kt-1_l-1_lt-1__ji,0.79523598344423,96,96
1205,tlmi_gaussian__ji,te_kernel_W-0.25_k-1__ij,0.08788738481166125,96,96
1206,tlmi_gaussian__ji,te_kernel_W-0.25_k-1__ji,0.4270118700373137,96,96
1207,tlmi_gaussian__ji,gc_gaussian_k-max-10_tau-max-2__ij,0.023739187095464187,96,96
1208,tlmi_gaussian__ji,gc_gaussian_k-max-10_tau-max-2__ji,0.949800366659943,96,96
1209,tlmi_gaussian__ji,gc_gaussian_k-1_kt-1_l-1_lt-1__ij,0.09191661528704592,96,96
1210,tlmi_gaussian__ji,gc_gaussian_k-1_kt-1_l-1_lt-1__ji,0.9847188683900667,96,96
1211,tlmi_gaussian__ji,te_symbolic_k-1_kt-1_l-1_lt-1__ij,0.09191661528704592,96,96
1212,tlmi_gaussian__ji,te_symbolic_k-1_kt-1_l-1_lt-1__ji,0.9847188683900667,96,96
1213,tlmi_gaussian__ji,te_symbolic_k-10_kt-1_l-1_lt-1__ij,0.04949709134543989,96,96
1214,tlmi_gaussian__ji,te_symbolic_k-10_kt-1_l-1_lt-1__ji,0.9439826060203402,96,96
1215,tlmi_kraskov_NN-4__ij,tlmi_kraskov_NN-4__ji,0.12093941822274851,96,96
1216,tlmi_kraskov_NN-4__ij,tlmi_kraskov_NN-4_DCE__ij,0.5148230598445002,96,96
1217,tlmi_kraskov_NN-4__ij,tlmi_kraskov_NN-4_DCE__ji,0.12402689045773585,96,96
1218,tlmi_kraskov_NN-4__ij,tlmi_kernel_W-0.25__ij,0.9402818180609563,96,96
1219,tlmi_kraskov_NN-4__ij,tlmi_kernel_W-0.25__ji,0.13148850540169799,96,96
1220,tlmi_kraskov_NN-4__ij,te_kraskov_NN-4_k-max-10_tau-max-4__ij,0.18308206899663892,96,96
1221,tlmi_kraskov_NN-4__ij,te_kraskov_NN-4_k-max-10_tau-max-4__ji,0.08760794668955196,96,96
1222,tlmi_kraskov_NN-4__ij,te_kraskov_NN-4_DCE_k-max-10_tau-max-4__ij,0.4092605680853148,96,96
1223,tlmi_kraskov_NN-4__ij,te_kraskov_NN-4_DCE_k-max-10_tau-max-4__ji,0.15120065273338068,96,96
1224,tlmi_kraskov_NN-4__ij,te_kraskov_NN-4_DCE_k-2_kt-1_l-1_lt-1__ij,0.4129065470501126,96,96
1225,tlmi_kraskov_NN-4__ij,te_kraskov_NN-4_DCE_k-2_kt-1_l-1_lt-1__ji,0.07971944289596844,96,96
1226,tlmi_kraskov_NN-4__ij,te_kraskov_NN-4_DCE_k-1_kt-1_l-1_lt-1__ij,0.49923353005553195,96,96
1227,tlmi_kraskov_NN-4__ij,te_kraskov_NN-4_DCE_k-1_kt-1_l-1_lt-1__ji,0.07916249991590968,96,96
1228,tlmi_kraskov_NN-4__ij,te_kraskov_NN-4_k-1_kt-1_l-1_lt-1__ij,0.40509862691238374,96,96
1229,tlmi_kraskov_NN-4__ij,te_kraskov_NN-4_k-1_kt-1_l-1_lt-1__ji,0.05703205277181683,96,96
1230,tlmi_kraskov_NN-4__ij,te_kernel_W-0.25_k-1__ij,0.2592339019911878,96,96
1231,tlmi_kraskov_NN-4__ij,te_kernel_W-0.25_k-1__ji,0.06135392026415687,96,96
1232,tlmi_kraskov_NN-4__ij,gc_gaussian_k-max-10_tau-max-2__ij,0.6647787784141964,96,96
1233,tlmi_kraskov_NN-4__ij,gc_gaussian_k-max-10_tau-max-2__ji,0.19214988346142914,96,96
1234,tlmi_kraskov_NN-4__ij,gc_gaussian_k-1_kt-1_l-1_lt-1__ij,0.867257295889882,96,96
1235,tlmi_kraskov_NN-4__ij,gc_gaussian_k-1_kt-1_l-1_lt-1__ji,0.19375148588607682,96,96
1236,tlmi_kraskov_NN-4__ij,te_symbolic_k-1_kt-1_l-1_lt-1__ij,0.867257295889882,96,96
1237,tlmi_kraskov_NN-4__ij,te_symbolic_k-1_kt-1_l-1_lt-1__ji,0.19375148588607682,96,96
1238,tlmi_kraskov_NN-4__ij,te_symbolic_k-10_kt-1_l-1_lt-1__ij,0.7278831391420736,96,96
1239,tlmi_kraskov_NN-4__ij,te_symbolic_k-10_kt-1_l-1_lt-1__ji,0.1794026227632522,96,96
1240,tlmi_kraskov_NN-4__ji,tlmi_kraskov_NN-4_DCE__ij,0.12199687263944053,96,96
1241,tlmi_kraskov_NN-4__ji,tlmi_kraskov_NN-4_DCE__ji,0.37726869277737174,96,96
1242,tlmi_kraskov_NN-4__ji,tlmi_kernel_W-0.25__ij,0.14402628753278907,96,96
1243,tlmi_kraskov_NN-4__ji,tlmi_kernel_W-0.25__ji,0.986519456870096,96,96
1244,tlmi_kraskov_NN-4__ji,te_kraskov_NN-4_k-max-10_tau-max-4__ij,0.05129653360250619,96,96
1245,tlmi_kraskov_NN-4__ji,te_kraskov_NN-4_k-max-10_tau-max-4__ji,0.7172887613560168,96,96
1246,tlmi_kraskov_NN-4__ji,te_kraskov_NN-4_DCE_k-max-10_tau-max-4__ij,0.034910564159993274,96,96
1247,tlmi_kraskov_NN-4__ji,te_kraskov_NN-4_DCE_k-max-10_tau-max-4__ji,0.8712742546097643,96,96
1248,tlmi_kraskov_NN-4__ji,te_kraskov_NN-4_DCE_k-2_kt-1_l-1_lt-1__ij,0.0598111442645376,96,96
1249,tlmi_kraskov_NN-4__ji,te_kraskov_NN-4_DCE_k-2_kt-1_l-1_lt-1__ji,0.8232423702438109,96,96
1250,tlmi_kraskov_NN-4__ji,te_kraskov_NN-4_DCE_k-1_kt-1_l-1_lt-1__ij,0.046675983757747785,96,96
1251,tlmi_kraskov_NN-4__ji,te_kraskov_NN-4_DCE_k-1_kt-1_l-1_lt-1__ji,0.8437901588471898,96,96
1252,tlmi_kraskov_NN-4__ji,te_kraskov_NN-4_k-1_kt-1_l-1_lt-1__ij,0.021124049451015176,96,96
1253,tlmi_kraskov_NN-4__ji,te_kraskov_NN-4_k-1_kt-1_l-1_lt-1__ji,0.7903702100834934,96,96
1254,tlmi_kraskov_NN-4__ji,te_kernel_W-0.25_k-1__ij,0.0811148043005197,96,96
1255,tlmi_kraskov_NN-4__ji,te_kernel_W-0.25_k-1__ji,0.35206938382662234,96,96
1256,tlmi_kraskov_NN-4__ji,gc_gaussian_k-max-10_tau-max-2__ij,0.06941971215944559,96,96
1257,tlmi_kraskov_NN-4__ji,gc_gaussian_k-max-10_tau-max-2__ji,0.9744707214344873,96,96
1258,tlmi_kraskov_NN-4__ji,gc_gaussian_k-1_kt-1_l-1_lt-1__ij,0.10975524684659654,96,96
1259,tlmi_kraskov_NN-4__ji,gc_gaussian_k-1_kt-1_l-1_lt-1__ji,0.9927980631532065,96,96
1260,tlmi_kraskov_NN-4__ji,te_symbolic_k-1_kt-1_l-1_lt-1__ij,0.10975524684659654,96,96
1261,tlmi_kraskov_NN-4__ji,te_symbolic_k-1_kt-1_l-1_lt-1__ji,0.9927980631532065,96,96
1262,tlmi_kraskov_NN-4__ji,te_symbolic_k-10_kt-1_l-1_lt-1__ij,0.07868454130766572,96,96
1263,tlmi_kraskov_NN-4__ji,te_symbolic_k-10_kt-1_l-1_lt-1__ji,0.9868536925924539,96,96
1264,tlmi_kraskov_NN-4_DCE__ij,tlmi_kraskov_NN-4_DCE__ji,0.12084666741513644,96,96
1265,tlmi_kraskov_NN-4_DCE__ij,tlmi_kernel_W-0.25__ij,0.9200497959580507,96,96
1266,tlmi_kraskov_NN-4_DCE__ij,tlmi_kernel_W-0.25__ji,0.12067491041320355,96,96
1267,tlmi_kraskov_NN-4_DCE__ij,te_kraskov_NN-4_k-max-10_tau-max-4__ij,0.15402819922753525,96,96
1268,tlmi_kraskov_NN-4_DCE__ij,te_kraskov_NN-4_k-max-10_tau-max-4__ji,0.07917466438605342,96,96
1269,tlmi_kraskov_NN-4_DCE__ij,te_kraskov_NN-4_DCE_k-max-10_tau-max-4__ij,0.4189030123553792,96,96
1270,tlmi_kraskov_NN-4_DCE__ij,te_kraskov_NN-4_DCE_k-max-10_tau-max-4__ji,0.14662954397747108,96,96
1271,tlmi_kraskov_NN-4_DCE__ij,te_kraskov_NN-4_DCE_k-2_kt-1_l-1_lt-1__ij,0.4256077005920218,96,96
1272,tlmi_kraskov_NN-4_DCE__ij,te_kraskov_NN-4_DCE_k-2_kt-1_l-1_lt-1__ji,0.08527915103426542,96,96
1273,tlmi_kraskov_NN-4_DCE__ij,te_kraskov_NN-4_DCE_k-1_kt-1_l-1_lt-1__ij,0.5414723972634519,96,96
1274,tlmi_kraskov_NN-4_DCE__ij,te_kraskov_NN-4_DCE_k-1_kt-1_l-1_lt-1__ji,0.0900460950585345,96,96
1275,tlmi_kraskov_NN-4_DCE__ij,te_kraskov_NN-4_k-1_kt-1_l-1_lt-1__ij,0.3849538544990607,96,96
1276,tlmi_kraskov_NN-4_DCE__ij,te_kraskov_NN-4_k-1_kt-1_l-1_lt-1__ji,0.06075034809184382,96,96
1277,tlmi_kraskov_NN-4_DCE__ij,te_kernel_W-0.25_k-1__ij,0.27335161263505314,96,96
1278,tlmi_kraskov_NN-4_DCE__ij,te_kernel_W-0.25_k-1__ji,0.04411024478135522,96,96
1279,tlmi_kraskov_NN-4_DCE__ij,gc_gaussian_k-max-10_tau-max-2__ij,0.6773593442311814,96,96
1280,tlmi_kraskov_NN-4_DCE__ij,gc_gaussian_k-max-10_tau-max-2__ji,0.18794198062170442,96,96
1281,tlmi_kraskov_NN-4_DCE__ij,gc_gaussian_k-1_kt-1_l-1_lt-1__ij,0.8816238918535318,96,96
1282,tlmi_kraskov_NN-4_DCE__ij,gc_gaussian_k-1_kt-1_l-1_lt-1__ji,0.19277839367358346,96,96
1283,tlmi_kraskov_NN-4_DCE__ij,te_symbolic_k-1_kt-1_l-1_lt-1__ij,0.8816238918535318,96,96
1284,tlmi_kraskov_NN-4_DCE__ij,te_symbolic_k-1_kt-1_l-1_lt-1__ji,0.19277839367358346,96,96
1285,tlmi_kraskov_NN-4_DCE__ij,te_symbolic_k-10_kt-1_l-1_lt-1__ij,0.7525006819361204,96,96
1286,tlmi_kraskov_NN-4_DCE__ij,te_symbolic_k-10_kt-1_l-1_lt-1__ji,0.17979359290456298,96,96
1287,tlmi_kraskov_NN-4_DCE__ji,tlmi_kernel_W-0.25__ij,0.15581641588477874,96,96
1288,tlmi_kraskov_NN-4_DCE__ji,tlmi_kernel_W-0.25__ji,0.9771591508102185,96,96
1289,tlmi_kraskov_NN-4_DCE__ji,te_kraskov_NN-4_k-max-10_tau-max-4__ij,0.05239325719107735,96,96
1290,tlmi_kraskov_NN-4_DCE__ji,te_kraskov_NN-4_k-max-10_tau-max-4__ji,0.6976140303584306,96,96
1291,tlmi_kraskov_NN-4_DCE__ji,te_kraskov_NN-4_DCE_k-max-10_tau-max-4__ij,0.04915161277062263,96,96
1292,tlmi_kraskov_NN-4_DCE__ji,te_kraskov_NN-4_DCE_k-max-10_tau-max-4__ji,0.8915571524063135,96,96
1293,tlmi_kraskov_NN-4_DCE__ji,te_kraskov_NN-4_DCE_k-2_kt-1_l-1_lt-1__ij,0.07040592670954826,96,96
1294,tlmi_kraskov_NN-4_DCE__ji,te_kraskov_NN-4_DCE_k-2_kt-1_l-1_lt-1__ji,0.8423896851795264,96,96
1295,tlmi_kraskov_NN-4_DCE__ji,te_kraskov_NN-4_DCE_k-1_kt-1_l-1_lt-1__ij,0.05433901505075672,96,96
1296,tlmi_kraskov_NN-4_DCE__ji,te_kraskov_NN-4_DCE_k-1_kt-1_l-1_lt-1__ji,0.8371644612462816,96,96
1297,tlmi_kraskov_NN-4_DCE__ji,te_kraskov_NN-4_k-1_kt-1_l-1_lt-1__ij,0.03462351047612122,96,96
1298,tlmi_kraskov_NN-4_DCE__ji,te_kraskov_NN-4_k-1_kt-1_l-1_lt-1__ji,0.7460841137789126,96,96
1299,tlmi_kraskov_NN-4_DCE__ji,te_kernel_W-0.25_k-1__ij,0.06899752597107633,96,96
1300,tlmi_kraskov_NN-4_DCE__ji,te_kernel_W-0.25_k-1__ji,0.3156806184143771,96,96
1301,tlmi_kraskov_NN-4_DCE__ji,gc_gaussian_k-max-10_tau-max-2__ij,0.07972370131167095,96,96
1302,tlmi_kraskov_NN-4_DCE__ji,gc_gaussian_k-max-10_tau-max-2__ji,0.9793058240226087,96,96
1303,tlmi_kraskov_NN-4_DCE__ji,gc_gaussian_k-1_kt-1_l-1_lt-1__ij,0.12617386689676346,96,96
1304,tlmi_kraskov_NN-4_DCE__ji,gc_gaussian_k-1_kt-1_l-1_lt-1__ji,0.9945131218932608,96,96
1305,tlmi_kraskov_NN-4_DCE__ji,te_symbolic_k-1_kt-1_l-1_lt-1__ij,0.12617386689676346,96,96
1306,tlmi_kraskov_NN-4_DCE__ji,te_symbolic_k-1_kt-1_l-1_lt-1__ji,0.9945131218932608,96,96
1307,tlmi_kraskov_NN-4_DCE__ji,te_symbolic_k-10_kt-1_l-1_lt-1__ij,0.09034636809479285,96,96
1308,tlmi_kraskov_NN-4_DCE__ji,te_symbolic_k-10_kt-1_l-1_lt-1__ji,0.9863545382941159,96,96
1309,tlmi_kernel_W-0.25__ij,tlmi_kernel_W-0.25__ji,0.1433423826952892,96,96
1310,tlmi_kernel_W-0.25__ij,te_kraskov_NN-4_k-max-10_tau-max-4__ij,0.16863115717200866,96,96
1311,tlmi_kernel_W-0.25__ij,te_kraskov_NN-4_k-max-10_tau-max-4__ji,0.1360064385960461,96,96
1312,tlmi_kernel_W-0.25__ij,te_kraskov_NN-4_DCE_k-max-10_tau-max-4__ij,0.3597936186373007,96,96
1313,tlmi_kernel_W-0.25__ij,te_kraskov_NN-4_DCE_k-max-10_tau-max-4__ji,0.1772885589764978,96,96
1314,tlmi_kernel_W-0.25__ij,te_kraskov_NN-4_DCE_k-2_kt-1_l-1_lt-1__ij,0.3132105365588135,96,96
1315,tlmi_kernel_W-0.25__ij,te_kraskov_NN-4_DCE_k-2_kt-1_l-1_lt-1__ji,0.08986811726326385,96,96
1316,tlmi_kernel_W-0.25__ij,te_kraskov_NN-4_DCE_k-1_kt-1_l-1_lt-1__ij,0.38250708740668077,96,96
1317,tlmi_kernel_W-0.25__ij,te_kraskov_NN-4_DCE_k-1_kt-1_l-1_lt-1__ji,0.10294159838920053,96,96
1318,tlmi_kernel_W-0.25__ij,te_kraskov_NN-4_k-1_kt-1_l-1_lt-1__ij,0.26855108524446974,96,96
1319,tlmi_kernel_W-0.25__ij,te_kraskov_NN-4_k-1_kt-1_l-1_lt-1__ji,0.0722384210162603,96,96
1320,tlmi_kernel_W-0.25__ij,te_kernel_W-0.25_k-1__ij,0.36975071851839647,96,96
1321,tlmi_kernel_W-0.25__ij,te_kernel_W-0.25_k-1__ji,0.05557473770662119,96,96
1322,tlmi_kernel_W-0.25__ij,gc_gaussian_k-max-10_tau-max-2__ij,0.5874397373560728,96,96
1323,tlmi_kernel_W-0.25__ij,gc_gaussian_k-max-10_tau-max-2__ji,0.18428943435446415,96,96
1324,tlmi_kernel_W-0.25__ij,gc_gaussian_k-1_kt-1_l-1_lt-1__ij,0.8489010079644155,96,96
1325,tlmi_kernel_W-0.25__ij,gc_gaussian_k-1_kt-1_l-1_lt-1__ji,0.20554146062635997,96,96
1326,tlmi_kernel_W-0.25__ij,te_symbolic_k-1_kt-1_l-1_lt-1__ij,0.8489010079644155,96,96
1327,tlmi_kernel_W-0.25__ij,te_symbolic_k-1_kt-1_l-1_lt-1__ji,0.20554146062635997,96,96
1328,tlmi_kernel_W-0.25__ij,te_symbolic_k-10_kt-1_l-1_lt-1__ij,0.7061919870799926,96,96
1329,tlmi_kernel_W-0.25__ij,te_symbolic_k-10_kt-1_l-1_lt-1__ji,0.19943080431933968,96,96
1330,tlmi_kernel_W-0.25__ji,te_kraskov_NN-4_k-max-10_tau-max-4__ij,0.06740457814637218,96,96
1331,tlmi_kernel_W-0.25__ji,te_kraskov_NN-4_k-max-10_tau-max-4__ji,0.7239999645768774,96,96
1332,tlmi_kernel_W-0.25__ji,te_kraskov_NN-4_DCE_k-max-10_tau-max-4__ij,0.07013656968391335,96,96
1333,tlmi_kernel_W-0.25__ji,te_kraskov_NN-4_DCE_k-max-10_tau-max-4__ji,0.8488403001788704,96,96
1334,tlmi_kernel_W-0.25__ji,te_kraskov_NN-4_DCE_k-2_kt-1_l-1_lt-1__ij,0.05648878551314207,96,96
1335,tlmi_kernel_W-0.25__ji,te_kraskov_NN-4_DCE_k-2_kt-1_l-1_lt-1__ji,0.7998977027204772,96,96
1336,tlmi_kernel_W-0.25__ji,te_kraskov_NN-4_DCE_k-1_kt-1_l-1_lt-1__ij,0.042610901231978415,96,96
1337,tlmi_kernel_W-0.25__ji,te_kraskov_NN-4_DCE_k-1_kt-1_l-1_lt-1__ji,0.8267011754057761,96,96
1338,tlmi_kernel_W-0.25__ji,te_kraskov_NN-4_k-1_kt-1_l-1_lt-1__ij,0.021301569607378,96,96
1339,tlmi_kernel_W-0.25__ji,te_kraskov_NN-4_k-1_kt-1_l-1_lt-1__ji,0.7592813970512226,96,96
1340,tlmi_kernel_W-0.25__ji,te_kernel_W-0.25_k-1__ij,0.08937367028189647,96,96
1341,tlmi_kernel_W-0.25__ji,te_kernel_W-0.25_k-1__ji,0.198876859347904,96,96
1342,tlmi_kernel_W-0.25__ji,gc_gaussian_k-max-10_tau-max-2__ij,0.07462648442371728,96,96
1343,tlmi_kernel_W-0.25__ji,gc_gaussian_k-max-10_tau-max-2__ji,0.9734154518867363,96,96
1344,tlmi_kernel_W-0.25__ji,gc_gaussian_k-1_kt-1_l-1_lt-1__ij,0.16666519096591892,96,96
1345,tlmi_kernel_W-0.25__ji,gc_gaussian_k-1_kt-1_l-1_lt-1__ji,0.9936517561258146,96,96
1346,tlmi_kernel_W-0.25__ji,te_symbolic_k-1_kt-1_l-1_lt-1__ij,0.16666519096591892,96,96
1347,tlmi_kernel_W-0.25__ji,te_symbolic_k-1_kt-1_l-1_lt-1__ji,0.9936517561258146,96,96
1348,tlmi_kernel_W-0.25__ji,te_symbolic_k-10_kt-1_l-1_lt-1__ij,0.12746867696707725,96,96
1349,tlmi_kernel_W-0.25__ji,te_symbolic_k-10_kt-1_l-1_lt-1__ji,0.9754624906196572,96,96
1350,te_kraskov_NN-4_k-max-10_tau-max-4__ij,te_kraskov_NN-4_k-max-10_tau-max-4__ji,0.08673542697005832,96,96
1351,te_kraskov_NN-4_k-max-10_tau-max-4__ij,te_kraskov_NN-4_DCE_k-max-10_tau-max-4__ij,0.40848768312556316,96,96
1352,te_kraskov_NN-4_k-max-10_tau-max-4__ij,te_kraskov_NN-4_DCE_k-max-10_tau-max-4__ji,0.112393728736076,96,96
1353,te_kraskov_NN-4_k-max-10_tau-max-4__ij,te_kraskov_NN-4_DCE_k-2_kt-1_l-1_lt-1__ij,0.10247100188076252,96,96
1354,te_kraskov_NN-4_k-max-10_tau-max-4__ij,te_kraskov_NN-4_DCE_k-2_kt-1_l-1_lt-1__ji,0.11220460862705767,96,96
1355,te_kraskov_NN-4_k-max-10_tau-max-4__ij,te_kraskov_NN-4_DCE_k-1_kt-1_l-1_lt-1__ij,0.11718183088022965,96,96
1356,te_kraskov_NN-4_k-max-10_tau-max-4__ij,te_kraskov_NN-4_DCE_k-1_kt-1_l-1_lt-1__ji,0.1044547036591178,96,96
1357,te_kraskov_NN-4_k-max-10_tau-max-4__ij,te_kraskov_NN-4_k-1_kt-1_l-1_lt-1__ij,0.10931440812408244,96,96
1358,te_kraskov_NN-4_k-max-10_tau-max-4__ij,te_kraskov_NN-4_k-1_kt-1_l-1_lt-1__ji,0.08819316125575216,96,96
1359,te_kraskov_NN-4_k-max-10_tau-max-4__ij,te_kernel_W-0.25_k-1__ij,0.09599346317628227,96,96
1360,te_kraskov_NN-4_k-max-10_tau-max-4__ij,te_kernel_W-0.25_k-1__ji,0.08981117844903952,96,96
1361,te_kraskov_NN-4_k-max-10_tau-max-4__ij,gc_gaussian_k-max-10_tau-max-2__ij,0.15913476680354954,96,96
1362,te_kraskov_NN-4_k-max-10_tau-max-4__ij,gc_gaussian_k-max-10_tau-max-2__ji,0.0871526013225001,96,96
1363,te_kraskov_NN-4_k-max-10_tau-max-4__ij,gc_gaussian_k-1_kt-1_l-1_lt-1__ij,0.1435577741038136,96,96
1364,te_kraskov_NN-4_k-max-10_tau-max-4__ij,gc_gaussian_k-1_kt-1_l-1_lt-1__ji,0.10049679775243336,96,96
1365,te_kraskov_NN-4_k-max-10_tau-max-4__ij,te_symbolic_k-1_kt-1_l-1_lt-1__ij,0.1435577741038136,96,96
1366,te_kraskov_NN-4_k-max-10_tau-max-4__ij,te_symbolic_k-1_kt-1_l-1_lt-1__ji,0.10049679775243336,96,96
1367,te_kraskov_NN-4_k-max-10_tau-max-4__ij,te_symbolic_k-10_kt-1_l-1_lt-1__ij,0.14557149704624733,96,96
1368,te_kraskov_NN-4_k-max-10_tau-max-4__ij,te_symbolic_k-10_kt-1_l-1_lt-1__ji,0.08438185856703079,96,96
1369,te_kraskov_NN-4_k-max-10_tau-max-4__ji,te_kraskov_NN-4_DCE_k-max-10_tau-max-4__ij,0.07901515052178906,96,96
1370,te_kraskov_NN-4_k-max-10_tau-max-4__ji,te_kraskov_NN-4_DCE_k-max-10_tau-max-4__ji,0.2101713063536173,96,96
1371,te_kraskov_NN-4_k-max-10_tau-max-4__ji,te_kraskov_NN-4_DCE_k-2_kt-1_l-1_lt-1__ij,0.1117523845644604,96,96
1372,te_kraskov_NN-4_k-max-10_tau-max-4__ji,te_kraskov_NN-4_DCE_k-2_kt-1_l-1_lt-1__ji,0.6068624997120052,96,96
1373,te_kraskov_NN-4_k-max-10_tau-max-4__ji,te_kraskov_NN-4_DCE_k-1_kt-1_l-1_lt-1__ij,0.0987153057250521,96,96
1374,te_kraskov_NN-4_k-max-10_tau-max-4__ji,te_kraskov_NN-4_DCE_k-1_kt-1_l-1_lt-1__ji,0.6192384289112104,96,96
1375,te_kraskov_NN-4_k-max-10_tau-max-4__ji,te_kraskov_NN-4_k-1_kt-1_l-1_lt-1__ij,0.10574723808930686,96,96
1376,te_kraskov_NN-4_k-max-10_tau-max-4__ji,te_kraskov_NN-4_k-1_kt-1_l-1_lt-1__ji,0.6154598475840289,96,96
1377,te_kraskov_NN-4_k-max-10_tau-max-4__ji,te_kernel_W-0.25_k-1__ij,0.10946180205860931,96,96
1378,te_kraskov_NN-4_k-max-10_tau-max-4__ji,te_kernel_W-0.25_k-1__ji,0.43364032643426115,96,96
1379,te_kraskov_NN-4_k-max-10_tau-max-4__ji,gc_gaussian_k-max-10_tau-max-2__ij,0.07778076389651345,96,96
1380,te_kraskov_NN-4_k-max-10_tau-max-4__ji,gc_gaussian_k-max-10_tau-max-2__ji,0.7253722806228124,96,96
1381,te_kraskov_NN-4_k-max-10_tau-max-4__ji,gc_gaussian_k-1_kt-1_l-1_lt-1__ij,0.09632560036006071,96,96
1382,te_kraskov_NN-4_k-max-10_tau-max-4__ji,gc_gaussian_k-1_kt-1_l-1_lt-1__ji,0.7504709722124087,96,96
1383,te_kraskov_NN-4_k-max-10_tau-max-4__ji,te_symbolic_k-1_kt-1_l-1_lt-1__ij,0.09632560036006071,96,96
1384,te_kraskov_NN-4_k-max-10_tau-max-4__ji,te_symbolic_k-1_kt-1_l-1_lt-1__ji,0.7504709722124087,96,96
1385,te_kraskov_NN-4_k-max-10_tau-max-4__ji,te_symbolic_k-10_kt-1_l-1_lt-1__ij,0.08132634082179657,96,96
1386,te_kraskov_NN-4_k-max-10_tau-max-4__ji,te_symbolic_k-10_kt-1_l-1_lt-1__ji,0.7589253567301619,96,96
1387,te_kraskov_NN-4_DCE_k-max-10_tau-max-4__ij,te_kraskov_NN-4_DCE_k-max-10_tau-max-4__ji,0.1542017556605688,96,96
1388,te_kraskov_NN-4_DCE_k-max-10_tau-max-4__ij,te_kraskov_NN-4_DCE_k-2_kt-1_l-1_lt-1__ij,0.33559422791651716,96,96
1389,te_kraskov_NN-4_DCE_k-max-10_tau-max-4__ij,te_kraskov_NN-4_DCE_k-2_kt-1_l-1_lt-1__ji,0.13006770623739078,96,96
1390,te_kraskov_NN-4_DCE_k-max-10_tau-max-4__ij,te_kraskov_NN-4_DCE_k-1_kt-1_l-1_lt-1__ij,0.3548156911527111,96,96
1391,te_kraskov_NN-4_DCE_k-max-10_tau-max-4__ij,te_kraskov_NN-4_DCE_k-1_kt-1_l-1_lt-1__ji,0.08792138167135355,96,96
1392,te_kraskov_NN-4_DCE_k-max-10_tau-max-4__ij,te_kraskov_NN-4_k-1_kt-1_l-1_lt-1__ij,0.187626492485018,96,96
1393,te_kraskov_NN-4_DCE_k-max-10_tau-max-4__ij,te_kraskov_NN-4_k-1_kt-1_l-1_lt-1__ji,0.06150889146562438,96,96
1394,te_kraskov_NN-4_DCE_k-max-10_tau-max-4__ij,te_kernel_W-0.25_k-1__ij,0.08205812466220797,96,96
1395,te_kraskov_NN-4_DCE_k-max-10_tau-max-4__ij,te_kernel_W-0.25_k-1__ji,0.07420819816899543,96,96
1396,te_kraskov_NN-4_DCE_k-max-10_tau-max-4__ij,gc_gaussian_k-max-10_tau-max-2__ij,0.3217768418944219,96,96
1397,te_kraskov_NN-4_DCE_k-max-10_tau-max-4__ij,gc_gaussian_k-max-10_tau-max-2__ji,0.09845646582388554,96,96
1398,te_kraskov_NN-4_DCE_k-max-10_tau-max-4__ij,gc_gaussian_k-1_kt-1_l-1_lt-1__ij,0.36098411637105055,96,96
1399,te_kraskov_NN-4_DCE_k-max-10_tau-max-4__ij,gc_gaussian_k-1_kt-1_l-1_lt-1__ji,0.09159974994894354,96,96
1400,te_kraskov_NN-4_DCE_k-max-10_tau-max-4__ij,te_symbolic_k-1_kt-1_l-1_lt-1__ij,0.36098411637105055,96,96
1401,te_kraskov_NN-4_DCE_k-max-10_tau-max-4__ij,te_symbolic_k-1_kt-1_l-1_lt-1__ji,0.09159974994894354,96,96
1402,te_kraskov_NN-4_DCE_k-max-10_tau-max-4__ij,te_symbolic_k-10_kt-1_l-1_lt-1__ij,0.3469435214008259,96,96
1403,te_kraskov_NN-4_DCE_k-max-10_tau-max-4__ij,te_symbolic_k-10_kt-1_l-1_lt-1__ji,0.08831323029756571,96,96
1404,te_kraskov_NN-4_DCE_k-max-10_tau-max-4__ji,te_kraskov_NN-4_DCE_k-2_kt-1_l-1_lt-1__ij,0.13098024514879605,96,96
1405,te_kraskov_NN-4_DCE_k-max-10_tau-max-4__ji,te_kraskov_NN-4_DCE_k-2_kt-1_l-1_lt-1__ji,0.7410061237120962,96,96
1406,te_kraskov_NN-4_DCE_k-max-10_tau-max-4__ji,te_kraskov_NN-4_DCE_k-1_kt-1_l-1_lt-1__ij,0.16370031217969055,96,96
1407,te_kraskov_NN-4_DCE_k-max-10_tau-max-4__ji,te_kraskov_NN-4_DCE_k-1_kt-1_l-1_lt-1__ji,0.7562416612936602,96,96
1408,te_kraskov_NN-4_DCE_k-max-10_tau-max-4__ji,te_kraskov_NN-4_k-1_kt-1_l-1_lt-1__ij,0.1428966089544822,96,96
1409,te_kraskov_NN-4_DCE_k-max-10_tau-max-4__ji,te_kraskov_NN-4_k-1_kt-1_l-1_lt-1__ji,0.6827704518279373,96,96
1410,te_kraskov_NN-4_DCE_k-max-10_tau-max-4__ji,te_kernel_W-0.25_k-1__ij,0.08278020594463029,96,96
1411,te_kraskov_NN-4_DCE_k-max-10_tau-max-4__ji,te_kernel_W-0.25_k-1__ji,0.3963613430835817,96,96
1412,te_kraskov_NN-4_DCE_k-max-10_tau-max-4__ji,gc_gaussian_k-max-10_tau-max-2__ij,0.12590740333074368,96,96
1413,te_kraskov_NN-4_DCE_k-max-10_tau-max-4__ji,gc_gaussian_k-max-10_tau-max-2__ji,0.8591488730556602,96,96
1414,te_kraskov_NN-4_DCE_k-max-10_tau-max-4__ji,gc_gaussian_k-1_kt-1_l-1_lt-1__ij,0.17923694842283472,96,96
1415,te_kraskov_NN-4_DCE_k-max-10_tau-max-4__ji,gc_gaussian_k-1_kt-1_l-1_lt-1__ji,0.9082298300015846,96,96
1416,te_kraskov_NN-4_DCE_k-max-10_tau-max-4__ji,te_symbolic_k-1_kt-1_l-1_lt-1__ij,0.17923694842283472,96,96
1417,te_kraskov_NN-4_DCE_k-max-10_tau-max-4__ji,te_symbolic_k-1_kt-1_l-1_lt-1__ji,0.9082298300015846,96,96
1418,te_kraskov_NN-4_DCE_k-max-10_tau-max-4__ji,te_symbolic_k-10_kt-1_l-1_lt-1__ij,0.1389410033706786,96,96
1419,te_kraskov_NN-4_DCE_k-max-10_tau-max-4__ji,te_symbolic_k-10_kt-1_l-1_lt-1__ji,0.9152344793710221,96,96
1420,te_kraskov_NN-4_DCE_k-2_kt-1_l-1_lt-1__ij,te_kraskov_NN-4_DCE_k-2_kt-1_l-1_lt-1__ji,0.09328748721736602,96,96
1421,te_kraskov_NN-4_DCE_k-2_kt-1_l-1_lt-1__ij,te_kraskov_NN-4_DCE_k-1_kt-1_l-1_lt-1__ij,0.44949225370378143,96,96
1422,te_kraskov_NN-4_DCE_k-2_kt-1_l-1_lt-1__ij,te_kraskov_NN-4_DCE_k-1_kt-1_l-1_lt-1__ji,0.0533793243452137,96,96
1423,te_kraskov_NN-4_DCE_k-2_kt-1_l-1_lt-1__ij,te_kraskov_NN-4_k-1_kt-1_l-1_lt-1__ij,0.24174482225774685,96,96
1424,te_kraskov_NN-4_DCE_k-2_kt-1_l-1_lt-1__ij,te_kraskov_NN-4_k-1_kt-1_l-1_lt-1__ji,0.021177431823323073,96,96
1425,te_kraskov_NN-4_DCE_k-2_kt-1_l-1_lt-1__ij,te_kernel_W-0.25_k-1__ij,0.07665733550009313,96,96
1426,te_kraskov_NN-4_DCE_k-2_kt-1_l-1_lt-1__ij,te_kernel_W-0.25_k-1__ji,0.01914579932530136,96,96
1427,te_kraskov_NN-4_DCE_k-2_kt-1_l-1_lt-1__ij,gc_gaussian_k-max-10_tau-max-2__ij,0.3340648704643743,96,96
1428,te_kraskov_NN-4_DCE_k-2_kt-1_l-1_lt-1__ij,gc_gaussian_k-max-10_tau-max-2__ji,0.1167107668895696,96,96
1429,te_kraskov_NN-4_DCE_k-2_kt-1_l-1_lt-1__ij,gc_gaussian_k-1_kt-1_l-1_lt-1__ij,0.370866163736997,96,96
1430,te_kraskov_NN-4_DCE_k-2_kt-1_l-1_lt-1__ij,gc_gaussian_k-1_kt-1_l-1_lt-1__ji,0.10291956114462375,96,96
1431,te_kraskov_NN-4_DCE_k-2_kt-1_l-1_lt-1__ij,te_symbolic_k-1_kt-1_l-1_lt-1__ij,0.370866163736997,96,96
1432,te_kraskov_NN-4_DCE_k-2_kt-1_l-1_lt-1__ij,te_symbolic_k-1_kt-1_l-1_lt-1__ji,0.10291956114462375,96,96
1433,te_kraskov_NN-4_DCE_k-2_kt-1_l-1_lt-1__ij,te_symbolic_k-10_kt-1_l-1_lt-1__ij,0.3528458950763142,96,96
1434,te_kraskov_NN-4_DCE_k-2_kt-1_l-1_lt-1__ij,te_symbolic_k-10_kt-1_l-1_lt-1__ji,0.09147327456986698,96,96
1435,te_kraskov_NN-4_DCE_k-2_kt-1_l-1_lt-1__ji,te_kraskov_NN-4_DCE_k-1_kt-1_l-1_lt-1__ij,0.05868596386312683,96,96
1436,te_kraskov_NN-4_DCE_k-2_kt-1_l-1_lt-1__ji,te_kraskov_NN-4_DCE_k-1_kt-1_l-1_lt-1__ji,0.7914304847585294,96,96
1437,te_kraskov_NN-4_DCE_k-2_kt-1_l-1_lt-1__ji,te_kraskov_NN-4_k-1_kt-1_l-1_lt-1__ij,0.04850043344262073,96,96
1438,te_kraskov_NN-4_DCE_k-2_kt-1_l-1_lt-1__ji,te_kraskov_NN-4_k-1_kt-1_l-1_lt-1__ji,0.6838338723345373,96,96
1439,te_kraskov_NN-4_DCE_k-2_kt-1_l-1_lt-1__ji,te_kernel_W-0.25_k-1__ij,0.017425683095535077,96,96
1440,te_kraskov_NN-4_DCE_k-2_kt-1_l-1_lt-1__ji,te_kernel_W-0.25_k-1__ji,0.3019353976220791,96,96
1441,te_kraskov_NN-4_DCE_k-2_kt-1_l-1_lt-1__ji,gc_gaussian_k-max-10_tau-max-2__ij,0.08167323512799846,96,96
1442,te_kraskov_NN-4_DCE_k-2_kt-1_l-1_lt-1__ji,gc_gaussian_k-max-10_tau-max-2__ji,0.7680636569213974,96,96
1443,te_kraskov_NN-4_DCE_k-2_kt-1_l-1_lt-1__ji,gc_gaussian_k-1_kt-1_l-1_lt-1__ij,0.08284828754833196,96,96
1444,te_kraskov_NN-4_DCE_k-2_kt-1_l-1_lt-1__ji,gc_gaussian_k-1_kt-1_l-1_lt-1__ji,0.801345341707493,96,96
1445,te_kraskov_NN-4_DCE_k-2_kt-1_l-1_lt-1__ji,te_symbolic_k-1_kt-1_l-1_lt-1__ij,0.08284828754833196,96,96
1446,te_kraskov_NN-4_DCE_k-2_kt-1_l-1_lt-1__ji,te_symbolic_k-1_kt-1_l-1_lt-1__ji,0.801345341707493,96,96
1447,te_kraskov_NN-4_DCE_k-2_kt-1_l-1_lt-1__ji,te_symbolic_k-10_kt-1_l-1_lt-1__ij,0.09272012406918778,96,96
1448,te_kraskov_NN-4_DCE_k-2_kt-1_l-1_lt-1__ji,te_symbolic_k-10_kt-1_l-1_lt-1__ji,0.8135268898632314,96,96
1449,te_kraskov_NN-4_DCE_k-1_kt-1_l-1_lt-1__ij,te_kraskov_NN-4_DCE_k-1_kt-1_l-1_lt-1__ji,0.06143431511291045,96,96
1450,te_kraskov_NN-4_DCE_k-1_kt-1_l-1_lt-1__ij,te_kraskov_NN-4_k-1_kt-1_l-1_lt-1__ij,0.8552066629055108,96,96
1451,te_kraskov_NN-4_DCE_k-1_kt-1_l-1_lt-1__ij,te_kraskov_NN-4_k-1_kt-1_l-1_lt-1__ji,0.0546924080639537,96,96
1452,te_kraskov_NN-4_DCE_k-1_kt-1_l-1_lt-1__ij,te_kernel_W-0.25_k-1__ij,0.30372408183272315,96,96
1453,te_kraskov_NN-4_DCE_k-1_kt-1_l-1_lt-1__ij,te_kernel_W-0.25_k-1__ji,0.017393293014981825,96,96
1454,te_kraskov_NN-4_DCE_k-1_kt-1_l-1_lt-1__ij,gc_gaussian_k-max-10_tau-max-2__ij,0.37215583885442743,96,96
1455,te_kraskov_NN-4_DCE_k-1_kt-1_l-1_lt-1__ij,gc_gaussian_k-max-10_tau-max-2__ji,0.1420120747787713,96,96
1456,te_kraskov_NN-4_DCE_k-1_kt-1_l-1_lt-1__ij,gc_gaussian_k-1_kt-1_l-1_lt-1__ij,0.48217330283354365,96,96
1457,te_kraskov_NN-4_DCE_k-1_kt-1_l-1_lt-1__ij,gc_gaussian_k-1_kt-1_l-1_lt-1__ji,0.11321532311742871,96,96
1458,te_kraskov_NN-4_DCE_k-1_kt-1_l-1_lt-1__ij,te_symbolic_k-1_kt-1_l-1_lt-1__ij,0.48217330283354365,96,96
1459,te_kraskov_NN-4_DCE_k-1_kt-1_l-1_lt-1__ij,te_symbolic_k-1_kt-1_l-1_lt-1__ji,0.11321532311742871,96,96
1460,te_kraskov_NN-4_DCE_k-1_kt-1_l-1_lt-1__ij,te_symbolic_k-10_kt-1_l-1_lt-1__ij,0.43572008166471665,96,96
1461,te_kraskov_NN-4_DCE_k-1_kt-1_l-1_lt-1__ij,te_symbolic_k-10_kt-1_l-1_lt-1__ji,0.10070067747918565,96,96
1462,te_kraskov_NN-4_DCE_k-1_kt-1_l-1_lt-1__ji,te_kraskov_NN-4_k-1_kt-1_l-1_lt-1__ij,0.06367351576916702,96,96
1463,te_kraskov_NN-4_DCE_k-1_kt-1_l-1_lt-1__ji,te_kraskov_NN-4_k-1_kt-1_l-1_lt-1__ji,0.80672570452834,96,96
1464,te_kraskov_NN-4_DCE_k-1_kt-1_l-1_lt-1__ji,te_kernel_W-0.25_k-1__ij,0.034697537089642405,96,96
1465,te_kraskov_NN-4_DCE_k-1_kt-1_l-1_lt-1__ji,te_kernel_W-0.25_k-1__ji,0.1268634128068979,96,96
1466,te_kraskov_NN-4_DCE_k-1_kt-1_l-1_lt-1__ji,gc_gaussian_k-max-10_tau-max-2__ij,0.06674270606162763,96,96
1467,te_kraskov_NN-4_DCE_k-1_kt-1_l-1_lt-1__ji,gc_gaussian_k-max-10_tau-max-2__ji,0.8372479519518439,96,96
1468,te_kraskov_NN-4_DCE_k-1_kt-1_l-1_lt-1__ji,gc_gaussian_k-1_kt-1_l-1_lt-1__ij,0.09734668681344782,96,96
1469,te_kraskov_NN-4_DCE_k-1_kt-1_l-1_lt-1__ji,gc_gaussian_k-1_kt-1_l-1_lt-1__ji,0.8770872543827352,96,96
1470,te_kraskov_NN-4_DCE_k-1_kt-1_l-1_lt-1__ji,te_symbolic_k-1_kt-1_l-1_lt-1__ij,0.09734668681344782,96,96
1471,te_kraskov_NN-4_DCE_k-1_kt-1_l-1_lt-1__ji,te_symbolic_k-1_kt-1_l-1_lt-1__ji,0.8770872543827352,96,96
1472,te_kraskov_NN-4_DCE_k-1_kt-1_l-1_lt-1__ji,te_symbolic_k-10_kt-1_l-1_lt-1__ij,0.08086955468306478,96,96
1473,te_kraskov_NN-4_DCE_k-1_kt-1_l-1_lt-1__ji,te_symbolic_k-10_kt-1_l-1_lt-1__ji,0.8616166035903414,96,96
1474,te_kraskov_NN-4_k-1_kt-1_l-1_lt-1__ij,te_kraskov_NN-4_k-1_kt-1_l-1_lt-1__ji,0.04678771540594684,96,96
1475,te_kraskov_NN-4_k-1_kt-1_l-1_lt-1__ij,te_kernel_W-0.25_k-1__ij,0.2531806371595535,96,96
1476,te_kraskov_NN-4_k-1_kt-1_l-1_lt-1__ij,te_kernel_W-0.25_k-1__ji,0.044624189859287455,96,96
1477,te_kraskov_NN-4_k-1_kt-1_l-1_lt-1__ij,gc_gaussian_k-max-10_tau-max-2__ij,0.2808966007501099,96,96
1478,te_kraskov_NN-4_k-1_kt-1_l-1_lt-1__ij,gc_gaussian_k-max-10_tau-max-2__ji,0.11843347926974701,96,96
1479,te_kraskov_NN-4_k-1_kt-1_l-1_lt-1__ij,gc_gaussian_k-1_kt-1_l-1_lt-1__ij,0.3512029536795284,96,96
1480,te_kraskov_NN-4_k-1_kt-1_l-1_lt-1__ij,gc_gaussian_k-1_kt-1_l-1_lt-1__ji,0.1007295731259471,96,96
1481,te_kraskov_NN-4_k-1_kt-1_l-1_lt-1__ij,te_symbolic_k-1_kt-1_l-1_lt-1__ij,0.3512029536795284,96,96
1482,te_kraskov_NN-4_k-1_kt-1_l-1_lt-1__ij,te_symbolic_k-1_kt-1_l-1_lt-1__ji,0.1007295731259471,96,96
1483,te_kraskov_NN-4_k-1_kt-1_l-1_lt-1__ij,te_symbolic_k-10_kt-1_l-1_lt-1__ij,0.3129832187389003,96,96
1484,te_kraskov_NN-4_k-1_kt-1_l-1_lt-1__ij,te_symbolic_k-10_kt-1_l-1_lt-1__ji,0.09048238155664018,96,96
1485,te_kraskov_NN-4_k-1_kt-1_l-1_lt-1__ji,te_kernel_W-0.25_k-1__ij,0.054521455569946364,96,96
1486,te_kraskov_NN-4_k-1_kt-1_l-1_lt-1__ji,te_kernel_W-0.25_k-1__ji,0.10266914477647027,96,96
1487,te_kraskov_NN-4_k-1_kt-1_l-1_lt-1__ji,gc_gaussian_k-max-10_tau-max-2__ij,0.035443611260498886,96,96
1488,te_kraskov_NN-4_k-1_kt-1_l-1_lt-1__ji,gc_gaussian_k-max-10_tau-max-2__ji,0.7779220896131327,96,96
1489,te_kraskov_NN-4_k-1_kt-1_l-1_lt-1__ji,gc_gaussian_k-1_kt-1_l-1_lt-1__ij,0.05236264416250691,96,96
1490,te_kraskov_NN-4_k-1_kt-1_l-1_lt-1__ji,gc_gaussian_k-1_kt-1_l-1_lt-1__ji,0.8049782581528111,96,96
1491,te_kraskov_NN-4_k-1_kt-1_l-1_lt-1__ji,te_symbolic_k-1_kt-1_l-1_lt-1__ij,0.05236264416250691,96,96
1492,te_kraskov_NN-4_k-1_kt-1_l-1_lt-1__ji,te_symbolic_k-1_kt-1_l-1_lt-1__ji,0.8049782581528111,96,96
1493,te_kraskov_NN-4_k-1_kt-1_l-1_lt-1__ji,te_symbolic_k-10_kt-1_l-1_lt-1__ij,0.03689690341655383,96,96
1494,te_kraskov_NN-4_k-1_kt-1_l-1_lt-1__ji,te_symbolic_k-10_kt-1_l-1_lt-1__ji,0.7880710225703044,96,96
1495,te_kernel_W-0.25_k-1__ij,te_kernel_W-0.25_k-1__ji,0.02355500215988457,96,96
1496,te_kernel_W-0.25_k-1__ij,gc_gaussian_k-max-10_tau-max-2__ij,0.14424421341428784,96,96
1497,te_kernel_W-0.25_k-1__ij,gc_gaussian_k-max-10_tau-max-2__ji,0.032760945667826724,96,96
1498,te_kernel_W-0.25_k-1__ij,gc_gaussian_k-1_kt-1_l-1_lt-1__ij,0.1923804422918084,96,96
1499,te_kernel_W-0.25_k-1__ij,gc_gaussian_k-1_kt-1_l-1_lt-1__ji,0.03336551829661233,96,96
1500,te_kernel_W-0.25_k-1__ij,te_symbolic_k-1_kt-1_l-1_lt-1__ij,0.1923804422918084,96,96
1501,te_kernel_W-0.25_k-1__ij,te_symbolic_k-1_kt-1_l-1_lt-1__ji,0.03336551829661233,96,96
1502,te_kernel_W-0.25_k-1__ij,te_symbolic_k-10_kt-1_l-1_lt-1__ij,0.1445894586479055,96,96
1503,te_kernel_W-0.25_k-1__ij,te_symbolic_k-10_kt-1_l-1_lt-1__ji,0.022553181727801797,96,96
1504,te_kernel_W-0.25_k-1__ji,gc_gaussian_k-max-10_tau-max-2__ij,0.0523913777090399,96,96
1505,te_kernel_W-0.25_k-1__ji,gc_gaussian_k-max-10_tau-max-2__ji,0.38445581599646667,96,96
1506,te_kernel_W-0.25_k-1__ji,gc_gaussian_k-1_kt-1_l-1_lt-1__ij,0.04732143840461417,96,96
1507,te_kernel_W-0.25_k-1__ji,gc_gaussian_k-1_kt-1_l-1_lt-1__ji,0.40961141811320106,96,96
1508,te_kernel_W-0.25_k-1__ji,te_symbolic_k-1_kt-1_l-1_lt-1__ij,0.04732143840461417,96,96
1509,te_kernel_W-0.25_k-1__ji,te_symbolic_k-1_kt-1_l-1_lt-1__ji,0.40961141811320106,96,96
1510,te_kernel_W-0.25_k-1__ji,te_symbolic_k-10_kt-1_l-1_lt-1__ij,0.05537368503640028,96,96
1511,te_kernel_W-0.25_k-1__ji,te_symbolic_k-10_kt-1_l-1_lt-1__ji,0.43637664890524025,96,96
1512,gc_gaussian_k-max-10_tau-max-2__ij,gc_gaussian_k-max-10_tau-max-2__ji,0.1247569493027455,96,96
1513,gc_gaussian_k-max-10_tau-max-2__ij,gc_gaussian_k-1_kt-1_l-1_lt-1__ij,0.4023252215327182,96,96
1514,gc_gaussian_k-max-10_tau-max-2__ij,gc_gaussian_k-1_kt-1_l-1_lt-1__ji,0.12950582746914974,96,96
1515,gc_gaussian_k-max-10_tau-max-2__ij,te_symbolic_k-1_kt-1_l-1_lt-1__ij,0.4023252215327182,96,96
1516,gc_gaussian_k-max-10_tau-max-2__ij,te_symbolic_k-1_kt-1_l-1_lt-1__ji,0.12950582746914974,96,96
1517,gc_gaussian_k-max-10_tau-max-2__ij,te_symbolic_k-10_kt-1_l-1_lt-1__ij,0.4674540780217019,96,96
1518,gc_gaussian_k-max-10_tau-max-2__ij,te_symbolic_k-10_kt-1_l-1_lt-1__ji,0.11427894632867514,96,96
1519,gc_gaussian_k-max-10_tau-max-2__ji,gc_gaussian_k-1_kt-1_l-1_lt-1__ij,0.14991105867133497,96,96
1520,gc_gaussian_k-max-10_tau-max-2__ji,gc_gaussian_k-1_kt-1_l-1_lt-1__ji,0.8517185559858069,96,96
1521,gc_gaussian_k-max-10_tau-max-2__ji,te_symbolic_k-1_kt-1_l-1_lt-1__ij,0.14991105867133497,96,96
1522,gc_gaussian_k-max-10_tau-max-2__ji,te_symbolic_k-1_kt-1_l-1_lt-1__ji,0.8517185559858069,96,96
1523,gc_gaussian_k-max-10_tau-max-2__ji,te_symbolic_k-10_kt-1_l-1_lt-1__ij,0.10319233516687337,96,96
1524,gc_gaussian_k-max-10_tau-max-2__ji,te_symbolic_k-10_kt-1_l-1_lt-1__ji,0.8654768109274306,96,96
1525,gc_gaussian_k-1_kt-1_l-1_lt-1__ij,gc_gaussian_k-1_kt-1_l-1_lt-1__ji,0.17809957293437895,96,96
1526,gc_gaussian_k-1_kt-1_l-1_lt-1__ij,te_symbolic_k-1_kt-1_l-1_lt-1__ij,0.08333333333333333,96,96
1527,gc_gaussian_k-1_kt-1_l-1_lt-1__ij,te_symbolic_k-1_kt-1_l-1_lt-1__ji,0.17809957293437895,96,96
1528,gc_gaussian_k-1_kt-1_l-1_lt-1__ij,te_symbolic_k-10_kt-1_l-1_lt-1__ij,0.5433459575079402,96,96
1529,gc_gaussian_k-1_kt-1_l-1_lt-1__ij,te_symbolic_k-10_kt-1_l-1_lt-1__ji,0.15876240687227017,96,96
1530,gc_gaussian_k-1_kt-1_l-1_lt-1__ji,te_symbolic_k-1_kt-1_l-1_lt-1__ij,0.17809957293437895,96,96
1531,gc_gaussian_k-1_kt-1_l-1_lt-1__ji,te_symbolic_k-1_kt-1_l-1_lt-1__ji,0.08333333333333333,96,96
1532,gc_gaussian_k-1_kt-1_l-1_lt-1__ji,te_symbolic_k-10_kt-1_l-1_lt-1__ij,0.13611339338324696,96,96
1533,gc_gaussian_k-1_kt-1_l-1_lt-1__ji,te_symbolic_k-10_kt-1_l-1_lt-1__ji,0.14368077515259975,96,96
1534,te_symbolic_k-1_kt-1_l-1_lt-1__ij,te_symbolic_k-1_kt-1_l-1_lt-1__ji,0.17809957293437895,96,96
1535,te_symbolic_k-1_kt-1_l-1_lt-1__ij,te_symbolic_k-10_kt-1_l-1_lt-1__ij,0.5433459575079402,96,96
1536,te_symbolic_k-1_kt-1_l-1_lt-1__ij,te_symbolic_k-10_kt-1_l-1_lt-1__ji,0.15876240687227017,96,96
1537,te_symbolic_k-1_kt-1_l-1_lt-1__ji,te_symbolic_k-10_kt-1_l-1_lt-1__ij,0.13611339338324696,96,96
1538,te_symbolic_k-1_kt-1_l-1_lt-1__ji,te_symbolic_k-10_kt-1_l-1_lt-1__ji,0.14368077515259975,96,96
1539,te_symbolic_k-10_kt-1_l-1_lt-1__ij,te_symbolic_k-10_kt-1_l-1_lt-1__ji,0.11411895727727245,96,96
